TAP version 13
# Subtest: a married partner keeps a readable ring between the couple and clear of every moving character
ok 1 - a married partner keeps a readable ring between the couple and clear of every moving character
  ---
  duration_ms: 9915.745626
  type: 'test'
  ...
# Subtest: a ring keeps companions readable when another arrangement fits at the same main size
ok 2 - a ring keeps companions readable when another arrangement fits at the same main size
  ---
  duration_ms: 11.609972
  type: 'test'
  ...
# Subtest: the poop row keeps the same lower-right anchor above speech across party sizes and art changes
ok 3 - the poop row keeps the same lower-right anchor above speech across party sizes and art changes
  ---
  duration_ms: 514.641888
  type: 'test'
  ...
# Subtest: home wings balance the painted gaps around the main body, including different PNG padding
ok 4 - home wings balance the painted gaps around the main body, including different PNG padding
  ---
  duration_ms: 147.235816
  type: 'test'
  ...
# Subtest: every intermediate party size fits the minimum fixed home, with partner/item independently present
ok 5 - every intermediate party size fits the minimum fixed home, with partner/item independently present
  ---
  duration_ms: 283.398245
  type: 'test'
  ...
# Subtest: mixed failed and padded friend images keep every stress-count actor and poop slot in a fixed home
ok 6 - mixed failed and padded friend images keep every stress-count actor and poop slot in a fixed home
  ---
  duration_ms: 11.192783
  type: 'test'
  ...
# Subtest: a mixed 31-friend wing fits the minimum height without moving the permanent poop strip
ok 7 - a mixed 31-friend wing fits the minimum height without moving the permanent poop strip
  ---
  duration_ms: 6.509165
  type: 'test'
  ...
# Subtest: poop follows the applied field scale rather than the companion count, with a readable floor
ok 8 - poop follows the applied field scale rather than the companion count, with a readable floor
  ---
  duration_ms: 8.57514
  type: 'test'
  ...
# Subtest: failed companion images keep the balanced cast and the poop row inside the smallest home
ok 9 - failed companion images keep the balanced cast and the poop row inside the smallest home
  ---
  duration_ms: 8.03553
  type: 'test'
  ...
# Subtest: home conversation stays centered below the permanent poop strip without covering the completed cast
ok 10 - home conversation stays centered below the permanent poop strip without covering the completed cast
  ---
  duration_ms: 1495.250199
  type: 'test'
  ...
# Subtest: a home cast stays in view during its larger hop and sway and leaves the floor clear
ok 11 - a home cast stays in view during its larger hop and sway and leaves the floor clear
  ---
  duration_ms: 268.442024
  type: 'test'
  ...
# Subtest: whole cast fits with room for sway and four-pixel companion gaps
ok 12 - whole cast fits with room for sway and four-pixel companion gaps
  ---
  duration_ms: 1189.738484
  type: 'test'
  ...
# Subtest: unknown or failed art retains complete frames without overlapping the core
ok 13 - unknown or failed art retains complete frames without overlapping the core
  ---
  duration_ms: 51.284066
  type: 'test'
  ...
# Subtest: independent reactions retain full frames and four-pixel friend gaps throughout the sway
ok 14 - independent reactions retain full frames and four-pixel friend gaps throughout the sway
  ---
  duration_ms: 1329.455728
  type: 'test'
  ...
# Subtest: buildPreview wraps the current game with a compact isolated phone-safe control shell
ok 15 - buildPreview wraps the current game with a compact isolated phone-safe control shell
  ---
  duration_ms: 3134.440905
  type: 'test'
  ...
# Subtest: default preview seeds an exact fresh-state adult hungry cat in memory only
ok 16 - default preview seeds an exact fresh-state adult hungry cat in memory only
  ---
  duration_ms: 3056.9224
  type: 'test'
  ...
# Subtest: the generated Map-backed adapter implements the complete disposable Storage surface
ok 17 - the generated Map-backed adapter implements the complete disposable Storage surface
  ---
  duration_ms: 3123.79395
  type: 'test'
  ...
# Subtest: URL presets use a strict allowlist and reset every care fixture independently
ok 18 - URL presets use a strict allowlist and reset every care fixture independently
  ---
  duration_ms: 3236.476585
  type: 'test'
  ...
# Subtest: temporary happy stays on ordinary care controls and never runs automatically
ok 19 - temporary happy stays on ordinary care controls and never runs automatically
  ---
  duration_ms: 2918.578908
  type: 'test'
  ...
# Subtest: CLI writes the same self-contained preview for the requested safe preset
ok 20 - CLI writes the same self-contained preview for the requested safe preset
  ---
  duration_ms: 5843.472685
  type: 'test'
  ...
# Subtest: all preview forms keep selected faces visible across startup saves without achievement flashes
ok 21 - all preview forms keep selected faces visible across startup saves without achievement flashes
  ---
  duration_ms: 145904.471668
  type: 'test'
  ...
# Subtest: preset clicks reset only the child session and bootstrap uses that selected preset
ok 22 - preset clicks reset only the child session and bootstrap uses that selected preset
  ---
  duration_ms: 2802.246934
  type: 'test'
  ...
# Subtest: kitten preview seeds the real third stage in isolated storage and rejects unknown forms
ok 23 - kitten preview seeds the real third stage in isolated storage and rejects unknown forms
  ---
  duration_ms: 2927.311303
  type: 'test'
  ...
# Subtest: otemba preview seeds the fourth stage in disposable storage
ok 24 - otemba preview seeds the fourth stage in disposable storage
  ---
  duration_ms: 3010.026527
  type: 'test'
  ...
# Subtest: young preview seeds the fifth stage in disposable storage
ok 25 - young preview seeds the fifth stage in disposable storage
  ---
  duration_ms: 3142.66708
  type: 'test'
  ...
# Subtest: calm preview seeds the seventh stage in disposable storage
ok 26 - calm preview seeds the seventh stage in disposable storage
  ---
  duration_ms: 3570.595211
  type: 'test'
  ...
# Subtest: elder preview seeds the eighth stage in disposable storage
ok 27 - elder preview seeds the eighth stage in disposable storage
  ---
  duration_ms: 3329.893348
  type: 'test'
  ...
# Subtest: toddler preview seeds the second stage in disposable storage
ok 28 - toddler preview seeds the second stage in disposable storage
  ---
  duration_ms: 3252.679161
  type: 'test'
  ...
# Subtest: baby preview seeds the first stage in disposable storage
ok 29 - baby preview seeds the first stage in disposable storage
  ---
  duration_ms: 3079.304023
  type: 'test'
  ...
# Subtest: adult dog preview uses isolated storage and the real sixth stage
ok 30 - adult dog preview uses isolated storage and the real sixth stage
  ---
  duration_ms: 3042.6434
  type: 'test'
  ...
# Subtest: query-selected dog matches the dropdown and can switch back to adult cat
ok 31 - query-selected dog matches the dropdown and can switch back to adult cat
  ---
  duration_ms: 2998.619226
  type: 'test'
  ...
# Subtest: puppy preview uses isolated storage and the real third stage
ok 32 - puppy preview uses isolated storage and the real third stage
  ---
  duration_ms: 3017.431899
  type: 'test'
  ...
# Subtest: wanpaku preview uses isolated storage and the real fourth stage
ok 33 - wanpaku preview uses isolated storage and the real fourth stage
  ---
  duration_ms: 3466.549983
  type: 'test'
  ...
# Subtest: young dog preview uses isolated storage and the real fifth stage
ok 34 - young dog preview uses isolated storage and the real fifth stage
  ---
  duration_ms: 3198.045077
  type: 'test'
  ...
# Subtest: calm dog preview uses isolated storage and the real seventh stage
ok 35 - calm dog preview uses isolated storage and the real seventh stage
  ---
  duration_ms: 2989.738369
  type: 'test'
  ...
# Subtest: babyDog preview uses isolated storage and the correct age stage
ok 36 - babyDog preview uses isolated storage and the correct age stage
  ---
  duration_ms: 2864.815897
  type: 'test'
  ...
# Subtest: toddlerDog preview uses isolated storage and the correct age stage
ok 37 - toddlerDog preview uses isolated storage and the correct age stage
  ---
  duration_ms: 2986.909202
  type: 'test'
  ...
# Subtest: elderDog preview uses isolated storage and the correct age stage
ok 38 - elderDog preview uses isolated storage and the correct age stage
  ---
  duration_ms: 3409.431185
  type: 'test'
  ...
# Subtest: man preview exposes every stage and never accesses real saves
ok 39 - man preview exposes every stage and never accesses real saves
  ---
  duration_ms: 3261.737611
  type: 'test'
  ...
# Subtest: woman preview exposes every stage and never accesses real saves
ok 40 - woman preview exposes every stage and never accesses real saves
  ---
  duration_ms: 4291.085411
  type: 'test'
  ...
# Subtest: penguin preview exposes every stage and never accesses real saves
ok 41 - penguin preview exposes every stage and never accesses real saves
  ---
  duration_ms: 3486.487979
  type: 'test'
  ...
# Subtest: turtle preview exposes every stage and never accesses real saves
ok 42 - turtle preview exposes every stage and never accesses real saves
  ---
  duration_ms: 3061.826131
  type: 'test'
  ...
# Subtest: frog preview exposes every stage and never accesses real saves
ok 43 - frog preview exposes every stage and never accesses real saves
  ---
  duration_ms: 2905.93286
  type: 'test'
  ...
# Subtest: clownfish preview exposes every stage and never accesses real saves
ok 44 - clownfish preview exposes every stage and never accesses real saves
  ---
  duration_ms: 3095.163803
  type: 'test'
  ...
# Subtest: salmon preview exposes every stage and never accesses real saves
ok 45 - salmon preview exposes every stage and never accesses real saves
  ---
  duration_ms: 3381.302087
  type: 'test'
  ...
# Subtest: hermit_crab preview exposes every stage and never accesses real saves
ok 46 - hermit_crab preview exposes every stage and never accesses real saves
  ---
  duration_ms: 3015.450912
  type: 'test'
  ...
# Subtest: jellyfish preview exposes every stage and never accesses real saves
ok 47 - jellyfish preview exposes every stage and never accesses real saves
  ---
  duration_ms: 3152.692504
  type: 'test'
  ...
# Subtest: starfish preview exposes every stage and never accesses real saves
ok 48 - starfish preview exposes every stage and never accesses real saves
  ---
  duration_ms: 3441.837207
  type: 'test'
  ...
# Subtest: coral preview exposes every stage and never accesses real saves
ok 49 - coral preview exposes every stage and never accesses real saves
  ---
  duration_ms: 3157.146292
  type: 'test'
  ...
# Subtest: butterfly preview exposes every stage and never accesses real saves
ok 50 - butterfly preview exposes every stage and never accesses real saves
  ---
  duration_ms: 4892.187235
  type: 'test'
  ...
# Subtest: beetle preview exposes every stage and never accesses real saves
ok 51 - beetle preview exposes every stage and never accesses real saves
  ---
  duration_ms: 3042.35436
  type: 'test'
  ...
# Subtest: stagbeetle preview exposes every stage and never accesses real saves
ok 52 - stagbeetle preview exposes every stage and never accesses real saves
  ---
  duration_ms: 2966.992619
  type: 'test'
  ...
# Subtest: cicada preview exposes every stage and never accesses real saves
ok 53 - cicada preview exposes every stage and never accesses real saves
  ---
  duration_ms: 2972.691026
  type: 'test'
  ...
# Subtest: antlion preview exposes every stage and never accesses real saves
ok 54 - antlion preview exposes every stage and never accesses real saves
  ---
  duration_ms: 3236.987611
  type: 'test'
  ...
# Subtest: dandelion preview exposes every stage and never accesses real saves
ok 55 - dandelion preview exposes every stage and never accesses real saves
  ---
  duration_ms: 3378.469836
  type: 'test'
  ...
# Subtest: sakura preview exposes every stage and never accesses real saves
ok 56 - sakura preview exposes every stage and never accesses real saves
  ---
  duration_ms: 3239.111437
  type: 'test'
  ...
# Subtest: venus_flytrap preview exposes every stage and never accesses real saves
ok 57 - venus_flytrap preview exposes every stage and never accesses real saves
  ---
  duration_ms: 4469.109629
  type: 'test'
  ...
# Subtest: mushroom preview exposes every stage and never accesses real saves
ok 58 - mushroom preview exposes every stage and never accesses real saves
  ---
  duration_ms: 3470.669241
  type: 'test'
  ...
# Subtest: dragon preview exposes every stage and never accesses real saves
ok 59 - dragon preview exposes every stage and never accesses real saves
  ---
  duration_ms: 3449.498561
  type: 'test'
  ...
# Subtest: phoenix preview exposes every stage and never accesses real saves
ok 60 - phoenix preview exposes every stage and never accesses real saves
  ---
  duration_ms: 3209.379522
  type: 'test'
  ...
# Subtest: god preview exposes every stage and never accesses real saves
ok 61 - god preview exposes every stage and never accesses real saves
  ---
  duration_ms: 3365.464817
  type: 'test'
  ...
# Subtest: world_tree preview exposes every stage and never accesses real saves
ok 62 - world_tree preview exposes every stage and never accesses real saves
  ---
  duration_ms: 3330.50182
  type: 'test'
  ...
# Subtest: ghost preview exposes every stage and never accesses real saves
ok 63 - ghost preview exposes every stage and never accesses real saves
  ---
  duration_ms: 3383.830872
  type: 'test'
  ...
# Subtest: star preview exposes every stage and never accesses real saves
ok 64 - star preview exposes every stage and never accesses real saves
  ---
  duration_ms: 3301.353579
  type: 'test'
  ...
# Subtest: plush preview exposes every stage and never accesses real saves
ok 65 - plush preview exposes every stage and never accesses real saves
  ---
  duration_ms: 3100.47556
  type: 'test'
  ...
# Subtest: unknown preview exposes every stage and never accesses real saves
ok 66 - unknown preview exposes every stage and never accesses real saves
  ---
  duration_ms: 3123.04998
  type: 'test'
  ...
# Subtest: ren preview exposes every stage and never accesses real saves
ok 67 - ren preview exposes every stage and never accesses real saves
  ---
  duration_ms: 3512.492307
  type: 'test'
  ...
# Subtest: salmon preview uses all eight canonical stage names
ok 68 - salmon preview uses all eight canonical stage names
  ---
  duration_ms: 2892.367834
  type: 'test'
  ...
# Subtest: hermit_crab preview uses all eight canonical stage names
ok 69 - hermit_crab preview uses all eight canonical stage names
  ---
  duration_ms: 3492.175608
  type: 'test'
  ...
# Subtest: jellyfish preview uses all eight canonical stage names
ok 70 - jellyfish preview uses all eight canonical stage names
  ---
  duration_ms: 3284.099666
  type: 'test'
  ...
# Subtest: starfish preview uses all eight canonical stage names
ok 71 - starfish preview uses all eight canonical stage names
  ---
  duration_ms: 3260.548456
  type: 'test'
  ...
# Subtest: coral preview uses all eight canonical stage names
ok 72 - coral preview uses all eight canonical stage names
  ---
  duration_ms: 3319.829252
  type: 'test'
  ...
# Subtest: butterfly preview uses all eight canonical stage names
ok 73 - butterfly preview uses all eight canonical stage names
  ---
  duration_ms: 2994.835745
  type: 'test'
  ...
# Subtest: beetle preview uses all eight canonical stage names
ok 74 - beetle preview uses all eight canonical stage names
  ---
  duration_ms: 2808.505284
  type: 'test'
  ...
# Subtest: stagbeetle preview uses all eight canonical stage names
ok 75 - stagbeetle preview uses all eight canonical stage names
  ---
  duration_ms: 3216.965787
  type: 'test'
  ...
# Subtest: cicada preview uses all eight canonical stage names
ok 76 - cicada preview uses all eight canonical stage names
  ---
  duration_ms: 3264.812124
  type: 'test'
  ...
# Subtest: antlion preview uses all eight canonical stage names
ok 77 - antlion preview uses all eight canonical stage names
  ---
  duration_ms: 3711.399674
  type: 'test'
  ...
# Subtest: dandelion preview uses all eight canonical stage names
ok 78 - dandelion preview uses all eight canonical stage names
  ---
  duration_ms: 3682.226823
  type: 'test'
  ...
# Subtest: sakura preview uses all eight canonical stage names
ok 79 - sakura preview uses all eight canonical stage names
  ---
  duration_ms: 3332.366158
  type: 'test'
  ...
# Subtest: venus_flytrap preview uses all eight canonical stage names
ok 80 - venus_flytrap preview uses all eight canonical stage names
  ---
  duration_ms: 3544.211745
  type: 'test'
  ...
# Subtest: mushroom preview uses all eight canonical stage names
ok 81 - mushroom preview uses all eight canonical stage names
  ---
  duration_ms: 3113.66366
  type: 'test'
  ...
# Subtest: dragon preview uses all eight canonical stage names
ok 82 - dragon preview uses all eight canonical stage names
  ---
  duration_ms: 3220.469479
  type: 'test'
  ...
# Subtest: phoenix preview uses all eight canonical stage names
ok 83 - phoenix preview uses all eight canonical stage names
  ---
  duration_ms: 2840.789751
  type: 'test'
  ...
# Subtest: god preview uses all eight canonical stage names
ok 84 - god preview uses all eight canonical stage names
  ---
  duration_ms: 2760.015791
  type: 'test'
  ...
# Subtest: world_tree preview uses all eight canonical stage names
ok 85 - world_tree preview uses all eight canonical stage names
  ---
  duration_ms: 2849.580023
  type: 'test'
  ...
# Subtest: ghost preview uses all eight canonical stage names
ok 86 - ghost preview uses all eight canonical stage names
  ---
  duration_ms: 2921.55328
  type: 'test'
  ...
# Subtest: star preview uses all eight canonical stage names
ok 87 - star preview uses all eight canonical stage names
  ---
  duration_ms: 3132.658891
  type: 'test'
  ...
# Subtest: plush preview uses all eight canonical stage names
ok 88 - plush preview uses all eight canonical stage names
  ---
  duration_ms: 3016.599048
  type: 'test'
  ...
# Subtest: unknown preview uses canonical punctuation and suppresses disposable rare achievement flashes
ok 89 - unknown preview uses canonical punctuation and suppresses disposable rare achievement flashes
  ---
  duration_ms: 2902.403087
  type: 'test'
  ...
# Subtest: ren preview uses canonical secret names without a fabricated rare achievement
ok 90 - ren preview uses canonical secret names without a fabricated rare achievement
  ---
  duration_ms: 2768.768745
  type: 'test'
  ...
# Subtest: approved hunger profile covers exactly 31 playable growth lines and all 248 stages
ok 91 - approved hunger profile covers exactly 31 playable growth lines and all 248 stages
  ---
  duration_ms: 1.55755
  type: 'test'
  ...
# Subtest: hunger category resolver does not silently fallback for unsupported or malformed assets
ok 92 - hunger category resolver does not silently fallback for unsupported or malformed assets
  ---
  duration_ms: 0.172346
  type: 'test'
  ...
# Subtest: all 248 hungry displays use the approved food artwork, including life-stage overrides
ok 93 - all 248 hungry displays use the approved food artwork, including life-stage overrides
  ---
  duration_ms: 6.970489
  type: 'test'
  ...
# Subtest: mushroom07 hunger bubble separates from spores without moving other state marks
ok 94 - mushroom07 hunger bubble separates from spores without moving other state marks
  ---
  duration_ms: 2.218
  type: 'test'
  ...
# Subtest: the original adult cat stays byte-identical to the approved master
ok 95 - the original adult cat stays byte-identical to the approved master
  ---
  duration_ms: 12.630266
  type: 'test'
  ...
# Subtest: all ten expression assets are distinct approved transparent RGBA PNGs on the original bounds
ok 96 - all ten expression assets are distinct approved transparent RGBA PNGs on the original bounds
  ---
  duration_ms: 38.517998
  type: 'test'
  ...
# Subtest: every runtime-allowlisted adult-cat expression path exists
ok 97 - every runtime-allowlisted adult-cat expression path exists
  ---
  duration_ms: 0.571198
  type: 'test'
  ...
# Subtest: kitten expression assets retain the original small stage bounds and transparent canvas
ok 98 - kitten expression assets retain the original small stage bounds and transparent canvas
  ---
  duration_ms: 15.681462
  type: 'test'
  ...
# Subtest: otemba expression assets retain the original small stage bounds and transparent canvas
ok 99 - otemba expression assets retain the original small stage bounds and transparent canvas
  ---
  duration_ms: 10.843515
  type: 'test'
  ...
# Subtest: young expression assets retain the original small stage bounds and transparent canvas
ok 100 - young expression assets retain the original small stage bounds and transparent canvas
  ---
  duration_ms: 10.729987
  type: 'test'
  ...
# Subtest: calm expression assets retain the original small stage bounds and transparent canvas
ok 101 - calm expression assets retain the original small stage bounds and transparent canvas
  ---
  duration_ms: 9.762962
  type: 'test'
  ...
# Subtest: elder expression assets retain the original small stage bounds and transparent canvas
ok 102 - elder expression assets retain the original small stage bounds and transparent canvas
  ---
  duration_ms: 9.304859
  type: 'test'
  ...
# Subtest: toddler expression assets retain the original small stage bounds and transparent canvas
ok 103 - toddler expression assets retain the original small stage bounds and transparent canvas
  ---
  duration_ms: 8.560199
  type: 'test'
  ...
# Subtest: baby expression assets retain the original small stage bounds and transparent canvas
ok 104 - baby expression assets retain the original small stage bounds and transparent canvas
  ---
  duration_ms: 17.973538
  type: 'test'
  ...
# Subtest: adult dog expressions are distinct transparent assets with original sprite bounds
ok 105 - adult dog expressions are distinct transparent assets with original sprite bounds
  ---
  duration_ms: 10.032803
  type: 'test'
  ...
# Subtest: puppy expressions are distinct transparent assets with original sprite bounds
ok 106 - puppy expressions are distinct transparent assets with original sprite bounds
  ---
  duration_ms: 9.38384
  type: 'test'
  ...
# Subtest: wanpaku expressions are distinct transparent assets with original sprite bounds
ok 107 - wanpaku expressions are distinct transparent assets with original sprite bounds
  ---
  duration_ms: 10.07753
  type: 'test'
  ...
# Subtest: young dog expressions are distinct transparent assets with original sprite bounds
ok 108 - young dog expressions are distinct transparent assets with original sprite bounds
  ---
  duration_ms: 6.716173
  type: 'test'
  ...
# Subtest: calm dog expressions are distinct transparent assets with original sprite bounds
ok 109 - calm dog expressions are distinct transparent assets with original sprite bounds
  ---
  duration_ms: 6.452642
  type: 'test'
  ...
# Subtest: baby dog expressions are distinct transparent assets with original sprite bounds
ok 110 - baby dog expressions are distinct transparent assets with original sprite bounds
  ---
  duration_ms: 5.792833
  type: 'test'
  ...
# Subtest: toddler dog expressions are distinct transparent assets with original sprite bounds
ok 111 - toddler dog expressions are distinct transparent assets with original sprite bounds
  ---
  duration_ms: 9.333326
  type: 'test'
  ...
# Subtest: elder dog expressions are distinct transparent assets with original sprite bounds
ok 112 - elder dog expressions are distinct transparent assets with original sprite bounds
  ---
  duration_ms: 14.307764
  type: 'test'
  ...
# Subtest: starfish/01 master is the exact approved candidate; normal routing uses it
ok 113 - starfish/01 master is the exact approved candidate; normal routing uses it
  ---
  duration_ms: 1.44283
  type: 'test'
  ...
# Subtest: starfish/02 master is the exact approved candidate; normal routing uses it
ok 114 - starfish/02 master is the exact approved candidate; normal routing uses it
  ---
  duration_ms: 1.0585
  type: 'test'
  ...
# Subtest: starfish/03 master is the exact approved candidate; normal routing uses it
ok 115 - starfish/03 master is the exact approved candidate; normal routing uses it
  ---
  duration_ms: 0.850121
  type: 'test'
  ...
# Subtest: man/01 has ten distinct transparent expressions with original bounds
ok 116 - man/01 has ten distinct transparent expressions with original bounds
  ---
  duration_ms: 15.535015
  type: 'test'
  ...
# Subtest: man/02 has ten distinct transparent expressions with original bounds
ok 117 - man/02 has ten distinct transparent expressions with original bounds
  ---
  duration_ms: 14.332311
  type: 'test'
  ...
# Subtest: man/03 has ten distinct transparent expressions with original bounds
ok 118 - man/03 has ten distinct transparent expressions with original bounds
  ---
  duration_ms: 6.219036
  type: 'test'
  ...
# Subtest: man/04 has ten distinct transparent expressions with original bounds
ok 119 - man/04 has ten distinct transparent expressions with original bounds
  ---
  duration_ms: 5.887604
  type: 'test'
  ...
# Subtest: man/05 has ten distinct transparent expressions with original bounds
ok 120 - man/05 has ten distinct transparent expressions with original bounds
  ---
  duration_ms: 6.012088
  type: 'test'
  ...
# Subtest: man/06 has ten distinct transparent expressions with original bounds
ok 121 - man/06 has ten distinct transparent expressions with original bounds
  ---
  duration_ms: 6.685588
  type: 'test'
  ...
# Subtest: man/07 has ten distinct transparent expressions with original bounds
ok 122 - man/07 has ten distinct transparent expressions with original bounds
  ---
  duration_ms: 7.185829
  type: 'test'
  ...
# Subtest: man/08 has ten distinct transparent expressions with original bounds
ok 123 - man/08 has ten distinct transparent expressions with original bounds
  ---
  duration_ms: 5.868726
  type: 'test'
  ...
# Subtest: woman/01 has ten distinct transparent expressions with original bounds
ok 124 - woman/01 has ten distinct transparent expressions with original bounds
  ---
  duration_ms: 5.46101
  type: 'test'
  ...
# Subtest: woman/02 has ten distinct transparent expressions with original bounds
ok 125 - woman/02 has ten distinct transparent expressions with original bounds
  ---
  duration_ms: 8.170982
  type: 'test'
  ...
# Subtest: woman/03 has ten distinct transparent expressions with original bounds
ok 126 - woman/03 has ten distinct transparent expressions with original bounds
  ---
  duration_ms: 9.243212
  type: 'test'
  ...
# Subtest: woman/04 has ten distinct transparent expressions with original bounds
ok 127 - woman/04 has ten distinct transparent expressions with original bounds
  ---
  duration_ms: 9.022794
  type: 'test'
  ...
# Subtest: woman/05 has ten distinct transparent expressions with original bounds
ok 128 - woman/05 has ten distinct transparent expressions with original bounds
  ---
  duration_ms: 7.231979
  type: 'test'
  ...
# Subtest: woman/06 has ten distinct transparent expressions with original bounds
ok 129 - woman/06 has ten distinct transparent expressions with original bounds
  ---
  duration_ms: 7.028716
  type: 'test'
  ...
# Subtest: woman/07 has ten distinct transparent expressions with original bounds
ok 130 - woman/07 has ten distinct transparent expressions with original bounds
  ---
  duration_ms: 7.007145
  type: 'test'
  ...
# Subtest: woman/08 has ten distinct transparent expressions with original bounds
ok 131 - woman/08 has ten distinct transparent expressions with original bounds
  ---
  duration_ms: 6.882429
  type: 'test'
  ...
# Subtest: penguin/01 has ten distinct transparent expressions with original bounds
ok 132 - penguin/01 has ten distinct transparent expressions with original bounds
  ---
  duration_ms: 8.030523
  type: 'test'
  ...
# Subtest: penguin/02 has ten distinct transparent expressions with original bounds
ok 133 - penguin/02 has ten distinct transparent expressions with original bounds
  ---
  duration_ms: 10.092041
  type: 'test'
  ...
# Subtest: penguin/03 has ten distinct transparent expressions with original bounds
ok 134 - penguin/03 has ten distinct transparent expressions with original bounds
  ---
  duration_ms: 11.910949
  type: 'test'
  ...
# Subtest: penguin/04 has ten distinct transparent expressions with original bounds
ok 135 - penguin/04 has ten distinct transparent expressions with original bounds
  ---
  duration_ms: 5.321985
  type: 'test'
  ...
# Subtest: penguin/05 has ten distinct transparent expressions with original bounds
ok 136 - penguin/05 has ten distinct transparent expressions with original bounds
  ---
  duration_ms: 6.205916
  type: 'test'
  ...
# Subtest: penguin/06 has ten distinct transparent expressions with original bounds
ok 137 - penguin/06 has ten distinct transparent expressions with original bounds
  ---
  duration_ms: 5.507891
  type: 'test'
  ...
# Subtest: penguin/07 has ten distinct transparent expressions with original bounds
ok 138 - penguin/07 has ten distinct transparent expressions with original bounds
  ---
  duration_ms: 6.133518
  type: 'test'
  ...
# Subtest: penguin/08 has ten distinct transparent expressions with original bounds
ok 139 - penguin/08 has ten distinct transparent expressions with original bounds
  ---
  duration_ms: 5.665314
  type: 'test'
  ...
# Subtest: turtle/01 has ten distinct transparent expressions with original bounds
ok 140 - turtle/01 has ten distinct transparent expressions with original bounds
  ---
  duration_ms: 4.991144
  type: 'test'
  ...
# Subtest: turtle/02 has ten distinct transparent expressions with original bounds
ok 141 - turtle/02 has ten distinct transparent expressions with original bounds
  ---
  duration_ms: 4.896873
  type: 'test'
  ...
# Subtest: turtle/03 has ten distinct transparent expressions with original bounds
ok 142 - turtle/03 has ten distinct transparent expressions with original bounds
  ---
  duration_ms: 5.801767
  type: 'test'
  ...
# Subtest: turtle/04 has ten distinct transparent expressions with original bounds
ok 143 - turtle/04 has ten distinct transparent expressions with original bounds
  ---
  duration_ms: 5.992789
  type: 'test'
  ...
# Subtest: turtle/05 has ten distinct transparent expressions with original bounds
ok 144 - turtle/05 has ten distinct transparent expressions with original bounds
  ---
  duration_ms: 7.029889
  type: 'test'
  ...
# Subtest: turtle/06 has ten distinct transparent expressions with original bounds
ok 145 - turtle/06 has ten distinct transparent expressions with original bounds
  ---
  duration_ms: 6.903691
  type: 'test'
  ...
# Subtest: turtle/07 has ten distinct transparent expressions with original bounds
ok 146 - turtle/07 has ten distinct transparent expressions with original bounds
  ---
  duration_ms: 7.120843
  type: 'test'
  ...
# Subtest: turtle/08 has ten distinct transparent expressions with original bounds
ok 147 - turtle/08 has ten distinct transparent expressions with original bounds
  ---
  duration_ms: 5.870328
  type: 'test'
  ...
# Subtest: frog/01 has ten distinct transparent expressions with original bounds
ok 148 - frog/01 has ten distinct transparent expressions with original bounds
  ---
  duration_ms: 6.664215
  type: 'test'
  ...
# Subtest: frog/02 has ten distinct transparent expressions with original bounds
ok 149 - frog/02 has ten distinct transparent expressions with original bounds
  ---
  duration_ms: 9.94291
  type: 'test'
  ...
# Subtest: frog/03 has ten distinct transparent expressions with original bounds
ok 150 - frog/03 has ten distinct transparent expressions with original bounds
  ---
  duration_ms: 8.557916
  type: 'test'
  ...
# Subtest: frog/04 has ten distinct transparent expressions with original bounds
ok 151 - frog/04 has ten distinct transparent expressions with original bounds
  ---
  duration_ms: 10.374569
  type: 'test'
  ...
# Subtest: frog/05 has ten distinct transparent expressions with original bounds
ok 152 - frog/05 has ten distinct transparent expressions with original bounds
  ---
  duration_ms: 10.959728
  type: 'test'
  ...
# Subtest: frog/06 has ten distinct transparent expressions with original bounds
ok 153 - frog/06 has ten distinct transparent expressions with original bounds
  ---
  duration_ms: 8.585026
  type: 'test'
  ...
# Subtest: frog/07 has ten distinct transparent expressions with original bounds
ok 154 - frog/07 has ten distinct transparent expressions with original bounds
  ---
  duration_ms: 8.031829
  type: 'test'
  ...
# Subtest: frog/08 has ten distinct transparent expressions with original bounds
ok 155 - frog/08 has ten distinct transparent expressions with original bounds
  ---
  duration_ms: 5.898269
  type: 'test'
  ...
# Subtest: clownfish/01 has ten distinct transparent expressions with original bounds
ok 156 - clownfish/01 has ten distinct transparent expressions with original bounds
  ---
  duration_ms: 4.410542
  type: 'test'
  ...
# Subtest: clownfish/02 has ten distinct transparent expressions with original bounds
ok 157 - clownfish/02 has ten distinct transparent expressions with original bounds
  ---
  duration_ms: 4.668335
  type: 'test'
  ...
# Subtest: clownfish/03 has ten distinct transparent expressions with original bounds
ok 158 - clownfish/03 has ten distinct transparent expressions with original bounds
  ---
  duration_ms: 5.09
  type: 'test'
  ...
# Subtest: clownfish/04 has ten distinct transparent expressions with original bounds
ok 159 - clownfish/04 has ten distinct transparent expressions with original bounds
  ---
  duration_ms: 4.805818
  type: 'test'
  ...
# Subtest: clownfish/05 has ten distinct transparent expressions with original bounds
ok 160 - clownfish/05 has ten distinct transparent expressions with original bounds
  ---
  duration_ms: 7.301572
  type: 'test'
  ...
# Subtest: clownfish/06 has ten distinct transparent expressions with original bounds
ok 161 - clownfish/06 has ten distinct transparent expressions with original bounds
  ---
  duration_ms: 5.173144
  type: 'test'
  ...
# Subtest: clownfish/07 has ten distinct transparent expressions with original bounds
ok 162 - clownfish/07 has ten distinct transparent expressions with original bounds
  ---
  duration_ms: 5.417006
  type: 'test'
  ...
# Subtest: clownfish/08 has ten distinct transparent expressions with original bounds
ok 163 - clownfish/08 has ten distinct transparent expressions with original bounds
  ---
  duration_ms: 5.874364
  type: 'test'
  ...
# Subtest: salmon/01 has ten distinct transparent expressions with original bounds
ok 164 - salmon/01 has ten distinct transparent expressions with original bounds
  ---
  duration_ms: 5.620447
  type: 'test'
  ...
# Subtest: salmon/02 has ten distinct transparent expressions with original bounds
ok 165 - salmon/02 has ten distinct transparent expressions with original bounds
  ---
  duration_ms: 4.915312
  type: 'test'
  ...
# Subtest: salmon/03 has ten distinct transparent expressions with original bounds
ok 166 - salmon/03 has ten distinct transparent expressions with original bounds
  ---
  duration_ms: 7.339667
  type: 'test'
  ...
# Subtest: salmon/04 has ten distinct transparent expressions with original bounds
ok 167 - salmon/04 has ten distinct transparent expressions with original bounds
  ---
  duration_ms: 7.2603
  type: 'test'
  ...
# Subtest: salmon/05 has ten distinct transparent expressions with original bounds
ok 168 - salmon/05 has ten distinct transparent expressions with original bounds
  ---
  duration_ms: 8.66947
  type: 'test'
  ...
# Subtest: salmon/06 has ten distinct transparent expressions with original bounds
ok 169 - salmon/06 has ten distinct transparent expressions with original bounds
  ---
  duration_ms: 5.436064
  type: 'test'
  ...
# Subtest: salmon/07 has ten distinct transparent expressions with original bounds
ok 170 - salmon/07 has ten distinct transparent expressions with original bounds
  ---
  duration_ms: 5.50819
  type: 'test'
  ...
# Subtest: salmon/08 has ten distinct transparent expressions with original bounds
ok 171 - salmon/08 has ten distinct transparent expressions with original bounds
  ---
  duration_ms: 4.906919
  type: 'test'
  ...
# Subtest: hermit_crab/01 has ten distinct transparent expressions with original bounds
ok 172 - hermit_crab/01 has ten distinct transparent expressions with original bounds
  ---
  duration_ms: 4.793421
  type: 'test'
  ...
# Subtest: hermit_crab/02 has ten distinct transparent expressions with original bounds
ok 173 - hermit_crab/02 has ten distinct transparent expressions with original bounds
  ---
  duration_ms: 4.94179
  type: 'test'
  ...
# Subtest: hermit_crab/03 has ten distinct transparent expressions with original bounds
ok 174 - hermit_crab/03 has ten distinct transparent expressions with original bounds
  ---
  duration_ms: 5.292181
  type: 'test'
  ...
# Subtest: hermit_crab/04 has ten distinct transparent expressions with original bounds
ok 175 - hermit_crab/04 has ten distinct transparent expressions with original bounds
  ---
  duration_ms: 5.142829
  type: 'test'
  ...
# Subtest: hermit_crab/05 has ten distinct transparent expressions with original bounds
ok 176 - hermit_crab/05 has ten distinct transparent expressions with original bounds
  ---
  duration_ms: 5.041709
  type: 'test'
  ...
# Subtest: hermit_crab/06 has ten distinct transparent expressions with original bounds
ok 177 - hermit_crab/06 has ten distinct transparent expressions with original bounds
  ---
  duration_ms: 5.043702
  type: 'test'
  ...
# Subtest: hermit_crab/07 has ten distinct transparent expressions with original bounds
ok 178 - hermit_crab/07 has ten distinct transparent expressions with original bounds
  ---
  duration_ms: 5.168557
  type: 'test'
  ...
# Subtest: hermit_crab/08 has ten distinct transparent expressions with original bounds
ok 179 - hermit_crab/08 has ten distinct transparent expressions with original bounds
  ---
  duration_ms: 6.253346
  type: 'test'
  ...
# Subtest: jellyfish/01 has ten distinct transparent expressions with original bounds
ok 180 - jellyfish/01 has ten distinct transparent expressions with original bounds
  ---
  duration_ms: 6.083774
  type: 'test'
  ...
# Subtest: jellyfish/02 has ten distinct transparent expressions with original bounds
ok 181 - jellyfish/02 has ten distinct transparent expressions with original bounds
  ---
  duration_ms: 6.590957
  type: 'test'
  ...
# Subtest: jellyfish/03 has ten distinct transparent expressions with original bounds
ok 182 - jellyfish/03 has ten distinct transparent expressions with original bounds
  ---
  duration_ms: 6.365113
  type: 'test'
  ...
# Subtest: jellyfish/04 has ten distinct transparent expressions with original bounds
ok 183 - jellyfish/04 has ten distinct transparent expressions with original bounds
  ---
  duration_ms: 6.33034
  type: 'test'
  ...
# Subtest: jellyfish/05 has ten distinct transparent expressions with original bounds
ok 184 - jellyfish/05 has ten distinct transparent expressions with original bounds
  ---
  duration_ms: 7.495659
  type: 'test'
  ...
# Subtest: jellyfish/06 has ten distinct transparent expressions with original bounds
ok 185 - jellyfish/06 has ten distinct transparent expressions with original bounds
  ---
  duration_ms: 5.827053
  type: 'test'
  ...
# Subtest: jellyfish/07 has ten distinct transparent expressions with original bounds
ok 186 - jellyfish/07 has ten distinct transparent expressions with original bounds
  ---
  duration_ms: 9.244964
  type: 'test'
  ...
# Subtest: jellyfish/08 has ten distinct transparent expressions with original bounds
ok 187 - jellyfish/08 has ten distinct transparent expressions with original bounds
  ---
  duration_ms: 6.346374
  type: 'test'
  ...
# Subtest: starfish/01 has ten distinct transparent expressions with projected approved master bounds
ok 188 - starfish/01 has ten distinct transparent expressions with projected approved master bounds
  ---
  duration_ms: 10.15912
  type: 'test'
  ...
# Subtest: starfish/02 has ten distinct transparent expressions with projected approved master bounds
ok 189 - starfish/02 has ten distinct transparent expressions with projected approved master bounds
  ---
  duration_ms: 8.218972
  type: 'test'
  ...
# Subtest: starfish/03 has ten distinct transparent expressions with projected approved master bounds
ok 190 - starfish/03 has ten distinct transparent expressions with projected approved master bounds
  ---
  duration_ms: 7.12572
  type: 'test'
  ...
# Subtest: starfish/04 has ten distinct transparent expressions with original bounds
ok 191 - starfish/04 has ten distinct transparent expressions with original bounds
  ---
  duration_ms: 5.342716
  type: 'test'
  ...
# Subtest: starfish/05 has ten distinct transparent expressions with original bounds
ok 192 - starfish/05 has ten distinct transparent expressions with original bounds
  ---
  duration_ms: 5.550593
  type: 'test'
  ...
# Subtest: starfish/06 has ten distinct transparent expressions with original bounds
ok 193 - starfish/06 has ten distinct transparent expressions with original bounds
  ---
  duration_ms: 5.89807
  type: 'test'
  ...
# Subtest: starfish/07 has ten distinct transparent expressions with original bounds
ok 194 - starfish/07 has ten distinct transparent expressions with original bounds
  ---
  duration_ms: 5.331088
  type: 'test'
  ...
# Subtest: starfish/08 has ten distinct transparent expressions with original bounds
ok 195 - starfish/08 has ten distinct transparent expressions with original bounds
  ---
  duration_ms: 7.643368
  type: 'test'
  ...
# Subtest: coral/01 has ten distinct transparent expressions with original bounds
ok 196 - coral/01 has ten distinct transparent expressions with original bounds
  ---
  duration_ms: 5.431458
  type: 'test'
  ...
# Subtest: coral/02 has ten distinct transparent expressions with original bounds
ok 197 - coral/02 has ten distinct transparent expressions with original bounds
  ---
  duration_ms: 9.361466
  type: 'test'
  ...
# Subtest: coral/03 has ten distinct transparent expressions with original bounds
ok 198 - coral/03 has ten distinct transparent expressions with original bounds
  ---
  duration_ms: 6.399644
  type: 'test'
  ...
# Subtest: coral/04 has ten distinct transparent expressions with original bounds
ok 199 - coral/04 has ten distinct transparent expressions with original bounds
  ---
  duration_ms: 5.32549
  type: 'test'
  ...
# Subtest: coral/05 has ten distinct transparent expressions with original bounds
ok 200 - coral/05 has ten distinct transparent expressions with original bounds
  ---
  duration_ms: 7.59007
  type: 'test'
  ...
# Subtest: coral/06 has ten distinct transparent expressions with original bounds
ok 201 - coral/06 has ten distinct transparent expressions with original bounds
  ---
  duration_ms: 8.773905
  type: 'test'
  ...
# Subtest: coral/07 has ten distinct transparent expressions with original bounds
ok 202 - coral/07 has ten distinct transparent expressions with original bounds
  ---
  duration_ms: 9.017997
  type: 'test'
  ...
# Subtest: coral/08 has ten distinct transparent expressions with original bounds
ok 203 - coral/08 has ten distinct transparent expressions with original bounds
  ---
  duration_ms: 8.606797
  type: 'test'
  ...
# Subtest: butterfly/01 has ten distinct transparent expressions with original bounds
ok 204 - butterfly/01 has ten distinct transparent expressions with original bounds
  ---
  duration_ms: 7.564851
  type: 'test'
  ...
# Subtest: butterfly/02 has ten distinct transparent expressions with original bounds
ok 205 - butterfly/02 has ten distinct transparent expressions with original bounds
  ---
  duration_ms: 8.728819
  type: 'test'
  ...
# Subtest: butterfly/03 has ten distinct transparent expressions with original bounds
ok 206 - butterfly/03 has ten distinct transparent expressions with original bounds
  ---
  duration_ms: 10.912718
  type: 'test'
  ...
# Subtest: butterfly/04 has ten distinct transparent expressions with original bounds
ok 207 - butterfly/04 has ten distinct transparent expressions with original bounds
  ---
  duration_ms: 6.363895
  type: 'test'
  ...
# Subtest: butterfly/05 has ten distinct transparent expressions with original bounds
ok 208 - butterfly/05 has ten distinct transparent expressions with original bounds
  ---
  duration_ms: 5.159945
  type: 'test'
  ...
# Subtest: butterfly/06 has ten distinct transparent expressions with original bounds
ok 209 - butterfly/06 has ten distinct transparent expressions with original bounds
  ---
  duration_ms: 5.464065
  type: 'test'
  ...
# Subtest: butterfly/07 has ten distinct transparent expressions with original bounds
ok 210 - butterfly/07 has ten distinct transparent expressions with original bounds
  ---
  duration_ms: 5.694007
  type: 'test'
  ...
# Subtest: butterfly/08 has ten distinct transparent expressions with original bounds
ok 211 - butterfly/08 has ten distinct transparent expressions with original bounds
  ---
  duration_ms: 5.529273
  type: 'test'
  ...
# Subtest: beetle/01 has ten distinct transparent expressions with original bounds
ok 212 - beetle/01 has ten distinct transparent expressions with original bounds
  ---
  duration_ms: 4.845227
  type: 'test'
  ...
# Subtest: beetle/02 has ten distinct transparent expressions with original bounds
ok 213 - beetle/02 has ten distinct transparent expressions with original bounds
  ---
  duration_ms: 4.835013
  type: 'test'
  ...
# Subtest: beetle/03 has ten distinct transparent expressions with original bounds
ok 214 - beetle/03 has ten distinct transparent expressions with original bounds
  ---
  duration_ms: 5.587388
  type: 'test'
  ...
# Subtest: beetle/04 has ten distinct transparent expressions with original bounds
ok 215 - beetle/04 has ten distinct transparent expressions with original bounds
  ---
  duration_ms: 5.233903
  type: 'test'
  ...
# Subtest: beetle/05 has ten distinct transparent expressions with original bounds
ok 216 - beetle/05 has ten distinct transparent expressions with original bounds
  ---
  duration_ms: 5.025705
  type: 'test'
  ...
# Subtest: beetle/06 has ten distinct transparent expressions with original bounds
ok 217 - beetle/06 has ten distinct transparent expressions with original bounds
  ---
  duration_ms: 5.30549
  type: 'test'
  ...
# Subtest: beetle/07 has ten distinct transparent expressions with original bounds
ok 218 - beetle/07 has ten distinct transparent expressions with original bounds
  ---
  duration_ms: 7.018561
  type: 'test'
  ...
# Subtest: beetle/08 has ten distinct transparent expressions with original bounds
ok 219 - beetle/08 has ten distinct transparent expressions with original bounds
  ---
  duration_ms: 6.275199
  type: 'test'
  ...
# Subtest: stagbeetle/01 has ten distinct transparent expressions with original bounds
ok 220 - stagbeetle/01 has ten distinct transparent expressions with original bounds
  ---
  duration_ms: 6.150043
  type: 'test'
  ...
# Subtest: stagbeetle/02 has ten distinct transparent expressions with original bounds
ok 221 - stagbeetle/02 has ten distinct transparent expressions with original bounds
  ---
  duration_ms: 6.236351
  type: 'test'
  ...
# Subtest: stagbeetle/03 has ten distinct transparent expressions with original bounds
ok 222 - stagbeetle/03 has ten distinct transparent expressions with original bounds
  ---
  duration_ms: 7.594576
  type: 'test'
  ...
# Subtest: stagbeetle/04 has ten distinct transparent expressions with original bounds
ok 223 - stagbeetle/04 has ten distinct transparent expressions with original bounds
  ---
  duration_ms: 7.390243
  type: 'test'
  ...
# Subtest: stagbeetle/05 has ten distinct transparent expressions with original bounds
ok 224 - stagbeetle/05 has ten distinct transparent expressions with original bounds
  ---
  duration_ms: 9.056915
  type: 'test'
  ...
# Subtest: stagbeetle/06 has ten distinct transparent expressions with original bounds
ok 225 - stagbeetle/06 has ten distinct transparent expressions with original bounds
  ---
  duration_ms: 10.939938
  type: 'test'
  ...
# Subtest: stagbeetle/07 has ten distinct transparent expressions with original bounds
ok 226 - stagbeetle/07 has ten distinct transparent expressions with original bounds
  ---
  duration_ms: 6.372684
  type: 'test'
  ...
# Subtest: stagbeetle/08 has ten distinct transparent expressions with original bounds
ok 227 - stagbeetle/08 has ten distinct transparent expressions with original bounds
  ---
  duration_ms: 5.638354
  type: 'test'
  ...
# Subtest: cicada/01 has ten distinct transparent expressions with original bounds
ok 228 - cicada/01 has ten distinct transparent expressions with original bounds
  ---
  duration_ms: 4.889834
  type: 'test'
  ...
# Subtest: cicada/02 has ten distinct transparent expressions with original bounds
ok 229 - cicada/02 has ten distinct transparent expressions with original bounds
  ---
  duration_ms: 5.288345
  type: 'test'
  ...
# Subtest: cicada/03 has ten distinct transparent expressions with original bounds
ok 230 - cicada/03 has ten distinct transparent expressions with original bounds
  ---
  duration_ms: 5.196037
  type: 'test'
  ...
# Subtest: cicada/04 has ten distinct transparent expressions with original bounds
ok 231 - cicada/04 has ten distinct transparent expressions with original bounds
  ---
  duration_ms: 5.977287
  type: 'test'
  ...
# Subtest: cicada/05 has ten distinct transparent expressions with original bounds
ok 232 - cicada/05 has ten distinct transparent expressions with original bounds
  ---
  duration_ms: 6.243662
  type: 'test'
  ...
# Subtest: cicada/06 has ten distinct transparent expressions with original bounds
ok 233 - cicada/06 has ten distinct transparent expressions with original bounds
  ---
  duration_ms: 6.153298
  type: 'test'
  ...
# Subtest: cicada/07 has ten distinct transparent expressions with original bounds
ok 234 - cicada/07 has ten distinct transparent expressions with original bounds
  ---
  duration_ms: 5.873303
  type: 'test'
  ...
# Subtest: cicada/08 has ten distinct transparent expressions with original bounds
ok 235 - cicada/08 has ten distinct transparent expressions with original bounds
  ---
  duration_ms: 6.016434
  type: 'test'
  ...
# Subtest: antlion/01 has ten distinct transparent expressions with original bounds
ok 236 - antlion/01 has ten distinct transparent expressions with original bounds
  ---
  duration_ms: 4.98793
  type: 'test'
  ...
# Subtest: antlion/02 has ten distinct transparent expressions with original bounds
ok 237 - antlion/02 has ten distinct transparent expressions with original bounds
  ---
  duration_ms: 6.456067
  type: 'test'
  ...
# Subtest: antlion/03 has ten distinct transparent expressions with original bounds
ok 238 - antlion/03 has ten distinct transparent expressions with original bounds
  ---
  duration_ms: 7.018932
  type: 'test'
  ...
# Subtest: antlion/04 has ten distinct transparent expressions with original bounds
ok 239 - antlion/04 has ten distinct transparent expressions with original bounds
  ---
  duration_ms: 6.817763
  type: 'test'
  ...
# Subtest: antlion/05 has ten distinct transparent expressions with original bounds
ok 240 - antlion/05 has ten distinct transparent expressions with original bounds
  ---
  duration_ms: 6.124566
  type: 'test'
  ...
# Subtest: antlion/06 has ten distinct transparent expressions with original bounds
ok 241 - antlion/06 has ten distinct transparent expressions with original bounds
  ---
  duration_ms: 9.010236
  type: 'test'
  ...
# Subtest: antlion/07 has ten distinct transparent expressions with original bounds
ok 242 - antlion/07 has ten distinct transparent expressions with original bounds
  ---
  duration_ms: 5.908115
  type: 'test'
  ...
# Subtest: antlion/08 has ten distinct transparent expressions with original bounds
ok 243 - antlion/08 has ten distinct transparent expressions with original bounds
  ---
  duration_ms: 10.299719
  type: 'test'
  ...
# Subtest: dandelion/01 has ten distinct transparent expressions with original bounds
ok 244 - dandelion/01 has ten distinct transparent expressions with original bounds
  ---
  duration_ms: 11.319051
  type: 'test'
  ...
# Subtest: dandelion/02 has ten distinct transparent expressions with original bounds
ok 245 - dandelion/02 has ten distinct transparent expressions with original bounds
  ---
  duration_ms: 7.8134
  type: 'test'
  ...
# Subtest: dandelion/03 has ten distinct transparent expressions with original bounds
ok 246 - dandelion/03 has ten distinct transparent expressions with original bounds
  ---
  duration_ms: 7.949042
  type: 'test'
  ...
# Subtest: dandelion/04 has ten distinct transparent expressions with original bounds
ok 247 - dandelion/04 has ten distinct transparent expressions with original bounds
  ---
  duration_ms: 7.769946
  type: 'test'
  ...
# Subtest: dandelion/05 has ten distinct transparent expressions with original bounds
ok 248 - dandelion/05 has ten distinct transparent expressions with original bounds
  ---
  duration_ms: 7.944455
  type: 'test'
  ...
# Subtest: dandelion/06 has ten distinct transparent expressions with original bounds
ok 249 - dandelion/06 has ten distinct transparent expressions with original bounds
  ---
  duration_ms: 8.122509
  type: 'test'
  ...
# Subtest: dandelion/07 has ten distinct transparent expressions with original bounds
ok 250 - dandelion/07 has ten distinct transparent expressions with original bounds
  ---
  duration_ms: 8.18372
  type: 'test'
  ...
# Subtest: dandelion/08 has ten distinct transparent expressions with original bounds
ok 251 - dandelion/08 has ten distinct transparent expressions with original bounds
  ---
  duration_ms: 7.884055
  type: 'test'
  ...
# Subtest: sakura/01 has ten distinct transparent expressions with original bounds
ok 252 - sakura/01 has ten distinct transparent expressions with original bounds
  ---
  duration_ms: 7.959808
  type: 'test'
  ...
# Subtest: sakura/02 has ten distinct transparent expressions with original bounds
ok 253 - sakura/02 has ten distinct transparent expressions with original bounds
  ---
  duration_ms: 7.825207
  type: 'test'
  ...
# Subtest: sakura/03 has ten distinct transparent expressions with original bounds
ok 254 - sakura/03 has ten distinct transparent expressions with original bounds
  ---
  duration_ms: 7.094824
  type: 'test'
  ...
# Subtest: sakura/04 has ten distinct transparent expressions with original bounds
ok 255 - sakura/04 has ten distinct transparent expressions with original bounds
  ---
  duration_ms: 11.561741
  type: 'test'
  ...
# Subtest: sakura/05 has ten distinct transparent expressions with original bounds
ok 256 - sakura/05 has ten distinct transparent expressions with original bounds
  ---
  duration_ms: 6.237302
  type: 'test'
  ...
# Subtest: sakura/06 has ten distinct transparent expressions with original bounds
ok 257 - sakura/06 has ten distinct transparent expressions with original bounds
  ---
  duration_ms: 7.944004
  type: 'test'
  ...
# Subtest: sakura/07 has ten distinct transparent expressions with original bounds
ok 258 - sakura/07 has ten distinct transparent expressions with original bounds
  ---
  duration_ms: 8.342836
  type: 'test'
  ...
# Subtest: sakura/08 has ten distinct transparent expressions with original bounds
ok 259 - sakura/08 has ten distinct transparent expressions with original bounds
  ---
  duration_ms: 8.220705
  type: 'test'
  ...
# Subtest: venus_flytrap/01 has ten distinct transparent expressions with original bounds
ok 260 - venus_flytrap/01 has ten distinct transparent expressions with original bounds
  ---
  duration_ms: 8.70972
  type: 'test'
  ...
# Subtest: venus_flytrap/02 has ten distinct transparent expressions with original bounds
ok 261 - venus_flytrap/02 has ten distinct transparent expressions with original bounds
  ---
  duration_ms: 8.323978
  type: 'test'
  ...
# Subtest: venus_flytrap/03 has ten distinct transparent expressions with original bounds
ok 262 - venus_flytrap/03 has ten distinct transparent expressions with original bounds
  ---
  duration_ms: 11.902457
  type: 'test'
  ...
# Subtest: venus_flytrap/04 has ten distinct transparent expressions with original bounds
ok 263 - venus_flytrap/04 has ten distinct transparent expressions with original bounds
  ---
  duration_ms: 5.225562
  type: 'test'
  ...
# Subtest: venus_flytrap/05 has ten distinct transparent expressions with original bounds
ok 264 - venus_flytrap/05 has ten distinct transparent expressions with original bounds
  ---
  duration_ms: 5.712023
  type: 'test'
  ...
# Subtest: venus_flytrap/06 has ten distinct transparent expressions with original bounds
ok 265 - venus_flytrap/06 has ten distinct transparent expressions with original bounds
  ---
  duration_ms: 5.528881
  type: 'test'
  ...
# Subtest: venus_flytrap/07 has ten distinct transparent expressions with original bounds
ok 266 - venus_flytrap/07 has ten distinct transparent expressions with original bounds
  ---
  duration_ms: 7.006264
  type: 'test'
  ...
# Subtest: venus_flytrap/08 has ten distinct transparent expressions with original bounds
ok 267 - venus_flytrap/08 has ten distinct transparent expressions with original bounds
  ---
  duration_ms: 6.135741
  type: 'test'
  ...
# Subtest: mushroom/01 has ten distinct transparent expressions with original bounds
ok 268 - mushroom/01 has ten distinct transparent expressions with original bounds
  ---
  duration_ms: 5.679275
  type: 'test'
  ...
# Subtest: mushroom/02 has ten distinct transparent expressions with original bounds
ok 269 - mushroom/02 has ten distinct transparent expressions with original bounds
  ---
  duration_ms: 5.566978
  type: 'test'
  ...
# Subtest: mushroom/03 has ten distinct transparent expressions with original bounds
ok 270 - mushroom/03 has ten distinct transparent expressions with original bounds
  ---
  duration_ms: 5.47399
  type: 'test'
  ...
# Subtest: mushroom/04 has ten distinct transparent expressions with original bounds
ok 271 - mushroom/04 has ten distinct transparent expressions with original bounds
  ---
  duration_ms: 6.081051
  type: 'test'
  ...
# Subtest: mushroom/05 has ten distinct transparent expressions with original bounds
ok 272 - mushroom/05 has ten distinct transparent expressions with original bounds
  ---
  duration_ms: 6.719758
  type: 'test'
  ...
# Subtest: mushroom/06 has ten distinct transparent expressions with original bounds
ok 273 - mushroom/06 has ten distinct transparent expressions with original bounds
  ---
  duration_ms: 5.236268
  type: 'test'
  ...
# Subtest: mushroom/07 has ten distinct transparent expressions with original bounds
ok 274 - mushroom/07 has ten distinct transparent expressions with original bounds
  ---
  duration_ms: 5.661919
  type: 'test'
  ...
# Subtest: mushroom/08 has ten distinct transparent expressions with original bounds
ok 275 - mushroom/08 has ten distinct transparent expressions with original bounds
  ---
  duration_ms: 5.406129
  type: 'test'
  ...
# Subtest: dragon/01 has ten distinct transparent expressions with original bounds
ok 276 - dragon/01 has ten distinct transparent expressions with original bounds
  ---
  duration_ms: 4.487938
  type: 'test'
  ...
# Subtest: dragon/02 has ten distinct transparent expressions with original bounds
ok 277 - dragon/02 has ten distinct transparent expressions with original bounds
  ---
  duration_ms: 4.771929
  type: 'test'
  ...
# Subtest: dragon/03 has ten distinct transparent expressions with original bounds
ok 278 - dragon/03 has ten distinct transparent expressions with original bounds
  ---
  duration_ms: 5.472288
  type: 'test'
  ...
# Subtest: dragon/04 has ten distinct transparent expressions with original bounds
ok 279 - dragon/04 has ten distinct transparent expressions with original bounds
  ---
  duration_ms: 5.441942
  type: 'test'
  ...
# Subtest: dragon/05 has ten distinct transparent expressions with original bounds
ok 280 - dragon/05 has ten distinct transparent expressions with original bounds
  ---
  duration_ms: 7.339357
  type: 'test'
  ...
# Subtest: dragon/06 has ten distinct transparent expressions with original bounds
ok 281 - dragon/06 has ten distinct transparent expressions with original bounds
  ---
  duration_ms: 7.881602
  type: 'test'
  ...
# Subtest: dragon/07 has ten distinct transparent expressions with original bounds
ok 282 - dragon/07 has ten distinct transparent expressions with original bounds
  ---
  duration_ms: 14.808737
  type: 'test'
  ...
# Subtest: dragon/08 has ten distinct transparent expressions with original bounds
ok 283 - dragon/08 has ten distinct transparent expressions with original bounds
  ---
  duration_ms: 6.9166
  type: 'test'
  ...
# Subtest: phoenix/01 has ten distinct transparent expressions with original bounds
ok 284 - phoenix/01 has ten distinct transparent expressions with original bounds
  ---
  duration_ms: 4.889463
  type: 'test'
  ...
# Subtest: phoenix/02 has ten distinct transparent expressions with original bounds
ok 285 - phoenix/02 has ten distinct transparent expressions with original bounds
  ---
  duration_ms: 4.885887
  type: 'test'
  ...
# Subtest: phoenix/03 has ten distinct transparent expressions with original bounds
ok 286 - phoenix/03 has ten distinct transparent expressions with original bounds
  ---
  duration_ms: 5.280513
  type: 'test'
  ...
# Subtest: phoenix/04 has ten distinct transparent expressions with original bounds
ok 287 - phoenix/04 has ten distinct transparent expressions with original bounds
  ---
  duration_ms: 5.811871
  type: 'test'
  ...
# Subtest: phoenix/05 has ten distinct transparent expressions with original bounds
ok 288 - phoenix/05 has ten distinct transparent expressions with original bounds
  ---
  duration_ms: 6.580722
  type: 'test'
  ...
# Subtest: phoenix/06 has ten distinct transparent expressions with original bounds
ok 289 - phoenix/06 has ten distinct transparent expressions with original bounds
  ---
  duration_ms: 9.786207
  type: 'test'
  ...
# Subtest: phoenix/07 has ten distinct transparent expressions with original bounds
ok 290 - phoenix/07 has ten distinct transparent expressions with original bounds
  ---
  duration_ms: 6.111537
  type: 'test'
  ...
# Subtest: phoenix/08 has ten distinct transparent expressions with original bounds
ok 291 - phoenix/08 has ten distinct transparent expressions with original bounds
  ---
  duration_ms: 5.283818
  type: 'test'
  ...
# Subtest: god/01 has ten distinct transparent expressions with original bounds
ok 292 - god/01 has ten distinct transparent expressions with original bounds
  ---
  duration_ms: 4.275482
  type: 'test'
  ...
# Subtest: god/02 has ten distinct transparent expressions with original bounds
ok 293 - god/02 has ten distinct transparent expressions with original bounds
  ---
  duration_ms: 5.226864
  type: 'test'
  ...
# Subtest: god/03 has ten distinct transparent expressions with original bounds
ok 294 - god/03 has ten distinct transparent expressions with original bounds
  ---
  duration_ms: 4.940849
  type: 'test'
  ...
# Subtest: god/04 has ten distinct transparent expressions with original bounds
ok 295 - god/04 has ten distinct transparent expressions with original bounds
  ---
  duration_ms: 5.739004
  type: 'test'
  ...
# Subtest: god/05 has ten distinct transparent expressions with original bounds
ok 296 - god/05 has ten distinct transparent expressions with original bounds
  ---
  duration_ms: 10.741995
  type: 'test'
  ...
# Subtest: god/06 has ten distinct transparent expressions with original bounds
ok 297 - god/06 has ten distinct transparent expressions with original bounds
  ---
  duration_ms: 6.180549
  type: 'test'
  ...
# Subtest: god/07 has ten distinct transparent expressions with original bounds
ok 298 - god/07 has ten distinct transparent expressions with original bounds
  ---
  duration_ms: 5.87856
  type: 'test'
  ...
# Subtest: god/08 has ten distinct transparent expressions with original bounds
ok 299 - god/08 has ten distinct transparent expressions with original bounds
  ---
  duration_ms: 5.566497
  type: 'test'
  ...
# Subtest: world_tree/01 has ten distinct transparent expressions with original bounds
ok 300 - world_tree/01 has ten distinct transparent expressions with original bounds
  ---
  duration_ms: 5.57505
  type: 'test'
  ...
# Subtest: world_tree/02 has ten distinct transparent expressions with original bounds
ok 301 - world_tree/02 has ten distinct transparent expressions with original bounds
  ---
  duration_ms: 5.628149
  type: 'test'
  ...
# Subtest: world_tree/03 has ten distinct transparent expressions with original bounds
ok 302 - world_tree/03 has ten distinct transparent expressions with original bounds
  ---
  duration_ms: 6.486092
  type: 'test'
  ...
# Subtest: world_tree/04 has ten distinct transparent expressions with original bounds
ok 303 - world_tree/04 has ten distinct transparent expressions with original bounds
  ---
  duration_ms: 5.099555
  type: 'test'
  ...
# Subtest: world_tree/05 has ten distinct transparent expressions with original bounds
ok 304 - world_tree/05 has ten distinct transparent expressions with original bounds
  ---
  duration_ms: 5.799393
  type: 'test'
  ...
# Subtest: world_tree/06 has ten distinct transparent expressions with original bounds
ok 305 - world_tree/06 has ten distinct transparent expressions with original bounds
  ---
  duration_ms: 5.389235
  type: 'test'
  ...
# Subtest: world_tree/07 has ten distinct transparent expressions with original bounds
ok 306 - world_tree/07 has ten distinct transparent expressions with original bounds
  ---
  duration_ms: 5.940813
  type: 'test'
  ...
# Subtest: world_tree/08 has ten distinct transparent expressions with original bounds
ok 307 - world_tree/08 has ten distinct transparent expressions with original bounds
  ---
  duration_ms: 5.178291
  type: 'test'
  ...
# Subtest: ghost/01 has ten distinct transparent expressions with original bounds
ok 308 - ghost/01 has ten distinct transparent expressions with original bounds
  ---
  duration_ms: 8.070982
  type: 'test'
  ...
# Subtest: ghost/02 has ten distinct transparent expressions with original bounds
ok 309 - ghost/02 has ten distinct transparent expressions with original bounds
  ---
  duration_ms: 10.832358
  type: 'test'
  ...
# Subtest: ghost/03 has ten distinct transparent expressions with original bounds
ok 310 - ghost/03 has ten distinct transparent expressions with original bounds
  ---
  duration_ms: 5.483765
  type: 'test'
  ...
# Subtest: ghost/04 has ten distinct transparent expressions with original bounds
ok 311 - ghost/04 has ten distinct transparent expressions with original bounds
  ---
  duration_ms: 5.001149
  type: 'test'
  ...
# Subtest: ghost/05 has ten distinct transparent expressions with original bounds
ok 312 - ghost/05 has ten distinct transparent expressions with original bounds
  ---
  duration_ms: 5.291529
  type: 'test'
  ...
# Subtest: ghost/06 has ten distinct transparent expressions with original bounds
ok 313 - ghost/06 has ten distinct transparent expressions with original bounds
  ---
  duration_ms: 10.480677
  type: 'test'
  ...
# Subtest: ghost/07 has ten distinct transparent expressions with original bounds
ok 314 - ghost/07 has ten distinct transparent expressions with original bounds
  ---
  duration_ms: 5.67639
  type: 'test'
  ...
# Subtest: ghost/08 has ten distinct transparent expressions with original bounds
ok 315 - ghost/08 has ten distinct transparent expressions with original bounds
  ---
  duration_ms: 5.036221
  type: 'test'
  ...
# Subtest: star/01 has ten distinct transparent expressions with original bounds
ok 316 - star/01 has ten distinct transparent expressions with original bounds
  ---
  duration_ms: 4.734773
  type: 'test'
  ...
# Subtest: star/02 has ten distinct transparent expressions with original bounds
ok 317 - star/02 has ten distinct transparent expressions with original bounds
  ---
  duration_ms: 4.744558
  type: 'test'
  ...
# Subtest: star/03 has ten distinct transparent expressions with original bounds
ok 318 - star/03 has ten distinct transparent expressions with original bounds
  ---
  duration_ms: 5.113986
  type: 'test'
  ...
# Subtest: star/04 has ten distinct transparent expressions with original bounds
ok 319 - star/04 has ten distinct transparent expressions with original bounds
  ---
  duration_ms: 5.018835
  type: 'test'
  ...
# Subtest: star/05 has ten distinct transparent expressions with original bounds
ok 320 - star/05 has ten distinct transparent expressions with original bounds
  ---
  duration_ms: 5.218832
  type: 'test'
  ...
# Subtest: star/06 has ten distinct transparent expressions with original bounds
ok 321 - star/06 has ten distinct transparent expressions with original bounds
  ---
  duration_ms: 6.003486
  type: 'test'
  ...
# Subtest: star/07 has ten distinct transparent expressions with original bounds
ok 322 - star/07 has ten distinct transparent expressions with original bounds
  ---
  duration_ms: 6.371121
  type: 'test'
  ...
# Subtest: star/08 has ten distinct transparent expressions with original bounds
ok 323 - star/08 has ten distinct transparent expressions with original bounds
  ---
  duration_ms: 6.236491
  type: 'test'
  ...
# Subtest: plush/01 has ten distinct transparent expressions with original bounds
ok 324 - plush/01 has ten distinct transparent expressions with original bounds
  ---
  duration_ms: 7.104709
  type: 'test'
  ...
# Subtest: plush/02 has ten distinct transparent expressions with original bounds
ok 325 - plush/02 has ten distinct transparent expressions with original bounds
  ---
  duration_ms: 12.260618
  type: 'test'
  ...
# Subtest: plush/03 has ten distinct transparent expressions with original bounds
ok 326 - plush/03 has ten distinct transparent expressions with original bounds
  ---
  duration_ms: 5.408904
  type: 'test'
  ...
# Subtest: plush/04 has ten distinct transparent expressions with original bounds
ok 327 - plush/04 has ten distinct transparent expressions with original bounds
  ---
  duration_ms: 5.741537
  type: 'test'
  ...
# Subtest: plush/05 has ten distinct transparent expressions with original bounds
ok 328 - plush/05 has ten distinct transparent expressions with original bounds
  ---
  duration_ms: 5.552527
  type: 'test'
  ...
# Subtest: plush/06 has ten distinct transparent expressions with original bounds
ok 329 - plush/06 has ten distinct transparent expressions with original bounds
  ---
  duration_ms: 5.725434
  type: 'test'
  ...
# Subtest: plush/07 has ten distinct transparent expressions with original bounds
ok 330 - plush/07 has ten distinct transparent expressions with original bounds
  ---
  duration_ms: 6.179747
  type: 'test'
  ...
# Subtest: plush/08 has ten distinct transparent expressions with original bounds
ok 331 - plush/08 has ten distinct transparent expressions with original bounds
  ---
  duration_ms: 9.49208
  type: 'test'
  ...
# Subtest: unknown/01 has ten distinct transparent expressions with original bounds
ok 332 - unknown/01 has ten distinct transparent expressions with original bounds
  ---
  duration_ms: 6.415026
  type: 'test'
  ...
# Subtest: unknown/02 has ten distinct transparent expressions with original bounds
ok 333 - unknown/02 has ten distinct transparent expressions with original bounds
  ---
  duration_ms: 8.031489
  type: 'test'
  ...
# Subtest: unknown/03 has ten distinct transparent expressions with original bounds
ok 334 - unknown/03 has ten distinct transparent expressions with original bounds
  ---
  duration_ms: 8.076851
  type: 'test'
  ...
# Subtest: unknown/04 has ten distinct transparent expressions with original bounds
ok 335 - unknown/04 has ten distinct transparent expressions with original bounds
  ---
  duration_ms: 6.941968
  type: 'test'
  ...
# Subtest: unknown/05 has ten distinct transparent expressions with original bounds
ok 336 - unknown/05 has ten distinct transparent expressions with original bounds
  ---
  duration_ms: 7.760262
  type: 'test'
  ...
# Subtest: unknown/06 has ten distinct transparent expressions with original bounds
ok 337 - unknown/06 has ten distinct transparent expressions with original bounds
  ---
  duration_ms: 6.016425
  type: 'test'
  ...
# Subtest: unknown/07 has ten distinct transparent expressions with original bounds
ok 338 - unknown/07 has ten distinct transparent expressions with original bounds
  ---
  duration_ms: 4.426446
  type: 'test'
  ...
# Subtest: unknown/08 has ten distinct transparent expressions with original bounds
ok 339 - unknown/08 has ten distinct transparent expressions with original bounds
  ---
  duration_ms: 4.32773
  type: 'test'
  ...
# Subtest: ren/01 has ten distinct transparent expressions with original bounds
ok 340 - ren/01 has ten distinct transparent expressions with original bounds
  ---
  duration_ms: 5.190519
  type: 'test'
  ...
# Subtest: ren/02 has ten distinct transparent expressions with original bounds
ok 341 - ren/02 has ten distinct transparent expressions with original bounds
  ---
  duration_ms: 4.80594
  type: 'test'
  ...
# Subtest: ren/03 has ten distinct transparent expressions with original bounds
ok 342 - ren/03 has ten distinct transparent expressions with original bounds
  ---
  duration_ms: 5.118103
  type: 'test'
  ...
# Subtest: ren/04 has ten distinct transparent expressions with original bounds
ok 343 - ren/04 has ten distinct transparent expressions with original bounds
  ---
  duration_ms: 5.527449
  type: 'test'
  ...
# Subtest: ren/05 has ten distinct transparent expressions with original bounds
ok 344 - ren/05 has ten distinct transparent expressions with original bounds
  ---
  duration_ms: 8.942676
  type: 'test'
  ...
# Subtest: ren/06 has ten distinct transparent expressions with original bounds
ok 345 - ren/06 has ten distinct transparent expressions with original bounds
  ---
  duration_ms: 5.288955
  type: 'test'
  ...
# Subtest: ren/07 has ten distinct transparent expressions with original bounds
ok 346 - ren/07 has ten distinct transparent expressions with original bounds
  ---
  duration_ms: 5.053176
  type: 'test'
  ...
# Subtest: ren/08 has ten distinct transparent expressions with original bounds
ok 347 - ren/08 has ten distinct transparent expressions with original bounds
  ---
  duration_ms: 5.100046
  type: 'test'
  ...
# Subtest: normalization produces identical framing for high-resolution and projected masters
ok 348 - normalization produces identical framing for high-resolution and projected masters
  ---
  duration_ms: 734.116541
  type: 'test'
  ...
# Subtest: starfish/02 left illness sweat and silver mark clear the new body at Home sizes
ok 349 - starfish/02 left illness sweat and silver mark clear the new body at Home sizes
  ---
  duration_ms: 527.938689
  type: 'test'
  ...
# Subtest: starfish/03 left illness sweat and silver mark clear the new body at Home sizes
ok 350 - starfish/03 left illness sweat and silver mark clear the new body at Home sizes
  ---
  duration_ms: 348.281309
  type: 'test'
  ...
# Subtest: real home emotion profiles select only the adult cat portrait
ok 351 - real home emotion profiles select only the adult cat portrait
  ---
  duration_ms: 276.087705
  type: 'test'
  ...
# Subtest: adult-cat expressions append unique static accents inside the existing visual
ok 352 - adult-cat expressions append unique static accents inside the existing visual
  ---
  duration_ms: 158.437958
  type: 'test'
  ...
# Subtest: real play and medicine outcomes use semantic temporary faces
ok 353 - real play and medicine outcomes use semantic temporary faces
  ---
  duration_ms: 94.11071
  type: 'test'
  ...
# Subtest: feed afterglow starts happy only after the validated result and expires to latest state
ok 354 - feed afterglow starts happy only after the validated result and expires to latest state
  ---
  duration_ms: 12.672529
  type: 'test'
  ...
# Subtest: a real cure receives the same validated happy afterglow
ok 355 - a real cure receives the same validated happy afterglow
  ---
  duration_ms: 12.685678
  type: 'test'
  ...
# Subtest: reduced motion keeps the static happy afterglow for one second without animation
ok 356 - reduced motion keeps the static happy afterglow for one second without animation
  ---
  duration_ms: 13.455495
  type: 'test'
  ...
# Subtest: only pet semantic speech starts a temporary face
ok 357 - only pet semantic speech starts a temporary face
  ---
  duration_ms: 14.693757
  type: 'test'
  ...
# Subtest: critical state interrupts happy immediately and expiry cannot restore stale state
ok 358 - critical state interrupts happy immediately and expiry cannot restore stale state
  ---
  duration_ms: 11.059877
  type: 'test'
  ...
# Subtest: a new life cancels the old face timer
ok 359 - a new life cancels the old face timer
  ---
  duration_ms: 13.216295
  type: 'test'
  ...
# Subtest: sleep uses its own face, and waking shows normal before latest-state reevaluation
ok 360 - sleep uses its own face, and waking shows normal before latest-state reevaluation
  ---
  duration_ms: 14.240705
  type: 'test'
  ...
# Subtest: form changes and blocked screens clear the temporary face and accent
ok 361 - form changes and blocked screens clear the temporary face and accent
  ---
  duration_ms: 102.025937
  type: 'test'
  ...
# Subtest: expression rendering does not alter saves, cast geometry, or 26 companions
ok 362 - expression rendering does not alter saves, cast geometry, or 26 companions
  ---
  duration_ms: 20.914515
  type: 'test'
  ...
# Subtest: a failed expression portrait retries the original before the emoji fallback
ok 363 - a failed expression portrait retries the original before the emoji fallback
  ---
  duration_ms: 11.144723
  type: 'test'
  ...
# Subtest: home care colors follow existing mood and fatigue boundaries and reset after sleep/recovery
ok 364 - home care colors follow existing mood and fatigue boundaries and reset after sleep/recovery
  ---
  duration_ms: 13.505163
  type: 'test'
  ...
# Subtest: progress meter colors vary with fill without altering game state or life direction
ok 365 - progress meter colors vary with fill without altering game state or life direction
  ---
  duration_ms: 11.299712
  type: 'test'
  ...
# Subtest: overfeeding shows discomfort before a random story can replace it
ok 366 - overfeeding shows discomfort before a random story can replace it
  ---
  duration_ms: 14.542102
  type: 'test'
  ...
# Subtest: a newer care action cancels an older delayed overfeeding story
ok 367 - a newer care action cancels an older delayed overfeeding story
  ---
  duration_ms: 17.189409
  type: 'test'
  ...
# Subtest: kitten home uses its own portraits, care reactions and sleeping face without save changes
ok 368 - kitten home uses its own portraits, care reactions and sleeping face without save changes
  ---
  duration_ms: 14.973722
  type: 'test'
  ...
# Subtest: otemba home uses its own portraits, care reactions and sleeping face without save changes
ok 369 - otemba home uses its own portraits, care reactions and sleeping face without save changes
  ---
  duration_ms: 13.130408
  type: 'test'
  ...
# Subtest: young home uses its own portraits, care reactions and sleeping face without save changes
ok 370 - young home uses its own portraits, care reactions and sleeping face without save changes
  ---
  duration_ms: 34.091632
  type: 'test'
  ...
# Subtest: calm home uses its own portraits, care reactions and sleeping face without save changes
ok 371 - calm home uses its own portraits, care reactions and sleeping face without save changes
  ---
  duration_ms: 13.432797
  type: 'test'
  ...
# Subtest: elder home uses its own portraits, care reactions and sleeping face without save changes
ok 372 - elder home uses its own portraits, care reactions and sleeping face without save changes
  ---
  duration_ms: 12.016625
  type: 'test'
  ...
# Subtest: toddler home uses its own portraits, care reactions and sleeping face without save changes
ok 373 - toddler home uses its own portraits, care reactions and sleeping face without save changes
  ---
  duration_ms: 15.6404
  type: 'test'
  ...
# Subtest: baby home uses its own portraits, care reactions and sleeping face without save changes
ok 374 - baby home uses its own portraits, care reactions and sleeping face without save changes
  ---
  duration_ms: 12.560242
  type: 'test'
  ...
# Subtest: adult dog shows all ten state and reaction faces without changing saved state
ok 375 - adult dog shows all ten state and reaction faces without changing saved state
  ---
  duration_ms: 108.630233
  type: 'test'
  ...
# Subtest: puppy shows all ten state and reaction faces without changing saved state
ok 376 - puppy shows all ten state and reaction faces without changing saved state
  ---
  duration_ms: 251.612845
  type: 'test'
  ...
# Subtest: wanpaku shows all ten state and reaction faces without changing saved state
ok 377 - wanpaku shows all ten state and reaction faces without changing saved state
  ---
  duration_ms: 99.531887
  type: 'test'
  ...
# Subtest: young dog shows all ten state and reaction faces without changing saved state
ok 378 - young dog shows all ten state and reaction faces without changing saved state
  ---
  duration_ms: 112.944974
  type: 'test'
  ...
# Subtest: young dog routing is limited to ages sixteen through twenty-one
ok 379 - young dog routing is limited to ages sixteen through twenty-one
  ---
  duration_ms: 47.128801
  type: 'test'
  ...
# Subtest: calm dog shows all ten state and reaction faces without changing saved state
ok 380 - calm dog shows all ten state and reaction faces without changing saved state
  ---
  duration_ms: 132.926004
  type: 'test'
  ...
# Subtest: calm dog routing is limited to ages forty through sixty-nine
ok 381 - calm dog routing is limited to ages forty through sixty-nine
  ---
  duration_ms: 43.638139
  type: 'test'
  ...
# Subtest: baby dog shows all ten state and reaction faces without changing saved state
ok 382 - baby dog shows all ten state and reaction faces without changing saved state
  ---
  duration_ms: 137.595631
  type: 'test'
  ...
# Subtest: toddler dog shows all ten state and reaction faces without changing saved state
ok 383 - toddler dog shows all ten state and reaction faces without changing saved state
  ---
  duration_ms: 110.582398
  type: 'test'
  ...
# Subtest: elder dog shows all ten state and reaction faces without changing saved state
ok 384 - elder dog shows all ten state and reaction faces without changing saved state
  ---
  duration_ms: 137.275566
  type: 'test'
  ...
# Subtest: remaining dog stage boundaries select their own portraits
ok 385 - remaining dog stage boundaries select their own portraits
  ---
  duration_ms: 117.898242
  type: 'test'
  ...
# Subtest: man/01 renders all ten states and reactions without mutating saved state
ok 386 - man/01 renders all ten states and reactions without mutating saved state
  ---
  duration_ms: 118.750375
  type: 'test'
  ...
# Subtest: man/02 renders all ten states and reactions without mutating saved state
ok 387 - man/02 renders all ten states and reactions without mutating saved state
  ---
  duration_ms: 121.991103
  type: 'test'
  ...
# Subtest: man/03 renders all ten states and reactions without mutating saved state
ok 388 - man/03 renders all ten states and reactions without mutating saved state
  ---
  duration_ms: 108.265502
  type: 'test'
  ...
# Subtest: man/04 renders all ten states and reactions without mutating saved state
ok 389 - man/04 renders all ten states and reactions without mutating saved state
  ---
  duration_ms: 137.274755
  type: 'test'
  ...
# Subtest: man/05 renders all ten states and reactions without mutating saved state
ok 390 - man/05 renders all ten states and reactions without mutating saved state
  ---
  duration_ms: 155.831177
  type: 'test'
  ...
# Subtest: man/06 renders all ten states and reactions without mutating saved state
ok 391 - man/06 renders all ten states and reactions without mutating saved state
  ---
  duration_ms: 133.026023
  type: 'test'
  ...
# Subtest: man/07 renders all ten states and reactions without mutating saved state
ok 392 - man/07 renders all ten states and reactions without mutating saved state
  ---
  duration_ms: 176.796045
  type: 'test'
  ...
# Subtest: man/08 renders all ten states and reactions without mutating saved state
ok 393 - man/08 renders all ten states and reactions without mutating saved state
  ---
  duration_ms: 153.460755
  type: 'test'
  ...
# Subtest: woman/01 renders all ten states and reactions without mutating saved state
ok 394 - woman/01 renders all ten states and reactions without mutating saved state
  ---
  duration_ms: 121.566548
  type: 'test'
  ...
# Subtest: woman/02 renders all ten states and reactions without mutating saved state
ok 395 - woman/02 renders all ten states and reactions without mutating saved state
  ---
  duration_ms: 134.39325
  type: 'test'
  ...
# Subtest: woman/03 renders all ten states and reactions without mutating saved state
ok 396 - woman/03 renders all ten states and reactions without mutating saved state
  ---
  duration_ms: 139.43198
  type: 'test'
  ...
# Subtest: woman/04 renders all ten states and reactions without mutating saved state
ok 397 - woman/04 renders all ten states and reactions without mutating saved state
  ---
  duration_ms: 107.704801
  type: 'test'
  ...
# Subtest: woman/05 renders all ten states and reactions without mutating saved state
ok 398 - woman/05 renders all ten states and reactions without mutating saved state
  ---
  duration_ms: 134.415869
  type: 'test'
  ...
# Subtest: woman/06 renders all ten states and reactions without mutating saved state
ok 399 - woman/06 renders all ten states and reactions without mutating saved state
  ---
  duration_ms: 125.908895
  type: 'test'
  ...
# Subtest: woman/07 renders all ten states and reactions without mutating saved state
ok 400 - woman/07 renders all ten states and reactions without mutating saved state
  ---
  duration_ms: 173.601732
  type: 'test'
  ...
# Subtest: woman/08 renders all ten states and reactions without mutating saved state
ok 401 - woman/08 renders all ten states and reactions without mutating saved state
  ---
  duration_ms: 156.328099
  type: 'test'
  ...
# Subtest: penguin/01 renders all ten states and reactions without mutating saved state
ok 402 - penguin/01 renders all ten states and reactions without mutating saved state
  ---
  duration_ms: 103.456288
  type: 'test'
  ...
# Subtest: penguin/02 renders all ten states and reactions without mutating saved state
ok 403 - penguin/02 renders all ten states and reactions without mutating saved state
  ---
  duration_ms: 153.61242
  type: 'test'
  ...
# Subtest: penguin/03 renders all ten states and reactions without mutating saved state
ok 404 - penguin/03 renders all ten states and reactions without mutating saved state
  ---
  duration_ms: 128.356194
  type: 'test'
  ...
# Subtest: penguin/04 renders all ten states and reactions without mutating saved state
ok 405 - penguin/04 renders all ten states and reactions without mutating saved state
  ---
  duration_ms: 112.77083
  type: 'test'
  ...
# Subtest: penguin/05 renders all ten states and reactions without mutating saved state
ok 406 - penguin/05 renders all ten states and reactions without mutating saved state
  ---
  duration_ms: 140.264074
  type: 'test'
  ...
# Subtest: penguin/06 renders all ten states and reactions without mutating saved state
ok 407 - penguin/06 renders all ten states and reactions without mutating saved state
  ---
  duration_ms: 158.417748
  type: 'test'
  ...
# Subtest: penguin/07 renders all ten states and reactions without mutating saved state
ok 408 - penguin/07 renders all ten states and reactions without mutating saved state
  ---
  duration_ms: 204.831985
  type: 'test'
  ...
# Subtest: penguin/08 renders all ten states and reactions without mutating saved state
ok 409 - penguin/08 renders all ten states and reactions without mutating saved state
  ---
  duration_ms: 105.798782
  type: 'test'
  ...
# Subtest: turtle/01 renders all ten states and reactions without mutating saved state
ok 410 - turtle/01 renders all ten states and reactions without mutating saved state
  ---
  duration_ms: 119.450854
  type: 'test'
  ...
# Subtest: turtle/02 renders all ten states and reactions without mutating saved state
ok 411 - turtle/02 renders all ten states and reactions without mutating saved state
  ---
  duration_ms: 120.007399
  type: 'test'
  ...
# Subtest: turtle/03 renders all ten states and reactions without mutating saved state
ok 412 - turtle/03 renders all ten states and reactions without mutating saved state
  ---
  duration_ms: 108.03205
  type: 'test'
  ...
# Subtest: turtle/04 renders all ten states and reactions without mutating saved state
ok 413 - turtle/04 renders all ten states and reactions without mutating saved state
  ---
  duration_ms: 129.571207
  type: 'test'
  ...
# Subtest: turtle/05 renders all ten states and reactions without mutating saved state
ok 414 - turtle/05 renders all ten states and reactions without mutating saved state
  ---
  duration_ms: 143.622555
  type: 'test'
  ...
# Subtest: turtle/06 renders all ten states and reactions without mutating saved state
ok 415 - turtle/06 renders all ten states and reactions without mutating saved state
  ---
  duration_ms: 112.413259
  type: 'test'
  ...
# Subtest: turtle/07 renders all ten states and reactions without mutating saved state
ok 416 - turtle/07 renders all ten states and reactions without mutating saved state
  ---
  duration_ms: 142.623725
  type: 'test'
  ...
# Subtest: turtle/08 renders all ten states and reactions without mutating saved state
ok 417 - turtle/08 renders all ten states and reactions without mutating saved state
  ---
  duration_ms: 109.61925
  type: 'test'
  ...
# Subtest: frog/01 renders all ten states and reactions without mutating saved state
ok 418 - frog/01 renders all ten states and reactions without mutating saved state
  ---
  duration_ms: 122.944151
  type: 'test'
  ...
# Subtest: frog/02 renders all ten states and reactions without mutating saved state
ok 419 - frog/02 renders all ten states and reactions without mutating saved state
  ---
  duration_ms: 153.913407
  type: 'test'
  ...
# Subtest: frog/03 renders all ten states and reactions without mutating saved state
ok 420 - frog/03 renders all ten states and reactions without mutating saved state
  ---
  duration_ms: 122.058667
  type: 'test'
  ...
# Subtest: frog/04 renders all ten states and reactions without mutating saved state
ok 421 - frog/04 renders all ten states and reactions without mutating saved state
  ---
  duration_ms: 125.65362
  type: 'test'
  ...
# Subtest: frog/05 renders all ten states and reactions without mutating saved state
ok 422 - frog/05 renders all ten states and reactions without mutating saved state
  ---
  duration_ms: 152.284224
  type: 'test'
  ...
# Subtest: frog/06 renders all ten states and reactions without mutating saved state
ok 423 - frog/06 renders all ten states and reactions without mutating saved state
  ---
  duration_ms: 138.782046
  type: 'test'
  ...
# Subtest: frog/07 renders all ten states and reactions without mutating saved state
ok 424 - frog/07 renders all ten states and reactions without mutating saved state
  ---
  duration_ms: 126.756341
  type: 'test'
  ...
# Subtest: frog/08 renders all ten states and reactions without mutating saved state
ok 425 - frog/08 renders all ten states and reactions without mutating saved state
  ---
  duration_ms: 129.300145
  type: 'test'
  ...
# Subtest: clownfish/01 renders all ten states and reactions without mutating saved state
ok 426 - clownfish/01 renders all ten states and reactions without mutating saved state
  ---
  duration_ms: 111.818533
  type: 'test'
  ...
# Subtest: clownfish/02 renders all ten states and reactions without mutating saved state
ok 427 - clownfish/02 renders all ten states and reactions without mutating saved state
  ---
  duration_ms: 129.019258
  type: 'test'
  ...
# Subtest: clownfish/03 renders all ten states and reactions without mutating saved state
ok 428 - clownfish/03 renders all ten states and reactions without mutating saved state
  ---
  duration_ms: 135.506635
  type: 'test'
  ...
# Subtest: clownfish/04 renders all ten states and reactions without mutating saved state
ok 429 - clownfish/04 renders all ten states and reactions without mutating saved state
  ---
  duration_ms: 144.342649
  type: 'test'
  ...
# Subtest: clownfish/05 renders all ten states and reactions without mutating saved state
ok 430 - clownfish/05 renders all ten states and reactions without mutating saved state
  ---
  duration_ms: 141.837463
  type: 'test'
  ...
# Subtest: clownfish/06 renders all ten states and reactions without mutating saved state
ok 431 - clownfish/06 renders all ten states and reactions without mutating saved state
  ---
  duration_ms: 116.66381
  type: 'test'
  ...
# Subtest: clownfish/07 renders all ten states and reactions without mutating saved state
ok 432 - clownfish/07 renders all ten states and reactions without mutating saved state
  ---
  duration_ms: 134.50785
  type: 'test'
  ...
# Subtest: clownfish/08 renders all ten states and reactions without mutating saved state
ok 433 - clownfish/08 renders all ten states and reactions without mutating saved state
  ---
  duration_ms: 151.859884
  type: 'test'
  ...
# Subtest: salmon/01 renders all ten states and reactions without mutating saved state
ok 434 - salmon/01 renders all ten states and reactions without mutating saved state
  ---
  duration_ms: 126.622853
  type: 'test'
  ...
# Subtest: salmon/02 renders all ten states and reactions without mutating saved state
ok 435 - salmon/02 renders all ten states and reactions without mutating saved state
  ---
  duration_ms: 178.214805
  type: 'test'
  ...
# Subtest: salmon/03 renders all ten states and reactions without mutating saved state
ok 436 - salmon/03 renders all ten states and reactions without mutating saved state
  ---
  duration_ms: 139.731323
  type: 'test'
  ...
# Subtest: salmon/04 renders all ten states and reactions without mutating saved state
ok 437 - salmon/04 renders all ten states and reactions without mutating saved state
  ---
  duration_ms: 142.06825
  type: 'test'
  ...
# Subtest: salmon/05 renders all ten states and reactions without mutating saved state
ok 438 - salmon/05 renders all ten states and reactions without mutating saved state
  ---
  duration_ms: 130.974058
  type: 'test'
  ...
# Subtest: salmon/06 renders all ten states and reactions without mutating saved state
ok 439 - salmon/06 renders all ten states and reactions without mutating saved state
  ---
  duration_ms: 159.321834
  type: 'test'
  ...
# Subtest: salmon/07 renders all ten states and reactions without mutating saved state
ok 440 - salmon/07 renders all ten states and reactions without mutating saved state
  ---
  duration_ms: 216.396413
  type: 'test'
  ...
# Subtest: salmon/08 renders all ten states and reactions without mutating saved state
ok 441 - salmon/08 renders all ten states and reactions without mutating saved state
  ---
  duration_ms: 100.677675
  type: 'test'
  ...
# Subtest: hermit_crab/01 renders all ten states and reactions without mutating saved state
ok 442 - hermit_crab/01 renders all ten states and reactions without mutating saved state
  ---
  duration_ms: 124.035996
  type: 'test'
  ...
# Subtest: hermit_crab/02 renders all ten states and reactions without mutating saved state
ok 443 - hermit_crab/02 renders all ten states and reactions without mutating saved state
  ---
  duration_ms: 137.17122
  type: 'test'
  ...
# Subtest: hermit_crab/03 renders all ten states and reactions without mutating saved state
ok 444 - hermit_crab/03 renders all ten states and reactions without mutating saved state
  ---
  duration_ms: 118.866428
  type: 'test'
  ...
# Subtest: hermit_crab/04 renders all ten states and reactions without mutating saved state
ok 445 - hermit_crab/04 renders all ten states and reactions without mutating saved state
  ---
  duration_ms: 127.642715
  type: 'test'
  ...
# Subtest: hermit_crab/05 renders all ten states and reactions without mutating saved state
ok 446 - hermit_crab/05 renders all ten states and reactions without mutating saved state
  ---
  duration_ms: 120.831693
  type: 'test'
  ...
# Subtest: hermit_crab/06 renders all ten states and reactions without mutating saved state
ok 447 - hermit_crab/06 renders all ten states and reactions without mutating saved state
  ---
  duration_ms: 107.965362
  type: 'test'
  ...
# Subtest: hermit_crab/07 renders all ten states and reactions without mutating saved state
ok 448 - hermit_crab/07 renders all ten states and reactions without mutating saved state
  ---
  duration_ms: 153.402458
  type: 'test'
  ...
# Subtest: hermit_crab/08 renders all ten states and reactions without mutating saved state
ok 449 - hermit_crab/08 renders all ten states and reactions without mutating saved state
  ---
  duration_ms: 123.682902
  type: 'test'
  ...
# Subtest: jellyfish/01 renders all ten states and reactions without mutating saved state
ok 450 - jellyfish/01 renders all ten states and reactions without mutating saved state
  ---
  duration_ms: 111.32811
  type: 'test'
  ...
# Subtest: jellyfish/02 renders all ten states and reactions without mutating saved state
ok 451 - jellyfish/02 renders all ten states and reactions without mutating saved state
  ---
  duration_ms: 150.370425
  type: 'test'
  ...
# Subtest: jellyfish/03 renders all ten states and reactions without mutating saved state
ok 452 - jellyfish/03 renders all ten states and reactions without mutating saved state
  ---
  duration_ms: 127.414342
  type: 'test'
  ...
# Subtest: jellyfish/04 renders all ten states and reactions without mutating saved state
ok 453 - jellyfish/04 renders all ten states and reactions without mutating saved state
  ---
  duration_ms: 141.739843
  type: 'test'
  ...
# Subtest: jellyfish/05 renders all ten states and reactions without mutating saved state
ok 454 - jellyfish/05 renders all ten states and reactions without mutating saved state
  ---
  duration_ms: 116.201013
  type: 'test'
  ...
# Subtest: jellyfish/06 renders all ten states and reactions without mutating saved state
ok 455 - jellyfish/06 renders all ten states and reactions without mutating saved state
  ---
  duration_ms: 102.442434
  type: 'test'
  ...
# Subtest: jellyfish/07 renders all ten states and reactions without mutating saved state
ok 456 - jellyfish/07 renders all ten states and reactions without mutating saved state
  ---
  duration_ms: 120.315838
  type: 'test'
  ...
# Subtest: jellyfish/08 renders all ten states and reactions without mutating saved state
ok 457 - jellyfish/08 renders all ten states and reactions without mutating saved state
  ---
  duration_ms: 121.530309
  type: 'test'
  ...
# Subtest: starfish/01 renders all ten states and reactions without mutating saved state
ok 458 - starfish/01 renders all ten states and reactions without mutating saved state
  ---
  duration_ms: 104.289814
  type: 'test'
  ...
# Subtest: starfish/02 renders all ten states and reactions without mutating saved state
ok 459 - starfish/02 renders all ten states and reactions without mutating saved state
  ---
  duration_ms: 124.605961
  type: 'test'
  ...
# Subtest: starfish/03 renders all ten states and reactions without mutating saved state
ok 460 - starfish/03 renders all ten states and reactions without mutating saved state
  ---
  duration_ms: 119.107481
  type: 'test'
  ...
# Subtest: starfish/04 renders all ten states and reactions without mutating saved state
ok 461 - starfish/04 renders all ten states and reactions without mutating saved state
  ---
  duration_ms: 131.267884
  type: 'test'
  ...
# Subtest: starfish/05 renders all ten states and reactions without mutating saved state
ok 462 - starfish/05 renders all ten states and reactions without mutating saved state
  ---
  duration_ms: 155.872518
  type: 'test'
  ...
# Subtest: starfish/06 renders all ten states and reactions without mutating saved state
ok 463 - starfish/06 renders all ten states and reactions without mutating saved state
  ---
  duration_ms: 144.083805
  type: 'test'
  ...
# Subtest: starfish/07 renders all ten states and reactions without mutating saved state
ok 464 - starfish/07 renders all ten states and reactions without mutating saved state
  ---
  duration_ms: 147.444084
  type: 'test'
  ...
# Subtest: starfish/08 renders all ten states and reactions without mutating saved state
ok 465 - starfish/08 renders all ten states and reactions without mutating saved state
  ---
  duration_ms: 123.365146
  type: 'test'
  ...
# Subtest: coral/01 renders all ten states and reactions without mutating saved state
ok 466 - coral/01 renders all ten states and reactions without mutating saved state
  ---
  duration_ms: 149.87075
  type: 'test'
  ...
# Subtest: coral/02 renders all ten states and reactions without mutating saved state
ok 467 - coral/02 renders all ten states and reactions without mutating saved state
  ---
  duration_ms: 136.579213
  type: 'test'
  ...
# Subtest: coral/03 renders all ten states and reactions without mutating saved state
ok 468 - coral/03 renders all ten states and reactions without mutating saved state
  ---
  duration_ms: 106.549718
  type: 'test'
  ...
# Subtest: coral/04 renders all ten states and reactions without mutating saved state
ok 469 - coral/04 renders all ten states and reactions without mutating saved state
  ---
  duration_ms: 125.774495
  type: 'test'
  ...
# Subtest: coral/05 renders all ten states and reactions without mutating saved state
ok 470 - coral/05 renders all ten states and reactions without mutating saved state
  ---
  duration_ms: 144.91534
  type: 'test'
  ...
# Subtest: coral/06 renders all ten states and reactions without mutating saved state
ok 471 - coral/06 renders all ten states and reactions without mutating saved state
  ---
  duration_ms: 121.81424
  type: 'test'
  ...
# Subtest: coral/07 renders all ten states and reactions without mutating saved state
ok 472 - coral/07 renders all ten states and reactions without mutating saved state
  ---
  duration_ms: 103.970171
  type: 'test'
  ...
# Subtest: coral/08 renders all ten states and reactions without mutating saved state
ok 473 - coral/08 renders all ten states and reactions without mutating saved state
  ---
  duration_ms: 114.809249
  type: 'test'
  ...
# Subtest: butterfly/01 renders all ten states and reactions without mutating saved state
ok 474 - butterfly/01 renders all ten states and reactions without mutating saved state
  ---
  duration_ms: 129.881738
  type: 'test'
  ...
# Subtest: butterfly/02 renders all ten states and reactions without mutating saved state
ok 475 - butterfly/02 renders all ten states and reactions without mutating saved state
  ---
  duration_ms: 107.891778
  type: 'test'
  ...
# Subtest: butterfly/03 renders all ten states and reactions without mutating saved state
ok 476 - butterfly/03 renders all ten states and reactions without mutating saved state
  ---
  duration_ms: 131.621739
  type: 'test'
  ...
# Subtest: butterfly/04 renders all ten states and reactions without mutating saved state
ok 477 - butterfly/04 renders all ten states and reactions without mutating saved state
  ---
  duration_ms: 157.006635
  type: 'test'
  ...
# Subtest: butterfly/05 renders all ten states and reactions without mutating saved state
ok 478 - butterfly/05 renders all ten states and reactions without mutating saved state
  ---
  duration_ms: 105.265672
  type: 'test'
  ...
# Subtest: butterfly/06 renders all ten states and reactions without mutating saved state
ok 479 - butterfly/06 renders all ten states and reactions without mutating saved state
  ---
  duration_ms: 113.557032
  type: 'test'
  ...
# Subtest: butterfly/07 renders all ten states and reactions without mutating saved state
ok 480 - butterfly/07 renders all ten states and reactions without mutating saved state
  ---
  duration_ms: 125.271419
  type: 'test'
  ...
# Subtest: butterfly/08 renders all ten states and reactions without mutating saved state
ok 481 - butterfly/08 renders all ten states and reactions without mutating saved state
  ---
  duration_ms: 99.094458
  type: 'test'
  ...
# Subtest: beetle/01 renders all ten states and reactions without mutating saved state
ok 482 - beetle/01 renders all ten states and reactions without mutating saved state
  ---
  duration_ms: 156.453619
  type: 'test'
  ...
# Subtest: beetle/02 renders all ten states and reactions without mutating saved state
ok 483 - beetle/02 renders all ten states and reactions without mutating saved state
  ---
  duration_ms: 105.804776
  type: 'test'
  ...
# Subtest: beetle/03 renders all ten states and reactions without mutating saved state
ok 484 - beetle/03 renders all ten states and reactions without mutating saved state
  ---
  duration_ms: 139.265648
  type: 'test'
  ...
# Subtest: beetle/04 renders all ten states and reactions without mutating saved state
ok 485 - beetle/04 renders all ten states and reactions without mutating saved state
  ---
  duration_ms: 126.005899
  type: 'test'
  ...
# Subtest: beetle/05 renders all ten states and reactions without mutating saved state
ok 486 - beetle/05 renders all ten states and reactions without mutating saved state
  ---
  duration_ms: 103.904123
  type: 'test'
  ...
# Subtest: beetle/06 renders all ten states and reactions without mutating saved state
ok 487 - beetle/06 renders all ten states and reactions without mutating saved state
  ---
  duration_ms: 120.277381
  type: 'test'
  ...
# Subtest: beetle/07 renders all ten states and reactions without mutating saved state
ok 488 - beetle/07 renders all ten states and reactions without mutating saved state
  ---
  duration_ms: 127.374499
  type: 'test'
  ...
# Subtest: beetle/08 renders all ten states and reactions without mutating saved state
ok 489 - beetle/08 renders all ten states and reactions without mutating saved state
  ---
  duration_ms: 102.159424
  type: 'test'
  ...
# Subtest: stagbeetle/01 renders all ten states and reactions without mutating saved state
ok 490 - stagbeetle/01 renders all ten states and reactions without mutating saved state
  ---
  duration_ms: 138.592329
  type: 'test'
  ...
# Subtest: stagbeetle/02 renders all ten states and reactions without mutating saved state
ok 491 - stagbeetle/02 renders all ten states and reactions without mutating saved state
  ---
  duration_ms: 98.857296
  type: 'test'
  ...
# Subtest: stagbeetle/03 renders all ten states and reactions without mutating saved state
ok 492 - stagbeetle/03 renders all ten states and reactions without mutating saved state
  ---
  duration_ms: 117.78249
  type: 'test'
  ...
# Subtest: stagbeetle/04 renders all ten states and reactions without mutating saved state
ok 493 - stagbeetle/04 renders all ten states and reactions without mutating saved state
  ---
  duration_ms: 127.722104
  type: 'test'
  ...
# Subtest: stagbeetle/05 renders all ten states and reactions without mutating saved state
ok 494 - stagbeetle/05 renders all ten states and reactions without mutating saved state
  ---
  duration_ms: 131.970571
  type: 'test'
  ...
# Subtest: stagbeetle/06 renders all ten states and reactions without mutating saved state
ok 495 - stagbeetle/06 renders all ten states and reactions without mutating saved state
  ---
  duration_ms: 125.873357
  type: 'test'
  ...
# Subtest: stagbeetle/07 renders all ten states and reactions without mutating saved state
ok 496 - stagbeetle/07 renders all ten states and reactions without mutating saved state
  ---
  duration_ms: 133.077063
  type: 'test'
  ...
# Subtest: stagbeetle/08 renders all ten states and reactions without mutating saved state
ok 497 - stagbeetle/08 renders all ten states and reactions without mutating saved state
  ---
  duration_ms: 115.418894
  type: 'test'
  ...
# Subtest: cicada/01 renders all ten states and reactions without mutating saved state
ok 498 - cicada/01 renders all ten states and reactions without mutating saved state
  ---
  duration_ms: 120.915041
  type: 'test'
  ...
# Subtest: cicada/02 renders all ten states and reactions without mutating saved state
ok 499 - cicada/02 renders all ten states and reactions without mutating saved state
  ---
  duration_ms: 137.080637
  type: 'test'
  ...
# Subtest: cicada/03 renders all ten states and reactions without mutating saved state
ok 500 - cicada/03 renders all ten states and reactions without mutating saved state
  ---
  duration_ms: 98.631941
  type: 'test'
  ...
# Subtest: cicada/04 renders all ten states and reactions without mutating saved state
ok 501 - cicada/04 renders all ten states and reactions without mutating saved state
  ---
  duration_ms: 126.342553
  type: 'test'
  ...
# Subtest: cicada/05 renders all ten states and reactions without mutating saved state
ok 502 - cicada/05 renders all ten states and reactions without mutating saved state
  ---
  duration_ms: 111.158794
  type: 'test'
  ...
# Subtest: cicada/06 renders all ten states and reactions without mutating saved state
ok 503 - cicada/06 renders all ten states and reactions without mutating saved state
  ---
  duration_ms: 129.072939
  type: 'test'
  ...
# Subtest: cicada/07 renders all ten states and reactions without mutating saved state
ok 504 - cicada/07 renders all ten states and reactions without mutating saved state
  ---
  duration_ms: 115.755693
  type: 'test'
  ...
# Subtest: cicada/08 renders all ten states and reactions without mutating saved state
ok 505 - cicada/08 renders all ten states and reactions without mutating saved state
  ---
  duration_ms: 103.723705
  type: 'test'
  ...
# Subtest: antlion/01 renders all ten states and reactions without mutating saved state
ok 506 - antlion/01 renders all ten states and reactions without mutating saved state
  ---
  duration_ms: 115.148553
  type: 'test'
  ...
# Subtest: antlion/02 renders all ten states and reactions without mutating saved state
ok 507 - antlion/02 renders all ten states and reactions without mutating saved state
  ---
  duration_ms: 130.276895
  type: 'test'
  ...
# Subtest: antlion/03 renders all ten states and reactions without mutating saved state
ok 508 - antlion/03 renders all ten states and reactions without mutating saved state
  ---
  duration_ms: 112.13367
  type: 'test'
  ...
# Subtest: antlion/04 renders all ten states and reactions without mutating saved state
ok 509 - antlion/04 renders all ten states and reactions without mutating saved state
  ---
  duration_ms: 126.539931
  type: 'test'
  ...
# Subtest: antlion/05 renders all ten states and reactions without mutating saved state
ok 510 - antlion/05 renders all ten states and reactions without mutating saved state
  ---
  duration_ms: 106.695794
  type: 'test'
  ...
# Subtest: antlion/06 renders all ten states and reactions without mutating saved state
ok 511 - antlion/06 renders all ten states and reactions without mutating saved state
  ---
  duration_ms: 114.117764
  type: 'test'
  ...
# Subtest: antlion/07 renders all ten states and reactions without mutating saved state
ok 512 - antlion/07 renders all ten states and reactions without mutating saved state
  ---
  duration_ms: 130.09555
  type: 'test'
  ...
# Subtest: antlion/08 renders all ten states and reactions without mutating saved state
ok 513 - antlion/08 renders all ten states and reactions without mutating saved state
  ---
  duration_ms: 102.017589
  type: 'test'
  ...
# Subtest: dandelion/01 renders all ten states and reactions without mutating saved state
ok 514 - dandelion/01 renders all ten states and reactions without mutating saved state
  ---
  duration_ms: 119.830347
  type: 'test'
  ...
# Subtest: dandelion/02 renders all ten states and reactions without mutating saved state
ok 515 - dandelion/02 renders all ten states and reactions without mutating saved state
  ---
  duration_ms: 127.647113
  type: 'test'
  ...
# Subtest: dandelion/03 renders all ten states and reactions without mutating saved state
ok 516 - dandelion/03 renders all ten states and reactions without mutating saved state
  ---
  duration_ms: 108.209149
  type: 'test'
  ...
# Subtest: dandelion/04 renders all ten states and reactions without mutating saved state
ok 517 - dandelion/04 renders all ten states and reactions without mutating saved state
  ---
  duration_ms: 116.144804
  type: 'test'
  ...
# Subtest: dandelion/05 renders all ten states and reactions without mutating saved state
ok 518 - dandelion/05 renders all ten states and reactions without mutating saved state
  ---
  duration_ms: 128.887543
  type: 'test'
  ...
# Subtest: dandelion/06 renders all ten states and reactions without mutating saved state
ok 519 - dandelion/06 renders all ten states and reactions without mutating saved state
  ---
  duration_ms: 119.070716
  type: 'test'
  ...
# Subtest: dandelion/07 renders all ten states and reactions without mutating saved state
ok 520 - dandelion/07 renders all ten states and reactions without mutating saved state
  ---
  duration_ms: 117.32761
  type: 'test'
  ...
# Subtest: dandelion/08 renders all ten states and reactions without mutating saved state
ok 521 - dandelion/08 renders all ten states and reactions without mutating saved state
  ---
  duration_ms: 106.968793
  type: 'test'
  ...
# Subtest: sakura/01 renders all ten states and reactions without mutating saved state
ok 522 - sakura/01 renders all ten states and reactions without mutating saved state
  ---
  duration_ms: 139.936383
  type: 'test'
  ...
# Subtest: sakura/02 renders all ten states and reactions without mutating saved state
ok 523 - sakura/02 renders all ten states and reactions without mutating saved state
  ---
  duration_ms: 116.13086
  type: 'test'
  ...
# Subtest: sakura/03 renders all ten states and reactions without mutating saved state
ok 524 - sakura/03 renders all ten states and reactions without mutating saved state
  ---
  duration_ms: 107.825911
  type: 'test'
  ...
# Subtest: sakura/04 renders all ten states and reactions without mutating saved state
ok 525 - sakura/04 renders all ten states and reactions without mutating saved state
  ---
  duration_ms: 127.502213
  type: 'test'
  ...
# Subtest: sakura/05 renders all ten states and reactions without mutating saved state
ok 526 - sakura/05 renders all ten states and reactions without mutating saved state
  ---
  duration_ms: 113.127895
  type: 'test'
  ...
# Subtest: sakura/06 renders all ten states and reactions without mutating saved state
ok 527 - sakura/06 renders all ten states and reactions without mutating saved state
  ---
  duration_ms: 112.634043
  type: 'test'
  ...
# Subtest: sakura/07 renders all ten states and reactions without mutating saved state
ok 528 - sakura/07 renders all ten states and reactions without mutating saved state
  ---
  duration_ms: 133.945866
  type: 'test'
  ...
# Subtest: sakura/08 renders all ten states and reactions without mutating saved state
ok 529 - sakura/08 renders all ten states and reactions without mutating saved state
  ---
  duration_ms: 106.921419
  type: 'test'
  ...
# Subtest: venus_flytrap/01 renders all ten states and reactions without mutating saved state
ok 530 - venus_flytrap/01 renders all ten states and reactions without mutating saved state
  ---
  duration_ms: 115.539001
  type: 'test'
  ...
# Subtest: venus_flytrap/02 renders all ten states and reactions without mutating saved state
ok 531 - venus_flytrap/02 renders all ten states and reactions without mutating saved state
  ---
  duration_ms: 123.459131
  type: 'test'
  ...
# Subtest: venus_flytrap/03 renders all ten states and reactions without mutating saved state
ok 532 - venus_flytrap/03 renders all ten states and reactions without mutating saved state
  ---
  duration_ms: 99.229918
  type: 'test'
  ...
# Subtest: venus_flytrap/04 renders all ten states and reactions without mutating saved state
ok 533 - venus_flytrap/04 renders all ten states and reactions without mutating saved state
  ---
  duration_ms: 120.582049
  type: 'test'
  ...
# Subtest: venus_flytrap/05 renders all ten states and reactions without mutating saved state
ok 534 - venus_flytrap/05 renders all ten states and reactions without mutating saved state
  ---
  duration_ms: 136.125146
  type: 'test'
  ...
# Subtest: venus_flytrap/06 renders all ten states and reactions without mutating saved state
ok 535 - venus_flytrap/06 renders all ten states and reactions without mutating saved state
  ---
  duration_ms: 100.653187
  type: 'test'
  ...
# Subtest: venus_flytrap/07 renders all ten states and reactions without mutating saved state
ok 536 - venus_flytrap/07 renders all ten states and reactions without mutating saved state
  ---
  duration_ms: 118.762947
  type: 'test'
  ...
# Subtest: venus_flytrap/08 renders all ten states and reactions without mutating saved state
ok 537 - venus_flytrap/08 renders all ten states and reactions without mutating saved state
  ---
  duration_ms: 127.032363
  type: 'test'
  ...
# Subtest: mushroom/01 renders all ten states and reactions without mutating saved state
ok 538 - mushroom/01 renders all ten states and reactions without mutating saved state
  ---
  duration_ms: 108.997565
  type: 'test'
  ...
# Subtest: mushroom/02 renders all ten states and reactions without mutating saved state
ok 539 - mushroom/02 renders all ten states and reactions without mutating saved state
  ---
  duration_ms: 135.159674
  type: 'test'
  ...
# Subtest: mushroom/03 renders all ten states and reactions without mutating saved state
ok 540 - mushroom/03 renders all ten states and reactions without mutating saved state
  ---
  duration_ms: 104.953892
  type: 'test'
  ...
# Subtest: mushroom/04 renders all ten states and reactions without mutating saved state
ok 541 - mushroom/04 renders all ten states and reactions without mutating saved state
  ---
  duration_ms: 223.823126
  type: 'test'
  ...
# Subtest: mushroom/05 renders all ten states and reactions without mutating saved state
ok 542 - mushroom/05 renders all ten states and reactions without mutating saved state
  ---
  duration_ms: 111.817639
  type: 'test'
  ...
# Subtest: mushroom/06 renders all ten states and reactions without mutating saved state
ok 543 - mushroom/06 renders all ten states and reactions without mutating saved state
  ---
  duration_ms: 95.130555
  type: 'test'
  ...
# Subtest: mushroom/07 renders all ten states and reactions without mutating saved state
ok 544 - mushroom/07 renders all ten states and reactions without mutating saved state
  ---
  duration_ms: 116.067543
  type: 'test'
  ...
# Subtest: mushroom/08 renders all ten states and reactions without mutating saved state
ok 545 - mushroom/08 renders all ten states and reactions without mutating saved state
  ---
  duration_ms: 118.509896
  type: 'test'
  ...
# Subtest: dragon/01 renders all ten states and reactions without mutating saved state
ok 546 - dragon/01 renders all ten states and reactions without mutating saved state
  ---
  duration_ms: 101.216012
  type: 'test'
  ...
# Subtest: dragon/02 renders all ten states and reactions without mutating saved state
ok 547 - dragon/02 renders all ten states and reactions without mutating saved state
  ---
  duration_ms: 118.393623
  type: 'test'
  ...
# Subtest: dragon/03 renders all ten states and reactions without mutating saved state
ok 548 - dragon/03 renders all ten states and reactions without mutating saved state
  ---
  duration_ms: 122.857555
  type: 'test'
  ...
# Subtest: dragon/04 renders all ten states and reactions without mutating saved state
ok 549 - dragon/04 renders all ten states and reactions without mutating saved state
  ---
  duration_ms: 131.966127
  type: 'test'
  ...
# Subtest: dragon/05 renders all ten states and reactions without mutating saved state
ok 550 - dragon/05 renders all ten states and reactions without mutating saved state
  ---
  duration_ms: 132.544675
  type: 'test'
  ...
# Subtest: dragon/06 renders all ten states and reactions without mutating saved state
ok 551 - dragon/06 renders all ten states and reactions without mutating saved state
  ---
  duration_ms: 125.440126
  type: 'test'
  ...
# Subtest: dragon/07 renders all ten states and reactions without mutating saved state
ok 552 - dragon/07 renders all ten states and reactions without mutating saved state
  ---
  duration_ms: 124.458641
  type: 'test'
  ...
# Subtest: dragon/08 renders all ten states and reactions without mutating saved state
ok 553 - dragon/08 renders all ten states and reactions without mutating saved state
  ---
  duration_ms: 129.207294
  type: 'test'
  ...
# Subtest: phoenix/01 renders all ten states and reactions without mutating saved state
ok 554 - phoenix/01 renders all ten states and reactions without mutating saved state
  ---
  duration_ms: 103.924044
  type: 'test'
  ...
# Subtest: phoenix/02 renders all ten states and reactions without mutating saved state
ok 555 - phoenix/02 renders all ten states and reactions without mutating saved state
  ---
  duration_ms: 119.22733
  type: 'test'
  ...
# Subtest: phoenix/03 renders all ten states and reactions without mutating saved state
ok 556 - phoenix/03 renders all ten states and reactions without mutating saved state
  ---
  duration_ms: 134.943724
  type: 'test'
  ...
# Subtest: phoenix/04 renders all ten states and reactions without mutating saved state
ok 557 - phoenix/04 renders all ten states and reactions without mutating saved state
  ---
  duration_ms: 108.593711
  type: 'test'
  ...
# Subtest: phoenix/05 renders all ten states and reactions without mutating saved state
ok 558 - phoenix/05 renders all ten states and reactions without mutating saved state
  ---
  duration_ms: 143.100983
  type: 'test'
  ...
# Subtest: phoenix/06 renders all ten states and reactions without mutating saved state
ok 559 - phoenix/06 renders all ten states and reactions without mutating saved state
  ---
  duration_ms: 133.650265
  type: 'test'
  ...
# Subtest: phoenix/07 renders all ten states and reactions without mutating saved state
ok 560 - phoenix/07 renders all ten states and reactions without mutating saved state
  ---
  duration_ms: 99.587036
  type: 'test'
  ...
# Subtest: phoenix/08 renders all ten states and reactions without mutating saved state
ok 561 - phoenix/08 renders all ten states and reactions without mutating saved state
  ---
  duration_ms: 130.824733
  type: 'test'
  ...
# Subtest: god/01 renders all ten states and reactions without mutating saved state
ok 562 - god/01 renders all ten states and reactions without mutating saved state
  ---
  duration_ms: 117.171781
  type: 'test'
  ...
# Subtest: god/02 renders all ten states and reactions without mutating saved state
ok 563 - god/02 renders all ten states and reactions without mutating saved state
  ---
  duration_ms: 174.291952
  type: 'test'
  ...
# Subtest: god/03 renders all ten states and reactions without mutating saved state
ok 564 - god/03 renders all ten states and reactions without mutating saved state
  ---
  duration_ms: 163.778776
  type: 'test'
  ...
# Subtest: god/04 renders all ten states and reactions without mutating saved state
ok 565 - god/04 renders all ten states and reactions without mutating saved state
  ---
  duration_ms: 103.297825
  type: 'test'
  ...
# Subtest: god/05 renders all ten states and reactions without mutating saved state
ok 566 - god/05 renders all ten states and reactions without mutating saved state
  ---
  duration_ms: 124.543626
  type: 'test'
  ...
# Subtest: god/06 renders all ten states and reactions without mutating saved state
ok 567 - god/06 renders all ten states and reactions without mutating saved state
  ---
  duration_ms: 163.642475
  type: 'test'
  ...
# Subtest: god/07 renders all ten states and reactions without mutating saved state
ok 568 - god/07 renders all ten states and reactions without mutating saved state
  ---
  duration_ms: 132.435072
  type: 'test'
  ...
# Subtest: god/08 renders all ten states and reactions without mutating saved state
ok 569 - god/08 renders all ten states and reactions without mutating saved state
  ---
  duration_ms: 133.858388
  type: 'test'
  ...
# Subtest: world_tree/01 renders all ten states and reactions without mutating saved state
ok 570 - world_tree/01 renders all ten states and reactions without mutating saved state
  ---
  duration_ms: 142.015644
  type: 'test'
  ...
# Subtest: world_tree/02 renders all ten states and reactions without mutating saved state
ok 571 - world_tree/02 renders all ten states and reactions without mutating saved state
  ---
  duration_ms: 162.603904
  type: 'test'
  ...
# Subtest: world_tree/03 renders all ten states and reactions without mutating saved state
ok 572 - world_tree/03 renders all ten states and reactions without mutating saved state
  ---
  duration_ms: 127.901046
  type: 'test'
  ...
# Subtest: world_tree/04 renders all ten states and reactions without mutating saved state
ok 573 - world_tree/04 renders all ten states and reactions without mutating saved state
  ---
  duration_ms: 132.545426
  type: 'test'
  ...
# Subtest: world_tree/05 renders all ten states and reactions without mutating saved state
ok 574 - world_tree/05 renders all ten states and reactions without mutating saved state
  ---
  duration_ms: 134.524461
  type: 'test'
  ...
# Subtest: world_tree/06 renders all ten states and reactions without mutating saved state
ok 575 - world_tree/06 renders all ten states and reactions without mutating saved state
  ---
  duration_ms: 118.133758
  type: 'test'
  ...
# Subtest: world_tree/07 renders all ten states and reactions without mutating saved state
ok 576 - world_tree/07 renders all ten states and reactions without mutating saved state
  ---
  duration_ms: 158.521048
  type: 'test'
  ...
# Subtest: world_tree/08 renders all ten states and reactions without mutating saved state
ok 577 - world_tree/08 renders all ten states and reactions without mutating saved state
  ---
  duration_ms: 107.936942
  type: 'test'
  ...
# Subtest: ghost/01 renders all ten states and reactions without mutating saved state
ok 578 - ghost/01 renders all ten states and reactions without mutating saved state
  ---
  duration_ms: 225.819187
  type: 'test'
  ...
# Subtest: ghost/02 renders all ten states and reactions without mutating saved state
ok 579 - ghost/02 renders all ten states and reactions without mutating saved state
  ---
  duration_ms: 124.745445
  type: 'test'
  ...
# Subtest: ghost/03 renders all ten states and reactions without mutating saved state
ok 580 - ghost/03 renders all ten states and reactions without mutating saved state
  ---
  duration_ms: 133.120308
  type: 'test'
  ...
# Subtest: ghost/04 renders all ten states and reactions without mutating saved state
ok 581 - ghost/04 renders all ten states and reactions without mutating saved state
  ---
  duration_ms: 149.609608
  type: 'test'
  ...
# Subtest: ghost/05 renders all ten states and reactions without mutating saved state
ok 582 - ghost/05 renders all ten states and reactions without mutating saved state
  ---
  duration_ms: 143.584612
  type: 'test'
  ...
# Subtest: ghost/06 renders all ten states and reactions without mutating saved state
ok 583 - ghost/06 renders all ten states and reactions without mutating saved state
  ---
  duration_ms: 120.6769
  type: 'test'
  ...
# Subtest: ghost/07 renders all ten states and reactions without mutating saved state
ok 584 - ghost/07 renders all ten states and reactions without mutating saved state
  ---
  duration_ms: 121.710153
  type: 'test'
  ...
# Subtest: ghost/08 renders all ten states and reactions without mutating saved state
ok 585 - ghost/08 renders all ten states and reactions without mutating saved state
  ---
  duration_ms: 132.045143
  type: 'test'
  ...
# Subtest: star/01 renders all ten states and reactions without mutating saved state
ok 586 - star/01 renders all ten states and reactions without mutating saved state
  ---
  duration_ms: 121.426637
  type: 'test'
  ...
# Subtest: star/02 renders all ten states and reactions without mutating saved state
ok 587 - star/02 renders all ten states and reactions without mutating saved state
  ---
  duration_ms: 132.340707
  type: 'test'
  ...
# Subtest: star/03 renders all ten states and reactions without mutating saved state
ok 588 - star/03 renders all ten states and reactions without mutating saved state
  ---
  duration_ms: 134.823024
  type: 'test'
  ...
# Subtest: star/04 renders all ten states and reactions without mutating saved state
ok 589 - star/04 renders all ten states and reactions without mutating saved state
  ---
  duration_ms: 121.534893
  type: 'test'
  ...
# Subtest: star/05 renders all ten states and reactions without mutating saved state
ok 590 - star/05 renders all ten states and reactions without mutating saved state
  ---
  duration_ms: 118.972887
  type: 'test'
  ...
# Subtest: star/06 renders all ten states and reactions without mutating saved state
ok 591 - star/06 renders all ten states and reactions without mutating saved state
  ---
  duration_ms: 120.97972
  type: 'test'
  ...
# Subtest: star/07 renders all ten states and reactions without mutating saved state
ok 592 - star/07 renders all ten states and reactions without mutating saved state
  ---
  duration_ms: 119.144558
  type: 'test'
  ...
# Subtest: star/08 renders all ten states and reactions without mutating saved state
ok 593 - star/08 renders all ten states and reactions without mutating saved state
  ---
  duration_ms: 136.222936
  type: 'test'
  ...
# Subtest: plush/01 renders all ten states and reactions without mutating saved state
ok 594 - plush/01 renders all ten states and reactions without mutating saved state
  ---
  duration_ms: 131.721173
  type: 'test'
  ...
# Subtest: plush/02 renders all ten states and reactions without mutating saved state
ok 595 - plush/02 renders all ten states and reactions without mutating saved state
  ---
  duration_ms: 139.087556
  type: 'test'
  ...
# Subtest: plush/03 renders all ten states and reactions without mutating saved state
ok 596 - plush/03 renders all ten states and reactions without mutating saved state
  ---
  duration_ms: 118.900295
  type: 'test'
  ...
# Subtest: plush/04 renders all ten states and reactions without mutating saved state
ok 597 - plush/04 renders all ten states and reactions without mutating saved state
  ---
  duration_ms: 146.88349
  type: 'test'
  ...
# Subtest: plush/05 renders all ten states and reactions without mutating saved state
ok 598 - plush/05 renders all ten states and reactions without mutating saved state
  ---
  duration_ms: 130.313775
  type: 'test'
  ...
# Subtest: plush/06 renders all ten states and reactions without mutating saved state
ok 599 - plush/06 renders all ten states and reactions without mutating saved state
  ---
  duration_ms: 128.452114
  type: 'test'
  ...
# Subtest: plush/07 renders all ten states and reactions without mutating saved state
ok 600 - plush/07 renders all ten states and reactions without mutating saved state
  ---
  duration_ms: 127.596084
  type: 'test'
  ...
# Subtest: plush/08 renders all ten states and reactions without mutating saved state
ok 601 - plush/08 renders all ten states and reactions without mutating saved state
  ---
  duration_ms: 126.281464
  type: 'test'
  ...
# Subtest: unknown/01 renders all ten states and reactions without mutating saved state
ok 602 - unknown/01 renders all ten states and reactions without mutating saved state
  ---
  duration_ms: 164.095777
  type: 'test'
  ...
# Subtest: unknown/02 renders all ten states and reactions without mutating saved state
ok 603 - unknown/02 renders all ten states and reactions without mutating saved state
  ---
  duration_ms: 255.240951
  type: 'test'
  ...
# Subtest: unknown/03 renders all ten states and reactions without mutating saved state
ok 604 - unknown/03 renders all ten states and reactions without mutating saved state
  ---
  duration_ms: 129.044773
  type: 'test'
  ...
# Subtest: unknown/04 renders all ten states and reactions without mutating saved state
ok 605 - unknown/04 renders all ten states and reactions without mutating saved state
  ---
  duration_ms: 125.39516
  type: 'test'
  ...
# Subtest: unknown/05 renders all ten states and reactions without mutating saved state
ok 606 - unknown/05 renders all ten states and reactions without mutating saved state
  ---
  duration_ms: 159.631615
  type: 'test'
  ...
# Subtest: unknown/06 renders all ten states and reactions without mutating saved state
ok 607 - unknown/06 renders all ten states and reactions without mutating saved state
  ---
  duration_ms: 120.51823
  type: 'test'
  ...
# Subtest: unknown/07 renders all ten states and reactions without mutating saved state
ok 608 - unknown/07 renders all ten states and reactions without mutating saved state
  ---
  duration_ms: 148.323576
  type: 'test'
  ...
# Subtest: unknown/08 renders all ten states and reactions without mutating saved state
ok 609 - unknown/08 renders all ten states and reactions without mutating saved state
  ---
  duration_ms: 124.295107
  type: 'test'
  ...
# Subtest: ren/01 renders all ten states and reactions without mutating saved state
ok 610 - ren/01 renders all ten states and reactions without mutating saved state
  ---
  duration_ms: 134.634826
  type: 'test'
  ...
# Subtest: ren/02 renders all ten states and reactions without mutating saved state
ok 611 - ren/02 renders all ten states and reactions without mutating saved state
  ---
  duration_ms: 137.640585
  type: 'test'
  ...
# Subtest: ren/03 renders all ten states and reactions without mutating saved state
ok 612 - ren/03 renders all ten states and reactions without mutating saved state
  ---
  duration_ms: 130.337345
  type: 'test'
  ...
# Subtest: ren/04 renders all ten states and reactions without mutating saved state
ok 613 - ren/04 renders all ten states and reactions without mutating saved state
  ---
  duration_ms: 143.166987
  type: 'test'
  ...
# Subtest: ren/05 renders all ten states and reactions without mutating saved state
ok 614 - ren/05 renders all ten states and reactions without mutating saved state
  ---
  duration_ms: 106.175829
  type: 'test'
  ...
# Subtest: ren/06 renders all ten states and reactions without mutating saved state
ok 615 - ren/06 renders all ten states and reactions without mutating saved state
  ---
  duration_ms: 124.315658
  type: 'test'
  ...
# Subtest: ren/07 renders all ten states and reactions without mutating saved state
ok 616 - ren/07 renders all ten states and reactions without mutating saved state
  ---
  duration_ms: 141.039902
  type: 'test'
  ...
# Subtest: ren/08 renders all ten states and reactions without mutating saved state
ok 617 - ren/08 renders all ten states and reactions without mutating saved state
  ---
  duration_ms: 138.631014
  type: 'test'
  ...
# Subtest: Home connects all fifteen food artworks without changing saved state
ok 618 - Home connects all fifteen food artworks without changing saved state
  ---
  duration_ms: 23.081338
  type: 'test'
  ...
# Subtest: static script exposes the frozen resolver on window
ok 619 - static script exposes the frozen resolver on window
  ---
  duration_ms: 26.517045
  type: 'test'
  ...
# Subtest: resolve maps every persistent home emotion to its approved face
ok 620 - resolve maps every persistent home emotion to its approved face
  ---
  duration_ms: 0.266536
  type: 'test'
  ...
# Subtest: resolve applies temporary, critical, and sleeping precedence
ok 621 - resolve applies temporary, critical, and sleeping precedence
  ---
  duration_ms: 0.150924
  type: 'test'
  ...
# Subtest: resolve safely ignores unknown and malformed values
ok 622 - resolve safely ignores unknown and malformed values
  ---
  duration_ms: 0.104294
  type: 'test'
  ...
# Subtest: assetFor allowlists adult-cat expression portraits only
ok 623 - assetFor allowlists adult-cat expression portraits only
  ---
  duration_ms: 0.232505
  type: 'test'
  ...
# Subtest: accentFor returns one static accessible-hidden SVG accent per non-normal adult-cat expression
ok 624 - accentFor returns one static accessible-hidden SVG accent per non-normal adult-cat expression
  ---
  duration_ms: 0.898082
  type: 'test'
  ...
# Subtest: reactionFor maps every approved semantic event and rejects unknown events
ok 625 - reactionFor maps every approved semantic event and rejects unknown events
  ---
  duration_ms: 0.180547
  type: 'test'
  ...
# Subtest: the frozen API leaves caller-owned values unchanged
ok 626 - the frozen API leaves caller-owned values unchanged
  ---
  duration_ms: 0.140979
  type: 'test'
  ...
# Subtest: sleeping uses three rising Z marks without a font or animation dependency
ok 627 - sleeping uses three rising Z marks without a font or animation dependency
  ---
  duration_ms: 0.2422
  type: 'test'
  ...
# Subtest: line-only state marks have a separate outline beneath their colored strokes
ok 628 - line-only state marks have a separate outline beneath their colored strokes
  ---
  duration_ms: 0.362547
  type: 'test'
  ...
# Subtest: kitten stage supports all ten expressions while other cat stages keep their base art
ok 629 - kitten stage supports all ten expressions while other cat stages keep their base art
  ---
  duration_ms: 0.28334
  type: 'test'
  ...
# Subtest: calling marks retain the two outlined strokes
ok 630 - calling marks retain the two outlined strokes
  ---
  duration_ms: 0.144895
  type: 'test'
  ...
# Subtest: otemba stage has ten faces and marks anchored near its left-hand head
ok 631 - otemba stage has ten faces and marks anchored near its left-hand head
  ---
  duration_ms: 0.200567
  type: 'test'
  ...
# Subtest: young stage has ten faces and marks anchored near its left-hand head
ok 632 - young stage has ten faces and marks anchored near its left-hand head
  ---
  duration_ms: 0.166637
  type: 'test'
  ...
# Subtest: calm stage has ten faces and marks anchored near its left-hand head
ok 633 - calm stage has ten faces and marks anchored near its left-hand head
  ---
  duration_ms: 0.144184
  type: 'test'
  ...
# Subtest: elder stage has ten faces and marks anchored near its left-hand head
ok 634 - elder stage has ten faces and marks anchored near its left-hand head
  ---
  duration_ms: 0.144745
  type: 'test'
  ...
# Subtest: toddler stage has ten faces and marks anchored near its left-hand head
ok 635 - toddler stage has ten faces and marks anchored near its left-hand head
  ---
  duration_ms: 0.204623
  type: 'test'
  ...
# Subtest: baby stage has ten faces and marks anchored near its left-hand head
ok 636 - baby stage has ten faces and marks anchored near its left-hand head
  ---
  duration_ms: 0.190492
  type: 'test'
  ...
# Subtest: adult dog supports ten expressions while unsupported species retain base portraits
ok 637 - adult dog supports ten expressions while unsupported species retain base portraits
  ---
  duration_ms: 0.162641
  type: 'test'
  ...
# Subtest: puppy supports ten expressions while unsupported species retain base portraits
ok 638 - puppy supports ten expressions while unsupported species retain base portraits
  ---
  duration_ms: 0.158795
  type: 'test'
  ...
# Subtest: wanpaku supports ten expressions while unsupported species retain base portraits
ok 639 - wanpaku supports ten expressions while unsupported species retain base portraits
  ---
  duration_ms: 0.142531
  type: 'test'
  ...
# Subtest: young dog supports ten expressions while unsupported species retain base portraits
ok 640 - young dog supports ten expressions while unsupported species retain base portraits
  ---
  duration_ms: 0.230572
  type: 'test'
  ...
# Subtest: young dog accents follow its upright head and hunger uses a food bowl
ok 641 - young dog accents follow its upright head and hunger uses a food bowl
  ---
  duration_ms: 0.120959
  type: 'test'
  ...
# Subtest: calm dog supports ten expressions while unsupported species retain base portraits
ok 642 - calm dog supports ten expressions while unsupported species retain base portraits
  ---
  duration_ms: 0.160368
  type: 'test'
  ...
# Subtest: calm dog accents follow its head and hunger uses a food bowl
ok 643 - calm dog accents follow its head and hunger uses a food bowl
  ---
  duration_ms: 0.083254
  type: 'test'
  ...
# Subtest: dog 01 routes ten expressions with approved milk/bowl hunger artwork
ok 644 - dog 01 routes ten expressions with approved milk/bowl hunger artwork
  ---
  duration_ms: 0.205685
  type: 'test'
  ...
# Subtest: dog 02 routes ten expressions with approved milk/bowl hunger artwork
ok 645 - dog 02 routes ten expressions with approved milk/bowl hunger artwork
  ---
  duration_ms: 0.075151
  type: 'test'
  ...
# Subtest: dog 08 routes ten expressions with approved milk/bowl hunger artwork
ok 646 - dog 08 routes ten expressions with approved milk/bowl hunger artwork
  ---
  duration_ms: 0.138735
  type: 'test'
  ...
# Subtest: man supports all eight stages with ten faces and age-appropriate milk/rice artwork
ok 647 - man supports all eight stages with ten faces and age-appropriate milk/rice artwork
  ---
  duration_ms: 0.743453
  type: 'test'
  ...
# Subtest: woman supports all eight stages with ten faces and age-appropriate milk/rice artwork
ok 648 - woman supports all eight stages with ten faces and age-appropriate milk/rice artwork
  ---
  duration_ms: 0.581342
  type: 'test'
  ...
# Subtest: sweat follows the face sides instead of the whole body
ok 649 - sweat follows the face sides instead of the whole body
  ---
  duration_ms: 0.202951
  type: 'test'
  ...
# Subtest: every observed face center lies within its normal sprite bounds
ok 650 - every observed face center lies within its normal sprite bounds
  ---
  duration_ms: 0.717774
  type: 'test'
  ...
# Subtest: cat/1 marks follow the approved face-relative directions
ok 651 - cat/1 marks follow the approved face-relative directions
  ---
  duration_ms: 0.369208
  type: 'test'
  ...
# Subtest: cat/2 marks follow the approved face-relative directions
ok 652 - cat/2 marks follow the approved face-relative directions
  ---
  duration_ms: 0.243101
  type: 'test'
  ...
# Subtest: cat/3 marks follow the approved face-relative directions
ok 653 - cat/3 marks follow the approved face-relative directions
  ---
  duration_ms: 0.165906
  type: 'test'
  ...
# Subtest: cat/4 marks follow the approved face-relative directions
ok 654 - cat/4 marks follow the approved face-relative directions
  ---
  duration_ms: 0.194499
  type: 'test'
  ...
# Subtest: cat/5 marks follow the approved face-relative directions
ok 655 - cat/5 marks follow the approved face-relative directions
  ---
  duration_ms: 0.118105
  type: 'test'
  ...
# Subtest: cat/6 marks follow the approved face-relative directions
ok 656 - cat/6 marks follow the approved face-relative directions
  ---
  duration_ms: 0.086569
  type: 'test'
  ...
# Subtest: cat/7 marks follow the approved face-relative directions
ok 657 - cat/7 marks follow the approved face-relative directions
  ---
  duration_ms: 0.122652
  type: 'test'
  ...
# Subtest: cat/8 marks follow the approved face-relative directions
ok 658 - cat/8 marks follow the approved face-relative directions
  ---
  duration_ms: 0.125977
  type: 'test'
  ...
# Subtest: dog/1 marks follow the approved face-relative directions
ok 659 - dog/1 marks follow the approved face-relative directions
  ---
  duration_ms: 0.086058
  type: 'test'
  ...
# Subtest: dog/2 marks follow the approved face-relative directions
ok 660 - dog/2 marks follow the approved face-relative directions
  ---
  duration_ms: 0.083124
  type: 'test'
  ...
# Subtest: dog/3 marks follow the approved face-relative directions
ok 661 - dog/3 marks follow the approved face-relative directions
  ---
  duration_ms: 0.114901
  type: 'test'
  ...
# Subtest: dog/4 marks follow the approved face-relative directions
ok 662 - dog/4 marks follow the approved face-relative directions
  ---
  duration_ms: 0.111576
  type: 'test'
  ...
# Subtest: dog/5 marks follow the approved face-relative directions
ok 663 - dog/5 marks follow the approved face-relative directions
  ---
  duration_ms: 0.089643
  type: 'test'
  ...
# Subtest: dog/6 marks follow the approved face-relative directions
ok 664 - dog/6 marks follow the approved face-relative directions
  ---
  duration_ms: 0.082482
  type: 'test'
  ...
# Subtest: dog/7 marks follow the approved face-relative directions
ok 665 - dog/7 marks follow the approved face-relative directions
  ---
  duration_ms: 0.115111
  type: 'test'
  ...
# Subtest: dog/8 marks follow the approved face-relative directions
ok 666 - dog/8 marks follow the approved face-relative directions
  ---
  duration_ms: 0.141139
  type: 'test'
  ...
# Subtest: man/1 marks follow the approved face-relative directions
ok 667 - man/1 marks follow the approved face-relative directions
  ---
  duration_ms: 0.089513
  type: 'test'
  ...
# Subtest: man/2 marks follow the approved face-relative directions
ok 668 - man/2 marks follow the approved face-relative directions
  ---
  duration_ms: 0.098025
  type: 'test'
  ...
# Subtest: man/3 marks follow the approved face-relative directions
ok 669 - man/3 marks follow the approved face-relative directions
  ---
  duration_ms: 0.115962
  type: 'test'
  ...
# Subtest: man/4 marks follow the approved face-relative directions
ok 670 - man/4 marks follow the approved face-relative directions
  ---
  duration_ms: 0.109412
  type: 'test'
  ...
# Subtest: man/5 marks follow the approved face-relative directions
ok 671 - man/5 marks follow the approved face-relative directions
  ---
  duration_ms: 0.094501
  type: 'test'
  ...
# Subtest: man/6 marks follow the approved face-relative directions
ok 672 - man/6 marks follow the approved face-relative directions
  ---
  duration_ms: 0.227828
  type: 'test'
  ...
# Subtest: man/7 marks follow the approved face-relative directions
ok 673 - man/7 marks follow the approved face-relative directions
  ---
  duration_ms: 0.133107
  type: 'test'
  ...
# Subtest: man/8 marks follow the approved face-relative directions
ok 674 - man/8 marks follow the approved face-relative directions
  ---
  duration_ms: 0.112187
  type: 'test'
  ...
# Subtest: woman/1 marks follow the approved face-relative directions
ok 675 - woman/1 marks follow the approved face-relative directions
  ---
  duration_ms: 0.126768
  type: 'test'
  ...
# Subtest: woman/2 marks follow the approved face-relative directions
ok 676 - woman/2 marks follow the approved face-relative directions
  ---
  duration_ms: 0.104294
  type: 'test'
  ...
# Subtest: woman/3 marks follow the approved face-relative directions
ok 677 - woman/3 marks follow the approved face-relative directions
  ---
  duration_ms: 0.088572
  type: 'test'
  ...
# Subtest: woman/4 marks follow the approved face-relative directions
ok 678 - woman/4 marks follow the approved face-relative directions
  ---
  duration_ms: 0.098136
  type: 'test'
  ...
# Subtest: woman/5 marks follow the approved face-relative directions
ok 679 - woman/5 marks follow the approved face-relative directions
  ---
  duration_ms: 0.088782
  type: 'test'
  ...
# Subtest: woman/6 marks follow the approved face-relative directions
ok 680 - woman/6 marks follow the approved face-relative directions
  ---
  duration_ms: 0.088561
  type: 'test'
  ...
# Subtest: woman/7 marks follow the approved face-relative directions
ok 681 - woman/7 marks follow the approved face-relative directions
  ---
  duration_ms: 0.257673
  type: 'test'
  ...
# Subtest: woman/8 marks follow the approved face-relative directions
ok 682 - woman/8 marks follow the approved face-relative directions
  ---
  duration_ms: 0.164464
  type: 'test'
  ...
# Subtest: penguin/1 marks follow the approved face-relative directions
ok 683 - penguin/1 marks follow the approved face-relative directions
  ---
  duration_ms: 0.106398
  type: 'test'
  ...
# Subtest: penguin/2 marks follow the approved face-relative directions
ok 684 - penguin/2 marks follow the approved face-relative directions
  ---
  duration_ms: 0.104394
  type: 'test'
  ...
# Subtest: penguin/3 marks follow the approved face-relative directions
ok 685 - penguin/3 marks follow the approved face-relative directions
  ---
  duration_ms: 0.085457
  type: 'test'
  ...
# Subtest: penguin/4 marks follow the approved face-relative directions
ok 686 - penguin/4 marks follow the approved face-relative directions
  ---
  duration_ms: 0.095892
  type: 'test'
  ...
# Subtest: penguin/5 marks follow the approved face-relative directions
ok 687 - penguin/5 marks follow the approved face-relative directions
  ---
  duration_ms: 0.156272
  type: 'test'
  ...
# Subtest: penguin/6 marks follow the approved face-relative directions
ok 688 - penguin/6 marks follow the approved face-relative directions
  ---
  duration_ms: 0.146477
  type: 'test'
  ...
# Subtest: penguin/7 marks follow the approved face-relative directions
ok 689 - penguin/7 marks follow the approved face-relative directions
  ---
  duration_ms: 0.111195
  type: 'test'
  ...
# Subtest: penguin/8 marks follow the approved face-relative directions
ok 690 - penguin/8 marks follow the approved face-relative directions
  ---
  duration_ms: 0.089042
  type: 'test'
  ...
# Subtest: turtle/1 marks follow the approved face-relative directions
ok 691 - turtle/1 marks follow the approved face-relative directions
  ---
  duration_ms: 0.090334
  type: 'test'
  ...
# Subtest: turtle/2 marks follow the approved face-relative directions
ok 692 - turtle/2 marks follow the approved face-relative directions
  ---
  duration_ms: 0.085257
  type: 'test'
  ...
# Subtest: turtle/3 marks follow the approved face-relative directions
ok 693 - turtle/3 marks follow the approved face-relative directions
  ---
  duration_ms: 0.081782
  type: 'test'
  ...
# Subtest: turtle/4 marks follow the approved face-relative directions
ok 694 - turtle/4 marks follow the approved face-relative directions
  ---
  duration_ms: 0.085326
  type: 'test'
  ...
# Subtest: turtle/5 marks follow the approved face-relative directions
ok 695 - turtle/5 marks follow the approved face-relative directions
  ---
  duration_ms: 0.150163
  type: 'test'
  ...
# Subtest: turtle/6 marks follow the approved face-relative directions
ok 696 - turtle/6 marks follow the approved face-relative directions
  ---
  duration_ms: 0.122282
  type: 'test'
  ...
# Subtest: turtle/7 marks follow the approved face-relative directions
ok 697 - turtle/7 marks follow the approved face-relative directions
  ---
  duration_ms: 0.098987
  type: 'test'
  ...
# Subtest: turtle/8 marks follow the approved face-relative directions
ok 698 - turtle/8 marks follow the approved face-relative directions
  ---
  duration_ms: 0.086688
  type: 'test'
  ...
# Subtest: frog/1 marks follow the approved face-relative directions
ok 699 - frog/1 marks follow the approved face-relative directions
  ---
  duration_ms: 0.101701
  type: 'test'
  ...
# Subtest: frog/2 marks follow the approved face-relative directions
ok 700 - frog/2 marks follow the approved face-relative directions
  ---
  duration_ms: 0.089764
  type: 'test'
  ...
# Subtest: frog/3 marks follow the approved face-relative directions
ok 701 - frog/3 marks follow the approved face-relative directions
  ---
  duration_ms: 0.085968
  type: 'test'
  ...
# Subtest: frog/4 marks follow the approved face-relative directions
ok 702 - frog/4 marks follow the approved face-relative directions
  ---
  duration_ms: 0.171675
  type: 'test'
  ...
# Subtest: frog/5 marks follow the approved face-relative directions
ok 703 - frog/5 marks follow the approved face-relative directions
  ---
  duration_ms: 0.115211
  type: 'test'
  ...
# Subtest: frog/6 marks follow the approved face-relative directions
ok 704 - frog/6 marks follow the approved face-relative directions
  ---
  duration_ms: 0.113058
  type: 'test'
  ...
# Subtest: frog/7 marks follow the approved face-relative directions
ok 705 - frog/7 marks follow the approved face-relative directions
  ---
  duration_ms: 0.088081
  type: 'test'
  ...
# Subtest: frog/8 marks follow the approved face-relative directions
ok 706 - frog/8 marks follow the approved face-relative directions
  ---
  duration_ms: 0.085307
  type: 'test'
  ...
# Subtest: clownfish/1 marks follow the approved face-relative directions
ok 707 - clownfish/1 marks follow the approved face-relative directions
  ---
  duration_ms: 0.089022
  type: 'test'
  ...
# Subtest: clownfish/2 marks follow the approved face-relative directions
ok 708 - clownfish/2 marks follow the approved face-relative directions
  ---
  duration_ms: 0.085176
  type: 'test'
  ...
# Subtest: clownfish/3 marks follow the approved face-relative directions
ok 709 - clownfish/3 marks follow the approved face-relative directions
  ---
  duration_ms: 0.107409
  type: 'test'
  ...
# Subtest: clownfish/4 marks follow the approved face-relative directions
ok 710 - clownfish/4 marks follow the approved face-relative directions
  ---
  duration_ms: 0.153948
  type: 'test'
  ...
# Subtest: clownfish/5 marks follow the approved face-relative directions
ok 711 - clownfish/5 marks follow the approved face-relative directions
  ---
  duration_ms: 0.099638
  type: 'test'
  ...
# Subtest: clownfish/6 marks follow the approved face-relative directions
ok 712 - clownfish/6 marks follow the approved face-relative directions
  ---
  duration_ms: 0.08774
  type: 'test'
  ...
# Subtest: clownfish/7 marks follow the approved face-relative directions
ok 713 - clownfish/7 marks follow the approved face-relative directions
  ---
  duration_ms: 0.140659
  type: 'test'
  ...
# Subtest: clownfish/8 marks follow the approved face-relative directions
ok 714 - clownfish/8 marks follow the approved face-relative directions
  ---
  duration_ms: 0.087029
  type: 'test'
  ...
# Subtest: salmon/1 marks follow the approved face-relative directions
ok 715 - salmon/1 marks follow the approved face-relative directions
  ---
  duration_ms: 0.087891
  type: 'test'
  ...
# Subtest: salmon/2 marks follow the approved face-relative directions
ok 716 - salmon/2 marks follow the approved face-relative directions
  ---
  duration_ms: 0.097584
  type: 'test'
  ...
# Subtest: salmon/3 marks follow the approved face-relative directions
ok 717 - salmon/3 marks follow the approved face-relative directions
  ---
  duration_ms: 0.166537
  type: 'test'
  ...
# Subtest: salmon/4 marks follow the approved face-relative directions
ok 718 - salmon/4 marks follow the approved face-relative directions
  ---
  duration_ms: 0.115962
  type: 'test'
  ...
# Subtest: salmon/5 marks follow the approved face-relative directions
ok 719 - salmon/5 marks follow the approved face-relative directions
  ---
  duration_ms: 0.089012
  type: 'test'
  ...
# Subtest: salmon/6 marks follow the approved face-relative directions
ok 720 - salmon/6 marks follow the approved face-relative directions
  ---
  duration_ms: 0.092568
  type: 'test'
  ...
# Subtest: salmon/7 marks follow the approved face-relative directions
ok 721 - salmon/7 marks follow the approved face-relative directions
  ---
  duration_ms: 0.0879
  type: 'test'
  ...
# Subtest: salmon/8 marks follow the approved face-relative directions
ok 722 - salmon/8 marks follow the approved face-relative directions
  ---
  duration_ms: 0.08772
  type: 'test'
  ...
# Subtest: hermit_crab/1 marks follow the approved face-relative directions
ok 723 - hermit_crab/1 marks follow the approved face-relative directions
  ---
  duration_ms: 0.089383
  type: 'test'
  ...
# Subtest: hermit_crab/2 marks follow the approved face-relative directions
ok 724 - hermit_crab/2 marks follow the approved face-relative directions
  ---
  duration_ms: 0.103664
  type: 'test'
  ...
# Subtest: hermit_crab/3 marks follow the approved face-relative directions
ok 725 - hermit_crab/3 marks follow the approved face-relative directions
  ---
  duration_ms: 0.150283
  type: 'test'
  ...
# Subtest: hermit_crab/4 marks follow the approved face-relative directions
ok 726 - hermit_crab/4 marks follow the approved face-relative directions
  ---
  duration_ms: 0.117093
  type: 'test'
  ...
# Subtest: hermit_crab/5 marks follow the approved face-relative directions
ok 727 - hermit_crab/5 marks follow the approved face-relative directions
  ---
  duration_ms: 0.115201
  type: 'test'
  ...
# Subtest: hermit_crab/6 marks follow the approved face-relative directions
ok 728 - hermit_crab/6 marks follow the approved face-relative directions
  ---
  duration_ms: 0.12114
  type: 'test'
  ...
# Subtest: hermit_crab/7 marks follow the approved face-relative directions
ok 729 - hermit_crab/7 marks follow the approved face-relative directions
  ---
  duration_ms: 0.12829
  type: 'test'
  ...
# Subtest: hermit_crab/8 marks follow the approved face-relative directions
ok 730 - hermit_crab/8 marks follow the approved face-relative directions
  ---
  duration_ms: 0.107319
  type: 'test'
  ...
# Subtest: jellyfish/1 marks follow the approved face-relative directions
ok 731 - jellyfish/1 marks follow the approved face-relative directions
  ---
  duration_ms: 0.091466
  type: 'test'
  ...
# Subtest: jellyfish/2 marks follow the approved face-relative directions
ok 732 - jellyfish/2 marks follow the approved face-relative directions
  ---
  duration_ms: 0.127679
  type: 'test'
  ...
# Subtest: jellyfish/3 marks follow the approved face-relative directions
ok 733 - jellyfish/3 marks follow the approved face-relative directions
  ---
  duration_ms: 0.089503
  type: 'test'
  ...
# Subtest: jellyfish/4 marks follow the approved face-relative directions
ok 734 - jellyfish/4 marks follow the approved face-relative directions
  ---
  duration_ms: 0.085908
  type: 'test'
  ...
# Subtest: jellyfish/5 marks follow the approved face-relative directions
ok 735 - jellyfish/5 marks follow the approved face-relative directions
  ---
  duration_ms: 0.100159
  type: 'test'
  ...
# Subtest: jellyfish/6 marks follow the approved face-relative directions
ok 736 - jellyfish/6 marks follow the approved face-relative directions
  ---
  duration_ms: 0.120298
  type: 'test'
  ...
# Subtest: jellyfish/7 marks follow the approved face-relative directions
ok 737 - jellyfish/7 marks follow the approved face-relative directions
  ---
  duration_ms: 0.157364
  type: 'test'
  ...
# Subtest: jellyfish/8 marks follow the approved face-relative directions
ok 738 - jellyfish/8 marks follow the approved face-relative directions
  ---
  duration_ms: 0.091476
  type: 'test'
  ...
# Subtest: starfish/1 marks follow the approved face-relative directions
ok 739 - starfish/1 marks follow the approved face-relative directions
  ---
  duration_ms: 0.09446
  type: 'test'
  ...
# Subtest: starfish/2 marks follow the approved face-relative directions
ok 740 - starfish/2 marks follow the approved face-relative directions
  ---
  duration_ms: 0.157153
  type: 'test'
  ...
# Subtest: starfish/3 marks follow the approved face-relative directions
ok 741 - starfish/3 marks follow the approved face-relative directions
  ---
  duration_ms: 0.094971
  type: 'test'
  ...
# Subtest: starfish/4 marks follow the approved face-relative directions
ok 742 - starfish/4 marks follow the approved face-relative directions
  ---
  duration_ms: 0.100959
  type: 'test'
  ...
# Subtest: starfish/5 marks follow the approved face-relative directions
ok 743 - starfish/5 marks follow the approved face-relative directions
  ---
  duration_ms: 0.137414
  type: 'test'
  ...
# Subtest: starfish/6 marks follow the approved face-relative directions
ok 744 - starfish/6 marks follow the approved face-relative directions
  ---
  duration_ms: 0.111396
  type: 'test'
  ...
# Subtest: starfish/7 marks follow the approved face-relative directions
ok 745 - starfish/7 marks follow the approved face-relative directions
  ---
  duration_ms: 0.218444
  type: 'test'
  ...
# Subtest: starfish/8 marks follow the approved face-relative directions
ok 746 - starfish/8 marks follow the approved face-relative directions
  ---
  duration_ms: 0.132928
  type: 'test'
  ...
# Subtest: coral/1 marks follow the approved face-relative directions
ok 747 - coral/1 marks follow the approved face-relative directions
  ---
  duration_ms: 0.093849
  type: 'test'
  ...
# Subtest: coral/2 marks follow the approved face-relative directions
ok 748 - coral/2 marks follow the approved face-relative directions
  ---
  duration_ms: 0.354536
  type: 'test'
  ...
# Subtest: coral/3 marks follow the approved face-relative directions
ok 749 - coral/3 marks follow the approved face-relative directions
  ---
  duration_ms: 0.102442
  type: 'test'
  ...
# Subtest: coral/4 marks follow the approved face-relative directions
ok 750 - coral/4 marks follow the approved face-relative directions
  ---
  duration_ms: 0.083724
  type: 'test'
  ...
# Subtest: coral/5 marks follow the approved face-relative directions
ok 751 - coral/5 marks follow the approved face-relative directions
  ---
  duration_ms: 0.083133
  type: 'test'
  ...
# Subtest: coral/6 marks follow the approved face-relative directions
ok 752 - coral/6 marks follow the approved face-relative directions
  ---
  duration_ms: 0.121841
  type: 'test'
  ...
# Subtest: coral/7 marks follow the approved face-relative directions
ok 753 - coral/7 marks follow the approved face-relative directions
  ---
  duration_ms: 0.082773
  type: 'test'
  ...
# Subtest: coral/8 marks follow the approved face-relative directions
ok 754 - coral/8 marks follow the approved face-relative directions
  ---
  duration_ms: 0.111606
  type: 'test'
  ...
# Subtest: butterfly/1 marks follow the approved face-relative directions
ok 755 - butterfly/1 marks follow the approved face-relative directions
  ---
  duration_ms: 0.111616
  type: 'test'
  ...
# Subtest: butterfly/2 marks follow the approved face-relative directions
ok 756 - butterfly/2 marks follow the approved face-relative directions
  ---
  duration_ms: 0.089413
  type: 'test'
  ...
# Subtest: butterfly/3 marks follow the approved face-relative directions
ok 757 - butterfly/3 marks follow the approved face-relative directions
  ---
  duration_ms: 2.879602
  type: 'test'
  ...
# Subtest: butterfly/4 marks follow the approved face-relative directions
ok 758 - butterfly/4 marks follow the approved face-relative directions
  ---
  duration_ms: 0.113028
  type: 'test'
  ...
# Subtest: butterfly/5 marks follow the approved face-relative directions
ok 759 - butterfly/5 marks follow the approved face-relative directions
  ---
  duration_ms: 0.163863
  type: 'test'
  ...
# Subtest: butterfly/6 marks follow the approved face-relative directions
ok 760 - butterfly/6 marks follow the approved face-relative directions
  ---
  duration_ms: 0.10146
  type: 'test'
  ...
# Subtest: butterfly/7 marks follow the approved face-relative directions
ok 761 - butterfly/7 marks follow the approved face-relative directions
  ---
  duration_ms: 0.130423
  type: 'test'
  ...
# Subtest: butterfly/8 marks follow the approved face-relative directions
ok 762 - butterfly/8 marks follow the approved face-relative directions
  ---
  duration_ms: 0.076433
  type: 'test'
  ...
# Subtest: beetle/1 marks follow the approved face-relative directions
ok 763 - beetle/1 marks follow the approved face-relative directions
  ---
  duration_ms: 0.068411
  type: 'test'
  ...
# Subtest: beetle/2 marks follow the approved face-relative directions
ok 764 - beetle/2 marks follow the approved face-relative directions
  ---
  duration_ms: 0.070364
  type: 'test'
  ...
# Subtest: beetle/3 marks follow the approved face-relative directions
ok 765 - beetle/3 marks follow the approved face-relative directions
  ---
  duration_ms: 0.066208
  type: 'test'
  ...
# Subtest: beetle/4 marks follow the approved face-relative directions
ok 766 - beetle/4 marks follow the approved face-relative directions
  ---
  duration_ms: 0.06734
  type: 'test'
  ...
# Subtest: beetle/5 marks follow the approved face-relative directions
ok 767 - beetle/5 marks follow the approved face-relative directions
  ---
  duration_ms: 0.064215
  type: 'test'
  ...
# Subtest: beetle/6 marks follow the approved face-relative directions
ok 768 - beetle/6 marks follow the approved face-relative directions
  ---
  duration_ms: 0.072618
  type: 'test'
  ...
# Subtest: beetle/7 marks follow the approved face-relative directions
ok 769 - beetle/7 marks follow the approved face-relative directions
  ---
  duration_ms: 0.104515
  type: 'test'
  ...
# Subtest: beetle/8 marks follow the approved face-relative directions
ok 770 - beetle/8 marks follow the approved face-relative directions
  ---
  duration_ms: 0.123524
  type: 'test'
  ...
# Subtest: stagbeetle/1 marks follow the approved face-relative directions
ok 771 - stagbeetle/1 marks follow the approved face-relative directions
  ---
  duration_ms: 0.08814
  type: 'test'
  ...
# Subtest: stagbeetle/2 marks follow the approved face-relative directions
ok 772 - stagbeetle/2 marks follow the approved face-relative directions
  ---
  duration_ms: 0.072177
  type: 'test'
  ...
# Subtest: stagbeetle/3 marks follow the approved face-relative directions
ok 773 - stagbeetle/3 marks follow the approved face-relative directions
  ---
  duration_ms: 0.069884
  type: 'test'
  ...
# Subtest: stagbeetle/4 marks follow the approved face-relative directions
ok 774 - stagbeetle/4 marks follow the approved face-relative directions
  ---
  duration_ms: 0.066739
  type: 'test'
  ...
# Subtest: stagbeetle/5 marks follow the approved face-relative directions
ok 775 - stagbeetle/5 marks follow the approved face-relative directions
  ---
  duration_ms: 0.070584
  type: 'test'
  ...
# Subtest: stagbeetle/6 marks follow the approved face-relative directions
ok 776 - stagbeetle/6 marks follow the approved face-relative directions
  ---
  duration_ms: 0.066779
  type: 'test'
  ...
# Subtest: stagbeetle/7 marks follow the approved face-relative directions
ok 777 - stagbeetle/7 marks follow the approved face-relative directions
  ---
  duration_ms: 0.102913
  type: 'test'
  ...
# Subtest: stagbeetle/8 marks follow the approved face-relative directions
ok 778 - stagbeetle/8 marks follow the approved face-relative directions
  ---
  duration_ms: 0.13439
  type: 'test'
  ...
# Subtest: cicada/1 marks follow the approved face-relative directions
ok 779 - cicada/1 marks follow the approved face-relative directions
  ---
  duration_ms: 0.106829
  type: 'test'
  ...
# Subtest: cicada/2 marks follow the approved face-relative directions
ok 780 - cicada/2 marks follow the approved face-relative directions
  ---
  duration_ms: 0.095011
  type: 'test'
  ...
# Subtest: cicada/3 marks follow the approved face-relative directions
ok 781 - cicada/3 marks follow the approved face-relative directions
  ---
  duration_ms: 0.068422
  type: 'test'
  ...
# Subtest: cicada/4 marks follow the approved face-relative directions
ok 782 - cicada/4 marks follow the approved face-relative directions
  ---
  duration_ms: 0.065057
  type: 'test'
  ...
# Subtest: cicada/5 marks follow the approved face-relative directions
ok 783 - cicada/5 marks follow the approved face-relative directions
  ---
  duration_ms: 0.066248
  type: 'test'
  ...
# Subtest: cicada/6 marks follow the approved face-relative directions
ok 784 - cicada/6 marks follow the approved face-relative directions
  ---
  duration_ms: 0.0743
  type: 'test'
  ...
# Subtest: cicada/7 marks follow the approved face-relative directions
ok 785 - cicada/7 marks follow the approved face-relative directions
  ---
  duration_ms: 0.064425
  type: 'test'
  ...
# Subtest: cicada/8 marks follow the approved face-relative directions
ok 786 - cicada/8 marks follow the approved face-relative directions
  ---
  duration_ms: 0.073739
  type: 'test'
  ...
# Subtest: antlion/1 marks follow the approved face-relative directions
ok 787 - antlion/1 marks follow the approved face-relative directions
  ---
  duration_ms: 0.086228
  type: 'test'
  ...
# Subtest: antlion/2 marks follow the approved face-relative directions
ok 788 - antlion/2 marks follow the approved face-relative directions
  ---
  duration_ms: 0.15491
  type: 'test'
  ...
# Subtest: antlion/3 marks follow the approved face-relative directions
ok 789 - antlion/3 marks follow the approved face-relative directions
  ---
  duration_ms: 0.235559
  type: 'test'
  ...
# Subtest: antlion/4 marks follow the approved face-relative directions
ok 790 - antlion/4 marks follow the approved face-relative directions
  ---
  duration_ms: 0.608363
  type: 'test'
  ...
# Subtest: antlion/5 marks follow the approved face-relative directions
ok 791 - antlion/5 marks follow the approved face-relative directions
  ---
  duration_ms: 0.095031
  type: 'test'
  ...
# Subtest: antlion/6 marks follow the approved face-relative directions
ok 792 - antlion/6 marks follow the approved face-relative directions
  ---
  duration_ms: 0.109302
  type: 'test'
  ...
# Subtest: antlion/7 marks follow the approved face-relative directions
ok 793 - antlion/7 marks follow the approved face-relative directions
  ---
  duration_ms: 0.092567
  type: 'test'
  ...
# Subtest: antlion/8 marks follow the approved face-relative directions
ok 794 - antlion/8 marks follow the approved face-relative directions
  ---
  duration_ms: 0.072517
  type: 'test'
  ...
# Subtest: dandelion/1 marks follow the approved face-relative directions
ok 795 - dandelion/1 marks follow the approved face-relative directions
  ---
  duration_ms: 0.071526
  type: 'test'
  ...
# Subtest: dandelion/2 marks follow the approved face-relative directions
ok 796 - dandelion/2 marks follow the approved face-relative directions
  ---
  duration_ms: 0.071256
  type: 'test'
  ...
# Subtest: dandelion/3 marks follow the approved face-relative directions
ok 797 - dandelion/3 marks follow the approved face-relative directions
  ---
  duration_ms: 0.066308
  type: 'test'
  ...
# Subtest: dandelion/4 marks follow the approved face-relative directions
ok 798 - dandelion/4 marks follow the approved face-relative directions
  ---
  duration_ms: 0.064736
  type: 'test'
  ...
# Subtest: dandelion/5 marks follow the approved face-relative directions
ok 799 - dandelion/5 marks follow the approved face-relative directions
  ---
  duration_ms: 0.064165
  type: 'test'
  ...
# Subtest: dandelion/6 marks follow the approved face-relative directions
ok 800 - dandelion/6 marks follow the approved face-relative directions
  ---
  duration_ms: 0.066118
  type: 'test'
  ...
# Subtest: dandelion/7 marks follow the approved face-relative directions
ok 801 - dandelion/7 marks follow the approved face-relative directions
  ---
  duration_ms: 0.06787
  type: 'test'
  ...
# Subtest: dandelion/8 marks follow the approved face-relative directions
ok 802 - dandelion/8 marks follow the approved face-relative directions
  ---
  duration_ms: 0.133307
  type: 'test'
  ...
# Subtest: sakura/1 marks follow the approved face-relative directions
ok 803 - sakura/1 marks follow the approved face-relative directions
  ---
  duration_ms: 0.10081
  type: 'test'
  ...
# Subtest: sakura/2 marks follow the approved face-relative directions
ok 804 - sakura/2 marks follow the approved face-relative directions
  ---
  duration_ms: 0.954606
  type: 'test'
  ...
# Subtest: sakura/3 marks follow the approved face-relative directions
ok 805 - sakura/3 marks follow the approved face-relative directions
  ---
  duration_ms: 0.116162
  type: 'test'
  ...
# Subtest: sakura/4 marks follow the approved face-relative directions
ok 806 - sakura/4 marks follow the approved face-relative directions
  ---
  duration_ms: 0.091746
  type: 'test'
  ...
# Subtest: sakura/5 marks follow the approved face-relative directions
ok 807 - sakura/5 marks follow the approved face-relative directions
  ---
  duration_ms: 0.132056
  type: 'test'
  ...
# Subtest: sakura/6 marks follow the approved face-relative directions
ok 808 - sakura/6 marks follow the approved face-relative directions
  ---
  duration_ms: 0.086879
  type: 'test'
  ...
# Subtest: sakura/7 marks follow the approved face-relative directions
ok 809 - sakura/7 marks follow the approved face-relative directions
  ---
  duration_ms: 0.082222
  type: 'test'
  ...
# Subtest: sakura/8 marks follow the approved face-relative directions
ok 810 - sakura/8 marks follow the approved face-relative directions
  ---
  duration_ms: 0.100228
  type: 'test'
  ...
# Subtest: venus_flytrap/1 marks follow the approved face-relative directions
ok 811 - venus_flytrap/1 marks follow the approved face-relative directions
  ---
  duration_ms: 0.085287
  type: 'test'
  ...
# Subtest: venus_flytrap/2 marks follow the approved face-relative directions
ok 812 - venus_flytrap/2 marks follow the approved face-relative directions
  ---
  duration_ms: 0.083243
  type: 'test'
  ...
# Subtest: venus_flytrap/3 marks follow the approved face-relative directions
ok 813 - venus_flytrap/3 marks follow the approved face-relative directions
  ---
  duration_ms: 0.082683
  type: 'test'
  ...
# Subtest: venus_flytrap/4 marks follow the approved face-relative directions
ok 814 - venus_flytrap/4 marks follow the approved face-relative directions
  ---
  duration_ms: 0.074351
  type: 'test'
  ...
# Subtest: venus_flytrap/5 marks follow the approved face-relative directions
ok 815 - venus_flytrap/5 marks follow the approved face-relative directions
  ---
  duration_ms: 0.078457
  type: 'test'
  ...
# Subtest: venus_flytrap/6 marks follow the approved face-relative directions
ok 816 - venus_flytrap/6 marks follow the approved face-relative directions
  ---
  duration_ms: 0.098556
  type: 'test'
  ...
# Subtest: venus_flytrap/7 marks follow the approved face-relative directions
ok 817 - venus_flytrap/7 marks follow the approved face-relative directions
  ---
  duration_ms: 0.104966
  type: 'test'
  ...
# Subtest: venus_flytrap/8 marks follow the approved face-relative directions
ok 818 - venus_flytrap/8 marks follow the approved face-relative directions
  ---
  duration_ms: 0.305823
  type: 'test'
  ...
# Subtest: mushroom/1 marks follow the approved face-relative directions
ok 819 - mushroom/1 marks follow the approved face-relative directions
  ---
  duration_ms: 0.119487
  type: 'test'
  ...
# Subtest: mushroom/2 marks follow the approved face-relative directions
ok 820 - mushroom/2 marks follow the approved face-relative directions
  ---
  duration_ms: 0.104455
  type: 'test'
  ...
# Subtest: mushroom/3 marks follow the approved face-relative directions
ok 821 - mushroom/3 marks follow the approved face-relative directions
  ---
  duration_ms: 0.110424
  type: 'test'
  ...
# Subtest: mushroom/4 marks follow the approved face-relative directions
ok 822 - mushroom/4 marks follow the approved face-relative directions
  ---
  duration_ms: 0.099157
  type: 'test'
  ...
# Subtest: mushroom/5 marks follow the approved face-relative directions
ok 823 - mushroom/5 marks follow the approved face-relative directions
  ---
  duration_ms: 0.110294
  type: 'test'
  ...
# Subtest: mushroom/6 marks follow the approved face-relative directions
ok 824 - mushroom/6 marks follow the approved face-relative directions
  ---
  duration_ms: 0.169492
  type: 'test'
  ...
# Subtest: mushroom/7 marks follow the approved face-relative directions
ok 825 - mushroom/7 marks follow the approved face-relative directions
  ---
  duration_ms: 0.106107
  type: 'test'
  ...
# Subtest: mushroom/8 marks follow the approved face-relative directions
ok 826 - mushroom/8 marks follow the approved face-relative directions
  ---
  duration_ms: 0.081441
  type: 'test'
  ...
# Subtest: dragon/1 marks follow the approved face-relative directions
ok 827 - dragon/1 marks follow the approved face-relative directions
  ---
  duration_ms: 0.072738
  type: 'test'
  ...
# Subtest: dragon/2 marks follow the approved face-relative directions
ok 828 - dragon/2 marks follow the approved face-relative directions
  ---
  duration_ms: 0.081921
  type: 'test'
  ...
# Subtest: dragon/3 marks follow the approved face-relative directions
ok 829 - dragon/3 marks follow the approved face-relative directions
  ---
  duration_ms: 0.10837
  type: 'test'
  ...
# Subtest: dragon/4 marks follow the approved face-relative directions
ok 830 - dragon/4 marks follow the approved face-relative directions
  ---
  duration_ms: 0.109132
  type: 'test'
  ...
# Subtest: dragon/5 marks follow the approved face-relative directions
ok 831 - dragon/5 marks follow the approved face-relative directions
  ---
  duration_ms: 0.108301
  type: 'test'
  ...
# Subtest: dragon/6 marks follow the approved face-relative directions
ok 832 - dragon/6 marks follow the approved face-relative directions
  ---
  duration_ms: 0.097194
  type: 'test'
  ...
# Subtest: dragon/7 marks follow the approved face-relative directions
ok 833 - dragon/7 marks follow the approved face-relative directions
  ---
  duration_ms: 0.156983
  type: 'test'
  ...
# Subtest: dragon/8 marks follow the approved face-relative directions
ok 834 - dragon/8 marks follow the approved face-relative directions
  ---
  duration_ms: 0.112206
  type: 'test'
  ...
# Subtest: phoenix/1 marks follow the approved face-relative directions
ok 835 - phoenix/1 marks follow the approved face-relative directions
  ---
  duration_ms: 0.096192
  type: 'test'
  ...
# Subtest: phoenix/2 marks follow the approved face-relative directions
ok 836 - phoenix/2 marks follow the approved face-relative directions
  ---
  duration_ms: 0.126748
  type: 'test'
  ...
# Subtest: phoenix/3 marks follow the approved face-relative directions
ok 837 - phoenix/3 marks follow the approved face-relative directions
  ---
  duration_ms: 0.095541
  type: 'test'
  ...
# Subtest: phoenix/4 marks follow the approved face-relative directions
ok 838 - phoenix/4 marks follow the approved face-relative directions
  ---
  duration_ms: 0.087359
  type: 'test'
  ...
# Subtest: phoenix/5 marks follow the approved face-relative directions
ok 839 - phoenix/5 marks follow the approved face-relative directions
  ---
  duration_ms: 0.127479
  type: 'test'
  ...
# Subtest: phoenix/6 marks follow the approved face-relative directions
ok 840 - phoenix/6 marks follow the approved face-relative directions
  ---
  duration_ms: 0.132266
  type: 'test'
  ...
# Subtest: phoenix/7 marks follow the approved face-relative directions
ok 841 - phoenix/7 marks follow the approved face-relative directions
  ---
  duration_ms: 0.097174
  type: 'test'
  ...
# Subtest: phoenix/8 marks follow the approved face-relative directions
ok 842 - phoenix/8 marks follow the approved face-relative directions
  ---
  duration_ms: 0.090284
  type: 'test'
  ...
# Subtest: god/1 marks follow the approved face-relative directions
ok 843 - god/1 marks follow the approved face-relative directions
  ---
  duration_ms: 0.092507
  type: 'test'
  ...
# Subtest: god/2 marks follow the approved face-relative directions
ok 844 - god/2 marks follow the approved face-relative directions
  ---
  duration_ms: 0.104545
  type: 'test'
  ...
# Subtest: god/3 marks follow the approved face-relative directions
ok 845 - god/3 marks follow the approved face-relative directions
  ---
  duration_ms: 0.110203
  type: 'test'
  ...
# Subtest: god/4 marks follow the approved face-relative directions
ok 846 - god/4 marks follow the approved face-relative directions
  ---
  duration_ms: 0.097745
  type: 'test'
  ...
# Subtest: god/5 marks follow the approved face-relative directions
ok 847 - god/5 marks follow the approved face-relative directions
  ---
  duration_ms: 0.09399
  type: 'test'
  ...
# Subtest: god/6 marks follow the approved face-relative directions
ok 848 - god/6 marks follow the approved face-relative directions
  ---
  duration_ms: 0.135862
  type: 'test'
  ...
# Subtest: god/7 marks follow the approved face-relative directions
ok 849 - god/7 marks follow the approved face-relative directions
  ---
  duration_ms: 0.113197
  type: 'test'
  ...
# Subtest: god/8 marks follow the approved face-relative directions
ok 850 - god/8 marks follow the approved face-relative directions
  ---
  duration_ms: 0.105998
  type: 'test'
  ...
# Subtest: world_tree/1 marks follow the approved face-relative directions
ok 851 - world_tree/1 marks follow the approved face-relative directions
  ---
  duration_ms: 0.252765
  type: 'test'
  ...
# Subtest: world_tree/2 marks follow the approved face-relative directions
ok 852 - world_tree/2 marks follow the approved face-relative directions
  ---
  duration_ms: 0.088642
  type: 'test'
  ...
# Subtest: world_tree/3 marks follow the approved face-relative directions
ok 853 - world_tree/3 marks follow the approved face-relative directions
  ---
  duration_ms: 0.115892
  type: 'test'
  ...
# Subtest: world_tree/4 marks follow the approved face-relative directions
ok 854 - world_tree/4 marks follow the approved face-relative directions
  ---
  duration_ms: 0.105557
  type: 'test'
  ...
# Subtest: world_tree/5 marks follow the approved face-relative directions
ok 855 - world_tree/5 marks follow the approved face-relative directions
  ---
  duration_ms: 0.115201
  type: 'test'
  ...
# Subtest: world_tree/6 marks follow the approved face-relative directions
ok 856 - world_tree/6 marks follow the approved face-relative directions
  ---
  duration_ms: 0.090264
  type: 'test'
  ...
# Subtest: world_tree/7 marks follow the approved face-relative directions
ok 857 - world_tree/7 marks follow the approved face-relative directions
  ---
  duration_ms: 0.089703
  type: 'test'
  ...
# Subtest: world_tree/8 marks follow the approved face-relative directions
ok 858 - world_tree/8 marks follow the approved face-relative directions
  ---
  duration_ms: 0.095502
  type: 'test'
  ...
# Subtest: ghost/1 marks follow the approved face-relative directions
ok 859 - ghost/1 marks follow the approved face-relative directions
  ---
  duration_ms: 0.125937
  type: 'test'
  ...
# Subtest: ghost/2 marks follow the approved face-relative directions
ok 860 - ghost/2 marks follow the approved face-relative directions
  ---
  duration_ms: 0.103624
  type: 'test'
  ...
# Subtest: ghost/3 marks follow the approved face-relative directions
ok 861 - ghost/3 marks follow the approved face-relative directions
  ---
  duration_ms: 0.099958
  type: 'test'
  ...
# Subtest: ghost/4 marks follow the approved face-relative directions
ok 862 - ghost/4 marks follow the approved face-relative directions
  ---
  duration_ms: 0.458791
  type: 'test'
  ...
# Subtest: ghost/5 marks follow the approved face-relative directions
ok 863 - ghost/5 marks follow the approved face-relative directions
  ---
  duration_ms: 0.132106
  type: 'test'
  ...
# Subtest: ghost/6 marks follow the approved face-relative directions
ok 864 - ghost/6 marks follow the approved face-relative directions
  ---
  duration_ms: 0.117935
  type: 'test'
  ...
# Subtest: ghost/7 marks follow the approved face-relative directions
ok 865 - ghost/7 marks follow the approved face-relative directions
  ---
  duration_ms: 0.122752
  type: 'test'
  ...
# Subtest: ghost/8 marks follow the approved face-relative directions
ok 866 - ghost/8 marks follow the approved face-relative directions
  ---
  duration_ms: 0.129892
  type: 'test'
  ...
# Subtest: star/1 marks follow the approved face-relative directions
ok 867 - star/1 marks follow the approved face-relative directions
  ---
  duration_ms: 0.116953
  type: 'test'
  ...
# Subtest: star/2 marks follow the approved face-relative directions
ok 868 - star/2 marks follow the approved face-relative directions
  ---
  duration_ms: 0.120199
  type: 'test'
  ...
# Subtest: star/3 marks follow the approved face-relative directions
ok 869 - star/3 marks follow the approved face-relative directions
  ---
  duration_ms: 0.139587
  type: 'test'
  ...
# Subtest: star/4 marks follow the approved face-relative directions
ok 870 - star/4 marks follow the approved face-relative directions
  ---
  duration_ms: 0.120278
  type: 'test'
  ...
# Subtest: star/5 marks follow the approved face-relative directions
ok 871 - star/5 marks follow the approved face-relative directions
  ---
  duration_ms: 0.156562
  type: 'test'
  ...
# Subtest: star/6 marks follow the approved face-relative directions
ok 872 - star/6 marks follow the approved face-relative directions
  ---
  duration_ms: 0.122341
  type: 'test'
  ...
# Subtest: star/7 marks follow the approved face-relative directions
ok 873 - star/7 marks follow the approved face-relative directions
  ---
  duration_ms: 0.16211
  type: 'test'
  ...
# Subtest: star/8 marks follow the approved face-relative directions
ok 874 - star/8 marks follow the approved face-relative directions
  ---
  duration_ms: 0.262209
  type: 'test'
  ...
# Subtest: plush/1 marks follow the approved face-relative directions
ok 875 - plush/1 marks follow the approved face-relative directions
  ---
  duration_ms: 0.131024
  type: 'test'
  ...
# Subtest: plush/2 marks follow the approved face-relative directions
ok 876 - plush/2 marks follow the approved face-relative directions
  ---
  duration_ms: 0.243712
  type: 'test'
  ...
# Subtest: plush/3 marks follow the approved face-relative directions
ok 877 - plush/3 marks follow the approved face-relative directions
  ---
  duration_ms: 0.103704
  type: 'test'
  ...
# Subtest: plush/4 marks follow the approved face-relative directions
ok 878 - plush/4 marks follow the approved face-relative directions
  ---
  duration_ms: 0.097976
  type: 'test'
  ...
# Subtest: plush/5 marks follow the approved face-relative directions
ok 879 - plush/5 marks follow the approved face-relative directions
  ---
  duration_ms: 0.102091
  type: 'test'
  ...
# Subtest: plush/6 marks follow the approved face-relative directions
ok 880 - plush/6 marks follow the approved face-relative directions
  ---
  duration_ms: 0.113188
  type: 'test'
  ...
# Subtest: plush/7 marks follow the approved face-relative directions
ok 881 - plush/7 marks follow the approved face-relative directions
  ---
  duration_ms: 0.112267
  type: 'test'
  ...
# Subtest: plush/8 marks follow the approved face-relative directions
ok 882 - plush/8 marks follow the approved face-relative directions
  ---
  duration_ms: 0.211623
  type: 'test'
  ...
# Subtest: unknown/1 marks follow the approved face-relative directions
ok 883 - unknown/1 marks follow the approved face-relative directions
  ---
  duration_ms: 0.129613
  type: 'test'
  ...
# Subtest: unknown/2 marks follow the approved face-relative directions
ok 884 - unknown/2 marks follow the approved face-relative directions
  ---
  duration_ms: 0.113027
  type: 'test'
  ...
# Subtest: unknown/3 marks follow the approved face-relative directions
ok 885 - unknown/3 marks follow the approved face-relative directions
  ---
  duration_ms: 0.109412
  type: 'test'
  ...
# Subtest: unknown/4 marks follow the approved face-relative directions
ok 886 - unknown/4 marks follow the approved face-relative directions
  ---
  duration_ms: 0.116854
  type: 'test'
  ...
# Subtest: unknown/5 marks follow the approved face-relative directions
ok 887 - unknown/5 marks follow the approved face-relative directions
  ---
  duration_ms: 0.133929
  type: 'test'
  ...
# Subtest: unknown/6 marks follow the approved face-relative directions
ok 888 - unknown/6 marks follow the approved face-relative directions
  ---
  duration_ms: 0.269891
  type: 'test'
  ...
# Subtest: unknown/7 marks follow the approved face-relative directions
ok 889 - unknown/7 marks follow the approved face-relative directions
  ---
  duration_ms: 0.12106
  type: 'test'
  ...
# Subtest: unknown/8 marks follow the approved face-relative directions
ok 890 - unknown/8 marks follow the approved face-relative directions
  ---
  duration_ms: 0.118185
  type: 'test'
  ...
# Subtest: ren/1 marks follow the approved face-relative directions
ok 891 - ren/1 marks follow the approved face-relative directions
  ---
  duration_ms: 0.122262
  type: 'test'
  ...
# Subtest: ren/2 marks follow the approved face-relative directions
ok 892 - ren/2 marks follow the approved face-relative directions
  ---
  duration_ms: 0.115832
  type: 'test'
  ...
# Subtest: ren/3 marks follow the approved face-relative directions
ok 893 - ren/3 marks follow the approved face-relative directions
  ---
  duration_ms: 0.116383
  type: 'test'
  ...
# Subtest: ren/4 marks follow the approved face-relative directions
ok 894 - ren/4 marks follow the approved face-relative directions
  ---
  duration_ms: 0.151735
  type: 'test'
  ...
# Subtest: ren/5 marks follow the approved face-relative directions
ok 895 - ren/5 marks follow the approved face-relative directions
  ---
  duration_ms: 0.123343
  type: 'test'
  ...
# Subtest: ren/6 marks follow the approved face-relative directions
ok 896 - ren/6 marks follow the approved face-relative directions
  ---
  duration_ms: 0.113378
  type: 'test'
  ...
# Subtest: ren/7 marks follow the approved face-relative directions
ok 897 - ren/7 marks follow the approved face-relative directions
  ---
  duration_ms: 0.1145
  type: 'test'
  ...
# Subtest: ren/8 marks follow the approved face-relative directions
ok 898 - ren/8 marks follow the approved face-relative directions
  ---
  duration_ms: 0.117073
  type: 'test'
  ...
# Subtest: reviewed side marks read diagonally above the face, not alongside it
ok 899 - reviewed side marks read diagonally above the face, not alongside it
  ---
  duration_ms: 1.189585
  type: 'test'
  ...
# Subtest: penguin/1 routes ten distinct expressions
ok 900 - penguin/1 routes ten distinct expressions
  ---
  duration_ms: 0.417149
  type: 'test'
  ...
# Subtest: penguin/2 routes ten distinct expressions
ok 901 - penguin/2 routes ten distinct expressions
  ---
  duration_ms: 0.134409
  type: 'test'
  ...
# Subtest: penguin/3 routes ten distinct expressions
ok 902 - penguin/3 routes ten distinct expressions
  ---
  duration_ms: 0.119317
  type: 'test'
  ...
# Subtest: penguin/4 routes ten distinct expressions
ok 903 - penguin/4 routes ten distinct expressions
  ---
  duration_ms: 0.111065
  type: 'test'
  ...
# Subtest: penguin/5 routes ten distinct expressions
ok 904 - penguin/5 routes ten distinct expressions
  ---
  duration_ms: 0.124064
  type: 'test'
  ...
# Subtest: penguin/6 routes ten distinct expressions
ok 905 - penguin/6 routes ten distinct expressions
  ---
  duration_ms: 0.155801
  type: 'test'
  ...
# Subtest: penguin/7 routes ten distinct expressions
ok 906 - penguin/7 routes ten distinct expressions
  ---
  duration_ms: 0.11451
  type: 'test'
  ...
# Subtest: penguin/8 routes ten distinct expressions
ok 907 - penguin/8 routes ten distinct expressions
  ---
  duration_ms: 0.115762
  type: 'test'
  ...
# Subtest: turtle/1 routes ten distinct expressions
ok 908 - turtle/1 routes ten distinct expressions
  ---
  duration_ms: 0.109232
  type: 'test'
  ...
# Subtest: turtle/2 routes ten distinct expressions
ok 909 - turtle/2 routes ten distinct expressions
  ---
  duration_ms: 0.098646
  type: 'test'
  ...
# Subtest: turtle/3 routes ten distinct expressions
ok 910 - turtle/3 routes ten distinct expressions
  ---
  duration_ms: 0.107399
  type: 'test'
  ...
# Subtest: turtle/4 routes ten distinct expressions
ok 911 - turtle/4 routes ten distinct expressions
  ---
  duration_ms: 0.207938
  type: 'test'
  ...
# Subtest: turtle/5 routes ten distinct expressions
ok 912 - turtle/5 routes ten distinct expressions
  ---
  duration_ms: 0.128231
  type: 'test'
  ...
# Subtest: turtle/6 routes ten distinct expressions
ok 913 - turtle/6 routes ten distinct expressions
  ---
  duration_ms: 0.139096
  type: 'test'
  ...
# Subtest: turtle/7 routes ten distinct expressions
ok 914 - turtle/7 routes ten distinct expressions
  ---
  duration_ms: 0.118376
  type: 'test'
  ...
# Subtest: turtle/8 routes ten distinct expressions
ok 915 - turtle/8 routes ten distinct expressions
  ---
  duration_ms: 0.121911
  type: 'test'
  ...
# Subtest: frog/1 routes ten distinct expressions
ok 916 - frog/1 routes ten distinct expressions
  ---
  duration_ms: 0.153297
  type: 'test'
  ...
# Subtest: frog/2 routes ten distinct expressions
ok 917 - frog/2 routes ten distinct expressions
  ---
  duration_ms: 0.113509
  type: 'test'
  ...
# Subtest: frog/3 routes ten distinct expressions
ok 918 - frog/3 routes ten distinct expressions
  ---
  duration_ms: 0.103143
  type: 'test'
  ...
# Subtest: frog/4 routes ten distinct expressions
ok 919 - frog/4 routes ten distinct expressions
  ---
  duration_ms: 2.112253
  type: 'test'
  ...
# Subtest: frog/5 routes ten distinct expressions
ok 920 - frog/5 routes ten distinct expressions
  ---
  duration_ms: 0.110925
  type: 'test'
  ...
# Subtest: frog/6 routes ten distinct expressions
ok 921 - frog/6 routes ten distinct expressions
  ---
  duration_ms: 0.107619
  type: 'test'
  ...
# Subtest: frog/7 routes ten distinct expressions
ok 922 - frog/7 routes ten distinct expressions
  ---
  duration_ms: 0.102231
  type: 'test'
  ...
# Subtest: frog/8 routes ten distinct expressions
ok 923 - frog/8 routes ten distinct expressions
  ---
  duration_ms: 0.145515
  type: 'test'
  ...
# Subtest: clownfish/1 routes ten distinct expressions
ok 924 - clownfish/1 routes ten distinct expressions
  ---
  duration_ms: 0.11439
  type: 'test'
  ...
# Subtest: clownfish/2 routes ten distinct expressions
ok 925 - clownfish/2 routes ten distinct expressions
  ---
  duration_ms: 0.105636
  type: 'test'
  ...
# Subtest: clownfish/3 routes ten distinct expressions
ok 926 - clownfish/3 routes ten distinct expressions
  ---
  duration_ms: 0.098386
  type: 'test'
  ...
# Subtest: clownfish/4 routes ten distinct expressions
ok 927 - clownfish/4 routes ten distinct expressions
  ---
  duration_ms: 0.10788
  type: 'test'
  ...
# Subtest: clownfish/5 routes ten distinct expressions
ok 928 - clownfish/5 routes ten distinct expressions
  ---
  duration_ms: 0.102763
  type: 'test'
  ...
# Subtest: clownfish/6 routes ten distinct expressions
ok 929 - clownfish/6 routes ten distinct expressions
  ---
  duration_ms: 0.235229
  type: 'test'
  ...
# Subtest: clownfish/7 routes ten distinct expressions
ok 930 - clownfish/7 routes ten distinct expressions
  ---
  duration_ms: 0.163172
  type: 'test'
  ...
# Subtest: clownfish/8 routes ten distinct expressions
ok 931 - clownfish/8 routes ten distinct expressions
  ---
  duration_ms: 0.109793
  type: 'test'
  ...
# Subtest: salmon/1 routes ten distinct expressions
ok 932 - salmon/1 routes ten distinct expressions
  ---
  duration_ms: 0.105647
  type: 'test'
  ...
# Subtest: salmon/2 routes ten distinct expressions
ok 933 - salmon/2 routes ten distinct expressions
  ---
  duration_ms: 0.080319
  type: 'test'
  ...
# Subtest: salmon/3 routes ten distinct expressions
ok 934 - salmon/3 routes ten distinct expressions
  ---
  duration_ms: 0.082152
  type: 'test'
  ...
# Subtest: salmon/4 routes ten distinct expressions
ok 935 - salmon/4 routes ten distinct expressions
  ---
  duration_ms: 0.0941
  type: 'test'
  ...
# Subtest: salmon/5 routes ten distinct expressions
ok 936 - salmon/5 routes ten distinct expressions
  ---
  duration_ms: 0.08775
  type: 'test'
  ...
# Subtest: salmon/6 routes ten distinct expressions
ok 937 - salmon/6 routes ten distinct expressions
  ---
  duration_ms: 0.092387
  type: 'test'
  ...
# Subtest: salmon/7 routes ten distinct expressions
ok 938 - salmon/7 routes ten distinct expressions
  ---
  duration_ms: 0.172455
  type: 'test'
  ...
# Subtest: salmon/8 routes ten distinct expressions
ok 939 - salmon/8 routes ten distinct expressions
  ---
  duration_ms: 0.103924
  type: 'test'
  ...
# Subtest: hermit_crab/1 routes ten distinct expressions
ok 940 - hermit_crab/1 routes ten distinct expressions
  ---
  duration_ms: 0.106478
  type: 'test'
  ...
# Subtest: hermit_crab/2 routes ten distinct expressions
ok 941 - hermit_crab/2 routes ten distinct expressions
  ---
  duration_ms: 0.096142
  type: 'test'
  ...
# Subtest: hermit_crab/3 routes ten distinct expressions
ok 942 - hermit_crab/3 routes ten distinct expressions
  ---
  duration_ms: 0.089473
  type: 'test'
  ...
# Subtest: hermit_crab/4 routes ten distinct expressions
ok 943 - hermit_crab/4 routes ten distinct expressions
  ---
  duration_ms: 0.088161
  type: 'test'
  ...
# Subtest: hermit_crab/5 routes ten distinct expressions
ok 944 - hermit_crab/5 routes ten distinct expressions
  ---
  duration_ms: 0.741891
  type: 'test'
  ...
# Subtest: hermit_crab/6 routes ten distinct expressions
ok 945 - hermit_crab/6 routes ten distinct expressions
  ---
  duration_ms: 0.118326
  type: 'test'
  ...
# Subtest: hermit_crab/7 routes ten distinct expressions
ok 946 - hermit_crab/7 routes ten distinct expressions
  ---
  duration_ms: 0.100659
  type: 'test'
  ...
# Subtest: hermit_crab/8 routes ten distinct expressions
ok 947 - hermit_crab/8 routes ten distinct expressions
  ---
  duration_ms: 0.099067
  type: 'test'
  ...
# Subtest: jellyfish/1 routes ten distinct expressions
ok 948 - jellyfish/1 routes ten distinct expressions
  ---
  duration_ms: 0.182301
  type: 'test'
  ...
# Subtest: jellyfish/2 routes ten distinct expressions
ok 949 - jellyfish/2 routes ten distinct expressions
  ---
  duration_ms: 0.104825
  type: 'test'
  ...
# Subtest: jellyfish/3 routes ten distinct expressions
ok 950 - jellyfish/3 routes ten distinct expressions
  ---
  duration_ms: 0.083274
  type: 'test'
  ...
# Subtest: jellyfish/4 routes ten distinct expressions
ok 951 - jellyfish/4 routes ten distinct expressions
  ---
  duration_ms: 0.152527
  type: 'test'
  ...
# Subtest: jellyfish/5 routes ten distinct expressions
ok 952 - jellyfish/5 routes ten distinct expressions
  ---
  duration_ms: 0.092718
  type: 'test'
  ...
# Subtest: jellyfish/6 routes ten distinct expressions
ok 953 - jellyfish/6 routes ten distinct expressions
  ---
  duration_ms: 0.097735
  type: 'test'
  ...
# Subtest: jellyfish/7 routes ten distinct expressions
ok 954 - jellyfish/7 routes ten distinct expressions
  ---
  duration_ms: 0.152717
  type: 'test'
  ...
# Subtest: jellyfish/8 routes ten distinct expressions
ok 955 - jellyfish/8 routes ten distinct expressions
  ---
  duration_ms: 0.125226
  type: 'test'
  ...
# Subtest: starfish/1 routes ten distinct expressions
ok 956 - starfish/1 routes ten distinct expressions
  ---
  duration_ms: 0.103354
  type: 'test'
  ...
# Subtest: starfish/2 routes ten distinct expressions
ok 957 - starfish/2 routes ten distinct expressions
  ---
  duration_ms: 0.08757
  type: 'test'
  ...
# Subtest: starfish/3 routes ten distinct expressions
ok 958 - starfish/3 routes ten distinct expressions
  ---
  duration_ms: 0.166216
  type: 'test'
  ...
# Subtest: starfish/4 routes ten distinct expressions
ok 959 - starfish/4 routes ten distinct expressions
  ---
  duration_ms: 0.114831
  type: 'test'
  ...
# Subtest: starfish/5 routes ten distinct expressions
ok 960 - starfish/5 routes ten distinct expressions
  ---
  duration_ms: 0.131465
  type: 'test'
  ...
# Subtest: starfish/6 routes ten distinct expressions
ok 961 - starfish/6 routes ten distinct expressions
  ---
  duration_ms: 0.091967
  type: 'test'
  ...
# Subtest: starfish/7 routes ten distinct expressions
ok 962 - starfish/7 routes ten distinct expressions
  ---
  duration_ms: 0.08732
  type: 'test'
  ...
# Subtest: starfish/8 routes ten distinct expressions
ok 963 - starfish/8 routes ten distinct expressions
  ---
  duration_ms: 0.106848
  type: 'test'
  ...
# Subtest: coral/1 routes ten distinct expressions
ok 964 - coral/1 routes ten distinct expressions
  ---
  duration_ms: 0.08044
  type: 'test'
  ...
# Subtest: coral/2 routes ten distinct expressions
ok 965 - coral/2 routes ten distinct expressions
  ---
  duration_ms: 0.072418
  type: 'test'
  ...
# Subtest: coral/3 routes ten distinct expressions
ok 966 - coral/3 routes ten distinct expressions
  ---
  duration_ms: 0.110634
  type: 'test'
  ...
# Subtest: coral/4 routes ten distinct expressions
ok 967 - coral/4 routes ten distinct expressions
  ---
  duration_ms: 0.076904
  type: 'test'
  ...
# Subtest: coral/5 routes ten distinct expressions
ok 968 - coral/5 routes ten distinct expressions
  ---
  duration_ms: 0.074541
  type: 'test'
  ...
# Subtest: coral/6 routes ten distinct expressions
ok 969 - coral/6 routes ten distinct expressions
  ---
  duration_ms: 0.08102
  type: 'test'
  ...
# Subtest: coral/7 routes ten distinct expressions
ok 970 - coral/7 routes ten distinct expressions
  ---
  duration_ms: 0.077434
  type: 'test'
  ...
# Subtest: coral/8 routes ten distinct expressions
ok 971 - coral/8 routes ten distinct expressions
  ---
  duration_ms: 0.081501
  type: 'test'
  ...
# Subtest: butterfly/1 routes ten distinct expressions
ok 972 - butterfly/1 routes ten distinct expressions
  ---
  duration_ms: 0.138025
  type: 'test'
  ...
# Subtest: butterfly/2 routes ten distinct expressions
ok 973 - butterfly/2 routes ten distinct expressions
  ---
  duration_ms: 0.095272
  type: 'test'
  ...
# Subtest: butterfly/3 routes ten distinct expressions
ok 974 - butterfly/3 routes ten distinct expressions
  ---
  duration_ms: 0.075352
  type: 'test'
  ...
# Subtest: butterfly/4 routes ten distinct expressions
ok 975 - butterfly/4 routes ten distinct expressions
  ---
  duration_ms: 0.098286
  type: 'test'
  ...
# Subtest: butterfly/5 routes ten distinct expressions
ok 976 - butterfly/5 routes ten distinct expressions
  ---
  duration_ms: 0.082061
  type: 'test'
  ...
# Subtest: butterfly/6 routes ten distinct expressions
ok 977 - butterfly/6 routes ten distinct expressions
  ---
  duration_ms: 0.099417
  type: 'test'
  ...
# Subtest: butterfly/7 routes ten distinct expressions
ok 978 - butterfly/7 routes ten distinct expressions
  ---
  duration_ms: 0.083503
  type: 'test'
  ...
# Subtest: butterfly/8 routes ten distinct expressions
ok 979 - butterfly/8 routes ten distinct expressions
  ---
  duration_ms: 0.075071
  type: 'test'
  ...
# Subtest: beetle/1 routes ten distinct expressions
ok 980 - beetle/1 routes ten distinct expressions
  ---
  duration_ms: 0.106037
  type: 'test'
  ...
# Subtest: beetle/2 routes ten distinct expressions
ok 981 - beetle/2 routes ten distinct expressions
  ---
  duration_ms: 0.100689
  type: 'test'
  ...
# Subtest: beetle/3 routes ten distinct expressions
ok 982 - beetle/3 routes ten distinct expressions
  ---
  duration_ms: 0.086789
  type: 'test'
  ...
# Subtest: beetle/4 routes ten distinct expressions
ok 983 - beetle/4 routes ten distinct expressions
  ---
  duration_ms: 0.08096
  type: 'test'
  ...
# Subtest: beetle/5 routes ten distinct expressions
ok 984 - beetle/5 routes ten distinct expressions
  ---
  duration_ms: 0.085427
  type: 'test'
  ...
# Subtest: beetle/6 routes ten distinct expressions
ok 985 - beetle/6 routes ten distinct expressions
  ---
  duration_ms: 0.073479
  type: 'test'
  ...
# Subtest: beetle/7 routes ten distinct expressions
ok 986 - beetle/7 routes ten distinct expressions
  ---
  duration_ms: 0.144214
  type: 'test'
  ...
# Subtest: beetle/8 routes ten distinct expressions
ok 987 - beetle/8 routes ten distinct expressions
  ---
  duration_ms: 0.144074
  type: 'test'
  ...
# Subtest: stagbeetle/1 routes ten distinct expressions
ok 988 - stagbeetle/1 routes ten distinct expressions
  ---
  duration_ms: 0.13546
  type: 'test'
  ...
# Subtest: stagbeetle/2 routes ten distinct expressions
ok 989 - stagbeetle/2 routes ten distinct expressions
  ---
  duration_ms: 0.133208
  type: 'test'
  ...
# Subtest: stagbeetle/3 routes ten distinct expressions
ok 990 - stagbeetle/3 routes ten distinct expressions
  ---
  duration_ms: 0.092026
  type: 'test'
  ...
# Subtest: stagbeetle/4 routes ten distinct expressions
ok 991 - stagbeetle/4 routes ten distinct expressions
  ---
  duration_ms: 0.086718
  type: 'test'
  ...
# Subtest: stagbeetle/5 routes ten distinct expressions
ok 992 - stagbeetle/5 routes ten distinct expressions
  ---
  duration_ms: 0.08742
  type: 'test'
  ...
# Subtest: stagbeetle/6 routes ten distinct expressions
ok 993 - stagbeetle/6 routes ten distinct expressions
  ---
  duration_ms: 0.079679
  type: 'test'
  ...
# Subtest: stagbeetle/7 routes ten distinct expressions
ok 994 - stagbeetle/7 routes ten distinct expressions
  ---
  duration_ms: 0.076454
  type: 'test'
  ...
# Subtest: stagbeetle/8 routes ten distinct expressions
ok 995 - stagbeetle/8 routes ten distinct expressions
  ---
  duration_ms: 0.272164
  type: 'test'
  ...
# Subtest: cicada/1 routes ten distinct expressions
ok 996 - cicada/1 routes ten distinct expressions
  ---
  duration_ms: 0.094901
  type: 'test'
  ...
# Subtest: cicada/2 routes ten distinct expressions
ok 997 - cicada/2 routes ten distinct expressions
  ---
  duration_ms: 0.074871
  type: 'test'
  ...
# Subtest: cicada/3 routes ten distinct expressions
ok 998 - cicada/3 routes ten distinct expressions
  ---
  duration_ms: 0.079759
  type: 'test'
  ...
# Subtest: cicada/4 routes ten distinct expressions
ok 999 - cicada/4 routes ten distinct expressions
  ---
  duration_ms: 0.082022
  type: 'test'
  ...
# Subtest: cicada/5 routes ten distinct expressions
ok 1000 - cicada/5 routes ten distinct expressions
  ---
  duration_ms: 0.08087
  type: 'test'
  ...
# Subtest: cicada/6 routes ten distinct expressions
ok 1001 - cicada/6 routes ten distinct expressions
  ---
  duration_ms: 0.078827
  type: 'test'
  ...
# Subtest: cicada/7 routes ten distinct expressions
ok 1002 - cicada/7 routes ten distinct expressions
  ---
  duration_ms: 0.1213
  type: 'test'
  ...
# Subtest: cicada/8 routes ten distinct expressions
ok 1003 - cicada/8 routes ten distinct expressions
  ---
  duration_ms: 0.124665
  type: 'test'
  ...
# Subtest: antlion/1 routes ten distinct expressions
ok 1004 - antlion/1 routes ten distinct expressions
  ---
  duration_ms: 0.085537
  type: 'test'
  ...
# Subtest: antlion/2 routes ten distinct expressions
ok 1005 - antlion/2 routes ten distinct expressions
  ---
  duration_ms: 0.086078
  type: 'test'
  ...
# Subtest: antlion/3 routes ten distinct expressions
ok 1006 - antlion/3 routes ten distinct expressions
  ---
  duration_ms: 0.08107
  type: 'test'
  ...
# Subtest: antlion/4 routes ten distinct expressions
ok 1007 - antlion/4 routes ten distinct expressions
  ---
  duration_ms: 0.132617
  type: 'test'
  ...
# Subtest: antlion/5 routes ten distinct expressions
ok 1008 - antlion/5 routes ten distinct expressions
  ---
  duration_ms: 0.08776
  type: 'test'
  ...
# Subtest: antlion/6 routes ten distinct expressions
ok 1009 - antlion/6 routes ten distinct expressions
  ---
  duration_ms: 0.735821
  type: 'test'
  ...
# Subtest: antlion/7 routes ten distinct expressions
ok 1010 - antlion/7 routes ten distinct expressions
  ---
  duration_ms: 0.161059
  type: 'test'
  ...
# Subtest: antlion/8 routes ten distinct expressions
ok 1011 - antlion/8 routes ten distinct expressions
  ---
  duration_ms: 0.090824
  type: 'test'
  ...
# Subtest: dandelion/1 routes ten distinct expressions
ok 1012 - dandelion/1 routes ten distinct expressions
  ---
  duration_ms: 0.090584
  type: 'test'
  ...
# Subtest: dandelion/2 routes ten distinct expressions
ok 1013 - dandelion/2 routes ten distinct expressions
  ---
  duration_ms: 0.089262
  type: 'test'
  ...
# Subtest: dandelion/3 routes ten distinct expressions
ok 1014 - dandelion/3 routes ten distinct expressions
  ---
  duration_ms: 6.538289
  type: 'test'
  ...
# Subtest: dandelion/4 routes ten distinct expressions
ok 1015 - dandelion/4 routes ten distinct expressions
  ---
  duration_ms: 0.321317
  type: 'test'
  ...
# Subtest: dandelion/5 routes ten distinct expressions
ok 1016 - dandelion/5 routes ten distinct expressions
  ---
  duration_ms: 0.097575
  type: 'test'
  ...
# Subtest: dandelion/6 routes ten distinct expressions
ok 1017 - dandelion/6 routes ten distinct expressions
  ---
  duration_ms: 0.100258
  type: 'test'
  ...
# Subtest: dandelion/7 routes ten distinct expressions
ok 1018 - dandelion/7 routes ten distinct expressions
  ---
  duration_ms: 0.111045
  type: 'test'
  ...
# Subtest: dandelion/8 routes ten distinct expressions
ok 1019 - dandelion/8 routes ten distinct expressions
  ---
  duration_ms: 0.084586
  type: 'test'
  ...
# Subtest: sakura/1 routes ten distinct expressions
ok 1020 - sakura/1 routes ten distinct expressions
  ---
  duration_ms: 0.076874
  type: 'test'
  ...
# Subtest: sakura/2 routes ten distinct expressions
ok 1021 - sakura/2 routes ten distinct expressions
  ---
  duration_ms: 0.074851
  type: 'test'
  ...
# Subtest: sakura/3 routes ten distinct expressions
ok 1022 - sakura/3 routes ten distinct expressions
  ---
  duration_ms: 0.071827
  type: 'test'
  ...
# Subtest: sakura/4 routes ten distinct expressions
ok 1023 - sakura/4 routes ten distinct expressions
  ---
  duration_ms: 0.076483
  type: 'test'
  ...
# Subtest: sakura/5 routes ten distinct expressions
ok 1024 - sakura/5 routes ten distinct expressions
  ---
  duration_ms: 0.073739
  type: 'test'
  ...
# Subtest: sakura/6 routes ten distinct expressions
ok 1025 - sakura/6 routes ten distinct expressions
  ---
  duration_ms: 0.065528
  type: 'test'
  ...
# Subtest: sakura/7 routes ten distinct expressions
ok 1026 - sakura/7 routes ten distinct expressions
  ---
  duration_ms: 0.105156
  type: 'test'
  ...
# Subtest: sakura/8 routes ten distinct expressions
ok 1027 - sakura/8 routes ten distinct expressions
  ---
  duration_ms: 0.199566
  type: 'test'
  ...
# Subtest: venus_flytrap/1 routes ten distinct expressions
ok 1028 - venus_flytrap/1 routes ten distinct expressions
  ---
  duration_ms: 0.364892
  type: 'test'
  ...
# Subtest: venus_flytrap/2 routes ten distinct expressions
ok 1029 - venus_flytrap/2 routes ten distinct expressions
  ---
  duration_ms: 0.166237
  type: 'test'
  ...
# Subtest: venus_flytrap/3 routes ten distinct expressions
ok 1030 - venus_flytrap/3 routes ten distinct expressions
  ---
  duration_ms: 0.096863
  type: 'test'
  ...
# Subtest: venus_flytrap/4 routes ten distinct expressions
ok 1031 - venus_flytrap/4 routes ten distinct expressions
  ---
  duration_ms: 0.131375
  type: 'test'
  ...
# Subtest: venus_flytrap/5 routes ten distinct expressions
ok 1032 - venus_flytrap/5 routes ten distinct expressions
  ---
  duration_ms: 0.077325
  type: 'test'
  ...
# Subtest: venus_flytrap/6 routes ten distinct expressions
ok 1033 - venus_flytrap/6 routes ten distinct expressions
  ---
  duration_ms: 0.070494
  type: 'test'
  ...
# Subtest: venus_flytrap/7 routes ten distinct expressions
ok 1034 - venus_flytrap/7 routes ten distinct expressions
  ---
  duration_ms: 0.06734
  type: 'test'
  ...
# Subtest: venus_flytrap/8 routes ten distinct expressions
ok 1035 - venus_flytrap/8 routes ten distinct expressions
  ---
  duration_ms: 0.070715
  type: 'test'
  ...
# Subtest: mushroom/1 routes ten distinct expressions
ok 1036 - mushroom/1 routes ten distinct expressions
  ---
  duration_ms: 0.07439
  type: 'test'
  ...
# Subtest: mushroom/2 routes ten distinct expressions
ok 1037 - mushroom/2 routes ten distinct expressions
  ---
  duration_ms: 0.068582
  type: 'test'
  ...
# Subtest: mushroom/3 routes ten distinct expressions
ok 1038 - mushroom/3 routes ten distinct expressions
  ---
  duration_ms: 0.066549
  type: 'test'
  ...
# Subtest: mushroom/4 routes ten distinct expressions
ok 1039 - mushroom/4 routes ten distinct expressions
  ---
  duration_ms: 0.066509
  type: 'test'
  ...
# Subtest: mushroom/5 routes ten distinct expressions
ok 1040 - mushroom/5 routes ten distinct expressions
  ---
  duration_ms: 0.070564
  type: 'test'
  ...
# Subtest: mushroom/6 routes ten distinct expressions
ok 1041 - mushroom/6 routes ten distinct expressions
  ---
  duration_ms: 0.12157
  type: 'test'
  ...
# Subtest: mushroom/7 routes ten distinct expressions
ok 1042 - mushroom/7 routes ten distinct expressions
  ---
  duration_ms: 0.103794
  type: 'test'
  ...
# Subtest: mushroom/8 routes ten distinct expressions
ok 1043 - mushroom/8 routes ten distinct expressions
  ---
  duration_ms: 0.079918
  type: 'test'
  ...
# Subtest: dragon/1 routes ten distinct expressions
ok 1044 - dragon/1 routes ten distinct expressions
  ---
  duration_ms: 0.07424
  type: 'test'
  ...
# Subtest: dragon/2 routes ten distinct expressions
ok 1045 - dragon/2 routes ten distinct expressions
  ---
  duration_ms: 0.064385
  type: 'test'
  ...
# Subtest: dragon/3 routes ten distinct expressions
ok 1046 - dragon/3 routes ten distinct expressions
  ---
  duration_ms: 0.082031
  type: 'test'
  ...
# Subtest: dragon/4 routes ten distinct expressions
ok 1047 - dragon/4 routes ten distinct expressions
  ---
  duration_ms: 0.095351
  type: 'test'
  ...
# Subtest: dragon/5 routes ten distinct expressions
ok 1048 - dragon/5 routes ten distinct expressions
  ---
  duration_ms: 0.078747
  type: 'test'
  ...
# Subtest: dragon/6 routes ten distinct expressions
ok 1049 - dragon/6 routes ten distinct expressions
  ---
  duration_ms: 0.069764
  type: 'test'
  ...
# Subtest: dragon/7 routes ten distinct expressions
ok 1050 - dragon/7 routes ten distinct expressions
  ---
  duration_ms: 0.102832
  type: 'test'
  ...
# Subtest: dragon/8 routes ten distinct expressions
ok 1051 - dragon/8 routes ten distinct expressions
  ---
  duration_ms: 0.074491
  type: 'test'
  ...
# Subtest: phoenix/1 routes ten distinct expressions
ok 1052 - phoenix/1 routes ten distinct expressions
  ---
  duration_ms: 0.066419
  type: 'test'
  ...
# Subtest: phoenix/2 routes ten distinct expressions
ok 1053 - phoenix/2 routes ten distinct expressions
  ---
  duration_ms: 0.06723
  type: 'test'
  ...
# Subtest: phoenix/3 routes ten distinct expressions
ok 1054 - phoenix/3 routes ten distinct expressions
  ---
  duration_ms: 0.071396
  type: 'test'
  ...
# Subtest: phoenix/4 routes ten distinct expressions
ok 1055 - phoenix/4 routes ten distinct expressions
  ---
  duration_ms: 0.065477
  type: 'test'
  ...
# Subtest: phoenix/5 routes ten distinct expressions
ok 1056 - phoenix/5 routes ten distinct expressions
  ---
  duration_ms: 0.066259
  type: 'test'
  ...
# Subtest: phoenix/6 routes ten distinct expressions
ok 1057 - phoenix/6 routes ten distinct expressions
  ---
  duration_ms: 0.090274
  type: 'test'
  ...
# Subtest: phoenix/7 routes ten distinct expressions
ok 1058 - phoenix/7 routes ten distinct expressions
  ---
  duration_ms: 0.077735
  type: 'test'
  ...
# Subtest: phoenix/8 routes ten distinct expressions
ok 1059 - phoenix/8 routes ten distinct expressions
  ---
  duration_ms: 3.856451
  type: 'test'
  ...
# Subtest: god/1 routes ten distinct expressions
ok 1060 - god/1 routes ten distinct expressions
  ---
  duration_ms: 0.135982
  type: 'test'
  ...
# Subtest: god/2 routes ten distinct expressions
ok 1061 - god/2 routes ten distinct expressions
  ---
  duration_ms: 0.093278
  type: 'test'
  ...
# Subtest: god/3 routes ten distinct expressions
ok 1062 - god/3 routes ten distinct expressions
  ---
  duration_ms: 0.079979
  type: 'test'
  ...
# Subtest: god/4 routes ten distinct expressions
ok 1063 - god/4 routes ten distinct expressions
  ---
  duration_ms: 0.081241
  type: 'test'
  ...
# Subtest: god/5 routes ten distinct expressions
ok 1064 - god/5 routes ten distinct expressions
  ---
  duration_ms: 0.073579
  type: 'test'
  ...
# Subtest: god/6 routes ten distinct expressions
ok 1065 - god/6 routes ten distinct expressions
  ---
  duration_ms: 0.071546
  type: 'test'
  ...
# Subtest: god/7 routes ten distinct expressions
ok 1066 - god/7 routes ten distinct expressions
  ---
  duration_ms: 0.140719
  type: 'test'
  ...
# Subtest: god/8 routes ten distinct expressions
ok 1067 - god/8 routes ten distinct expressions
  ---
  duration_ms: 0.084094
  type: 'test'
  ...
# Subtest: world_tree/1 routes ten distinct expressions
ok 1068 - world_tree/1 routes ten distinct expressions
  ---
  duration_ms: 0.113669
  type: 'test'
  ...
# Subtest: world_tree/2 routes ten distinct expressions
ok 1069 - world_tree/2 routes ten distinct expressions
  ---
  duration_ms: 0.081691
  type: 'test'
  ...
# Subtest: world_tree/3 routes ten distinct expressions
ok 1070 - world_tree/3 routes ten distinct expressions
  ---
  duration_ms: 0.068742
  type: 'test'
  ...
# Subtest: world_tree/4 routes ten distinct expressions
ok 1071 - world_tree/4 routes ten distinct expressions
  ---
  duration_ms: 0.0673
  type: 'test'
  ...
# Subtest: world_tree/5 routes ten distinct expressions
ok 1072 - world_tree/5 routes ten distinct expressions
  ---
  duration_ms: 0.068641
  type: 'test'
  ...
# Subtest: world_tree/6 routes ten distinct expressions
ok 1073 - world_tree/6 routes ten distinct expressions
  ---
  duration_ms: 0.075421
  type: 'test'
  ...
# Subtest: world_tree/7 routes ten distinct expressions
ok 1074 - world_tree/7 routes ten distinct expressions
  ---
  duration_ms: 0.07425
  type: 'test'
  ...
# Subtest: world_tree/8 routes ten distinct expressions
ok 1075 - world_tree/8 routes ten distinct expressions
  ---
  duration_ms: 0.104495
  type: 'test'
  ...
# Subtest: ghost/1 routes ten distinct expressions
ok 1076 - ghost/1 routes ten distinct expressions
  ---
  duration_ms: 0.070224
  type: 'test'
  ...
# Subtest: ghost/2 routes ten distinct expressions
ok 1077 - ghost/2 routes ten distinct expressions
  ---
  duration_ms: 0.073018
  type: 'test'
  ...
# Subtest: ghost/3 routes ten distinct expressions
ok 1078 - ghost/3 routes ten distinct expressions
  ---
  duration_ms: 0.105326
  type: 'test'
  ...
# Subtest: ghost/4 routes ten distinct expressions
ok 1079 - ghost/4 routes ten distinct expressions
  ---
  duration_ms: 0.08106
  type: 'test'
  ...
# Subtest: ghost/5 routes ten distinct expressions
ok 1080 - ghost/5 routes ten distinct expressions
  ---
  duration_ms: 0.067409
  type: 'test'
  ...
# Subtest: ghost/6 routes ten distinct expressions
ok 1081 - ghost/6 routes ten distinct expressions
  ---
  duration_ms: 0.070715
  type: 'test'
  ...
# Subtest: ghost/7 routes ten distinct expressions
ok 1082 - ghost/7 routes ten distinct expressions
  ---
  duration_ms: 0.065317
  type: 'test'
  ...
# Subtest: ghost/8 routes ten distinct expressions
ok 1083 - ghost/8 routes ten distinct expressions
  ---
  duration_ms: 0.071956
  type: 'test'
  ...
# Subtest: star/1 routes ten distinct expressions
ok 1084 - star/1 routes ten distinct expressions
  ---
  duration_ms: 0.073038
  type: 'test'
  ...
# Subtest: star/2 routes ten distinct expressions
ok 1085 - star/2 routes ten distinct expressions
  ---
  duration_ms: 0.064075
  type: 'test'
  ...
# Subtest: star/3 routes ten distinct expressions
ok 1086 - star/3 routes ten distinct expressions
  ---
  duration_ms: 0.063464
  type: 'test'
  ...
# Subtest: star/4 routes ten distinct expressions
ok 1087 - star/4 routes ten distinct expressions
  ---
  duration_ms: 0.065757
  type: 'test'
  ...
# Subtest: star/5 routes ten distinct expressions
ok 1088 - star/5 routes ten distinct expressions
  ---
  duration_ms: 0.069874
  type: 'test'
  ...
# Subtest: star/6 routes ten distinct expressions
ok 1089 - star/6 routes ten distinct expressions
  ---
  duration_ms: 0.165675
  type: 'test'
  ...
# Subtest: star/7 routes ten distinct expressions
ok 1090 - star/7 routes ten distinct expressions
  ---
  duration_ms: 0.123353
  type: 'test'
  ...
# Subtest: star/8 routes ten distinct expressions
ok 1091 - star/8 routes ten distinct expressions
  ---
  duration_ms: 0.078586
  type: 'test'
  ...
# Subtest: plush/1 routes ten distinct expressions
ok 1092 - plush/1 routes ten distinct expressions
  ---
  duration_ms: 0.06747
  type: 'test'
  ...
# Subtest: plush/2 routes ten distinct expressions
ok 1093 - plush/2 routes ten distinct expressions
  ---
  duration_ms: 0.073219
  type: 'test'
  ...
# Subtest: plush/3 routes ten distinct expressions
ok 1094 - plush/3 routes ten distinct expressions
  ---
  duration_ms: 0.064586
  type: 'test'
  ...
# Subtest: plush/4 routes ten distinct expressions
ok 1095 - plush/4 routes ten distinct expressions
  ---
  duration_ms: 0.071616
  type: 'test'
  ...
# Subtest: plush/5 routes ten distinct expressions
ok 1096 - plush/5 routes ten distinct expressions
  ---
  duration_ms: 0.071656
  type: 'test'
  ...
# Subtest: plush/6 routes ten distinct expressions
ok 1097 - plush/6 routes ten distinct expressions
  ---
  duration_ms: 0.077525
  type: 'test'
  ...
# Subtest: plush/7 routes ten distinct expressions
ok 1098 - plush/7 routes ten distinct expressions
  ---
  duration_ms: 0.073168
  type: 'test'
  ...
# Subtest: plush/8 routes ten distinct expressions
ok 1099 - plush/8 routes ten distinct expressions
  ---
  duration_ms: 0.118916
  type: 'test'
  ...
# Subtest: unknown/1 routes ten distinct expressions
ok 1100 - unknown/1 routes ten distinct expressions
  ---
  duration_ms: 0.070745
  type: 'test'
  ...
# Subtest: unknown/2 routes ten distinct expressions
ok 1101 - unknown/2 routes ten distinct expressions
  ---
  duration_ms: 0.070825
  type: 'test'
  ...
# Subtest: unknown/3 routes ten distinct expressions
ok 1102 - unknown/3 routes ten distinct expressions
  ---
  duration_ms: 0.071275
  type: 'test'
  ...
# Subtest: unknown/4 routes ten distinct expressions
ok 1103 - unknown/4 routes ten distinct expressions
  ---
  duration_ms: 0.067079
  type: 'test'
  ...
# Subtest: unknown/5 routes ten distinct expressions
ok 1104 - unknown/5 routes ten distinct expressions
  ---
  duration_ms: 0.063685
  type: 'test'
  ...
# Subtest: unknown/6 routes ten distinct expressions
ok 1105 - unknown/6 routes ten distinct expressions
  ---
  duration_ms: 0.065738
  type: 'test'
  ...
# Subtest: unknown/7 routes ten distinct expressions
ok 1106 - unknown/7 routes ten distinct expressions
  ---
  duration_ms: 0.071085
  type: 'test'
  ...
# Subtest: unknown/8 routes ten distinct expressions
ok 1107 - unknown/8 routes ten distinct expressions
  ---
  duration_ms: 0.068822
  type: 'test'
  ...
# Subtest: ren/1 routes ten distinct expressions
ok 1108 - ren/1 routes ten distinct expressions
  ---
  duration_ms: 0.068001
  type: 'test'
  ...
# Subtest: ren/2 routes ten distinct expressions
ok 1109 - ren/2 routes ten distinct expressions
  ---
  duration_ms: 0.066208
  type: 'test'
  ...
# Subtest: ren/3 routes ten distinct expressions
ok 1110 - ren/3 routes ten distinct expressions
  ---
  duration_ms: 0.102963
  type: 'test'
  ...
# Subtest: ren/4 routes ten distinct expressions
ok 1111 - ren/4 routes ten distinct expressions
  ---
  duration_ms: 0.069032
  type: 'test'
  ...
# Subtest: ren/5 routes ten distinct expressions
ok 1112 - ren/5 routes ten distinct expressions
  ---
  duration_ms: 0.066579
  type: 'test'
  ...
# Subtest: ren/6 routes ten distinct expressions
ok 1113 - ren/6 routes ten distinct expressions
  ---
  duration_ms: 0.072167
  type: 'test'
  ...
# Subtest: ren/7 routes ten distinct expressions
ok 1114 - ren/7 routes ten distinct expressions
  ---
  duration_ms: 0.136072
  type: 'test'
  ...
# Subtest: ren/8 routes ten distinct expressions
ok 1115 - ren/8 routes ten distinct expressions
  ---
  duration_ms: 0.122402
  type: 'test'
  ...
# Subtest: frog and clownfish use distinct species-appropriate hunger marks
ok 1116 - frog and clownfish use distinct species-appropriate hunger marks
  ---
  duration_ms: 0.23641
  type: 'test'
  ...
# Subtest: salmon/1 renders a food mark with normal/unknown fallback intact
ok 1117 - salmon/1 renders a food mark with normal/unknown fallback intact
  ---
  duration_ms: 3.663264
  type: 'test'
  ...
# Subtest: salmon/2 renders a food mark with normal/unknown fallback intact
ok 1118 - salmon/2 renders a food mark with normal/unknown fallback intact
  ---
  duration_ms: 0.293425
  type: 'test'
  ...
# Subtest: salmon/3 renders a food mark with normal/unknown fallback intact
ok 1119 - salmon/3 renders a food mark with normal/unknown fallback intact
  ---
  duration_ms: 0.1954
  type: 'test'
  ...
# Subtest: salmon/4 renders a food mark with normal/unknown fallback intact
ok 1120 - salmon/4 renders a food mark with normal/unknown fallback intact
  ---
  duration_ms: 0.126919
  type: 'test'
  ...
# Subtest: salmon/5 renders a food mark with normal/unknown fallback intact
ok 1121 - salmon/5 renders a food mark with normal/unknown fallback intact
  ---
  duration_ms: 0.124445
  type: 'test'
  ...
# Subtest: salmon/6 renders a food mark with normal/unknown fallback intact
ok 1122 - salmon/6 renders a food mark with normal/unknown fallback intact
  ---
  duration_ms: 0.098056
  type: 'test'
  ...
# Subtest: salmon/7 renders a food mark with normal/unknown fallback intact
ok 1123 - salmon/7 renders a food mark with normal/unknown fallback intact
  ---
  duration_ms: 0.083694
  type: 'test'
  ...
# Subtest: salmon/8 renders a food mark with normal/unknown fallback intact
ok 1124 - salmon/8 renders a food mark with normal/unknown fallback intact
  ---
  duration_ms: 0.14824
  type: 'test'
  ...
# Subtest: hermit_crab/1 renders a food mark with normal/unknown fallback intact
ok 1125 - hermit_crab/1 renders a food mark with normal/unknown fallback intact
  ---
  duration_ms: 0.371642
  type: 'test'
  ...
# Subtest: hermit_crab/2 renders a food mark with normal/unknown fallback intact
ok 1126 - hermit_crab/2 renders a food mark with normal/unknown fallback intact
  ---
  duration_ms: 0.096613
  type: 'test'
  ...
# Subtest: hermit_crab/3 renders a food mark with normal/unknown fallback intact
ok 1127 - hermit_crab/3 renders a food mark with normal/unknown fallback intact
  ---
  duration_ms: 0.125156
  type: 'test'
  ...
# Subtest: hermit_crab/4 renders a food mark with normal/unknown fallback intact
ok 1128 - hermit_crab/4 renders a food mark with normal/unknown fallback intact
  ---
  duration_ms: 0.099307
  type: 'test'
  ...
# Subtest: hermit_crab/5 renders a food mark with normal/unknown fallback intact
ok 1129 - hermit_crab/5 renders a food mark with normal/unknown fallback intact
  ---
  duration_ms: 0.692787
  type: 'test'
  ...
# Subtest: hermit_crab/6 renders a food mark with normal/unknown fallback intact
ok 1130 - hermit_crab/6 renders a food mark with normal/unknown fallback intact
  ---
  duration_ms: 0.122772
  type: 'test'
  ...
# Subtest: hermit_crab/7 renders a food mark with normal/unknown fallback intact
ok 1131 - hermit_crab/7 renders a food mark with normal/unknown fallback intact
  ---
  duration_ms: 0.131204
  type: 'test'
  ...
# Subtest: hermit_crab/8 renders a food mark with normal/unknown fallback intact
ok 1132 - hermit_crab/8 renders a food mark with normal/unknown fallback intact
  ---
  duration_ms: 0.083965
  type: 'test'
  ...
# Subtest: jellyfish/1 renders a food mark with normal/unknown fallback intact
ok 1133 - jellyfish/1 renders a food mark with normal/unknown fallback intact
  ---
  duration_ms: 0.250591
  type: 'test'
  ...
# Subtest: jellyfish/2 renders a food mark with normal/unknown fallback intact
ok 1134 - jellyfish/2 renders a food mark with normal/unknown fallback intact
  ---
  duration_ms: 0.091425
  type: 'test'
  ...
# Subtest: jellyfish/3 renders a food mark with normal/unknown fallback intact
ok 1135 - jellyfish/3 renders a food mark with normal/unknown fallback intact
  ---
  duration_ms: 0.072218
  type: 'test'
  ...
# Subtest: jellyfish/4 renders a food mark with normal/unknown fallback intact
ok 1136 - jellyfish/4 renders a food mark with normal/unknown fallback intact
  ---
  duration_ms: 0.064826
  type: 'test'
  ...
# Subtest: jellyfish/5 renders a food mark with normal/unknown fallback intact
ok 1137 - jellyfish/5 renders a food mark with normal/unknown fallback intact
  ---
  duration_ms: 0.10782
  type: 'test'
  ...
# Subtest: jellyfish/6 renders a food mark with normal/unknown fallback intact
ok 1138 - jellyfish/6 renders a food mark with normal/unknown fallback intact
  ---
  duration_ms: 0.092367
  type: 'test'
  ...
# Subtest: jellyfish/7 renders a food mark with normal/unknown fallback intact
ok 1139 - jellyfish/7 renders a food mark with normal/unknown fallback intact
  ---
  duration_ms: 0.067751
  type: 'test'
  ...
# Subtest: jellyfish/8 renders a food mark with normal/unknown fallback intact
ok 1140 - jellyfish/8 renders a food mark with normal/unknown fallback intact
  ---
  duration_ms: 0.096543
  type: 'test'
  ...
# Subtest: starfish/1 renders a food mark with normal/unknown fallback intact
ok 1141 - starfish/1 renders a food mark with normal/unknown fallback intact
  ---
  duration_ms: 0.231023
  type: 'test'
  ...
# Subtest: starfish/2 renders a food mark with normal/unknown fallback intact
ok 1142 - starfish/2 renders a food mark with normal/unknown fallback intact
  ---
  duration_ms: 0.114099
  type: 'test'
  ...
# Subtest: starfish/3 renders a food mark with normal/unknown fallback intact
ok 1143 - starfish/3 renders a food mark with normal/unknown fallback intact
  ---
  duration_ms: 0.079708
  type: 'test'
  ...
# Subtest: starfish/4 renders a food mark with normal/unknown fallback intact
ok 1144 - starfish/4 renders a food mark with normal/unknown fallback intact
  ---
  duration_ms: 0.07416
  type: 'test'
  ...
# Subtest: starfish/5 renders a food mark with normal/unknown fallback intact
ok 1145 - starfish/5 renders a food mark with normal/unknown fallback intact
  ---
  duration_ms: 0.112427
  type: 'test'
  ...
# Subtest: starfish/6 renders a food mark with normal/unknown fallback intact
ok 1146 - starfish/6 renders a food mark with normal/unknown fallback intact
  ---
  duration_ms: 0.088711
  type: 'test'
  ...
# Subtest: starfish/7 renders a food mark with normal/unknown fallback intact
ok 1147 - starfish/7 renders a food mark with normal/unknown fallback intact
  ---
  duration_ms: 0.073919
  type: 'test'
  ...
# Subtest: starfish/8 renders a food mark with normal/unknown fallback intact
ok 1148 - starfish/8 renders a food mark with normal/unknown fallback intact
  ---
  duration_ms: 0.127009
  type: 'test'
  ...
# Subtest: coral/1 renders a food mark with normal/unknown fallback intact
ok 1149 - coral/1 renders a food mark with normal/unknown fallback intact
  ---
  duration_ms: 0.272214
  type: 'test'
  ...
# Subtest: coral/2 renders a food mark with normal/unknown fallback intact
ok 1150 - coral/2 renders a food mark with normal/unknown fallback intact
  ---
  duration_ms: 0.095692
  type: 'test'
  ...
# Subtest: coral/3 renders a food mark with normal/unknown fallback intact
ok 1151 - coral/3 renders a food mark with normal/unknown fallback intact
  ---
  duration_ms: 0.072948
  type: 'test'
  ...
# Subtest: coral/4 renders a food mark with normal/unknown fallback intact
ok 1152 - coral/4 renders a food mark with normal/unknown fallback intact
  ---
  duration_ms: 0.089233
  type: 'test'
  ...
# Subtest: coral/5 renders a food mark with normal/unknown fallback intact
ok 1153 - coral/5 renders a food mark with normal/unknown fallback intact
  ---
  duration_ms: 0.11483
  type: 'test'
  ...
# Subtest: coral/6 renders a food mark with normal/unknown fallback intact
ok 1154 - coral/6 renders a food mark with normal/unknown fallback intact
  ---
  duration_ms: 0.070985
  type: 'test'
  ...
# Subtest: coral/7 renders a food mark with normal/unknown fallback intact
ok 1155 - coral/7 renders a food mark with normal/unknown fallback intact
  ---
  duration_ms: 0.062463
  type: 'test'
  ...
# Subtest: coral/8 renders a food mark with normal/unknown fallback intact
ok 1156 - coral/8 renders a food mark with normal/unknown fallback intact
  ---
  duration_ms: 0.061912
  type: 'test'
  ...
# Subtest: butterfly/1 renders a food mark with normal/unknown fallback intact
ok 1157 - butterfly/1 renders a food mark with normal/unknown fallback intact
  ---
  duration_ms: 0.245934
  type: 'test'
  ...
# Subtest: butterfly/2 renders a food mark with normal/unknown fallback intact
ok 1158 - butterfly/2 renders a food mark with normal/unknown fallback intact
  ---
  duration_ms: 0.100309
  type: 'test'
  ...
# Subtest: butterfly/3 renders a food mark with normal/unknown fallback intact
ok 1159 - butterfly/3 renders a food mark with normal/unknown fallback intact
  ---
  duration_ms: 0.074771
  type: 'test'
  ...
# Subtest: butterfly/4 renders a food mark with normal/unknown fallback intact
ok 1160 - butterfly/4 renders a food mark with normal/unknown fallback intact
  ---
  duration_ms: 0.077105
  type: 'test'
  ...
# Subtest: butterfly/5 renders a food mark with normal/unknown fallback intact
ok 1161 - butterfly/5 renders a food mark with normal/unknown fallback intact
  ---
  duration_ms: 0.095431
  type: 'test'
  ...
# Subtest: butterfly/6 renders a food mark with normal/unknown fallback intact
ok 1162 - butterfly/6 renders a food mark with normal/unknown fallback intact
  ---
  duration_ms: 0.06786
  type: 'test'
  ...
# Subtest: butterfly/7 renders a food mark with normal/unknown fallback intact
ok 1163 - butterfly/7 renders a food mark with normal/unknown fallback intact
  ---
  duration_ms: 0.09426
  type: 'test'
  ...
# Subtest: butterfly/8 renders a food mark with normal/unknown fallback intact
ok 1164 - butterfly/8 renders a food mark with normal/unknown fallback intact
  ---
  duration_ms: 0.066769
  type: 'test'
  ...
# Subtest: beetle/1 renders a food mark with normal/unknown fallback intact
ok 1165 - beetle/1 renders a food mark with normal/unknown fallback intact
  ---
  duration_ms: 0.197373
  type: 'test'
  ...
# Subtest: beetle/2 renders a food mark with normal/unknown fallback intact
ok 1166 - beetle/2 renders a food mark with normal/unknown fallback intact
  ---
  duration_ms: 0.079518
  type: 'test'
  ...
# Subtest: beetle/3 renders a food mark with normal/unknown fallback intact
ok 1167 - beetle/3 renders a food mark with normal/unknown fallback intact
  ---
  duration_ms: 0.074701
  type: 'test'
  ...
# Subtest: beetle/4 renders a food mark with normal/unknown fallback intact
ok 1168 - beetle/4 renders a food mark with normal/unknown fallback intact
  ---
  duration_ms: 0.07426
  type: 'test'
  ...
# Subtest: beetle/5 renders a food mark with normal/unknown fallback intact
ok 1169 - beetle/5 renders a food mark with normal/unknown fallback intact
  ---
  duration_ms: 0.071626
  type: 'test'
  ...
# Subtest: beetle/6 renders a food mark with normal/unknown fallback intact
ok 1170 - beetle/6 renders a food mark with normal/unknown fallback intact
  ---
  duration_ms: 0.285894
  type: 'test'
  ...
# Subtest: beetle/7 renders a food mark with normal/unknown fallback intact
ok 1171 - beetle/7 renders a food mark with normal/unknown fallback intact
  ---
  duration_ms: 0.146097
  type: 'test'
  ...
# Subtest: beetle/8 renders a food mark with normal/unknown fallback intact
ok 1172 - beetle/8 renders a food mark with normal/unknown fallback intact
  ---
  duration_ms: 0.078427
  type: 'test'
  ...
# Subtest: stagbeetle/1 renders a food mark with normal/unknown fallback intact
ok 1173 - stagbeetle/1 renders a food mark with normal/unknown fallback intact
  ---
  duration_ms: 0.173888
  type: 'test'
  ...
# Subtest: stagbeetle/2 renders a food mark with normal/unknown fallback intact
ok 1174 - stagbeetle/2 renders a food mark with normal/unknown fallback intact
  ---
  duration_ms: 0.084064
  type: 'test'
  ...
# Subtest: stagbeetle/3 renders a food mark with normal/unknown fallback intact
ok 1175 - stagbeetle/3 renders a food mark with normal/unknown fallback intact
  ---
  duration_ms: 0.076674
  type: 'test'
  ...
# Subtest: stagbeetle/4 renders a food mark with normal/unknown fallback intact
ok 1176 - stagbeetle/4 renders a food mark with normal/unknown fallback intact
  ---
  duration_ms: 0.077034
  type: 'test'
  ...
# Subtest: stagbeetle/5 renders a food mark with normal/unknown fallback intact
ok 1177 - stagbeetle/5 renders a food mark with normal/unknown fallback intact
  ---
  duration_ms: 0.089263
  type: 'test'
  ...
# Subtest: stagbeetle/6 renders a food mark with normal/unknown fallback intact
ok 1178 - stagbeetle/6 renders a food mark with normal/unknown fallback intact
  ---
  duration_ms: 0.081551
  type: 'test'
  ...
# Subtest: stagbeetle/7 renders a food mark with normal/unknown fallback intact
ok 1179 - stagbeetle/7 renders a food mark with normal/unknown fallback intact
  ---
  duration_ms: 0.185835
  type: 'test'
  ...
# Subtest: stagbeetle/8 renders a food mark with normal/unknown fallback intact
ok 1180 - stagbeetle/8 renders a food mark with normal/unknown fallback intact
  ---
  duration_ms: 0.109282
  type: 'test'
  ...
# Subtest: cicada/1 renders a food mark with normal/unknown fallback intact
ok 1181 - cicada/1 renders a food mark with normal/unknown fallback intact
  ---
  duration_ms: 0.193227
  type: 'test'
  ...
# Subtest: cicada/2 renders a food mark with normal/unknown fallback intact
ok 1182 - cicada/2 renders a food mark with normal/unknown fallback intact
  ---
  duration_ms: 0.071817
  type: 'test'
  ...
# Subtest: cicada/3 renders a food mark with normal/unknown fallback intact
ok 1183 - cicada/3 renders a food mark with normal/unknown fallback intact
  ---
  duration_ms: 0.066628
  type: 'test'
  ...
# Subtest: cicada/4 renders a food mark with normal/unknown fallback intact
ok 1184 - cicada/4 renders a food mark with normal/unknown fallback intact
  ---
  duration_ms: 0.066439
  type: 'test'
  ...
# Subtest: cicada/5 renders a food mark with normal/unknown fallback intact
ok 1185 - cicada/5 renders a food mark with normal/unknown fallback intact
  ---
  duration_ms: 0.070775
  type: 'test'
  ...
# Subtest: cicada/6 renders a food mark with normal/unknown fallback intact
ok 1186 - cicada/6 renders a food mark with normal/unknown fallback intact
  ---
  duration_ms: 0.06718
  type: 'test'
  ...
# Subtest: cicada/7 renders a food mark with normal/unknown fallback intact
ok 1187 - cicada/7 renders a food mark with normal/unknown fallback intact
  ---
  duration_ms: 0.109442
  type: 'test'
  ...
# Subtest: cicada/8 renders a food mark with normal/unknown fallback intact
ok 1188 - cicada/8 renders a food mark with normal/unknown fallback intact
  ---
  duration_ms: 0.07439
  type: 'test'
  ...
# Subtest: venus_flytrap uses the shared yellow insect hunger mark
ok 1189 - venus_flytrap uses the shared yellow insect hunger mark
  ---
  duration_ms: 0.130514
  type: 'test'
  ...
# Subtest: unknown/1 exposes face-relative sickness drops and the shared hunger mark
ok 1190 - unknown/1 exposes face-relative sickness drops and the shared hunger mark
  ---
  duration_ms: 0.335607
  type: 'test'
  ...
# Subtest: unknown/2 exposes face-relative sickness drops and the shared hunger mark
ok 1191 - unknown/2 exposes face-relative sickness drops and the shared hunger mark
  ---
  duration_ms: 0.099547
  type: 'test'
  ...
# Subtest: unknown/3 exposes face-relative sickness drops and the shared hunger mark
ok 1192 - unknown/3 exposes face-relative sickness drops and the shared hunger mark
  ---
  duration_ms: 0.0739
  type: 'test'
  ...
# Subtest: unknown/4 exposes face-relative sickness drops and the shared hunger mark
ok 1193 - unknown/4 exposes face-relative sickness drops and the shared hunger mark
  ---
  duration_ms: 0.069053
  type: 'test'
  ...
# Subtest: unknown/5 exposes face-relative sickness drops and the shared hunger mark
ok 1194 - unknown/5 exposes face-relative sickness drops and the shared hunger mark
  ---
  duration_ms: 0.163001
  type: 'test'
  ...
# Subtest: unknown/6 exposes face-relative sickness drops and the shared hunger mark
ok 1195 - unknown/6 exposes face-relative sickness drops and the shared hunger mark
  ---
  duration_ms: 0.089093
  type: 'test'
  ...
# Subtest: unknown/7 exposes face-relative sickness drops and the shared hunger mark
ok 1196 - unknown/7 exposes face-relative sickness drops and the shared hunger mark
  ---
  duration_ms: 0.066378
  type: 'test'
  ...
# Subtest: unknown/8 exposes face-relative sickness drops and the shared hunger mark
ok 1197 - unknown/8 exposes face-relative sickness drops and the shared hunger mark
  ---
  duration_ms: 0.063193
  type: 'test'
  ...
# Subtest: ren/1 uses the shared age-appropriate human hunger artwork
ok 1198 - ren/1 uses the shared age-appropriate human hunger artwork
  ---
  duration_ms: 0.216041
  type: 'test'
  ...
# Subtest: ren/2 uses the shared age-appropriate human hunger artwork
ok 1199 - ren/2 uses the shared age-appropriate human hunger artwork
  ---
  duration_ms: 0.060579
  type: 'test'
  ...
# Subtest: ren/3 uses the shared age-appropriate human hunger artwork
ok 1200 - ren/3 uses the shared age-appropriate human hunger artwork
  ---
  duration_ms: 0.052738
  type: 'test'
  ...
# Subtest: ren/4 uses the shared age-appropriate human hunger artwork
ok 1201 - ren/4 uses the shared age-appropriate human hunger artwork
  ---
  duration_ms: 0.045007
  type: 'test'
  ...
# Subtest: ren/5 uses the shared age-appropriate human hunger artwork
ok 1202 - ren/5 uses the shared age-appropriate human hunger artwork
  ---
  duration_ms: 0.057806
  type: 'test'
  ...
# Subtest: ren/6 uses the shared age-appropriate human hunger artwork
ok 1203 - ren/6 uses the shared age-appropriate human hunger artwork
  ---
  duration_ms: 0.044997
  type: 'test'
  ...
# Subtest: ren/7 uses the shared age-appropriate human hunger artwork
ok 1204 - ren/7 uses the shared age-appropriate human hunger artwork
  ---
  duration_ms: 0.090905
  type: 'test'
  ...
# Subtest: ren/8 uses the shared age-appropriate human hunger artwork
ok 1205 - ren/8 uses the shared age-appropriate human hunger artwork
  ---
  duration_ms: 0.053009
  type: 'test'
  ...
# Subtest: ren/1 exposes face-relative sickness drops
ok 1206 - ren/1 exposes face-relative sickness drops
  ---
  duration_ms: 0.112748
  type: 'test'
  ...
# Subtest: ren/2 exposes face-relative sickness drops
ok 1207 - ren/2 exposes face-relative sickness drops
  ---
  duration_ms: 0.046489
  type: 'test'
  ...
# Subtest: ren/3 exposes face-relative sickness drops
ok 1208 - ren/3 exposes face-relative sickness drops
  ---
  duration_ms: 0.044787
  type: 'test'
  ...
# Subtest: ren/4 exposes face-relative sickness drops
ok 1209 - ren/4 exposes face-relative sickness drops
  ---
  duration_ms: 0.047771
  type: 'test'
  ...
# Subtest: ren/5 exposes face-relative sickness drops
ok 1210 - ren/5 exposes face-relative sickness drops
  ---
  duration_ms: 0.038497
  type: 'test'
  ...
# Subtest: ren/6 exposes face-relative sickness drops
ok 1211 - ren/6 exposes face-relative sickness drops
  ---
  duration_ms: 0.037857
  type: 'test'
  ...
# Subtest: ren/7 exposes face-relative sickness drops
ok 1212 - ren/7 exposes face-relative sickness drops
  ---
  duration_ms: 0.034321
  type: 'test'
  ...
# Subtest: ren/8 exposes face-relative sickness drops
ok 1213 - ren/8 exposes face-relative sickness drops
  ---
  duration_ms: 0.036564
  type: 'test'
  ...
# Subtest: the selected expression mark paints above illness sweat and character art
ok 1214 - the selected expression mark paints above illness sweat and character art
  ---
  duration_ms: 1.614945
  type: 'test'
  ...
1..1214
# tests 1214
# suites 0
# pass 1214
# fail 0
# cancelled 0
# skipped 0
# todo 0
# duration_ms 390678.45427
