TAP version 13
# Subtest: a married partner keeps a readable ring between the couple and clear of every moving character
ok 1 - a married partner keeps a readable ring between the couple and clear of every moving character
  ---
  duration_ms: 9427.622864
  type: 'test'
  ...
# Subtest: a ring keeps companions readable when another arrangement fits at the same main size
ok 2 - a ring keeps companions readable when another arrangement fits at the same main size
  ---
  duration_ms: 12.570966
  type: 'test'
  ...
# Subtest: the poop row keeps the same lower-right anchor above speech across party sizes and art changes
ok 3 - the poop row keeps the same lower-right anchor above speech across party sizes and art changes
  ---
  duration_ms: 395.222169
  type: 'test'
  ...
# Subtest: home wings balance the painted gaps around the main body, including different PNG padding
ok 4 - home wings balance the painted gaps around the main body, including different PNG padding
  ---
  duration_ms: 120.189656
  type: 'test'
  ...
# Subtest: every intermediate party size fits the minimum fixed home, with partner/item independently present
ok 5 - every intermediate party size fits the minimum fixed home, with partner/item independently present
  ---
  duration_ms: 327.328138
  type: 'test'
  ...
# Subtest: mixed failed and padded friend images keep every stress-count actor and poop slot in a fixed home
ok 6 - mixed failed and padded friend images keep every stress-count actor and poop slot in a fixed home
  ---
  duration_ms: 9.060566
  type: 'test'
  ...
# Subtest: a mixed 31-friend wing fits the minimum height without moving the permanent poop strip
ok 7 - a mixed 31-friend wing fits the minimum height without moving the permanent poop strip
  ---
  duration_ms: 6.261863
  type: 'test'
  ...
# Subtest: poop follows the applied field scale rather than the companion count, with a readable floor
ok 8 - poop follows the applied field scale rather than the companion count, with a readable floor
  ---
  duration_ms: 8.901449
  type: 'test'
  ...
# Subtest: failed companion images keep the balanced cast and the poop row inside the smallest home
ok 9 - failed companion images keep the balanced cast and the poop row inside the smallest home
  ---
  duration_ms: 8.064358
  type: 'test'
  ...
# Subtest: home conversation stays centered below the permanent poop strip without covering the completed cast
ok 10 - home conversation stays centered below the permanent poop strip without covering the completed cast
  ---
  duration_ms: 1420.940562
  type: 'test'
  ...
# Subtest: a home cast stays in view during its larger hop and sway and leaves the floor clear
ok 11 - a home cast stays in view during its larger hop and sway and leaves the floor clear
  ---
  duration_ms: 236.502354
  type: 'test'
  ...
# Subtest: whole cast fits with room for sway and four-pixel companion gaps
ok 12 - whole cast fits with room for sway and four-pixel companion gaps
  ---
  duration_ms: 1193.694922
  type: 'test'
  ...
# Subtest: unknown or failed art retains complete frames without overlapping the core
ok 13 - unknown or failed art retains complete frames without overlapping the core
  ---
  duration_ms: 43.13401
  type: 'test'
  ...
# Subtest: independent reactions retain full frames and four-pixel friend gaps throughout the sway
ok 14 - independent reactions retain full frames and four-pixel friend gaps throughout the sway
  ---
  duration_ms: 1424.159032
  type: 'test'
  ...
# Subtest: approved hunger profile covers exactly 31 playable growth lines and all 248 stages
ok 15 - approved hunger profile covers exactly 31 playable growth lines and all 248 stages
  ---
  duration_ms: 1.65829
  type: 'test'
  ...
# Subtest: hunger category resolver does not silently fallback for unsupported or malformed assets
ok 16 - hunger category resolver does not silently fallback for unsupported or malformed assets
  ---
  duration_ms: 0.139867
  type: 'test'
  ...
# Subtest: all 248 hungry displays use the approved food artwork, including life-stage overrides
ok 17 - all 248 hungry displays use the approved food artwork, including life-stage overrides
  ---
  duration_ms: 11.08608
  type: 'test'
  ...
# Subtest: mushroom07 hunger bubble separates from spores without moving other state marks
ok 18 - mushroom07 hunger bubble separates from spores without moving other state marks
  ---
  duration_ms: 0.482466
  type: 'test'
  ...
# Subtest: the original adult cat stays byte-identical to the approved master
ok 19 - the original adult cat stays byte-identical to the approved master
  ---
  duration_ms: 11.36876
  type: 'test'
  ...
# Subtest: all ten expression assets are distinct approved transparent RGBA PNGs on the original bounds
ok 20 - all ten expression assets are distinct approved transparent RGBA PNGs on the original bounds
  ---
  duration_ms: 30.519998
  type: 'test'
  ...
# Subtest: every runtime-allowlisted adult-cat expression path exists
ok 21 - every runtime-allowlisted adult-cat expression path exists
  ---
  duration_ms: 0.437169
  type: 'test'
  ...
# Subtest: kitten expression assets retain the original small stage bounds and transparent canvas
ok 22 - kitten expression assets retain the original small stage bounds and transparent canvas
  ---
  duration_ms: 13.297622
  type: 'test'
  ...
# Subtest: otemba expression assets retain the original small stage bounds and transparent canvas
ok 23 - otemba expression assets retain the original small stage bounds and transparent canvas
  ---
  duration_ms: 9.837618
  type: 'test'
  ...
# Subtest: young expression assets retain the original small stage bounds and transparent canvas
ok 24 - young expression assets retain the original small stage bounds and transparent canvas
  ---
  duration_ms: 10.296378
  type: 'test'
  ...
# Subtest: calm expression assets retain the original small stage bounds and transparent canvas
ok 25 - calm expression assets retain the original small stage bounds and transparent canvas
  ---
  duration_ms: 9.423353
  type: 'test'
  ...
# Subtest: elder expression assets retain the original small stage bounds and transparent canvas
ok 26 - elder expression assets retain the original small stage bounds and transparent canvas
  ---
  duration_ms: 7.148256
  type: 'test'
  ...
# Subtest: toddler expression assets retain the original small stage bounds and transparent canvas
ok 27 - toddler expression assets retain the original small stage bounds and transparent canvas
  ---
  duration_ms: 6.458324
  type: 'test'
  ...
# Subtest: baby expression assets retain the original small stage bounds and transparent canvas
ok 28 - baby expression assets retain the original small stage bounds and transparent canvas
  ---
  duration_ms: 8.089784
  type: 'test'
  ...
# Subtest: adult dog expressions are distinct transparent assets with original sprite bounds
ok 29 - adult dog expressions are distinct transparent assets with original sprite bounds
  ---
  duration_ms: 6.804317
  type: 'test'
  ...
# Subtest: puppy expressions are distinct transparent assets with original sprite bounds
ok 30 - puppy expressions are distinct transparent assets with original sprite bounds
  ---
  duration_ms: 6.672722
  type: 'test'
  ...
# Subtest: wanpaku expressions are distinct transparent assets with original sprite bounds
ok 31 - wanpaku expressions are distinct transparent assets with original sprite bounds
  ---
  duration_ms: 6.240379
  type: 'test'
  ...
# Subtest: young dog expressions are distinct transparent assets with original sprite bounds
ok 32 - young dog expressions are distinct transparent assets with original sprite bounds
  ---
  duration_ms: 6.223485
  type: 'test'
  ...
# Subtest: calm dog expressions are distinct transparent assets with original sprite bounds
ok 33 - calm dog expressions are distinct transparent assets with original sprite bounds
  ---
  duration_ms: 6.677018
  type: 'test'
  ...
# Subtest: baby dog expressions are distinct transparent assets with original sprite bounds
ok 34 - baby dog expressions are distinct transparent assets with original sprite bounds
  ---
  duration_ms: 6.743307
  type: 'test'
  ...
# Subtest: toddler dog expressions are distinct transparent assets with original sprite bounds
ok 35 - toddler dog expressions are distinct transparent assets with original sprite bounds
  ---
  duration_ms: 14.350684
  type: 'test'
  ...
# Subtest: elder dog expressions are distinct transparent assets with original sprite bounds
ok 36 - elder dog expressions are distinct transparent assets with original sprite bounds
  ---
  duration_ms: 12.465367
  type: 'test'
  ...
# Subtest: starfish/01 master is the exact approved candidate; normal routing uses it
ok 37 - starfish/01 master is the exact approved candidate; normal routing uses it
  ---
  duration_ms: 1.068796
  type: 'test'
  ...
# Subtest: starfish/02 master is the exact approved candidate; normal routing uses it
ok 38 - starfish/02 master is the exact approved candidate; normal routing uses it
  ---
  duration_ms: 5.066058
  type: 'test'
  ...
# Subtest: starfish/03 master is the exact approved candidate; normal routing uses it
ok 39 - starfish/03 master is the exact approved candidate; normal routing uses it
  ---
  duration_ms: 0.955919
  type: 'test'
  ...
# Subtest: man/01 has ten distinct transparent expressions with original bounds
ok 40 - man/01 has ten distinct transparent expressions with original bounds
  ---
  duration_ms: 13.532431
  type: 'test'
  ...
# Subtest: man/02 has ten distinct transparent expressions with original bounds
ok 41 - man/02 has ten distinct transparent expressions with original bounds
  ---
  duration_ms: 10.236419
  type: 'test'
  ...
# Subtest: man/03 has ten distinct transparent expressions with original bounds
ok 42 - man/03 has ten distinct transparent expressions with original bounds
  ---
  duration_ms: 8.499712
  type: 'test'
  ...
# Subtest: man/04 has ten distinct transparent expressions with original bounds
ok 43 - man/04 has ten distinct transparent expressions with original bounds
  ---
  duration_ms: 6.905287
  type: 'test'
  ...
# Subtest: man/05 has ten distinct transparent expressions with original bounds
ok 44 - man/05 has ten distinct transparent expressions with original bounds
  ---
  duration_ms: 9.512645
  type: 'test'
  ...
# Subtest: man/06 has ten distinct transparent expressions with original bounds
ok 45 - man/06 has ten distinct transparent expressions with original bounds
  ---
  duration_ms: 7.852011
  type: 'test'
  ...
# Subtest: man/07 has ten distinct transparent expressions with original bounds
ok 46 - man/07 has ten distinct transparent expressions with original bounds
  ---
  duration_ms: 6.372146
  type: 'test'
  ...
# Subtest: man/08 has ten distinct transparent expressions with original bounds
ok 47 - man/08 has ten distinct transparent expressions with original bounds
  ---
  duration_ms: 6.248461
  type: 'test'
  ...
# Subtest: woman/01 has ten distinct transparent expressions with original bounds
ok 48 - woman/01 has ten distinct transparent expressions with original bounds
  ---
  duration_ms: 5.767408
  type: 'test'
  ...
# Subtest: woman/02 has ten distinct transparent expressions with original bounds
ok 49 - woman/02 has ten distinct transparent expressions with original bounds
  ---
  duration_ms: 5.759797
  type: 'test'
  ...
# Subtest: woman/03 has ten distinct transparent expressions with original bounds
ok 50 - woman/03 has ten distinct transparent expressions with original bounds
  ---
  duration_ms: 8.476668
  type: 'test'
  ...
# Subtest: woman/04 has ten distinct transparent expressions with original bounds
ok 51 - woman/04 has ten distinct transparent expressions with original bounds
  ---
  duration_ms: 6.252058
  type: 'test'
  ...
# Subtest: woman/05 has ten distinct transparent expressions with original bounds
ok 52 - woman/05 has ten distinct transparent expressions with original bounds
  ---
  duration_ms: 7.13698
  type: 'test'
  ...
# Subtest: woman/06 has ten distinct transparent expressions with original bounds
ok 53 - woman/06 has ten distinct transparent expressions with original bounds
  ---
  duration_ms: 6.577561
  type: 'test'
  ...
# Subtest: woman/07 has ten distinct transparent expressions with original bounds
ok 54 - woman/07 has ten distinct transparent expressions with original bounds
  ---
  duration_ms: 8.662855
  type: 'test'
  ...
# Subtest: woman/08 has ten distinct transparent expressions with original bounds
ok 55 - woman/08 has ten distinct transparent expressions with original bounds
  ---
  duration_ms: 8.024447
  type: 'test'
  ...
# Subtest: penguin/01 has ten distinct transparent expressions with original bounds
ok 56 - penguin/01 has ten distinct transparent expressions with original bounds
  ---
  duration_ms: 5.274437
  type: 'test'
  ...
# Subtest: penguin/02 has ten distinct transparent expressions with original bounds
ok 57 - penguin/02 has ten distinct transparent expressions with original bounds
  ---
  duration_ms: 5.34498
  type: 'test'
  ...
# Subtest: penguin/03 has ten distinct transparent expressions with original bounds
ok 58 - penguin/03 has ten distinct transparent expressions with original bounds
  ---
  duration_ms: 5.050785
  type: 'test'
  ...
# Subtest: penguin/04 has ten distinct transparent expressions with original bounds
ok 59 - penguin/04 has ten distinct transparent expressions with original bounds
  ---
  duration_ms: 7.585736
  type: 'test'
  ...
# Subtest: penguin/05 has ten distinct transparent expressions with original bounds
ok 60 - penguin/05 has ten distinct transparent expressions with original bounds
  ---
  duration_ms: 6.871758
  type: 'test'
  ...
# Subtest: penguin/06 has ten distinct transparent expressions with original bounds
ok 61 - penguin/06 has ten distinct transparent expressions with original bounds
  ---
  duration_ms: 5.594462
  type: 'test'
  ...
# Subtest: penguin/07 has ten distinct transparent expressions with original bounds
ok 62 - penguin/07 has ten distinct transparent expressions with original bounds
  ---
  duration_ms: 5.377439
  type: 'test'
  ...
# Subtest: penguin/08 has ten distinct transparent expressions with original bounds
ok 63 - penguin/08 has ten distinct transparent expressions with original bounds
  ---
  duration_ms: 5.835129
  type: 'test'
  ...
# Subtest: turtle/01 has ten distinct transparent expressions with original bounds
ok 64 - turtle/01 has ten distinct transparent expressions with original bounds
  ---
  duration_ms: 5.104625
  type: 'test'
  ...
# Subtest: turtle/02 has ten distinct transparent expressions with original bounds
ok 65 - turtle/02 has ten distinct transparent expressions with original bounds
  ---
  duration_ms: 5.08859
  type: 'test'
  ...
# Subtest: turtle/03 has ten distinct transparent expressions with original bounds
ok 66 - turtle/03 has ten distinct transparent expressions with original bounds
  ---
  duration_ms: 5.41112
  type: 'test'
  ...
# Subtest: turtle/04 has ten distinct transparent expressions with original bounds
ok 67 - turtle/04 has ten distinct transparent expressions with original bounds
  ---
  duration_ms: 5.380985
  type: 'test'
  ...
# Subtest: turtle/05 has ten distinct transparent expressions with original bounds
ok 68 - turtle/05 has ten distinct transparent expressions with original bounds
  ---
  duration_ms: 6.163065
  type: 'test'
  ...
# Subtest: turtle/06 has ten distinct transparent expressions with original bounds
ok 69 - turtle/06 has ten distinct transparent expressions with original bounds
  ---
  duration_ms: 11.05888
  type: 'test'
  ...
# Subtest: turtle/07 has ten distinct transparent expressions with original bounds
ok 70 - turtle/07 has ten distinct transparent expressions with original bounds
  ---
  duration_ms: 6.159881
  type: 'test'
  ...
# Subtest: turtle/08 has ten distinct transparent expressions with original bounds
ok 71 - turtle/08 has ten distinct transparent expressions with original bounds
  ---
  duration_ms: 6.029667
  type: 'test'
  ...
# Subtest: frog/01 has ten distinct transparent expressions with original bounds
ok 72 - frog/01 has ten distinct transparent expressions with original bounds
  ---
  duration_ms: 4.660426
  type: 'test'
  ...
# Subtest: frog/02 has ten distinct transparent expressions with original bounds
ok 73 - frog/02 has ten distinct transparent expressions with original bounds
  ---
  duration_ms: 4.677059
  type: 'test'
  ...
# Subtest: frog/03 has ten distinct transparent expressions with original bounds
ok 74 - frog/03 has ten distinct transparent expressions with original bounds
  ---
  duration_ms: 4.79179
  type: 'test'
  ...
# Subtest: frog/04 has ten distinct transparent expressions with original bounds
ok 75 - frog/04 has ten distinct transparent expressions with original bounds
  ---
  duration_ms: 4.808155
  type: 'test'
  ...
# Subtest: frog/05 has ten distinct transparent expressions with original bounds
ok 76 - frog/05 has ten distinct transparent expressions with original bounds
  ---
  duration_ms: 4.814815
  type: 'test'
  ...
# Subtest: frog/06 has ten distinct transparent expressions with original bounds
ok 77 - frog/06 has ten distinct transparent expressions with original bounds
  ---
  duration_ms: 5.017065
  type: 'test'
  ...
# Subtest: frog/07 has ten distinct transparent expressions with original bounds
ok 78 - frog/07 has ten distinct transparent expressions with original bounds
  ---
  duration_ms: 5.975917
  type: 'test'
  ...
# Subtest: frog/08 has ten distinct transparent expressions with original bounds
ok 79 - frog/08 has ten distinct transparent expressions with original bounds
  ---
  duration_ms: 5.71445
  type: 'test'
  ...
# Subtest: clownfish/01 has ten distinct transparent expressions with original bounds
ok 80 - clownfish/01 has ten distinct transparent expressions with original bounds
  ---
  duration_ms: 4.787183
  type: 'test'
  ...
# Subtest: clownfish/02 has ten distinct transparent expressions with original bounds
ok 81 - clownfish/02 has ten distinct transparent expressions with original bounds
  ---
  duration_ms: 5.390279
  type: 'test'
  ...
# Subtest: clownfish/03 has ten distinct transparent expressions with original bounds
ok 82 - clownfish/03 has ten distinct transparent expressions with original bounds
  ---
  duration_ms: 6.279808
  type: 'test'
  ...
# Subtest: clownfish/04 has ten distinct transparent expressions with original bounds
ok 83 - clownfish/04 has ten distinct transparent expressions with original bounds
  ---
  duration_ms: 8.714651
  type: 'test'
  ...
# Subtest: clownfish/05 has ten distinct transparent expressions with original bounds
ok 84 - clownfish/05 has ten distinct transparent expressions with original bounds
  ---
  duration_ms: 5.360634
  type: 'test'
  ...
# Subtest: clownfish/06 has ten distinct transparent expressions with original bounds
ok 85 - clownfish/06 has ten distinct transparent expressions with original bounds
  ---
  duration_ms: 5.31047
  type: 'test'
  ...
# Subtest: clownfish/07 has ten distinct transparent expressions with original bounds
ok 86 - clownfish/07 has ten distinct transparent expressions with original bounds
  ---
  duration_ms: 5.87664
  type: 'test'
  ...
# Subtest: clownfish/08 has ten distinct transparent expressions with original bounds
ok 87 - clownfish/08 has ten distinct transparent expressions with original bounds
  ---
  duration_ms: 5.779576
  type: 'test'
  ...
# Subtest: salmon/01 has ten distinct transparent expressions with original bounds
ok 88 - salmon/01 has ten distinct transparent expressions with original bounds
  ---
  duration_ms: 4.637251
  type: 'test'
  ...
# Subtest: salmon/02 has ten distinct transparent expressions with original bounds
ok 89 - salmon/02 has ten distinct transparent expressions with original bounds
  ---
  duration_ms: 4.921703
  type: 'test'
  ...
# Subtest: salmon/03 has ten distinct transparent expressions with original bounds
ok 90 - salmon/03 has ten distinct transparent expressions with original bounds
  ---
  duration_ms: 5.696573
  type: 'test'
  ...
# Subtest: salmon/04 has ten distinct transparent expressions with original bounds
ok 91 - salmon/04 has ten distinct transparent expressions with original bounds
  ---
  duration_ms: 7.445929
  type: 'test'
  ...
# Subtest: salmon/05 has ten distinct transparent expressions with original bounds
ok 92 - salmon/05 has ten distinct transparent expressions with original bounds
  ---
  duration_ms: 4.949574
  type: 'test'
  ...
# Subtest: salmon/06 has ten distinct transparent expressions with original bounds
ok 93 - salmon/06 has ten distinct transparent expressions with original bounds
  ---
  duration_ms: 5.089082
  type: 'test'
  ...
# Subtest: salmon/07 has ten distinct transparent expressions with original bounds
ok 94 - salmon/07 has ten distinct transparent expressions with original bounds
  ---
  duration_ms: 5.363729
  type: 'test'
  ...
# Subtest: salmon/08 has ten distinct transparent expressions with original bounds
ok 95 - salmon/08 has ten distinct transparent expressions with original bounds
  ---
  duration_ms: 4.693114
  type: 'test'
  ...
# Subtest: hermit_crab/01 has ten distinct transparent expressions with original bounds
ok 96 - hermit_crab/01 has ten distinct transparent expressions with original bounds
  ---
  duration_ms: 4.72379
  type: 'test'
  ...
# Subtest: hermit_crab/02 has ten distinct transparent expressions with original bounds
ok 97 - hermit_crab/02 has ten distinct transparent expressions with original bounds
  ---
  duration_ms: 4.788335
  type: 'test'
  ...
# Subtest: hermit_crab/03 has ten distinct transparent expressions with original bounds
ok 98 - hermit_crab/03 has ten distinct transparent expressions with original bounds
  ---
  duration_ms: 6.531091
  type: 'test'
  ...
# Subtest: hermit_crab/04 has ten distinct transparent expressions with original bounds
ok 99 - hermit_crab/04 has ten distinct transparent expressions with original bounds
  ---
  duration_ms: 7.751733
  type: 'test'
  ...
# Subtest: hermit_crab/05 has ten distinct transparent expressions with original bounds
ok 100 - hermit_crab/05 has ten distinct transparent expressions with original bounds
  ---
  duration_ms: 6.197116
  type: 'test'
  ...
# Subtest: hermit_crab/06 has ten distinct transparent expressions with original bounds
ok 101 - hermit_crab/06 has ten distinct transparent expressions with original bounds
  ---
  duration_ms: 6.712911
  type: 'test'
  ...
# Subtest: hermit_crab/07 has ten distinct transparent expressions with original bounds
ok 102 - hermit_crab/07 has ten distinct transparent expressions with original bounds
  ---
  duration_ms: 9.038412
  type: 'test'
  ...
# Subtest: hermit_crab/08 has ten distinct transparent expressions with original bounds
ok 103 - hermit_crab/08 has ten distinct transparent expressions with original bounds
  ---
  duration_ms: 6.347169
  type: 'test'
  ...
# Subtest: jellyfish/01 has ten distinct transparent expressions with original bounds
ok 104 - jellyfish/01 has ten distinct transparent expressions with original bounds
  ---
  duration_ms: 6.345696
  type: 'test'
  ...
# Subtest: jellyfish/02 has ten distinct transparent expressions with original bounds
ok 105 - jellyfish/02 has ten distinct transparent expressions with original bounds
  ---
  duration_ms: 6.292418
  type: 'test'
  ...
# Subtest: jellyfish/03 has ten distinct transparent expressions with original bounds
ok 106 - jellyfish/03 has ten distinct transparent expressions with original bounds
  ---
  duration_ms: 6.809494
  type: 'test'
  ...
# Subtest: jellyfish/04 has ten distinct transparent expressions with original bounds
ok 107 - jellyfish/04 has ten distinct transparent expressions with original bounds
  ---
  duration_ms: 6.735344
  type: 'test'
  ...
# Subtest: jellyfish/05 has ten distinct transparent expressions with original bounds
ok 108 - jellyfish/05 has ten distinct transparent expressions with original bounds
  ---
  duration_ms: 11.199428
  type: 'test'
  ...
# Subtest: jellyfish/06 has ten distinct transparent expressions with original bounds
ok 109 - jellyfish/06 has ten distinct transparent expressions with original bounds
  ---
  duration_ms: 8.777185
  type: 'test'
  ...
# Subtest: jellyfish/07 has ten distinct transparent expressions with original bounds
ok 110 - jellyfish/07 has ten distinct transparent expressions with original bounds
  ---
  duration_ms: 6.399576
  type: 'test'
  ...
# Subtest: jellyfish/08 has ten distinct transparent expressions with original bounds
ok 111 - jellyfish/08 has ten distinct transparent expressions with original bounds
  ---
  duration_ms: 6.973147
  type: 'test'
  ...
# Subtest: starfish/01 has ten distinct transparent expressions with projected approved master bounds
ok 112 - starfish/01 has ten distinct transparent expressions with projected approved master bounds
  ---
  duration_ms: 12.156729
  type: 'test'
  ...
# Subtest: starfish/02 has ten distinct transparent expressions with projected approved master bounds
ok 113 - starfish/02 has ten distinct transparent expressions with projected approved master bounds
  ---
  duration_ms: 10.998981
  type: 'test'
  ...
# Subtest: starfish/03 has ten distinct transparent expressions with projected approved master bounds
ok 114 - starfish/03 has ten distinct transparent expressions with projected approved master bounds
  ---
  duration_ms: 12.525797
  type: 'test'
  ...
# Subtest: starfish/04 has ten distinct transparent expressions with original bounds
ok 115 - starfish/04 has ten distinct transparent expressions with original bounds
  ---
  duration_ms: 10.841136
  type: 'test'
  ...
# Subtest: starfish/05 has ten distinct transparent expressions with original bounds
ok 116 - starfish/05 has ten distinct transparent expressions with original bounds
  ---
  duration_ms: 6.825598
  type: 'test'
  ...
# Subtest: starfish/06 has ten distinct transparent expressions with original bounds
ok 117 - starfish/06 has ten distinct transparent expressions with original bounds
  ---
  duration_ms: 6.367599
  type: 'test'
  ...
# Subtest: starfish/07 has ten distinct transparent expressions with original bounds
ok 118 - starfish/07 has ten distinct transparent expressions with original bounds
  ---
  duration_ms: 5.563515
  type: 'test'
  ...
# Subtest: starfish/08 has ten distinct transparent expressions with original bounds
ok 119 - starfish/08 has ten distinct transparent expressions with original bounds
  ---
  duration_ms: 7.37879
  type: 'test'
  ...
# Subtest: coral/01 has ten distinct transparent expressions with original bounds
ok 120 - coral/01 has ten distinct transparent expressions with original bounds
  ---
  duration_ms: 5.830091
  type: 'test'
  ...
# Subtest: coral/02 has ten distinct transparent expressions with original bounds
ok 121 - coral/02 has ten distinct transparent expressions with original bounds
  ---
  duration_ms: 7.029521
  type: 'test'
  ...
# Subtest: coral/03 has ten distinct transparent expressions with original bounds
ok 122 - coral/03 has ten distinct transparent expressions with original bounds
  ---
  duration_ms: 6.091018
  type: 'test'
  ...
# Subtest: coral/04 has ten distinct transparent expressions with original bounds
ok 123 - coral/04 has ten distinct transparent expressions with original bounds
  ---
  duration_ms: 6.244416
  type: 'test'
  ...
# Subtest: coral/05 has ten distinct transparent expressions with original bounds
ok 124 - coral/05 has ten distinct transparent expressions with original bounds
  ---
  duration_ms: 7.747106
  type: 'test'
  ...
# Subtest: coral/06 has ten distinct transparent expressions with original bounds
ok 125 - coral/06 has ten distinct transparent expressions with original bounds
  ---
  duration_ms: 5.845964
  type: 'test'
  ...
# Subtest: coral/07 has ten distinct transparent expressions with original bounds
ok 126 - coral/07 has ten distinct transparent expressions with original bounds
  ---
  duration_ms: 5.610175
  type: 'test'
  ...
# Subtest: coral/08 has ten distinct transparent expressions with original bounds
ok 127 - coral/08 has ten distinct transparent expressions with original bounds
  ---
  duration_ms: 5.487893
  type: 'test'
  ...
# Subtest: butterfly/01 has ten distinct transparent expressions with original bounds
ok 128 - butterfly/01 has ten distinct transparent expressions with original bounds
  ---
  duration_ms: 4.545645
  type: 'test'
  ...
# Subtest: butterfly/02 has ten distinct transparent expressions with original bounds
ok 129 - butterfly/02 has ten distinct transparent expressions with original bounds
  ---
  duration_ms: 5.549775
  type: 'test'
  ...
# Subtest: butterfly/03 has ten distinct transparent expressions with original bounds
ok 130 - butterfly/03 has ten distinct transparent expressions with original bounds
  ---
  duration_ms: 7.129609
  type: 'test'
  ...
# Subtest: butterfly/04 has ten distinct transparent expressions with original bounds
ok 131 - butterfly/04 has ten distinct transparent expressions with original bounds
  ---
  duration_ms: 5.536054
  type: 'test'
  ...
# Subtest: butterfly/05 has ten distinct transparent expressions with original bounds
ok 132 - butterfly/05 has ten distinct transparent expressions with original bounds
  ---
  duration_ms: 4.841064
  type: 'test'
  ...
# Subtest: butterfly/06 has ten distinct transparent expressions with original bounds
ok 133 - butterfly/06 has ten distinct transparent expressions with original bounds
  ---
  duration_ms: 5.089232
  type: 'test'
  ...
# Subtest: butterfly/07 has ten distinct transparent expressions with original bounds
ok 134 - butterfly/07 has ten distinct transparent expressions with original bounds
  ---
  duration_ms: 5.419301
  type: 'test'
  ...
# Subtest: butterfly/08 has ten distinct transparent expressions with original bounds
ok 135 - butterfly/08 has ten distinct transparent expressions with original bounds
  ---
  duration_ms: 5.736753
  type: 'test'
  ...
# Subtest: beetle/01 has ten distinct transparent expressions with original bounds
ok 136 - beetle/01 has ten distinct transparent expressions with original bounds
  ---
  duration_ms: 4.876235
  type: 'test'
  ...
# Subtest: beetle/02 has ten distinct transparent expressions with original bounds
ok 137 - beetle/02 has ten distinct transparent expressions with original bounds
  ---
  duration_ms: 9.276896
  type: 'test'
  ...
# Subtest: beetle/03 has ten distinct transparent expressions with original bounds
ok 138 - beetle/03 has ten distinct transparent expressions with original bounds
  ---
  duration_ms: 5.91034
  type: 'test'
  ...
# Subtest: beetle/04 has ten distinct transparent expressions with original bounds
ok 139 - beetle/04 has ten distinct transparent expressions with original bounds
  ---
  duration_ms: 5.630505
  type: 'test'
  ...
# Subtest: beetle/05 has ten distinct transparent expressions with original bounds
ok 140 - beetle/05 has ten distinct transparent expressions with original bounds
  ---
  duration_ms: 5.822279
  type: 'test'
  ...
# Subtest: beetle/06 has ten distinct transparent expressions with original bounds
ok 141 - beetle/06 has ten distinct transparent expressions with original bounds
  ---
  duration_ms: 5.224793
  type: 'test'
  ...
# Subtest: beetle/07 has ten distinct transparent expressions with original bounds
ok 142 - beetle/07 has ten distinct transparent expressions with original bounds
  ---
  duration_ms: 5.487913
  type: 'test'
  ...
# Subtest: beetle/08 has ten distinct transparent expressions with original bounds
ok 143 - beetle/08 has ten distinct transparent expressions with original bounds
  ---
  duration_ms: 7.256548
  type: 'test'
  ...
# Subtest: stagbeetle/01 has ten distinct transparent expressions with original bounds
ok 144 - stagbeetle/01 has ten distinct transparent expressions with original bounds
  ---
  duration_ms: 7.42634
  type: 'test'
  ...
# Subtest: stagbeetle/02 has ten distinct transparent expressions with original bounds
ok 145 - stagbeetle/02 has ten distinct transparent expressions with original bounds
  ---
  duration_ms: 5.285232
  type: 'test'
  ...
# Subtest: stagbeetle/03 has ten distinct transparent expressions with original bounds
ok 146 - stagbeetle/03 has ten distinct transparent expressions with original bounds
  ---
  duration_ms: 7.951138
  type: 'test'
  ...
# Subtest: stagbeetle/04 has ten distinct transparent expressions with original bounds
ok 147 - stagbeetle/04 has ten distinct transparent expressions with original bounds
  ---
  duration_ms: 7.78732
  type: 'test'
  ...
# Subtest: stagbeetle/05 has ten distinct transparent expressions with original bounds
ok 148 - stagbeetle/05 has ten distinct transparent expressions with original bounds
  ---
  duration_ms: 5.507692
  type: 'test'
  ...
# Subtest: stagbeetle/06 has ten distinct transparent expressions with original bounds
ok 149 - stagbeetle/06 has ten distinct transparent expressions with original bounds
  ---
  duration_ms: 5.119737
  type: 'test'
  ...
# Subtest: stagbeetle/07 has ten distinct transparent expressions with original bounds
ok 150 - stagbeetle/07 has ten distinct transparent expressions with original bounds
  ---
  duration_ms: 5.119267
  type: 'test'
  ...
# Subtest: stagbeetle/08 has ten distinct transparent expressions with original bounds
ok 151 - stagbeetle/08 has ten distinct transparent expressions with original bounds
  ---
  duration_ms: 5.520362
  type: 'test'
  ...
# Subtest: cicada/01 has ten distinct transparent expressions with original bounds
ok 152 - cicada/01 has ten distinct transparent expressions with original bounds
  ---
  duration_ms: 5.328727
  type: 'test'
  ...
# Subtest: cicada/02 has ten distinct transparent expressions with original bounds
ok 153 - cicada/02 has ten distinct transparent expressions with original bounds
  ---
  duration_ms: 7.698704
  type: 'test'
  ...
# Subtest: cicada/03 has ten distinct transparent expressions with original bounds
ok 154 - cicada/03 has ten distinct transparent expressions with original bounds
  ---
  duration_ms: 5.676323
  type: 'test'
  ...
# Subtest: cicada/04 has ten distinct transparent expressions with original bounds
ok 155 - cicada/04 has ten distinct transparent expressions with original bounds
  ---
  duration_ms: 5.820677
  type: 'test'
  ...
# Subtest: cicada/05 has ten distinct transparent expressions with original bounds
ok 156 - cicada/05 has ten distinct transparent expressions with original bounds
  ---
  duration_ms: 5.368607
  type: 'test'
  ...
# Subtest: cicada/06 has ten distinct transparent expressions with original bounds
ok 157 - cicada/06 has ten distinct transparent expressions with original bounds
  ---
  duration_ms: 5.429055
  type: 'test'
  ...
# Subtest: cicada/07 has ten distinct transparent expressions with original bounds
ok 158 - cicada/07 has ten distinct transparent expressions with original bounds
  ---
  duration_ms: 5.508164
  type: 'test'
  ...
# Subtest: cicada/08 has ten distinct transparent expressions with original bounds
ok 159 - cicada/08 has ten distinct transparent expressions with original bounds
  ---
  duration_ms: 5.476666
  type: 'test'
  ...
# Subtest: antlion/01 has ten distinct transparent expressions with original bounds
ok 160 - antlion/01 has ten distinct transparent expressions with original bounds
  ---
  duration_ms: 4.909074
  type: 'test'
  ...
# Subtest: antlion/02 has ten distinct transparent expressions with original bounds
ok 161 - antlion/02 has ten distinct transparent expressions with original bounds
  ---
  duration_ms: 6.460356
  type: 'test'
  ...
# Subtest: antlion/03 has ten distinct transparent expressions with original bounds
ok 162 - antlion/03 has ten distinct transparent expressions with original bounds
  ---
  duration_ms: 6.911957
  type: 'test'
  ...
# Subtest: antlion/04 has ten distinct transparent expressions with original bounds
ok 163 - antlion/04 has ten distinct transparent expressions with original bounds
  ---
  duration_ms: 6.073703
  type: 'test'
  ...
# Subtest: antlion/05 has ten distinct transparent expressions with original bounds
ok 164 - antlion/05 has ten distinct transparent expressions with original bounds
  ---
  duration_ms: 6.606283
  type: 'test'
  ...
# Subtest: antlion/06 has ten distinct transparent expressions with original bounds
ok 165 - antlion/06 has ten distinct transparent expressions with original bounds
  ---
  duration_ms: 6.219278
  type: 'test'
  ...
# Subtest: antlion/07 has ten distinct transparent expressions with original bounds
ok 166 - antlion/07 has ten distinct transparent expressions with original bounds
  ---
  duration_ms: 6.054895
  type: 'test'
  ...
# Subtest: antlion/08 has ten distinct transparent expressions with original bounds
ok 167 - antlion/08 has ten distinct transparent expressions with original bounds
  ---
  duration_ms: 6.363633
  type: 'test'
  ...
# Subtest: dandelion/01 has ten distinct transparent expressions with original bounds
ok 168 - dandelion/01 has ten distinct transparent expressions with original bounds
  ---
  duration_ms: 7.287423
  type: 'test'
  ...
# Subtest: dandelion/02 has ten distinct transparent expressions with original bounds
ok 169 - dandelion/02 has ten distinct transparent expressions with original bounds
  ---
  duration_ms: 6.534296
  type: 'test'
  ...
# Subtest: dandelion/03 has ten distinct transparent expressions with original bounds
ok 170 - dandelion/03 has ten distinct transparent expressions with original bounds
  ---
  duration_ms: 5.323139
  type: 'test'
  ...
# Subtest: dandelion/04 has ten distinct transparent expressions with original bounds
ok 171 - dandelion/04 has ten distinct transparent expressions with original bounds
  ---
  duration_ms: 4.951097
  type: 'test'
  ...
# Subtest: dandelion/05 has ten distinct transparent expressions with original bounds
ok 172 - dandelion/05 has ten distinct transparent expressions with original bounds
  ---
  duration_ms: 5.625858
  type: 'test'
  ...
# Subtest: dandelion/06 has ten distinct transparent expressions with original bounds
ok 173 - dandelion/06 has ten distinct transparent expressions with original bounds
  ---
  duration_ms: 5.524858
  type: 'test'
  ...
# Subtest: dandelion/07 has ten distinct transparent expressions with original bounds
ok 174 - dandelion/07 has ten distinct transparent expressions with original bounds
  ---
  duration_ms: 5.798073
  type: 'test'
  ...
# Subtest: dandelion/08 has ten distinct transparent expressions with original bounds
ok 175 - dandelion/08 has ten distinct transparent expressions with original bounds
  ---
  duration_ms: 5.212144
  type: 'test'
  ...
# Subtest: sakura/01 has ten distinct transparent expressions with original bounds
ok 176 - sakura/01 has ten distinct transparent expressions with original bounds
  ---
  duration_ms: 5.15535
  type: 'test'
  ...
# Subtest: sakura/02 has ten distinct transparent expressions with original bounds
ok 177 - sakura/02 has ten distinct transparent expressions with original bounds
  ---
  duration_ms: 5.904932
  type: 'test'
  ...
# Subtest: sakura/03 has ten distinct transparent expressions with original bounds
ok 178 - sakura/03 has ten distinct transparent expressions with original bounds
  ---
  duration_ms: 9.650701
  type: 'test'
  ...
# Subtest: sakura/04 has ten distinct transparent expressions with original bounds
ok 179 - sakura/04 has ten distinct transparent expressions with original bounds
  ---
  duration_ms: 5.474163
  type: 'test'
  ...
# Subtest: sakura/05 has ten distinct transparent expressions with original bounds
ok 180 - sakura/05 has ten distinct transparent expressions with original bounds
  ---
  duration_ms: 5.244773
  type: 'test'
  ...
# Subtest: sakura/06 has ten distinct transparent expressions with original bounds
ok 181 - sakura/06 has ten distinct transparent expressions with original bounds
  ---
  duration_ms: 5.226545
  type: 'test'
  ...
# Subtest: sakura/07 has ten distinct transparent expressions with original bounds
ok 182 - sakura/07 has ten distinct transparent expressions with original bounds
  ---
  duration_ms: 5.644325
  type: 'test'
  ...
# Subtest: sakura/08 has ten distinct transparent expressions with original bounds
ok 183 - sakura/08 has ten distinct transparent expressions with original bounds
  ---
  duration_ms: 5.379362
  type: 'test'
  ...
# Subtest: venus_flytrap/01 has ten distinct transparent expressions with original bounds
ok 184 - venus_flytrap/01 has ten distinct transparent expressions with original bounds
  ---
  duration_ms: 6.505062
  type: 'test'
  ...
# Subtest: venus_flytrap/02 has ten distinct transparent expressions with original bounds
ok 185 - venus_flytrap/02 has ten distinct transparent expressions with original bounds
  ---
  duration_ms: 5.216891
  type: 'test'
  ...
# Subtest: venus_flytrap/03 has ten distinct transparent expressions with original bounds
ok 186 - venus_flytrap/03 has ten distinct transparent expressions with original bounds
  ---
  duration_ms: 8.755983
  type: 'test'
  ...
# Subtest: venus_flytrap/04 has ten distinct transparent expressions with original bounds
ok 187 - venus_flytrap/04 has ten distinct transparent expressions with original bounds
  ---
  duration_ms: 5.227327
  type: 'test'
  ...
# Subtest: venus_flytrap/05 has ten distinct transparent expressions with original bounds
ok 188 - venus_flytrap/05 has ten distinct transparent expressions with original bounds
  ---
  duration_ms: 5.647991
  type: 'test'
  ...
# Subtest: venus_flytrap/06 has ten distinct transparent expressions with original bounds
ok 189 - venus_flytrap/06 has ten distinct transparent expressions with original bounds
  ---
  duration_ms: 5.558948
  type: 'test'
  ...
# Subtest: venus_flytrap/07 has ten distinct transparent expressions with original bounds
ok 190 - venus_flytrap/07 has ten distinct transparent expressions with original bounds
  ---
  duration_ms: 5.922419
  type: 'test'
  ...
# Subtest: venus_flytrap/08 has ten distinct transparent expressions with original bounds
ok 191 - venus_flytrap/08 has ten distinct transparent expressions with original bounds
  ---
  duration_ms: 5.563825
  type: 'test'
  ...
# Subtest: mushroom/01 has ten distinct transparent expressions with original bounds
ok 192 - mushroom/01 has ten distinct transparent expressions with original bounds
  ---
  duration_ms: 5.356038
  type: 'test'
  ...
# Subtest: mushroom/02 has ten distinct transparent expressions with original bounds
ok 193 - mushroom/02 has ten distinct transparent expressions with original bounds
  ---
  duration_ms: 5.684064
  type: 'test'
  ...
# Subtest: mushroom/03 has ten distinct transparent expressions with original bounds
ok 194 - mushroom/03 has ten distinct transparent expressions with original bounds
  ---
  duration_ms: 5.886455
  type: 'test'
  ...
# Subtest: mushroom/04 has ten distinct transparent expressions with original bounds
ok 195 - mushroom/04 has ten distinct transparent expressions with original bounds
  ---
  duration_ms: 5.576314
  type: 'test'
  ...
# Subtest: mushroom/05 has ten distinct transparent expressions with original bounds
ok 196 - mushroom/05 has ten distinct transparent expressions with original bounds
  ---
  duration_ms: 6.706092
  type: 'test'
  ...
# Subtest: mushroom/06 has ten distinct transparent expressions with original bounds
ok 197 - mushroom/06 has ten distinct transparent expressions with original bounds
  ---
  duration_ms: 5.765695
  type: 'test'
  ...
# Subtest: mushroom/07 has ten distinct transparent expressions with original bounds
ok 198 - mushroom/07 has ten distinct transparent expressions with original bounds
  ---
  duration_ms: 5.917491
  type: 'test'
  ...
# Subtest: mushroom/08 has ten distinct transparent expressions with original bounds
ok 199 - mushroom/08 has ten distinct transparent expressions with original bounds
  ---
  duration_ms: 6.710788
  type: 'test'
  ...
# Subtest: dragon/01 has ten distinct transparent expressions with original bounds
ok 200 - dragon/01 has ten distinct transparent expressions with original bounds
  ---
  duration_ms: 4.971637
  type: 'test'
  ...
# Subtest: dragon/02 has ten distinct transparent expressions with original bounds
ok 201 - dragon/02 has ten distinct transparent expressions with original bounds
  ---
  duration_ms: 6.040483
  type: 'test'
  ...
# Subtest: dragon/03 has ten distinct transparent expressions with original bounds
ok 202 - dragon/03 has ten distinct transparent expressions with original bounds
  ---
  duration_ms: 5.745967
  type: 'test'
  ...
# Subtest: dragon/04 has ten distinct transparent expressions with original bounds
ok 203 - dragon/04 has ten distinct transparent expressions with original bounds
  ---
  duration_ms: 6.929953
  type: 'test'
  ...
# Subtest: dragon/05 has ten distinct transparent expressions with original bounds
ok 204 - dragon/05 has ten distinct transparent expressions with original bounds
  ---
  duration_ms: 7.802528
  type: 'test'
  ...
# Subtest: dragon/06 has ten distinct transparent expressions with original bounds
ok 205 - dragon/06 has ten distinct transparent expressions with original bounds
  ---
  duration_ms: 5.841428
  type: 'test'
  ...
# Subtest: dragon/07 has ten distinct transparent expressions with original bounds
ok 206 - dragon/07 has ten distinct transparent expressions with original bounds
  ---
  duration_ms: 5.703854
  type: 'test'
  ...
# Subtest: dragon/08 has ten distinct transparent expressions with original bounds
ok 207 - dragon/08 has ten distinct transparent expressions with original bounds
  ---
  duration_ms: 5.69494
  type: 'test'
  ...
# Subtest: phoenix/01 has ten distinct transparent expressions with original bounds
ok 208 - phoenix/01 has ten distinct transparent expressions with original bounds
  ---
  duration_ms: 4.252881
  type: 'test'
  ...
# Subtest: phoenix/02 has ten distinct transparent expressions with original bounds
ok 209 - phoenix/02 has ten distinct transparent expressions with original bounds
  ---
  duration_ms: 4.552095
  type: 'test'
  ...
# Subtest: phoenix/03 has ten distinct transparent expressions with original bounds
ok 210 - phoenix/03 has ten distinct transparent expressions with original bounds
  ---
  duration_ms: 4.672174
  type: 'test'
  ...
# Subtest: phoenix/04 has ten distinct transparent expressions with original bounds
ok 211 - phoenix/04 has ten distinct transparent expressions with original bounds
  ---
  duration_ms: 5.538658
  type: 'test'
  ...
# Subtest: phoenix/05 has ten distinct transparent expressions with original bounds
ok 212 - phoenix/05 has ten distinct transparent expressions with original bounds
  ---
  duration_ms: 13.557367
  type: 'test'
  ...
# Subtest: phoenix/06 has ten distinct transparent expressions with original bounds
ok 213 - phoenix/06 has ten distinct transparent expressions with original bounds
  ---
  duration_ms: 8.673331
  type: 'test'
  ...
# Subtest: phoenix/07 has ten distinct transparent expressions with original bounds
ok 214 - phoenix/07 has ten distinct transparent expressions with original bounds
  ---
  duration_ms: 5.309989
  type: 'test'
  ...
# Subtest: phoenix/08 has ten distinct transparent expressions with original bounds
ok 215 - phoenix/08 has ten distinct transparent expressions with original bounds
  ---
  duration_ms: 4.665953
  type: 'test'
  ...
# Subtest: god/01 has ten distinct transparent expressions with original bounds
ok 216 - god/01 has ten distinct transparent expressions with original bounds
  ---
  duration_ms: 4.3001
  type: 'test'
  ...
# Subtest: god/02 has ten distinct transparent expressions with original bounds
ok 217 - god/02 has ten distinct transparent expressions with original bounds
  ---
  duration_ms: 6.559784
  type: 'test'
  ...
# Subtest: god/03 has ten distinct transparent expressions with original bounds
ok 218 - god/03 has ten distinct transparent expressions with original bounds
  ---
  duration_ms: 6.772709
  type: 'test'
  ...
# Subtest: god/04 has ten distinct transparent expressions with original bounds
ok 219 - god/04 has ten distinct transparent expressions with original bounds
  ---
  duration_ms: 6.16611
  type: 'test'
  ...
# Subtest: god/05 has ten distinct transparent expressions with original bounds
ok 220 - god/05 has ten distinct transparent expressions with original bounds
  ---
  duration_ms: 9.799391
  type: 'test'
  ...
# Subtest: god/06 has ten distinct transparent expressions with original bounds
ok 221 - god/06 has ten distinct transparent expressions with original bounds
  ---
  duration_ms: 11.71291
  type: 'test'
  ...
# Subtest: god/07 has ten distinct transparent expressions with original bounds
ok 222 - god/07 has ten distinct transparent expressions with original bounds
  ---
  duration_ms: 9.03043
  type: 'test'
  ...
# Subtest: god/08 has ten distinct transparent expressions with original bounds
ok 223 - god/08 has ten distinct transparent expressions with original bounds
  ---
  duration_ms: 8.864053
  type: 'test'
  ...
# Subtest: world_tree/01 has ten distinct transparent expressions with original bounds
ok 224 - world_tree/01 has ten distinct transparent expressions with original bounds
  ---
  duration_ms: 9.11107
  type: 'test'
  ...
# Subtest: world_tree/02 has ten distinct transparent expressions with original bounds
ok 225 - world_tree/02 has ten distinct transparent expressions with original bounds
  ---
  duration_ms: 8.480915
  type: 'test'
  ...
# Subtest: world_tree/03 has ten distinct transparent expressions with original bounds
ok 226 - world_tree/03 has ten distinct transparent expressions with original bounds
  ---
  duration_ms: 9.199781
  type: 'test'
  ...
# Subtest: world_tree/04 has ten distinct transparent expressions with original bounds
ok 227 - world_tree/04 has ten distinct transparent expressions with original bounds
  ---
  duration_ms: 8.377662
  type: 'test'
  ...
# Subtest: world_tree/05 has ten distinct transparent expressions with original bounds
ok 228 - world_tree/05 has ten distinct transparent expressions with original bounds
  ---
  duration_ms: 9.133804
  type: 'test'
  ...
# Subtest: world_tree/06 has ten distinct transparent expressions with original bounds
ok 229 - world_tree/06 has ten distinct transparent expressions with original bounds
  ---
  duration_ms: 7.904109
  type: 'test'
  ...
# Subtest: world_tree/07 has ten distinct transparent expressions with original bounds
ok 230 - world_tree/07 has ten distinct transparent expressions with original bounds
  ---
  duration_ms: 18.08152
  type: 'test'
  ...
# Subtest: world_tree/08 has ten distinct transparent expressions with original bounds
ok 231 - world_tree/08 has ten distinct transparent expressions with original bounds
  ---
  duration_ms: 6.980218
  type: 'test'
  ...
# Subtest: ghost/01 has ten distinct transparent expressions with original bounds
ok 232 - ghost/01 has ten distinct transparent expressions with original bounds
  ---
  duration_ms: 5.359803
  type: 'test'
  ...
# Subtest: ghost/02 has ten distinct transparent expressions with original bounds
ok 233 - ghost/02 has ten distinct transparent expressions with original bounds
  ---
  duration_ms: 6.504171
  type: 'test'
  ...
# Subtest: ghost/03 has ten distinct transparent expressions with original bounds
ok 234 - ghost/03 has ten distinct transparent expressions with original bounds
  ---
  duration_ms: 6.248001
  type: 'test'
  ...
# Subtest: ghost/04 has ten distinct transparent expressions with original bounds
ok 235 - ghost/04 has ten distinct transparent expressions with original bounds
  ---
  duration_ms: 10.446477
  type: 'test'
  ...
# Subtest: ghost/05 has ten distinct transparent expressions with original bounds
ok 236 - ghost/05 has ten distinct transparent expressions with original bounds
  ---
  duration_ms: 5.689613
  type: 'test'
  ...
# Subtest: ghost/06 has ten distinct transparent expressions with original bounds
ok 237 - ghost/06 has ten distinct transparent expressions with original bounds
  ---
  duration_ms: 5.348487
  type: 'test'
  ...
# Subtest: ghost/07 has ten distinct transparent expressions with original bounds
ok 238 - ghost/07 has ten distinct transparent expressions with original bounds
  ---
  duration_ms: 5.872674
  type: 'test'
  ...
# Subtest: ghost/08 has ten distinct transparent expressions with original bounds
ok 239 - ghost/08 has ten distinct transparent expressions with original bounds
  ---
  duration_ms: 5.380424
  type: 'test'
  ...
# Subtest: star/01 has ten distinct transparent expressions with original bounds
ok 240 - star/01 has ten distinct transparent expressions with original bounds
  ---
  duration_ms: 4.788435
  type: 'test'
  ...
# Subtest: star/02 has ten distinct transparent expressions with original bounds
ok 241 - star/02 has ten distinct transparent expressions with original bounds
  ---
  duration_ms: 5.129612
  type: 'test'
  ...
# Subtest: star/03 has ten distinct transparent expressions with original bounds
ok 242 - star/03 has ten distinct transparent expressions with original bounds
  ---
  duration_ms: 7.058404
  type: 'test'
  ...
# Subtest: star/04 has ten distinct transparent expressions with original bounds
ok 243 - star/04 has ten distinct transparent expressions with original bounds
  ---
  duration_ms: 7.521451
  type: 'test'
  ...
# Subtest: star/05 has ten distinct transparent expressions with original bounds
ok 244 - star/05 has ten distinct transparent expressions with original bounds
  ---
  duration_ms: 5.410418
  type: 'test'
  ...
# Subtest: star/06 has ten distinct transparent expressions with original bounds
ok 245 - star/06 has ten distinct transparent expressions with original bounds
  ---
  duration_ms: 5.739777
  type: 'test'
  ...
# Subtest: star/07 has ten distinct transparent expressions with original bounds
ok 246 - star/07 has ten distinct transparent expressions with original bounds
  ---
  duration_ms: 6.654133
  type: 'test'
  ...
# Subtest: star/08 has ten distinct transparent expressions with original bounds
ok 247 - star/08 has ten distinct transparent expressions with original bounds
  ---
  duration_ms: 5.408736
  type: 'test'
  ...
# Subtest: plush/01 has ten distinct transparent expressions with original bounds
ok 248 - plush/01 has ten distinct transparent expressions with original bounds
  ---
  duration_ms: 5.842109
  type: 'test'
  ...
# Subtest: plush/02 has ten distinct transparent expressions with original bounds
ok 249 - plush/02 has ten distinct transparent expressions with original bounds
  ---
  duration_ms: 5.703304
  type: 'test'
  ...
# Subtest: plush/03 has ten distinct transparent expressions with original bounds
ok 250 - plush/03 has ten distinct transparent expressions with original bounds
  ---
  duration_ms: 5.80248
  type: 'test'
  ...
# Subtest: plush/04 has ten distinct transparent expressions with original bounds
ok 251 - plush/04 has ten distinct transparent expressions with original bounds
  ---
  duration_ms: 6.196995
  type: 'test'
  ...
# Subtest: plush/05 has ten distinct transparent expressions with original bounds
ok 252 - plush/05 has ten distinct transparent expressions with original bounds
  ---
  duration_ms: 6.547686
  type: 'test'
  ...
# Subtest: plush/06 has ten distinct transparent expressions with original bounds
ok 253 - plush/06 has ten distinct transparent expressions with original bounds
  ---
  duration_ms: 6.356393
  type: 'test'
  ...
# Subtest: plush/07 has ten distinct transparent expressions with original bounds
ok 254 - plush/07 has ten distinct transparent expressions with original bounds
  ---
  duration_ms: 6.88772
  type: 'test'
  ...
# Subtest: plush/08 has ten distinct transparent expressions with original bounds
ok 255 - plush/08 has ten distinct transparent expressions with original bounds
  ---
  duration_ms: 6.557932
  type: 'test'
  ...
# Subtest: unknown/01 has ten distinct transparent expressions with original bounds
ok 256 - unknown/01 has ten distinct transparent expressions with original bounds
  ---
  duration_ms: 5.711676
  type: 'test'
  ...
# Subtest: unknown/02 has ten distinct transparent expressions with original bounds
ok 257 - unknown/02 has ten distinct transparent expressions with original bounds
  ---
  duration_ms: 5.387484
  type: 'test'
  ...
# Subtest: unknown/03 has ten distinct transparent expressions with original bounds
ok 258 - unknown/03 has ten distinct transparent expressions with original bounds
  ---
  duration_ms: 6.204897
  type: 'test'
  ...
# Subtest: unknown/04 has ten distinct transparent expressions with original bounds
ok 259 - unknown/04 has ten distinct transparent expressions with original bounds
  ---
  duration_ms: 7.969906
  type: 'test'
  ...
# Subtest: unknown/05 has ten distinct transparent expressions with original bounds
ok 260 - unknown/05 has ten distinct transparent expressions with original bounds
  ---
  duration_ms: 8.684016
  type: 'test'
  ...
# Subtest: unknown/06 has ten distinct transparent expressions with original bounds
ok 261 - unknown/06 has ten distinct transparent expressions with original bounds
  ---
  duration_ms: 8.585921
  type: 'test'
  ...
# Subtest: unknown/07 has ten distinct transparent expressions with original bounds
ok 262 - unknown/07 has ten distinct transparent expressions with original bounds
  ---
  duration_ms: 5.154739
  type: 'test'
  ...
# Subtest: unknown/08 has ten distinct transparent expressions with original bounds
ok 263 - unknown/08 has ten distinct transparent expressions with original bounds
  ---
  duration_ms: 5.68117
  type: 'test'
  ...
# Subtest: ren/01 has ten distinct transparent expressions with original bounds
ok 264 - ren/01 has ten distinct transparent expressions with original bounds
  ---
  duration_ms: 14.269153
  type: 'test'
  ...
# Subtest: ren/02 has ten distinct transparent expressions with original bounds
ok 265 - ren/02 has ten distinct transparent expressions with original bounds
  ---
  duration_ms: 6.354804
  type: 'test'
  ...
# Subtest: ren/03 has ten distinct transparent expressions with original bounds
ok 266 - ren/03 has ten distinct transparent expressions with original bounds
  ---
  duration_ms: 6.707503
  type: 'test'
  ...
# Subtest: ren/04 has ten distinct transparent expressions with original bounds
ok 267 - ren/04 has ten distinct transparent expressions with original bounds
  ---
  duration_ms: 11.575512
  type: 'test'
  ...
# Subtest: ren/05 has ten distinct transparent expressions with original bounds
ok 268 - ren/05 has ten distinct transparent expressions with original bounds
  ---
  duration_ms: 6.477431
  type: 'test'
  ...
# Subtest: ren/06 has ten distinct transparent expressions with original bounds
ok 269 - ren/06 has ten distinct transparent expressions with original bounds
  ---
  duration_ms: 6.270856
  type: 'test'
  ...
# Subtest: ren/07 has ten distinct transparent expressions with original bounds
ok 270 - ren/07 has ten distinct transparent expressions with original bounds
  ---
  duration_ms: 5.636213
  type: 'test'
  ...
# Subtest: ren/08 has ten distinct transparent expressions with original bounds
ok 271 - ren/08 has ten distinct transparent expressions with original bounds
  ---
  duration_ms: 5.593421
  type: 'test'
  ...
# Subtest: normalization produces identical framing for high-resolution and projected masters
ok 272 - normalization produces identical framing for high-resolution and projected masters
  ---
  duration_ms: 822.284514
  type: 'test'
  ...
# Subtest: starfish/02 left illness sweat and silver mark clear the new body at Home sizes
ok 273 - starfish/02 left illness sweat and silver mark clear the new body at Home sizes
  ---
  duration_ms: 521.383164
  type: 'test'
  ...
# Subtest: starfish/03 left illness sweat and silver mark clear the new body at Home sizes
ok 274 - starfish/03 left illness sweat and silver mark clear the new body at Home sizes
  ---
  duration_ms: 356.116081
  type: 'test'
  ...
# Subtest: real home emotion profiles select only the adult cat portrait
ok 275 - real home emotion profiles select only the adult cat portrait
  ---
  duration_ms: 216.496952
  type: 'test'
  ...
# Subtest: adult-cat expressions append unique static accents inside the existing visual
ok 276 - adult-cat expressions append unique static accents inside the existing visual
  ---
  duration_ms: 109.564299
  type: 'test'
  ...
# Subtest: real play and medicine outcomes use semantic temporary faces
ok 277 - real play and medicine outcomes use semantic temporary faces
  ---
  duration_ms: 87.012886
  type: 'test'
  ...
# Subtest: feed afterglow starts happy only after the validated result and expires to latest state
ok 278 - feed afterglow starts happy only after the validated result and expires to latest state
  ---
  duration_ms: 18.726647
  type: 'test'
  ...
# Subtest: a real cure receives the same validated happy afterglow
ok 279 - a real cure receives the same validated happy afterglow
  ---
  duration_ms: 18.099958
  type: 'test'
  ...
# Subtest: reduced motion keeps the static happy afterglow for one second without animation
ok 280 - reduced motion keeps the static happy afterglow for one second without animation
  ---
  duration_ms: 20.522102
  type: 'test'
  ...
# Subtest: only pet semantic speech starts a temporary face
ok 281 - only pet semantic speech starts a temporary face
  ---
  duration_ms: 21.509698
  type: 'test'
  ...
# Subtest: critical state interrupts happy immediately and expiry cannot restore stale state
ok 282 - critical state interrupts happy immediately and expiry cannot restore stale state
  ---
  duration_ms: 16.42971
  type: 'test'
  ...
# Subtest: a new life cancels the old face timer
ok 283 - a new life cancels the old face timer
  ---
  duration_ms: 18.530807
  type: 'test'
  ...
# Subtest: sleep uses its own face, and waking shows normal before latest-state reevaluation
ok 284 - sleep uses its own face, and waking shows normal before latest-state reevaluation
  ---
  duration_ms: 18.927986
  type: 'test'
  ...
# Subtest: form changes and blocked screens clear the temporary face and accent
ok 285 - form changes and blocked screens clear the temporary face and accent
  ---
  duration_ms: 112.743386
  type: 'test'
  ...
# Subtest: expression rendering does not alter saves, cast geometry, or 26 companions
ok 286 - expression rendering does not alter saves, cast geometry, or 26 companions
  ---
  duration_ms: 16.783024
  type: 'test'
  ...
# Subtest: a failed expression portrait retries the original before the emoji fallback
ok 287 - a failed expression portrait retries the original before the emoji fallback
  ---
  duration_ms: 12.702529
  type: 'test'
  ...
# Subtest: home care colors follow existing mood and fatigue boundaries and reset after sleep/recovery
ok 288 - home care colors follow existing mood and fatigue boundaries and reset after sleep/recovery
  ---
  duration_ms: 13.394626
  type: 'test'
  ...
# Subtest: progress meter colors vary with fill without altering game state or life direction
ok 289 - progress meter colors vary with fill without altering game state or life direction
  ---
  duration_ms: 29.384593
  type: 'test'
  ...
# Subtest: overfeeding shows discomfort before a random story can replace it
ok 290 - overfeeding shows discomfort before a random story can replace it
  ---
  duration_ms: 13.911964
  type: 'test'
  ...
# Subtest: a newer care action cancels an older delayed overfeeding story
ok 291 - a newer care action cancels an older delayed overfeeding story
  ---
  duration_ms: 12.104692
  type: 'test'
  ...
# Subtest: kitten home uses its own portraits, care reactions and sleeping face without save changes
ok 292 - kitten home uses its own portraits, care reactions and sleeping face without save changes
  ---
  duration_ms: 12.601128
  type: 'test'
  ...
# Subtest: otemba home uses its own portraits, care reactions and sleeping face without save changes
ok 293 - otemba home uses its own portraits, care reactions and sleeping face without save changes
  ---
  duration_ms: 14.998035
  type: 'test'
  ...
# Subtest: young home uses its own portraits, care reactions and sleeping face without save changes
ok 294 - young home uses its own portraits, care reactions and sleeping face without save changes
  ---
  duration_ms: 11.470701
  type: 'test'
  ...
# Subtest: calm home uses its own portraits, care reactions and sleeping face without save changes
ok 295 - calm home uses its own portraits, care reactions and sleeping face without save changes
  ---
  duration_ms: 11.457381
  type: 'test'
  ...
# Subtest: elder home uses its own portraits, care reactions and sleeping face without save changes
ok 296 - elder home uses its own portraits, care reactions and sleeping face without save changes
  ---
  duration_ms: 11.316893
  type: 'test'
  ...
# Subtest: toddler home uses its own portraits, care reactions and sleeping face without save changes
ok 297 - toddler home uses its own portraits, care reactions and sleeping face without save changes
  ---
  duration_ms: 11.445754
  type: 'test'
  ...
# Subtest: baby home uses its own portraits, care reactions and sleeping face without save changes
ok 298 - baby home uses its own portraits, care reactions and sleeping face without save changes
  ---
  duration_ms: 11.684248
  type: 'test'
  ...
# Subtest: adult dog shows all ten state and reaction faces without changing saved state
ok 299 - adult dog shows all ten state and reaction faces without changing saved state
  ---
  duration_ms: 139.315154
  type: 'test'
  ...
# Subtest: puppy shows all ten state and reaction faces without changing saved state
ok 300 - puppy shows all ten state and reaction faces without changing saved state
  ---
  duration_ms: 130.239118
  type: 'test'
  ...
# Subtest: wanpaku shows all ten state and reaction faces without changing saved state
ok 301 - wanpaku shows all ten state and reaction faces without changing saved state
  ---
  duration_ms: 139.201016
  type: 'test'
  ...
# Subtest: young dog shows all ten state and reaction faces without changing saved state
ok 302 - young dog shows all ten state and reaction faces without changing saved state
  ---
  duration_ms: 149.978573
  type: 'test'
  ...
# Subtest: young dog routing is limited to ages sixteen through twenty-one
ok 303 - young dog routing is limited to ages sixteen through twenty-one
  ---
  duration_ms: 100.375394
  type: 'test'
  ...
# Subtest: calm dog shows all ten state and reaction faces without changing saved state
ok 304 - calm dog shows all ten state and reaction faces without changing saved state
  ---
  duration_ms: 107.013754
  type: 'test'
  ...
# Subtest: calm dog routing is limited to ages forty through sixty-nine
ok 305 - calm dog routing is limited to ages forty through sixty-nine
  ---
  duration_ms: 66.952478
  type: 'test'
  ...
# Subtest: baby dog shows all ten state and reaction faces without changing saved state
ok 306 - baby dog shows all ten state and reaction faces without changing saved state
  ---
  duration_ms: 133.267461
  type: 'test'
  ...
# Subtest: toddler dog shows all ten state and reaction faces without changing saved state
ok 307 - toddler dog shows all ten state and reaction faces without changing saved state
  ---
  duration_ms: 114.190129
  type: 'test'
  ...
# Subtest: elder dog shows all ten state and reaction faces without changing saved state
ok 308 - elder dog shows all ten state and reaction faces without changing saved state
  ---
  duration_ms: 125.146893
  type: 'test'
  ...
# Subtest: remaining dog stage boundaries select their own portraits
ok 309 - remaining dog stage boundaries select their own portraits
  ---
  duration_ms: 173.24286
  type: 'test'
  ...
# Subtest: man/01 renders all ten states and reactions without mutating saved state
ok 310 - man/01 renders all ten states and reactions without mutating saved state
  ---
  duration_ms: 134.276688
  type: 'test'
  ...
# Subtest: man/02 renders all ten states and reactions without mutating saved state
ok 311 - man/02 renders all ten states and reactions without mutating saved state
  ---
  duration_ms: 157.683649
  type: 'test'
  ...
# Subtest: man/03 renders all ten states and reactions without mutating saved state
ok 312 - man/03 renders all ten states and reactions without mutating saved state
  ---
  duration_ms: 132.520746
  type: 'test'
  ...
# Subtest: man/04 renders all ten states and reactions without mutating saved state
ok 313 - man/04 renders all ten states and reactions without mutating saved state
  ---
  duration_ms: 144.013342
  type: 'test'
  ...
# Subtest: man/05 renders all ten states and reactions without mutating saved state
ok 314 - man/05 renders all ten states and reactions without mutating saved state
  ---
  duration_ms: 160.850979
  type: 'test'
  ...
# Subtest: man/06 renders all ten states and reactions without mutating saved state
ok 315 - man/06 renders all ten states and reactions without mutating saved state
  ---
  duration_ms: 152.690058
  type: 'test'
  ...
# Subtest: man/07 renders all ten states and reactions without mutating saved state
ok 316 - man/07 renders all ten states and reactions without mutating saved state
  ---
  duration_ms: 137.025413
  type: 'test'
  ...
# Subtest: man/08 renders all ten states and reactions without mutating saved state
ok 317 - man/08 renders all ten states and reactions without mutating saved state
  ---
  duration_ms: 152.378736
  type: 'test'
  ...
# Subtest: woman/01 renders all ten states and reactions without mutating saved state
ok 318 - woman/01 renders all ten states and reactions without mutating saved state
  ---
  duration_ms: 104.523056
  type: 'test'
  ...
# Subtest: woman/02 renders all ten states and reactions without mutating saved state
ok 319 - woman/02 renders all ten states and reactions without mutating saved state
  ---
  duration_ms: 121.839364
  type: 'test'
  ...
# Subtest: woman/03 renders all ten states and reactions without mutating saved state
ok 320 - woman/03 renders all ten states and reactions without mutating saved state
  ---
  duration_ms: 154.486149
  type: 'test'
  ...
# Subtest: woman/04 renders all ten states and reactions without mutating saved state
ok 321 - woman/04 renders all ten states and reactions without mutating saved state
  ---
  duration_ms: 151.936975
  type: 'test'
  ...
# Subtest: woman/05 renders all ten states and reactions without mutating saved state
ok 322 - woman/05 renders all ten states and reactions without mutating saved state
  ---
  duration_ms: 115.917046
  type: 'test'
  ...
# Subtest: woman/06 renders all ten states and reactions without mutating saved state
ok 323 - woman/06 renders all ten states and reactions without mutating saved state
  ---
  duration_ms: 151.619174
  type: 'test'
  ...
# Subtest: woman/07 renders all ten states and reactions without mutating saved state
ok 324 - woman/07 renders all ten states and reactions without mutating saved state
  ---
  duration_ms: 110.160012
  type: 'test'
  ...
# Subtest: woman/08 renders all ten states and reactions without mutating saved state
ok 325 - woman/08 renders all ten states and reactions without mutating saved state
  ---
  duration_ms: 138.14944
  type: 'test'
  ...
# Subtest: penguin/01 renders all ten states and reactions without mutating saved state
ok 326 - penguin/01 renders all ten states and reactions without mutating saved state
  ---
  duration_ms: 140.735291
  type: 'test'
  ...
# Subtest: penguin/02 renders all ten states and reactions without mutating saved state
ok 327 - penguin/02 renders all ten states and reactions without mutating saved state
  ---
  duration_ms: 122.947208
  type: 'test'
  ...
# Subtest: penguin/03 renders all ten states and reactions without mutating saved state
ok 328 - penguin/03 renders all ten states and reactions without mutating saved state
  ---
  duration_ms: 130.34047
  type: 'test'
  ...
# Subtest: penguin/04 renders all ten states and reactions without mutating saved state
ok 329 - penguin/04 renders all ten states and reactions without mutating saved state
  ---
  duration_ms: 158.418835
  type: 'test'
  ...
# Subtest: penguin/05 renders all ten states and reactions without mutating saved state
ok 330 - penguin/05 renders all ten states and reactions without mutating saved state
  ---
  duration_ms: 140.138886
  type: 'test'
  ...
# Subtest: penguin/06 renders all ten states and reactions without mutating saved state
ok 331 - penguin/06 renders all ten states and reactions without mutating saved state
  ---
  duration_ms: 138.335385
  type: 'test'
  ...
# Subtest: penguin/07 renders all ten states and reactions without mutating saved state
ok 332 - penguin/07 renders all ten states and reactions without mutating saved state
  ---
  duration_ms: 138.515737
  type: 'test'
  ...
# Subtest: penguin/08 renders all ten states and reactions without mutating saved state
ok 333 - penguin/08 renders all ten states and reactions without mutating saved state
  ---
  duration_ms: 143.204706
  type: 'test'
  ...
# Subtest: turtle/01 renders all ten states and reactions without mutating saved state
ok 334 - turtle/01 renders all ten states and reactions without mutating saved state
  ---
  duration_ms: 161.415267
  type: 'test'
  ...
# Subtest: turtle/02 renders all ten states and reactions without mutating saved state
ok 335 - turtle/02 renders all ten states and reactions without mutating saved state
  ---
  duration_ms: 106.530836
  type: 'test'
  ...
# Subtest: turtle/03 renders all ten states and reactions without mutating saved state
ok 336 - turtle/03 renders all ten states and reactions without mutating saved state
  ---
  duration_ms: 119.086119
  type: 'test'
  ...
# Subtest: turtle/04 renders all ten states and reactions without mutating saved state
ok 337 - turtle/04 renders all ten states and reactions without mutating saved state
  ---
  duration_ms: 128.806905
  type: 'test'
  ...
# Subtest: turtle/05 renders all ten states and reactions without mutating saved state
ok 338 - turtle/05 renders all ten states and reactions without mutating saved state
  ---
  duration_ms: 131.455085
  type: 'test'
  ...
# Subtest: turtle/06 renders all ten states and reactions without mutating saved state
ok 339 - turtle/06 renders all ten states and reactions without mutating saved state
  ---
  duration_ms: 132.526385
  type: 'test'
  ...
# Subtest: turtle/07 renders all ten states and reactions without mutating saved state
ok 340 - turtle/07 renders all ten states and reactions without mutating saved state
  ---
  duration_ms: 156.207453
  type: 'test'
  ...
# Subtest: turtle/08 renders all ten states and reactions without mutating saved state
ok 341 - turtle/08 renders all ten states and reactions without mutating saved state
  ---
  duration_ms: 136.905628
  type: 'test'
  ...
# Subtest: frog/01 renders all ten states and reactions without mutating saved state
ok 342 - frog/01 renders all ten states and reactions without mutating saved state
  ---
  duration_ms: 115.783257
  type: 'test'
  ...
# Subtest: frog/02 renders all ten states and reactions without mutating saved state
ok 343 - frog/02 renders all ten states and reactions without mutating saved state
  ---
  duration_ms: 120.71455
  type: 'test'
  ...
# Subtest: frog/03 renders all ten states and reactions without mutating saved state
ok 344 - frog/03 renders all ten states and reactions without mutating saved state
  ---
  duration_ms: 126.893179
  type: 'test'
  ...
# Subtest: frog/04 renders all ten states and reactions without mutating saved state
ok 345 - frog/04 renders all ten states and reactions without mutating saved state
  ---
  duration_ms: 126.672957
  type: 'test'
  ...
# Subtest: frog/05 renders all ten states and reactions without mutating saved state
ok 346 - frog/05 renders all ten states and reactions without mutating saved state
  ---
  duration_ms: 102.042686
  type: 'test'
  ...
# Subtest: frog/06 renders all ten states and reactions without mutating saved state
ok 347 - frog/06 renders all ten states and reactions without mutating saved state
  ---
  duration_ms: 139.778367
  type: 'test'
  ...
# Subtest: frog/07 renders all ten states and reactions without mutating saved state
ok 348 - frog/07 renders all ten states and reactions without mutating saved state
  ---
  duration_ms: 132.479174
  type: 'test'
  ...
# Subtest: frog/08 renders all ten states and reactions without mutating saved state
ok 349 - frog/08 renders all ten states and reactions without mutating saved state
  ---
  duration_ms: 134.925064
  type: 'test'
  ...
# Subtest: clownfish/01 renders all ten states and reactions without mutating saved state
ok 350 - clownfish/01 renders all ten states and reactions without mutating saved state
  ---
  duration_ms: 103.429073
  type: 'test'
  ...
# Subtest: clownfish/02 renders all ten states and reactions without mutating saved state
ok 351 - clownfish/02 renders all ten states and reactions without mutating saved state
  ---
  duration_ms: 119.761982
  type: 'test'
  ...
# Subtest: clownfish/03 renders all ten states and reactions without mutating saved state
ok 352 - clownfish/03 renders all ten states and reactions without mutating saved state
  ---
  duration_ms: 135.276235
  type: 'test'
  ...
# Subtest: clownfish/04 renders all ten states and reactions without mutating saved state
ok 353 - clownfish/04 renders all ten states and reactions without mutating saved state
  ---
  duration_ms: 121.420232
  type: 'test'
  ...
# Subtest: clownfish/05 renders all ten states and reactions without mutating saved state
ok 354 - clownfish/05 renders all ten states and reactions without mutating saved state
  ---
  duration_ms: 122.398224
  type: 'test'
  ...
# Subtest: clownfish/06 renders all ten states and reactions without mutating saved state
ok 355 - clownfish/06 renders all ten states and reactions without mutating saved state
  ---
  duration_ms: 133.210179
  type: 'test'
  ...
# Subtest: clownfish/07 renders all ten states and reactions without mutating saved state
ok 356 - clownfish/07 renders all ten states and reactions without mutating saved state
  ---
  duration_ms: 101.711077
  type: 'test'
  ...
# Subtest: clownfish/08 renders all ten states and reactions without mutating saved state
ok 357 - clownfish/08 renders all ten states and reactions without mutating saved state
  ---
  duration_ms: 141.093077
  type: 'test'
  ...
# Subtest: salmon/01 renders all ten states and reactions without mutating saved state
ok 358 - salmon/01 renders all ten states and reactions without mutating saved state
  ---
  duration_ms: 163.630474
  type: 'test'
  ...
# Subtest: salmon/02 renders all ten states and reactions without mutating saved state
ok 359 - salmon/02 renders all ten states and reactions without mutating saved state
  ---
  duration_ms: 130.079923
  type: 'test'
  ...
# Subtest: salmon/03 renders all ten states and reactions without mutating saved state
ok 360 - salmon/03 renders all ten states and reactions without mutating saved state
  ---
  duration_ms: 127.118274
  type: 'test'
  ...
# Subtest: salmon/04 renders all ten states and reactions without mutating saved state
ok 361 - salmon/04 renders all ten states and reactions without mutating saved state
  ---
  duration_ms: 100.769826
  type: 'test'
  ...
# Subtest: salmon/05 renders all ten states and reactions without mutating saved state
ok 362 - salmon/05 renders all ten states and reactions without mutating saved state
  ---
  duration_ms: 160.937693
  type: 'test'
  ...
# Subtest: salmon/06 renders all ten states and reactions without mutating saved state
ok 363 - salmon/06 renders all ten states and reactions without mutating saved state
  ---
  duration_ms: 132.834732
  type: 'test'
  ...
# Subtest: salmon/07 renders all ten states and reactions without mutating saved state
ok 364 - salmon/07 renders all ten states and reactions without mutating saved state
  ---
  duration_ms: 111.259744
  type: 'test'
  ...
# Subtest: salmon/08 renders all ten states and reactions without mutating saved state
ok 365 - salmon/08 renders all ten states and reactions without mutating saved state
  ---
  duration_ms: 174.175633
  type: 'test'
  ...
# Subtest: hermit_crab/01 renders all ten states and reactions without mutating saved state
ok 366 - hermit_crab/01 renders all ten states and reactions without mutating saved state
  ---
  duration_ms: 118.161185
  type: 'test'
  ...
# Subtest: hermit_crab/02 renders all ten states and reactions without mutating saved state
ok 367 - hermit_crab/02 renders all ten states and reactions without mutating saved state
  ---
  duration_ms: 154.074128
  type: 'test'
  ...
# Subtest: hermit_crab/03 renders all ten states and reactions without mutating saved state
ok 368 - hermit_crab/03 renders all ten states and reactions without mutating saved state
  ---
  duration_ms: 143.526639
  type: 'test'
  ...
# Subtest: hermit_crab/04 renders all ten states and reactions without mutating saved state
ok 369 - hermit_crab/04 renders all ten states and reactions without mutating saved state
  ---
  duration_ms: 109.461199
  type: 'test'
  ...
# Subtest: hermit_crab/05 renders all ten states and reactions without mutating saved state
ok 370 - hermit_crab/05 renders all ten states and reactions without mutating saved state
  ---
  duration_ms: 122.564671
  type: 'test'
  ...
# Subtest: hermit_crab/06 renders all ten states and reactions without mutating saved state
ok 371 - hermit_crab/06 renders all ten states and reactions without mutating saved state
  ---
  duration_ms: 123.575336
  type: 'test'
  ...
# Subtest: hermit_crab/07 renders all ten states and reactions without mutating saved state
ok 372 - hermit_crab/07 renders all ten states and reactions without mutating saved state
  ---
  duration_ms: 116.636463
  type: 'test'
  ...
# Subtest: hermit_crab/08 renders all ten states and reactions without mutating saved state
ok 373 - hermit_crab/08 renders all ten states and reactions without mutating saved state
  ---
  duration_ms: 118.287312
  type: 'test'
  ...
# Subtest: jellyfish/01 renders all ten states and reactions without mutating saved state
ok 374 - jellyfish/01 renders all ten states and reactions without mutating saved state
  ---
  duration_ms: 114.324136
  type: 'test'
  ...
# Subtest: jellyfish/02 renders all ten states and reactions without mutating saved state
ok 375 - jellyfish/02 renders all ten states and reactions without mutating saved state
  ---
  duration_ms: 117.690758
  type: 'test'
  ...
# Subtest: jellyfish/03 renders all ten states and reactions without mutating saved state
ok 376 - jellyfish/03 renders all ten states and reactions without mutating saved state
  ---
  duration_ms: 118.461833
  type: 'test'
  ...
# Subtest: jellyfish/04 renders all ten states and reactions without mutating saved state
ok 377 - jellyfish/04 renders all ten states and reactions without mutating saved state
  ---
  duration_ms: 118.121788
  type: 'test'
  ...
# Subtest: jellyfish/05 renders all ten states and reactions without mutating saved state
ok 378 - jellyfish/05 renders all ten states and reactions without mutating saved state
  ---
  duration_ms: 113.984448
  type: 'test'
  ...
# Subtest: jellyfish/06 renders all ten states and reactions without mutating saved state
ok 379 - jellyfish/06 renders all ten states and reactions without mutating saved state
  ---
  duration_ms: 143.618014
  type: 'test'
  ...
# Subtest: jellyfish/07 renders all ten states and reactions without mutating saved state
ok 380 - jellyfish/07 renders all ten states and reactions without mutating saved state
  ---
  duration_ms: 131.893405
  type: 'test'
  ...
# Subtest: jellyfish/08 renders all ten states and reactions without mutating saved state
ok 381 - jellyfish/08 renders all ten states and reactions without mutating saved state
  ---
  duration_ms: 115.759381
  type: 'test'
  ...
# Subtest: starfish/01 renders all ten states and reactions without mutating saved state
ok 382 - starfish/01 renders all ten states and reactions without mutating saved state
  ---
  duration_ms: 125.208985
  type: 'test'
  ...
# Subtest: starfish/02 renders all ten states and reactions without mutating saved state
ok 383 - starfish/02 renders all ten states and reactions without mutating saved state
  ---
  duration_ms: 125.833392
  type: 'test'
  ...
# Subtest: starfish/03 renders all ten states and reactions without mutating saved state
ok 384 - starfish/03 renders all ten states and reactions without mutating saved state
  ---
  duration_ms: 124.192677
  type: 'test'
  ...
# Subtest: starfish/04 renders all ten states and reactions without mutating saved state
ok 385 - starfish/04 renders all ten states and reactions without mutating saved state
  ---
  duration_ms: 124.957566
  type: 'test'
  ...
# Subtest: starfish/05 renders all ten states and reactions without mutating saved state
ok 386 - starfish/05 renders all ten states and reactions without mutating saved state
  ---
  duration_ms: 121.860938
  type: 'test'
  ...
# Subtest: starfish/06 renders all ten states and reactions without mutating saved state
ok 387 - starfish/06 renders all ten states and reactions without mutating saved state
  ---
  duration_ms: 140.219246
  type: 'test'
  ...
# Subtest: starfish/07 renders all ten states and reactions without mutating saved state
ok 388 - starfish/07 renders all ten states and reactions without mutating saved state
  ---
  duration_ms: 133.07739
  type: 'test'
  ...
# Subtest: starfish/08 renders all ten states and reactions without mutating saved state
ok 389 - starfish/08 renders all ten states and reactions without mutating saved state
  ---
  duration_ms: 135.876852
  type: 'test'
  ...
# Subtest: coral/01 renders all ten states and reactions without mutating saved state
ok 390 - coral/01 renders all ten states and reactions without mutating saved state
  ---
  duration_ms: 486.483189
  type: 'test'
  ...
# Subtest: coral/02 renders all ten states and reactions without mutating saved state
ok 391 - coral/02 renders all ten states and reactions without mutating saved state
  ---
  duration_ms: 121.70027
  type: 'test'
  ...
# Subtest: coral/03 renders all ten states and reactions without mutating saved state
ok 392 - coral/03 renders all ten states and reactions without mutating saved state
  ---
  duration_ms: 129.289654
  type: 'test'
  ...
# Subtest: coral/04 renders all ten states and reactions without mutating saved state
ok 393 - coral/04 renders all ten states and reactions without mutating saved state
  ---
  duration_ms: 97.417873
  type: 'test'
  ...
# Subtest: coral/05 renders all ten states and reactions without mutating saved state
ok 394 - coral/05 renders all ten states and reactions without mutating saved state
  ---
  duration_ms: 129.455029
  type: 'test'
  ...
# Subtest: coral/06 renders all ten states and reactions without mutating saved state
ok 395 - coral/06 renders all ten states and reactions without mutating saved state
  ---
  duration_ms: 136.117829
  type: 'test'
  ...
# Subtest: coral/07 renders all ten states and reactions without mutating saved state
ok 396 - coral/07 renders all ten states and reactions without mutating saved state
  ---
  duration_ms: 131.811634
  type: 'test'
  ...
# Subtest: coral/08 renders all ten states and reactions without mutating saved state
ok 397 - coral/08 renders all ten states and reactions without mutating saved state
  ---
  duration_ms: 137.98332
  type: 'test'
  ...
# Subtest: butterfly/01 renders all ten states and reactions without mutating saved state
ok 398 - butterfly/01 renders all ten states and reactions without mutating saved state
  ---
  duration_ms: 135.022885
  type: 'test'
  ...
# Subtest: butterfly/02 renders all ten states and reactions without mutating saved state
ok 399 - butterfly/02 renders all ten states and reactions without mutating saved state
  ---
  duration_ms: 123.740596
  type: 'test'
  ...
# Subtest: butterfly/03 renders all ten states and reactions without mutating saved state
ok 400 - butterfly/03 renders all ten states and reactions without mutating saved state
  ---
  duration_ms: 113.017279
  type: 'test'
  ...
# Subtest: butterfly/04 renders all ten states and reactions without mutating saved state
ok 401 - butterfly/04 renders all ten states and reactions without mutating saved state
  ---
  duration_ms: 128.505902
  type: 'test'
  ...
# Subtest: butterfly/05 renders all ten states and reactions without mutating saved state
ok 402 - butterfly/05 renders all ten states and reactions without mutating saved state
  ---
  duration_ms: 141.817075
  type: 'test'
  ...
# Subtest: butterfly/06 renders all ten states and reactions without mutating saved state
ok 403 - butterfly/06 renders all ten states and reactions without mutating saved state
  ---
  duration_ms: 141.748988
  type: 'test'
  ...
# Subtest: butterfly/07 renders all ten states and reactions without mutating saved state
ok 404 - butterfly/07 renders all ten states and reactions without mutating saved state
  ---
  duration_ms: 130.978408
  type: 'test'
  ...
# Subtest: butterfly/08 renders all ten states and reactions without mutating saved state
ok 405 - butterfly/08 renders all ten states and reactions without mutating saved state
  ---
  duration_ms: 128.431511
  type: 'test'
  ...
# Subtest: beetle/01 renders all ten states and reactions without mutating saved state
ok 406 - beetle/01 renders all ten states and reactions without mutating saved state
  ---
  duration_ms: 122.808759
  type: 'test'
  ...
# Subtest: beetle/02 renders all ten states and reactions without mutating saved state
ok 407 - beetle/02 renders all ten states and reactions without mutating saved state
  ---
  duration_ms: 143.415535
  type: 'test'
  ...
# Subtest: beetle/03 renders all ten states and reactions without mutating saved state
ok 408 - beetle/03 renders all ten states and reactions without mutating saved state
  ---
  duration_ms: 136.468601
  type: 'test'
  ...
# Subtest: beetle/04 renders all ten states and reactions without mutating saved state
ok 409 - beetle/04 renders all ten states and reactions without mutating saved state
  ---
  duration_ms: 122.0474
  type: 'test'
  ...
# Subtest: beetle/05 renders all ten states and reactions without mutating saved state
ok 410 - beetle/05 renders all ten states and reactions without mutating saved state
  ---
  duration_ms: 123.87372
  type: 'test'
  ...
# Subtest: beetle/06 renders all ten states and reactions without mutating saved state
ok 411 - beetle/06 renders all ten states and reactions without mutating saved state
  ---
  duration_ms: 155.302922
  type: 'test'
  ...
# Subtest: beetle/07 renders all ten states and reactions without mutating saved state
ok 412 - beetle/07 renders all ten states and reactions without mutating saved state
  ---
  duration_ms: 98.208763
  type: 'test'
  ...
# Subtest: beetle/08 renders all ten states and reactions without mutating saved state
ok 413 - beetle/08 renders all ten states and reactions without mutating saved state
  ---
  duration_ms: 110.774731
  type: 'test'
  ...
# Subtest: stagbeetle/01 renders all ten states and reactions without mutating saved state
ok 414 - stagbeetle/01 renders all ten states and reactions without mutating saved state
  ---
  duration_ms: 124.122104
  type: 'test'
  ...
# Subtest: stagbeetle/02 renders all ten states and reactions without mutating saved state
ok 415 - stagbeetle/02 renders all ten states and reactions without mutating saved state
  ---
  duration_ms: 141.784044
  type: 'test'
  ...
# Subtest: stagbeetle/03 renders all ten states and reactions without mutating saved state
ok 416 - stagbeetle/03 renders all ten states and reactions without mutating saved state
  ---
  duration_ms: 130.851821
  type: 'test'
  ...
# Subtest: stagbeetle/04 renders all ten states and reactions without mutating saved state
ok 417 - stagbeetle/04 renders all ten states and reactions without mutating saved state
  ---
  duration_ms: 101.037691
  type: 'test'
  ...
# Subtest: stagbeetle/05 renders all ten states and reactions without mutating saved state
ok 418 - stagbeetle/05 renders all ten states and reactions without mutating saved state
  ---
  duration_ms: 119.573418
  type: 'test'
  ...
# Subtest: stagbeetle/06 renders all ten states and reactions without mutating saved state
ok 419 - stagbeetle/06 renders all ten states and reactions without mutating saved state
  ---
  duration_ms: 143.821183
  type: 'test'
  ...
# Subtest: stagbeetle/07 renders all ten states and reactions without mutating saved state
ok 420 - stagbeetle/07 renders all ten states and reactions without mutating saved state
  ---
  duration_ms: 114.374845
  type: 'test'
  ...
# Subtest: stagbeetle/08 renders all ten states and reactions without mutating saved state
ok 421 - stagbeetle/08 renders all ten states and reactions without mutating saved state
  ---
  duration_ms: 111.036129
  type: 'test'
  ...
# Subtest: cicada/01 renders all ten states and reactions without mutating saved state
ok 422 - cicada/01 renders all ten states and reactions without mutating saved state
  ---
  duration_ms: 96.441841
  type: 'test'
  ...
# Subtest: cicada/02 renders all ten states and reactions without mutating saved state
ok 423 - cicada/02 renders all ten states and reactions without mutating saved state
  ---
  duration_ms: 116.546597
  type: 'test'
  ...
# Subtest: cicada/03 renders all ten states and reactions without mutating saved state
ok 424 - cicada/03 renders all ten states and reactions without mutating saved state
  ---
  duration_ms: 118.58357
  type: 'test'
  ...
# Subtest: cicada/04 renders all ten states and reactions without mutating saved state
ok 425 - cicada/04 renders all ten states and reactions without mutating saved state
  ---
  duration_ms: 119.424799
  type: 'test'
  ...
# Subtest: cicada/05 renders all ten states and reactions without mutating saved state
ok 426 - cicada/05 renders all ten states and reactions without mutating saved state
  ---
  duration_ms: 166.514114
  type: 'test'
  ...
# Subtest: cicada/06 renders all ten states and reactions without mutating saved state
ok 427 - cicada/06 renders all ten states and reactions without mutating saved state
  ---
  duration_ms: 106.136062
  type: 'test'
  ...
# Subtest: cicada/07 renders all ten states and reactions without mutating saved state
ok 428 - cicada/07 renders all ten states and reactions without mutating saved state
  ---
  duration_ms: 114.310013
  type: 'test'
  ...
# Subtest: cicada/08 renders all ten states and reactions without mutating saved state
ok 429 - cicada/08 renders all ten states and reactions without mutating saved state
  ---
  duration_ms: 118.016167
  type: 'test'
  ...
# Subtest: antlion/01 renders all ten states and reactions without mutating saved state
ok 430 - antlion/01 renders all ten states and reactions without mutating saved state
  ---
  duration_ms: 107.402568
  type: 'test'
  ...
# Subtest: antlion/02 renders all ten states and reactions without mutating saved state
ok 431 - antlion/02 renders all ten states and reactions without mutating saved state
  ---
  duration_ms: 111.356004
  type: 'test'
  ...
# Subtest: antlion/03 renders all ten states and reactions without mutating saved state
ok 432 - antlion/03 renders all ten states and reactions without mutating saved state
  ---
  duration_ms: 110.662665
  type: 'test'
  ...
# Subtest: antlion/04 renders all ten states and reactions without mutating saved state
ok 433 - antlion/04 renders all ten states and reactions without mutating saved state
  ---
  duration_ms: 120.011899
  type: 'test'
  ...
# Subtest: antlion/05 renders all ten states and reactions without mutating saved state
ok 434 - antlion/05 renders all ten states and reactions without mutating saved state
  ---
  duration_ms: 100.425263
  type: 'test'
  ...
# Subtest: antlion/06 renders all ten states and reactions without mutating saved state
ok 435 - antlion/06 renders all ten states and reactions without mutating saved state
  ---
  duration_ms: 112.199235
  type: 'test'
  ...
# Subtest: antlion/07 renders all ten states and reactions without mutating saved state
ok 436 - antlion/07 renders all ten states and reactions without mutating saved state
  ---
  duration_ms: 114.718775
  type: 'test'
  ...
# Subtest: antlion/08 renders all ten states and reactions without mutating saved state
ok 437 - antlion/08 renders all ten states and reactions without mutating saved state
  ---
  duration_ms: 124.837301
  type: 'test'
  ...
# Subtest: dandelion/01 renders all ten states and reactions without mutating saved state
ok 438 - dandelion/01 renders all ten states and reactions without mutating saved state
  ---
  duration_ms: 161.434306
  type: 'test'
  ...
# Subtest: dandelion/02 renders all ten states and reactions without mutating saved state
ok 439 - dandelion/02 renders all ten states and reactions without mutating saved state
  ---
  duration_ms: 152.995187
  type: 'test'
  ...
# Subtest: dandelion/03 renders all ten states and reactions without mutating saved state
ok 440 - dandelion/03 renders all ten states and reactions without mutating saved state
  ---
  duration_ms: 124.366222
  type: 'test'
  ...
# Subtest: dandelion/04 renders all ten states and reactions without mutating saved state
ok 441 - dandelion/04 renders all ten states and reactions without mutating saved state
  ---
  duration_ms: 121.480614
  type: 'test'
  ...
# Subtest: dandelion/05 renders all ten states and reactions without mutating saved state
ok 442 - dandelion/05 renders all ten states and reactions without mutating saved state
  ---
  duration_ms: 139.114678
  type: 'test'
  ...
# Subtest: dandelion/06 renders all ten states and reactions without mutating saved state
ok 443 - dandelion/06 renders all ten states and reactions without mutating saved state
  ---
  duration_ms: 160.95516
  type: 'test'
  ...
# Subtest: dandelion/07 renders all ten states and reactions without mutating saved state
ok 444 - dandelion/07 renders all ten states and reactions without mutating saved state
  ---
  duration_ms: 158.337586
  type: 'test'
  ...
# Subtest: dandelion/08 renders all ten states and reactions without mutating saved state
ok 445 - dandelion/08 renders all ten states and reactions without mutating saved state
  ---
  duration_ms: 154.088855
  type: 'test'
  ...
# Subtest: sakura/01 renders all ten states and reactions without mutating saved state
ok 446 - sakura/01 renders all ten states and reactions without mutating saved state
  ---
  duration_ms: 139.4391
  type: 'test'
  ...
# Subtest: sakura/02 renders all ten states and reactions without mutating saved state
ok 447 - sakura/02 renders all ten states and reactions without mutating saved state
  ---
  duration_ms: 140.378218
  type: 'test'
  ...
# Subtest: sakura/03 renders all ten states and reactions without mutating saved state
ok 448 - sakura/03 renders all ten states and reactions without mutating saved state
  ---
  duration_ms: 130.083383
  type: 'test'
  ...
# Subtest: sakura/04 renders all ten states and reactions without mutating saved state
ok 449 - sakura/04 renders all ten states and reactions without mutating saved state
  ---
  duration_ms: 125.495765
  type: 'test'
  ...
# Subtest: sakura/05 renders all ten states and reactions without mutating saved state
ok 450 - sakura/05 renders all ten states and reactions without mutating saved state
  ---
  duration_ms: 164.540288
  type: 'test'
  ...
# Subtest: sakura/06 renders all ten states and reactions without mutating saved state
ok 451 - sakura/06 renders all ten states and reactions without mutating saved state
  ---
  duration_ms: 133.701722
  type: 'test'
  ...
# Subtest: sakura/07 renders all ten states and reactions without mutating saved state
ok 452 - sakura/07 renders all ten states and reactions without mutating saved state
  ---
  duration_ms: 109.300206
  type: 'test'
  ...
# Subtest: sakura/08 renders all ten states and reactions without mutating saved state
ok 453 - sakura/08 renders all ten states and reactions without mutating saved state
  ---
  duration_ms: 125.229626
  type: 'test'
  ...
# Subtest: venus_flytrap/01 renders all ten states and reactions without mutating saved state
ok 454 - venus_flytrap/01 renders all ten states and reactions without mutating saved state
  ---
  duration_ms: 149.624457
  type: 'test'
  ...
# Subtest: venus_flytrap/02 renders all ten states and reactions without mutating saved state
ok 455 - venus_flytrap/02 renders all ten states and reactions without mutating saved state
  ---
  duration_ms: 115.197491
  type: 'test'
  ...
# Subtest: venus_flytrap/03 renders all ten states and reactions without mutating saved state
ok 456 - venus_flytrap/03 renders all ten states and reactions without mutating saved state
  ---
  duration_ms: 117.232277
  type: 'test'
  ...
# Subtest: venus_flytrap/04 renders all ten states and reactions without mutating saved state
ok 457 - venus_flytrap/04 renders all ten states and reactions without mutating saved state
  ---
  duration_ms: 107.749642
  type: 'test'
  ...
# Subtest: venus_flytrap/05 renders all ten states and reactions without mutating saved state
ok 458 - venus_flytrap/05 renders all ten states and reactions without mutating saved state
  ---
  duration_ms: 124.062184
  type: 'test'
  ...
# Subtest: venus_flytrap/06 renders all ten states and reactions without mutating saved state
ok 459 - venus_flytrap/06 renders all ten states and reactions without mutating saved state
  ---
  duration_ms: 125.831548
  type: 'test'
  ...
# Subtest: venus_flytrap/07 renders all ten states and reactions without mutating saved state
ok 460 - venus_flytrap/07 renders all ten states and reactions without mutating saved state
  ---
  duration_ms: 142.944743
  type: 'test'
  ...
# Subtest: venus_flytrap/08 renders all ten states and reactions without mutating saved state
ok 461 - venus_flytrap/08 renders all ten states and reactions without mutating saved state
  ---
  duration_ms: 95.24126
  type: 'test'
  ...
# Subtest: mushroom/01 renders all ten states and reactions without mutating saved state
ok 462 - mushroom/01 renders all ten states and reactions without mutating saved state
  ---
  duration_ms: 116.696448
  type: 'test'
  ...
# Subtest: mushroom/02 renders all ten states and reactions without mutating saved state
ok 463 - mushroom/02 renders all ten states and reactions without mutating saved state
  ---
  duration_ms: 118.383003
  type: 'test'
  ...
# Subtest: mushroom/03 renders all ten states and reactions without mutating saved state
ok 464 - mushroom/03 renders all ten states and reactions without mutating saved state
  ---
  duration_ms: 122.537509
  type: 'test'
  ...
# Subtest: mushroom/04 renders all ten states and reactions without mutating saved state
ok 465 - mushroom/04 renders all ten states and reactions without mutating saved state
  ---
  duration_ms: 110.524161
  type: 'test'
  ...
# Subtest: mushroom/05 renders all ten states and reactions without mutating saved state
ok 466 - mushroom/05 renders all ten states and reactions without mutating saved state
  ---
  duration_ms: 131.808335
  type: 'test'
  ...
# Subtest: mushroom/06 renders all ten states and reactions without mutating saved state
ok 467 - mushroom/06 renders all ten states and reactions without mutating saved state
  ---
  duration_ms: 171.512858
  type: 'test'
  ...
# Subtest: mushroom/07 renders all ten states and reactions without mutating saved state
ok 468 - mushroom/07 renders all ten states and reactions without mutating saved state
  ---
  duration_ms: 103.081004
  type: 'test'
  ...
# Subtest: mushroom/08 renders all ten states and reactions without mutating saved state
ok 469 - mushroom/08 renders all ten states and reactions without mutating saved state
  ---
  duration_ms: 121.756406
  type: 'test'
  ...
# Subtest: dragon/01 renders all ten states and reactions without mutating saved state
ok 470 - dragon/01 renders all ten states and reactions without mutating saved state
  ---
  duration_ms: 123.636208
  type: 'test'
  ...
# Subtest: dragon/02 renders all ten states and reactions without mutating saved state
ok 471 - dragon/02 renders all ten states and reactions without mutating saved state
  ---
  duration_ms: 128.020423
  type: 'test'
  ...
# Subtest: dragon/03 renders all ten states and reactions without mutating saved state
ok 472 - dragon/03 renders all ten states and reactions without mutating saved state
  ---
  duration_ms: 114.808463
  type: 'test'
  ...
# Subtest: dragon/04 renders all ten states and reactions without mutating saved state
ok 473 - dragon/04 renders all ten states and reactions without mutating saved state
  ---
  duration_ms: 116.018797
  type: 'test'
  ...
# Subtest: dragon/05 renders all ten states and reactions without mutating saved state
ok 474 - dragon/05 renders all ten states and reactions without mutating saved state
  ---
  duration_ms: 126.391279
  type: 'test'
  ...
# Subtest: dragon/06 renders all ten states and reactions without mutating saved state
ok 475 - dragon/06 renders all ten states and reactions without mutating saved state
  ---
  duration_ms: 139.716126
  type: 'test'
  ...
# Subtest: dragon/07 renders all ten states and reactions without mutating saved state
ok 476 - dragon/07 renders all ten states and reactions without mutating saved state
  ---
  duration_ms: 152.800643
  type: 'test'
  ...
# Subtest: dragon/08 renders all ten states and reactions without mutating saved state
ok 477 - dragon/08 renders all ten states and reactions without mutating saved state
  ---
  duration_ms: 122.537815
  type: 'test'
  ...
# Subtest: phoenix/01 renders all ten states and reactions without mutating saved state
ok 478 - phoenix/01 renders all ten states and reactions without mutating saved state
  ---
  duration_ms: 129.788084
  type: 'test'
  ...
# Subtest: phoenix/02 renders all ten states and reactions without mutating saved state
ok 479 - phoenix/02 renders all ten states and reactions without mutating saved state
  ---
  duration_ms: 142.436118
  type: 'test'
  ...
# Subtest: phoenix/03 renders all ten states and reactions without mutating saved state
ok 480 - phoenix/03 renders all ten states and reactions without mutating saved state
  ---
  duration_ms: 143.495715
  type: 'test'
  ...
# Subtest: phoenix/04 renders all ten states and reactions without mutating saved state
ok 481 - phoenix/04 renders all ten states and reactions without mutating saved state
  ---
  duration_ms: 106.073268
  type: 'test'
  ...
# Subtest: phoenix/05 renders all ten states and reactions without mutating saved state
ok 482 - phoenix/05 renders all ten states and reactions without mutating saved state
  ---
  duration_ms: 136.232352
  type: 'test'
  ...
# Subtest: phoenix/06 renders all ten states and reactions without mutating saved state
ok 483 - phoenix/06 renders all ten states and reactions without mutating saved state
  ---
  duration_ms: 155.330616
  type: 'test'
  ...
# Subtest: phoenix/07 renders all ten states and reactions without mutating saved state
ok 484 - phoenix/07 renders all ten states and reactions without mutating saved state
  ---
  duration_ms: 188.696188
  type: 'test'
  ...
# Subtest: phoenix/08 renders all ten states and reactions without mutating saved state
ok 485 - phoenix/08 renders all ten states and reactions without mutating saved state
  ---
  duration_ms: 121.487472
  type: 'test'
  ...
# Subtest: god/01 renders all ten states and reactions without mutating saved state
ok 486 - god/01 renders all ten states and reactions without mutating saved state
  ---
  duration_ms: 114.219652
  type: 'test'
  ...
# Subtest: god/02 renders all ten states and reactions without mutating saved state
ok 487 - god/02 renders all ten states and reactions without mutating saved state
  ---
  duration_ms: 103.13983
  type: 'test'
  ...
# Subtest: god/03 renders all ten states and reactions without mutating saved state
ok 488 - god/03 renders all ten states and reactions without mutating saved state
  ---
  duration_ms: 128.161256
  type: 'test'
  ...
# Subtest: god/04 renders all ten states and reactions without mutating saved state
ok 489 - god/04 renders all ten states and reactions without mutating saved state
  ---
  duration_ms: 115.78198
  type: 'test'
  ...
# Subtest: god/05 renders all ten states and reactions without mutating saved state
ok 490 - god/05 renders all ten states and reactions without mutating saved state
  ---
  duration_ms: 134.945258
  type: 'test'
  ...
# Subtest: god/06 renders all ten states and reactions without mutating saved state
ok 491 - god/06 renders all ten states and reactions without mutating saved state
  ---
  duration_ms: 166.170363
  type: 'test'
  ...
# Subtest: god/07 renders all ten states and reactions without mutating saved state
ok 492 - god/07 renders all ten states and reactions without mutating saved state
  ---
  duration_ms: 117.461683
  type: 'test'
  ...
# Subtest: god/08 renders all ten states and reactions without mutating saved state
ok 493 - god/08 renders all ten states and reactions without mutating saved state
  ---
  duration_ms: 111.628487
  type: 'test'
  ...
# Subtest: world_tree/01 renders all ten states and reactions without mutating saved state
ok 494 - world_tree/01 renders all ten states and reactions without mutating saved state
  ---
  duration_ms: 143.831734
  type: 'test'
  ...
# Subtest: world_tree/02 renders all ten states and reactions without mutating saved state
ok 495 - world_tree/02 renders all ten states and reactions without mutating saved state
  ---
  duration_ms: 114.577082
  type: 'test'
  ...
# Subtest: world_tree/03 renders all ten states and reactions without mutating saved state
ok 496 - world_tree/03 renders all ten states and reactions without mutating saved state
  ---
  duration_ms: 122.437586
  type: 'test'
  ...
# Subtest: world_tree/04 renders all ten states and reactions without mutating saved state
ok 497 - world_tree/04 renders all ten states and reactions without mutating saved state
  ---
  duration_ms: 143.138795
  type: 'test'
  ...
# Subtest: world_tree/05 renders all ten states and reactions without mutating saved state
ok 498 - world_tree/05 renders all ten states and reactions without mutating saved state
  ---
  duration_ms: 109.214635
  type: 'test'
  ...
# Subtest: world_tree/06 renders all ten states and reactions without mutating saved state
ok 499 - world_tree/06 renders all ten states and reactions without mutating saved state
  ---
  duration_ms: 132.617363
  type: 'test'
  ...
# Subtest: world_tree/07 renders all ten states and reactions without mutating saved state
ok 500 - world_tree/07 renders all ten states and reactions without mutating saved state
  ---
  duration_ms: 184.774804
  type: 'test'
  ...
# Subtest: world_tree/08 renders all ten states and reactions without mutating saved state
ok 501 - world_tree/08 renders all ten states and reactions without mutating saved state
  ---
  duration_ms: 126.758839
  type: 'test'
  ...
# Subtest: ghost/01 renders all ten states and reactions without mutating saved state
ok 502 - ghost/01 renders all ten states and reactions without mutating saved state
  ---
  duration_ms: 168.766564
  type: 'test'
  ...
# Subtest: ghost/02 renders all ten states and reactions without mutating saved state
ok 503 - ghost/02 renders all ten states and reactions without mutating saved state
  ---
  duration_ms: 122.862447
  type: 'test'
  ...
# Subtest: ghost/03 renders all ten states and reactions without mutating saved state
ok 504 - ghost/03 renders all ten states and reactions without mutating saved state
  ---
  duration_ms: 126.617014
  type: 'test'
  ...
# Subtest: ghost/04 renders all ten states and reactions without mutating saved state
ok 505 - ghost/04 renders all ten states and reactions without mutating saved state
  ---
  duration_ms: 147.093479
  type: 'test'
  ...
# Subtest: ghost/05 renders all ten states and reactions without mutating saved state
ok 506 - ghost/05 renders all ten states and reactions without mutating saved state
  ---
  duration_ms: 141.2075
  type: 'test'
  ...
# Subtest: ghost/06 renders all ten states and reactions without mutating saved state
ok 507 - ghost/06 renders all ten states and reactions without mutating saved state
  ---
  duration_ms: 235.657423
  type: 'test'
  ...
# Subtest: ghost/07 renders all ten states and reactions without mutating saved state
ok 508 - ghost/07 renders all ten states and reactions without mutating saved state
  ---
  duration_ms: 110.015534
  type: 'test'
  ...
# Subtest: ghost/08 renders all ten states and reactions without mutating saved state
ok 509 - ghost/08 renders all ten states and reactions without mutating saved state
  ---
  duration_ms: 125.908029
  type: 'test'
  ...
# Subtest: star/01 renders all ten states and reactions without mutating saved state
ok 510 - star/01 renders all ten states and reactions without mutating saved state
  ---
  duration_ms: 143.681838
  type: 'test'
  ...
# Subtest: star/02 renders all ten states and reactions without mutating saved state
ok 511 - star/02 renders all ten states and reactions without mutating saved state
  ---
  duration_ms: 153.405804
  type: 'test'
  ...
# Subtest: star/03 renders all ten states and reactions without mutating saved state
ok 512 - star/03 renders all ten states and reactions without mutating saved state
  ---
  duration_ms: 149.231283
  type: 'test'
  ...
# Subtest: star/04 renders all ten states and reactions without mutating saved state
ok 513 - star/04 renders all ten states and reactions without mutating saved state
  ---
  duration_ms: 157.497773
  type: 'test'
  ...
# Subtest: star/05 renders all ten states and reactions without mutating saved state
ok 514 - star/05 renders all ten states and reactions without mutating saved state
  ---
  duration_ms: 137.731222
  type: 'test'
  ...
# Subtest: star/06 renders all ten states and reactions without mutating saved state
ok 515 - star/06 renders all ten states and reactions without mutating saved state
  ---
  duration_ms: 111.684579
  type: 'test'
  ...
# Subtest: star/07 renders all ten states and reactions without mutating saved state
ok 516 - star/07 renders all ten states and reactions without mutating saved state
  ---
  duration_ms: 136.392844
  type: 'test'
  ...
# Subtest: star/08 renders all ten states and reactions without mutating saved state
ok 517 - star/08 renders all ten states and reactions without mutating saved state
  ---
  duration_ms: 134.85055
  type: 'test'
  ...
# Subtest: plush/01 renders all ten states and reactions without mutating saved state
ok 518 - plush/01 renders all ten states and reactions without mutating saved state
  ---
  duration_ms: 123.887081
  type: 'test'
  ...
# Subtest: plush/02 renders all ten states and reactions without mutating saved state
ok 519 - plush/02 renders all ten states and reactions without mutating saved state
  ---
  duration_ms: 122.003403
  type: 'test'
  ...
# Subtest: plush/03 renders all ten states and reactions without mutating saved state
ok 520 - plush/03 renders all ten states and reactions without mutating saved state
  ---
  duration_ms: 111.408374
  type: 'test'
  ...
# Subtest: plush/04 renders all ten states and reactions without mutating saved state
ok 521 - plush/04 renders all ten states and reactions without mutating saved state
  ---
  duration_ms: 100.849856
  type: 'test'
  ...
# Subtest: plush/05 renders all ten states and reactions without mutating saved state
ok 522 - plush/05 renders all ten states and reactions without mutating saved state
  ---
  duration_ms: 115.643896
  type: 'test'
  ...
# Subtest: plush/06 renders all ten states and reactions without mutating saved state
ok 523 - plush/06 renders all ten states and reactions without mutating saved state
  ---
  duration_ms: 159.340686
  type: 'test'
  ...
# Subtest: plush/07 renders all ten states and reactions without mutating saved state
ok 524 - plush/07 renders all ten states and reactions without mutating saved state
  ---
  duration_ms: 134.264671
  type: 'test'
  ...
# Subtest: plush/08 renders all ten states and reactions without mutating saved state
ok 525 - plush/08 renders all ten states and reactions without mutating saved state
  ---
  duration_ms: 123.594687
  type: 'test'
  ...
# Subtest: unknown/01 renders all ten states and reactions without mutating saved state
ok 526 - unknown/01 renders all ten states and reactions without mutating saved state
  ---
  duration_ms: 152.842087
  type: 'test'
  ...
# Subtest: unknown/02 renders all ten states and reactions without mutating saved state
ok 527 - unknown/02 renders all ten states and reactions without mutating saved state
  ---
  duration_ms: 125.645745
  type: 'test'
  ...
# Subtest: unknown/03 renders all ten states and reactions without mutating saved state
ok 528 - unknown/03 renders all ten states and reactions without mutating saved state
  ---
  duration_ms: 137.797946
  type: 'test'
  ...
# Subtest: unknown/04 renders all ten states and reactions without mutating saved state
ok 529 - unknown/04 renders all ten states and reactions without mutating saved state
  ---
  duration_ms: 136.453283
  type: 'test'
  ...
# Subtest: unknown/05 renders all ten states and reactions without mutating saved state
ok 530 - unknown/05 renders all ten states and reactions without mutating saved state
  ---
  duration_ms: 159.083438
  type: 'test'
  ...
# Subtest: unknown/06 renders all ten states and reactions without mutating saved state
ok 531 - unknown/06 renders all ten states and reactions without mutating saved state
  ---
  duration_ms: 144.56627
  type: 'test'
  ...
# Subtest: unknown/07 renders all ten states and reactions without mutating saved state
ok 532 - unknown/07 renders all ten states and reactions without mutating saved state
  ---
  duration_ms: 171.324257
  type: 'test'
  ...
# Subtest: unknown/08 renders all ten states and reactions without mutating saved state
ok 533 - unknown/08 renders all ten states and reactions without mutating saved state
  ---
  duration_ms: 191.969015
  type: 'test'
  ...
# Subtest: ren/01 renders all ten states and reactions without mutating saved state
ok 534 - ren/01 renders all ten states and reactions without mutating saved state
  ---
  duration_ms: 145.095979
  type: 'test'
  ...
# Subtest: ren/02 renders all ten states and reactions without mutating saved state
ok 535 - ren/02 renders all ten states and reactions without mutating saved state
  ---
  duration_ms: 161.696782
  type: 'test'
  ...
# Subtest: ren/03 renders all ten states and reactions without mutating saved state
ok 536 - ren/03 renders all ten states and reactions without mutating saved state
  ---
  duration_ms: 135.903856
  type: 'test'
  ...
# Subtest: ren/04 renders all ten states and reactions without mutating saved state
ok 537 - ren/04 renders all ten states and reactions without mutating saved state
  ---
  duration_ms: 127.327375
  type: 'test'
  ...
# Subtest: ren/05 renders all ten states and reactions without mutating saved state
ok 538 - ren/05 renders all ten states and reactions without mutating saved state
  ---
  duration_ms: 146.259661
  type: 'test'
  ...
# Subtest: ren/06 renders all ten states and reactions without mutating saved state
ok 539 - ren/06 renders all ten states and reactions without mutating saved state
  ---
  duration_ms: 121.035814
  type: 'test'
  ...
# Subtest: ren/07 renders all ten states and reactions without mutating saved state
ok 540 - ren/07 renders all ten states and reactions without mutating saved state
  ---
  duration_ms: 159.078757
  type: 'test'
  ...
# Subtest: ren/08 renders all ten states and reactions without mutating saved state
ok 541 - ren/08 renders all ten states and reactions without mutating saved state
  ---
  duration_ms: 159.856932
  type: 'test'
  ...
# Subtest: Home connects all fifteen food artworks without changing saved state
ok 542 - Home connects all fifteen food artworks without changing saved state
  ---
  duration_ms: 27.220378
  type: 'test'
  ...
# Subtest: static script exposes the frozen resolver on window
ok 543 - static script exposes the frozen resolver on window
  ---
  duration_ms: 20.384598
  type: 'test'
  ...
# Subtest: resolve maps every persistent home emotion to its approved face
ok 544 - resolve maps every persistent home emotion to its approved face
  ---
  duration_ms: 0.254187
  type: 'test'
  ...
# Subtest: resolve applies temporary, critical, and sleeping precedence
ok 545 - resolve applies temporary, critical, and sleeping precedence
  ---
  duration_ms: 0.134149
  type: 'test'
  ...
# Subtest: resolve safely ignores unknown and malformed values
ok 546 - resolve safely ignores unknown and malformed values
  ---
  duration_ms: 0.096524
  type: 'test'
  ...
# Subtest: assetFor allowlists adult-cat expression portraits only
ok 547 - assetFor allowlists adult-cat expression portraits only
  ---
  duration_ms: 0.249761
  type: 'test'
  ...
# Subtest: accentFor returns one static accessible-hidden SVG accent per non-normal adult-cat expression
ok 548 - accentFor returns one static accessible-hidden SVG accent per non-normal adult-cat expression
  ---
  duration_ms: 0.797483
  type: 'test'
  ...
# Subtest: reactionFor maps every approved semantic event and rejects unknown events
ok 549 - reactionFor maps every approved semantic event and rejects unknown events
  ---
  duration_ms: 0.239195
  type: 'test'
  ...
# Subtest: the frozen API leaves caller-owned values unchanged
ok 550 - the frozen API leaves caller-owned values unchanged
  ---
  duration_ms: 0.152987
  type: 'test'
  ...
# Subtest: sleeping uses three rising Z marks without a font or animation dependency
ok 551 - sleeping uses three rising Z marks without a font or animation dependency
  ---
  duration_ms: 0.209811
  type: 'test'
  ...
# Subtest: line-only state marks have a separate outline beneath their colored strokes
ok 552 - line-only state marks have a separate outline beneath their colored strokes
  ---
  duration_ms: 0.367846
  type: 'test'
  ...
# Subtest: kitten stage supports all ten expressions while other cat stages keep their base art
ok 553 - kitten stage supports all ten expressions while other cat stages keep their base art
  ---
  duration_ms: 0.252204
  type: 'test'
  ...
# Subtest: calling marks retain the two outlined strokes
ok 554 - calling marks retain the two outlined strokes
  ---
  duration_ms: 0.118436
  type: 'test'
  ...
# Subtest: otemba stage has ten faces and marks anchored near its left-hand head
ok 555 - otemba stage has ten faces and marks anchored near its left-hand head
  ---
  duration_ms: 0.173027
  type: 'test'
  ...
# Subtest: young stage has ten faces and marks anchored near its left-hand head
ok 556 - young stage has ten faces and marks anchored near its left-hand head
  ---
  duration_ms: 0.15477
  type: 'test'
  ...
# Subtest: calm stage has ten faces and marks anchored near its left-hand head
ok 557 - calm stage has ten faces and marks anchored near its left-hand head
  ---
  duration_ms: 0.18905
  type: 'test'
  ...
# Subtest: elder stage has ten faces and marks anchored near its left-hand head
ok 558 - elder stage has ten faces and marks anchored near its left-hand head
  ---
  duration_ms: 0.160368
  type: 'test'
  ...
# Subtest: toddler stage has ten faces and marks anchored near its left-hand head
ok 559 - toddler stage has ten faces and marks anchored near its left-hand head
  ---
  duration_ms: 0.154549
  type: 'test'
  ...
# Subtest: baby stage has ten faces and marks anchored near its left-hand head
ok 560 - baby stage has ten faces and marks anchored near its left-hand head
  ---
  duration_ms: 0.144395
  type: 'test'
  ...
# Subtest: adult dog supports ten expressions while unsupported species retain base portraits
ok 561 - adult dog supports ten expressions while unsupported species retain base portraits
  ---
  duration_ms: 0.157324
  type: 'test'
  ...
# Subtest: puppy supports ten expressions while unsupported species retain base portraits
ok 562 - puppy supports ten expressions while unsupported species retain base portraits
  ---
  duration_ms: 0.190643
  type: 'test'
  ...
# Subtest: wanpaku supports ten expressions while unsupported species retain base portraits
ok 563 - wanpaku supports ten expressions while unsupported species retain base portraits
  ---
  duration_ms: 0.160939
  type: 'test'
  ...
# Subtest: young dog supports ten expressions while unsupported species retain base portraits
ok 564 - young dog supports ten expressions while unsupported species retain base portraits
  ---
  duration_ms: 0.145096
  type: 'test'
  ...
# Subtest: young dog accents follow its upright head and hunger uses a food bowl
ok 565 - young dog accents follow its upright head and hunger uses a food bowl
  ---
  duration_ms: 0.096163
  type: 'test'
  ...
# Subtest: calm dog supports ten expressions while unsupported species retain base portraits
ok 566 - calm dog supports ten expressions while unsupported species retain base portraits
  ---
  duration_ms: 0.148871
  type: 'test'
  ...
# Subtest: calm dog accents follow its head and hunger uses a food bowl
ok 567 - calm dog accents follow its head and hunger uses a food bowl
  ---
  duration_ms: 0.086719
  type: 'test'
  ...
# Subtest: dog 01 routes ten expressions with approved milk/bowl hunger artwork
ok 568 - dog 01 routes ten expressions with approved milk/bowl hunger artwork
  ---
  duration_ms: 0.276831
  type: 'test'
  ...
# Subtest: dog 02 routes ten expressions with approved milk/bowl hunger artwork
ok 569 - dog 02 routes ten expressions with approved milk/bowl hunger artwork
  ---
  duration_ms: 0.081351
  type: 'test'
  ...
# Subtest: dog 08 routes ten expressions with approved milk/bowl hunger artwork
ok 570 - dog 08 routes ten expressions with approved milk/bowl hunger artwork
  ---
  duration_ms: 0.083844
  type: 'test'
  ...
# Subtest: man supports all eight stages with ten faces and age-appropriate milk/rice artwork
ok 571 - man supports all eight stages with ten faces and age-appropriate milk/rice artwork
  ---
  duration_ms: 0.710925
  type: 'test'
  ...
# Subtest: woman supports all eight stages with ten faces and age-appropriate milk/rice artwork
ok 572 - woman supports all eight stages with ten faces and age-appropriate milk/rice artwork
  ---
  duration_ms: 0.594222
  type: 'test'
  ...
# Subtest: sweat follows the face sides instead of the whole body
ok 573 - sweat follows the face sides instead of the whole body
  ---
  duration_ms: 0.23569
  type: 'test'
  ...
# Subtest: every observed face center lies within its normal sprite bounds
ok 574 - every observed face center lies within its normal sprite bounds
  ---
  duration_ms: 0.669122
  type: 'test'
  ...
# Subtest: cat/1 marks follow the approved face-relative directions
ok 575 - cat/1 marks follow the approved face-relative directions
  ---
  duration_ms: 0.412092
  type: 'test'
  ...
# Subtest: cat/2 marks follow the approved face-relative directions
ok 576 - cat/2 marks follow the approved face-relative directions
  ---
  duration_ms: 0.195801
  type: 'test'
  ...
# Subtest: cat/3 marks follow the approved face-relative directions
ok 577 - cat/3 marks follow the approved face-relative directions
  ---
  duration_ms: 0.176472
  type: 'test'
  ...
# Subtest: cat/4 marks follow the approved face-relative directions
ok 578 - cat/4 marks follow the approved face-relative directions
  ---
  duration_ms: 0.157443
  type: 'test'
  ...
# Subtest: cat/5 marks follow the approved face-relative directions
ok 579 - cat/5 marks follow the approved face-relative directions
  ---
  duration_ms: 0.098927
  type: 'test'
  ...
# Subtest: cat/6 marks follow the approved face-relative directions
ok 580 - cat/6 marks follow the approved face-relative directions
  ---
  duration_ms: 0.087019
  type: 'test'
  ...
# Subtest: cat/7 marks follow the approved face-relative directions
ok 581 - cat/7 marks follow the approved face-relative directions
  ---
  duration_ms: 0.210072
  type: 'test'
  ...
# Subtest: cat/8 marks follow the approved face-relative directions
ok 582 - cat/8 marks follow the approved face-relative directions
  ---
  duration_ms: 0.109543
  type: 'test'
  ...
# Subtest: dog/1 marks follow the approved face-relative directions
ok 583 - dog/1 marks follow the approved face-relative directions
  ---
  duration_ms: 0.092938
  type: 'test'
  ...
# Subtest: dog/2 marks follow the approved face-relative directions
ok 584 - dog/2 marks follow the approved face-relative directions
  ---
  duration_ms: 0.089483
  type: 'test'
  ...
# Subtest: dog/3 marks follow the approved face-relative directions
ok 585 - dog/3 marks follow the approved face-relative directions
  ---
  duration_ms: 0.085917
  type: 'test'
  ...
# Subtest: dog/4 marks follow the approved face-relative directions
ok 586 - dog/4 marks follow the approved face-relative directions
  ---
  duration_ms: 0.120119
  type: 'test'
  ...
# Subtest: dog/5 marks follow the approved face-relative directions
ok 587 - dog/5 marks follow the approved face-relative directions
  ---
  duration_ms: 0.083724
  type: 'test'
  ...
# Subtest: dog/6 marks follow the approved face-relative directions
ok 588 - dog/6 marks follow the approved face-relative directions
  ---
  duration_ms: 0.087951
  type: 'test'
  ...
# Subtest: dog/7 marks follow the approved face-relative directions
ok 589 - dog/7 marks follow the approved face-relative directions
  ---
  duration_ms: 0.137825
  type: 'test'
  ...
# Subtest: dog/8 marks follow the approved face-relative directions
ok 590 - dog/8 marks follow the approved face-relative directions
  ---
  duration_ms: 0.117034
  type: 'test'
  ...
# Subtest: man/1 marks follow the approved face-relative directions
ok 591 - man/1 marks follow the approved face-relative directions
  ---
  duration_ms: 0.096713
  type: 'test'
  ...
# Subtest: man/2 marks follow the approved face-relative directions
ok 592 - man/2 marks follow the approved face-relative directions
  ---
  duration_ms: 0.083424
  type: 'test'
  ...
# Subtest: man/3 marks follow the approved face-relative directions
ok 593 - man/3 marks follow the approved face-relative directions
  ---
  duration_ms: 0.082072
  type: 'test'
  ...
# Subtest: man/4 marks follow the approved face-relative directions
ok 594 - man/4 marks follow the approved face-relative directions
  ---
  duration_ms: 0.096704
  type: 'test'
  ...
# Subtest: man/5 marks follow the approved face-relative directions
ok 595 - man/5 marks follow the approved face-relative directions
  ---
  duration_ms: 0.092377
  type: 'test'
  ...
# Subtest: man/6 marks follow the approved face-relative directions
ok 596 - man/6 marks follow the approved face-relative directions
  ---
  duration_ms: 0.115551
  type: 'test'
  ...
# Subtest: man/7 marks follow the approved face-relative directions
ok 597 - man/7 marks follow the approved face-relative directions
  ---
  duration_ms: 0.128801
  type: 'test'
  ...
# Subtest: man/8 marks follow the approved face-relative directions
ok 598 - man/8 marks follow the approved face-relative directions
  ---
  duration_ms: 0.105947
  type: 'test'
  ...
# Subtest: woman/1 marks follow the approved face-relative directions
ok 599 - woman/1 marks follow the approved face-relative directions
  ---
  duration_ms: 0.105346
  type: 'test'
  ...
# Subtest: woman/2 marks follow the approved face-relative directions
ok 600 - woman/2 marks follow the approved face-relative directions
  ---
  duration_ms: 0.092687
  type: 'test'
  ...
# Subtest: woman/3 marks follow the approved face-relative directions
ok 601 - woman/3 marks follow the approved face-relative directions
  ---
  duration_ms: 0.096793
  type: 'test'
  ...
# Subtest: woman/4 marks follow the approved face-relative directions
ok 602 - woman/4 marks follow the approved face-relative directions
  ---
  duration_ms: 0.095813
  type: 'test'
  ...
# Subtest: woman/5 marks follow the approved face-relative directions
ok 603 - woman/5 marks follow the approved face-relative directions
  ---
  duration_ms: 0.096203
  type: 'test'
  ...
# Subtest: woman/6 marks follow the approved face-relative directions
ok 604 - woman/6 marks follow the approved face-relative directions
  ---
  duration_ms: 0.098025
  type: 'test'
  ...
# Subtest: woman/7 marks follow the approved face-relative directions
ok 605 - woman/7 marks follow the approved face-relative directions
  ---
  duration_ms: 0.162821
  type: 'test'
  ...
# Subtest: woman/8 marks follow the approved face-relative directions
ok 606 - woman/8 marks follow the approved face-relative directions
  ---
  duration_ms: 0.10775
  type: 'test'
  ...
# Subtest: penguin/1 marks follow the approved face-relative directions
ok 607 - penguin/1 marks follow the approved face-relative directions
  ---
  duration_ms: 0.14116
  type: 'test'
  ...
# Subtest: penguin/2 marks follow the approved face-relative directions
ok 608 - penguin/2 marks follow the approved face-relative directions
  ---
  duration_ms: 0.096373
  type: 'test'
  ...
# Subtest: penguin/3 marks follow the approved face-relative directions
ok 609 - penguin/3 marks follow the approved face-relative directions
  ---
  duration_ms: 0.089163
  type: 'test'
  ...
# Subtest: penguin/4 marks follow the approved face-relative directions
ok 610 - penguin/4 marks follow the approved face-relative directions
  ---
  duration_ms: 0.10046
  type: 'test'
  ...
# Subtest: penguin/5 marks follow the approved face-relative directions
ok 611 - penguin/5 marks follow the approved face-relative directions
  ---
  duration_ms: 0.126948
  type: 'test'
  ...
# Subtest: penguin/6 marks follow the approved face-relative directions
ok 612 - penguin/6 marks follow the approved face-relative directions
  ---
  duration_ms: 0.155952
  type: 'test'
  ...
# Subtest: penguin/7 marks follow the approved face-relative directions
ok 613 - penguin/7 marks follow the approved face-relative directions
  ---
  duration_ms: 0.104405
  type: 'test'
  ...
# Subtest: penguin/8 marks follow the approved face-relative directions
ok 614 - penguin/8 marks follow the approved face-relative directions
  ---
  duration_ms: 0.099327
  type: 'test'
  ...
# Subtest: turtle/1 marks follow the approved face-relative directions
ok 615 - turtle/1 marks follow the approved face-relative directions
  ---
  duration_ms: 0.098105
  type: 'test'
  ...
# Subtest: turtle/2 marks follow the approved face-relative directions
ok 616 - turtle/2 marks follow the approved face-relative directions
  ---
  duration_ms: 0.095031
  type: 'test'
  ...
# Subtest: turtle/3 marks follow the approved face-relative directions
ok 617 - turtle/3 marks follow the approved face-relative directions
  ---
  duration_ms: 0.090123
  type: 'test'
  ...
# Subtest: turtle/4 marks follow the approved face-relative directions
ok 618 - turtle/4 marks follow the approved face-relative directions
  ---
  duration_ms: 0.096082
  type: 'test'
  ...
# Subtest: turtle/5 marks follow the approved face-relative directions
ok 619 - turtle/5 marks follow the approved face-relative directions
  ---
  duration_ms: 0.09491
  type: 'test'
  ...
# Subtest: turtle/6 marks follow the approved face-relative directions
ok 620 - turtle/6 marks follow the approved face-relative directions
  ---
  duration_ms: 0.093358
  type: 'test'
  ...
# Subtest: turtle/7 marks follow the approved face-relative directions
ok 621 - turtle/7 marks follow the approved face-relative directions
  ---
  duration_ms: 0.106297
  type: 'test'
  ...
# Subtest: turtle/8 marks follow the approved face-relative directions
ok 622 - turtle/8 marks follow the approved face-relative directions
  ---
  duration_ms: 0.091586
  type: 'test'
  ...
# Subtest: frog/1 marks follow the approved face-relative directions
ok 623 - frog/1 marks follow the approved face-relative directions
  ---
  duration_ms: 0.096714
  type: 'test'
  ...
# Subtest: frog/2 marks follow the approved face-relative directions
ok 624 - frog/2 marks follow the approved face-relative directions
  ---
  duration_ms: 0.097044
  type: 'test'
  ...
# Subtest: frog/3 marks follow the approved face-relative directions
ok 625 - frog/3 marks follow the approved face-relative directions
  ---
  duration_ms: 0.092558
  type: 'test'
  ...
# Subtest: frog/4 marks follow the approved face-relative directions
ok 626 - frog/4 marks follow the approved face-relative directions
  ---
  duration_ms: 0.092968
  type: 'test'
  ...
# Subtest: frog/5 marks follow the approved face-relative directions
ok 627 - frog/5 marks follow the approved face-relative directions
  ---
  duration_ms: 0.092197
  type: 'test'
  ...
# Subtest: frog/6 marks follow the approved face-relative directions
ok 628 - frog/6 marks follow the approved face-relative directions
  ---
  duration_ms: 0.117114
  type: 'test'
  ...
# Subtest: frog/7 marks follow the approved face-relative directions
ok 629 - frog/7 marks follow the approved face-relative directions
  ---
  duration_ms: 0.130614
  type: 'test'
  ...
# Subtest: frog/8 marks follow the approved face-relative directions
ok 630 - frog/8 marks follow the approved face-relative directions
  ---
  duration_ms: 0.092287
  type: 'test'
  ...
# Subtest: clownfish/1 marks follow the approved face-relative directions
ok 631 - clownfish/1 marks follow the approved face-relative directions
  ---
  duration_ms: 0.090715
  type: 'test'
  ...
# Subtest: clownfish/2 marks follow the approved face-relative directions
ok 632 - clownfish/2 marks follow the approved face-relative directions
  ---
  duration_ms: 0.090014
  type: 'test'
  ...
# Subtest: clownfish/3 marks follow the approved face-relative directions
ok 633 - clownfish/3 marks follow the approved face-relative directions
  ---
  duration_ms: 0.091515
  type: 'test'
  ...
# Subtest: clownfish/4 marks follow the approved face-relative directions
ok 634 - clownfish/4 marks follow the approved face-relative directions
  ---
  duration_ms: 0.096843
  type: 'test'
  ...
# Subtest: clownfish/5 marks follow the approved face-relative directions
ok 635 - clownfish/5 marks follow the approved face-relative directions
  ---
  duration_ms: 0.094491
  type: 'test'
  ...
# Subtest: clownfish/6 marks follow the approved face-relative directions
ok 636 - clownfish/6 marks follow the approved face-relative directions
  ---
  duration_ms: 0.093649
  type: 'test'
  ...
# Subtest: clownfish/7 marks follow the approved face-relative directions
ok 637 - clownfish/7 marks follow the approved face-relative directions
  ---
  duration_ms: 0.129422
  type: 'test'
  ...
# Subtest: clownfish/8 marks follow the approved face-relative directions
ok 638 - clownfish/8 marks follow the approved face-relative directions
  ---
  duration_ms: 0.086378
  type: 'test'
  ...
# Subtest: salmon/1 marks follow the approved face-relative directions
ok 639 - salmon/1 marks follow the approved face-relative directions
  ---
  duration_ms: 0.071947
  type: 'test'
  ...
# Subtest: salmon/2 marks follow the approved face-relative directions
ok 640 - salmon/2 marks follow the approved face-relative directions
  ---
  duration_ms: 0.069042
  type: 'test'
  ...
# Subtest: salmon/3 marks follow the approved face-relative directions
ok 641 - salmon/3 marks follow the approved face-relative directions
  ---
  duration_ms: 0.064286
  type: 'test'
  ...
# Subtest: salmon/4 marks follow the approved face-relative directions
ok 642 - salmon/4 marks follow the approved face-relative directions
  ---
  duration_ms: 0.065947
  type: 'test'
  ...
# Subtest: salmon/5 marks follow the approved face-relative directions
ok 643 - salmon/5 marks follow the approved face-relative directions
  ---
  duration_ms: 0.064957
  type: 'test'
  ...
# Subtest: salmon/6 marks follow the approved face-relative directions
ok 644 - salmon/6 marks follow the approved face-relative directions
  ---
  duration_ms: 0.065367
  type: 'test'
  ...
# Subtest: salmon/7 marks follow the approved face-relative directions
ok 645 - salmon/7 marks follow the approved face-relative directions
  ---
  duration_ms: 0.066418
  type: 'test'
  ...
# Subtest: salmon/8 marks follow the approved face-relative directions
ok 646 - salmon/8 marks follow the approved face-relative directions
  ---
  duration_ms: 0.071837
  type: 'test'
  ...
# Subtest: hermit_crab/1 marks follow the approved face-relative directions
ok 647 - hermit_crab/1 marks follow the approved face-relative directions
  ---
  duration_ms: 0.071497
  type: 'test'
  ...
# Subtest: hermit_crab/2 marks follow the approved face-relative directions
ok 648 - hermit_crab/2 marks follow the approved face-relative directions
  ---
  duration_ms: 0.066489
  type: 'test'
  ...
# Subtest: hermit_crab/3 marks follow the approved face-relative directions
ok 649 - hermit_crab/3 marks follow the approved face-relative directions
  ---
  duration_ms: 0.102672
  type: 'test'
  ...
# Subtest: hermit_crab/4 marks follow the approved face-relative directions
ok 650 - hermit_crab/4 marks follow the approved face-relative directions
  ---
  duration_ms: 0.073549
  type: 'test'
  ...
# Subtest: hermit_crab/5 marks follow the approved face-relative directions
ok 651 - hermit_crab/5 marks follow the approved face-relative directions
  ---
  duration_ms: 0.066719
  type: 'test'
  ...
# Subtest: hermit_crab/6 marks follow the approved face-relative directions
ok 652 - hermit_crab/6 marks follow the approved face-relative directions
  ---
  duration_ms: 0.06759
  type: 'test'
  ...
# Subtest: hermit_crab/7 marks follow the approved face-relative directions
ok 653 - hermit_crab/7 marks follow the approved face-relative directions
  ---
  duration_ms: 0.112647
  type: 'test'
  ...
# Subtest: hermit_crab/8 marks follow the approved face-relative directions
ok 654 - hermit_crab/8 marks follow the approved face-relative directions
  ---
  duration_ms: 0.117704
  type: 'test'
  ...
# Subtest: jellyfish/1 marks follow the approved face-relative directions
ok 655 - jellyfish/1 marks follow the approved face-relative directions
  ---
  duration_ms: 0.098556
  type: 'test'
  ...
# Subtest: jellyfish/2 marks follow the approved face-relative directions
ok 656 - jellyfish/2 marks follow the approved face-relative directions
  ---
  duration_ms: 0.094611
  type: 'test'
  ...
# Subtest: jellyfish/3 marks follow the approved face-relative directions
ok 657 - jellyfish/3 marks follow the approved face-relative directions
  ---
  duration_ms: 0.12804
  type: 'test'
  ...
# Subtest: jellyfish/4 marks follow the approved face-relative directions
ok 658 - jellyfish/4 marks follow the approved face-relative directions
  ---
  duration_ms: 0.102662
  type: 'test'
  ...
# Subtest: jellyfish/5 marks follow the approved face-relative directions
ok 659 - jellyfish/5 marks follow the approved face-relative directions
  ---
  duration_ms: 0.096874
  type: 'test'
  ...
# Subtest: jellyfish/6 marks follow the approved face-relative directions
ok 660 - jellyfish/6 marks follow the approved face-relative directions
  ---
  duration_ms: 0.111165
  type: 'test'
  ...
# Subtest: jellyfish/7 marks follow the approved face-relative directions
ok 661 - jellyfish/7 marks follow the approved face-relative directions
  ---
  duration_ms: 0.140208
  type: 'test'
  ...
# Subtest: jellyfish/8 marks follow the approved face-relative directions
ok 662 - jellyfish/8 marks follow the approved face-relative directions
  ---
  duration_ms: 0.093679
  type: 'test'
  ...
# Subtest: starfish/1 marks follow the approved face-relative directions
ok 663 - starfish/1 marks follow the approved face-relative directions
  ---
  duration_ms: 0.102562
  type: 'test'
  ...
# Subtest: starfish/2 marks follow the approved face-relative directions
ok 664 - starfish/2 marks follow the approved face-relative directions
  ---
  duration_ms: 0.09439
  type: 'test'
  ...
# Subtest: starfish/3 marks follow the approved face-relative directions
ok 665 - starfish/3 marks follow the approved face-relative directions
  ---
  duration_ms: 0.13525
  type: 'test'
  ...
# Subtest: starfish/4 marks follow the approved face-relative directions
ok 666 - starfish/4 marks follow the approved face-relative directions
  ---
  duration_ms: 0.094179
  type: 'test'
  ...
# Subtest: starfish/5 marks follow the approved face-relative directions
ok 667 - starfish/5 marks follow the approved face-relative directions
  ---
  duration_ms: 0.095531
  type: 'test'
  ...
# Subtest: starfish/6 marks follow the approved face-relative directions
ok 668 - starfish/6 marks follow the approved face-relative directions
  ---
  duration_ms: 0.089493
  type: 'test'
  ...
# Subtest: starfish/7 marks follow the approved face-relative directions
ok 669 - starfish/7 marks follow the approved face-relative directions
  ---
  duration_ms: 0.092317
  type: 'test'
  ...
# Subtest: starfish/8 marks follow the approved face-relative directions
ok 670 - starfish/8 marks follow the approved face-relative directions
  ---
  duration_ms: 0.10086
  type: 'test'
  ...
# Subtest: coral/1 marks follow the approved face-relative directions
ok 671 - coral/1 marks follow the approved face-relative directions
  ---
  duration_ms: 0.099377
  type: 'test'
  ...
# Subtest: coral/2 marks follow the approved face-relative directions
ok 672 - coral/2 marks follow the approved face-relative directions
  ---
  duration_ms: 0.09433
  type: 'test'
  ...
# Subtest: coral/3 marks follow the approved face-relative directions
ok 673 - coral/3 marks follow the approved face-relative directions
  ---
  duration_ms: 0.323329
  type: 'test'
  ...
# Subtest: coral/4 marks follow the approved face-relative directions
ok 674 - coral/4 marks follow the approved face-relative directions
  ---
  duration_ms: 0.108421
  type: 'test'
  ...
# Subtest: coral/5 marks follow the approved face-relative directions
ok 675 - coral/5 marks follow the approved face-relative directions
  ---
  duration_ms: 0.099728
  type: 'test'
  ...
# Subtest: coral/6 marks follow the approved face-relative directions
ok 676 - coral/6 marks follow the approved face-relative directions
  ---
  duration_ms: 0.092958
  type: 'test'
  ...
# Subtest: coral/7 marks follow the approved face-relative directions
ok 677 - coral/7 marks follow the approved face-relative directions
  ---
  duration_ms: 0.143142
  type: 'test'
  ...
# Subtest: coral/8 marks follow the approved face-relative directions
ok 678 - coral/8 marks follow the approved face-relative directions
  ---
  duration_ms: 0.127329
  type: 'test'
  ...
# Subtest: butterfly/1 marks follow the approved face-relative directions
ok 679 - butterfly/1 marks follow the approved face-relative directions
  ---
  duration_ms: 0.225955
  type: 'test'
  ...
# Subtest: butterfly/2 marks follow the approved face-relative directions
ok 680 - butterfly/2 marks follow the approved face-relative directions
  ---
  duration_ms: 0.08109
  type: 'test'
  ...
# Subtest: butterfly/3 marks follow the approved face-relative directions
ok 681 - butterfly/3 marks follow the approved face-relative directions
  ---
  duration_ms: 1.599804
  type: 'test'
  ...
# Subtest: butterfly/4 marks follow the approved face-relative directions
ok 682 - butterfly/4 marks follow the approved face-relative directions
  ---
  duration_ms: 0.07438
  type: 'test'
  ...
# Subtest: butterfly/5 marks follow the approved face-relative directions
ok 683 - butterfly/5 marks follow the approved face-relative directions
  ---
  duration_ms: 0.067831
  type: 'test'
  ...
# Subtest: butterfly/6 marks follow the approved face-relative directions
ok 684 - butterfly/6 marks follow the approved face-relative directions
  ---
  duration_ms: 0.057245
  type: 'test'
  ...
# Subtest: butterfly/7 marks follow the approved face-relative directions
ok 685 - butterfly/7 marks follow the approved face-relative directions
  ---
  duration_ms: 0.050545
  type: 'test'
  ...
# Subtest: butterfly/8 marks follow the approved face-relative directions
ok 686 - butterfly/8 marks follow the approved face-relative directions
  ---
  duration_ms: 0.072137
  type: 'test'
  ...
# Subtest: beetle/1 marks follow the approved face-relative directions
ok 687 - beetle/1 marks follow the approved face-relative directions
  ---
  duration_ms: 0.152166
  type: 'test'
  ...
# Subtest: beetle/2 marks follow the approved face-relative directions
ok 688 - beetle/2 marks follow the approved face-relative directions
  ---
  duration_ms: 0.059629
  type: 'test'
  ...
# Subtest: beetle/3 marks follow the approved face-relative directions
ok 689 - beetle/3 marks follow the approved face-relative directions
  ---
  duration_ms: 0.048222
  type: 'test'
  ...
# Subtest: beetle/4 marks follow the approved face-relative directions
ok 690 - beetle/4 marks follow the approved face-relative directions
  ---
  duration_ms: 0.04712
  type: 'test'
  ...
# Subtest: beetle/5 marks follow the approved face-relative directions
ok 691 - beetle/5 marks follow the approved face-relative directions
  ---
  duration_ms: 0.072036
  type: 'test'
  ...
# Subtest: beetle/6 marks follow the approved face-relative directions
ok 692 - beetle/6 marks follow the approved face-relative directions
  ---
  duration_ms: 0.055022
  type: 'test'
  ...
# Subtest: beetle/7 marks follow the approved face-relative directions
ok 693 - beetle/7 marks follow the approved face-relative directions
  ---
  duration_ms: 0.046038
  type: 'test'
  ...
# Subtest: beetle/8 marks follow the approved face-relative directions
ok 694 - beetle/8 marks follow the approved face-relative directions
  ---
  duration_ms: 0.044987
  type: 'test'
  ...
# Subtest: stagbeetle/1 marks follow the approved face-relative directions
ok 695 - stagbeetle/1 marks follow the approved face-relative directions
  ---
  duration_ms: 0.08779
  type: 'test'
  ...
# Subtest: stagbeetle/2 marks follow the approved face-relative directions
ok 696 - stagbeetle/2 marks follow the approved face-relative directions
  ---
  duration_ms: 0.073189
  type: 'test'
  ...
# Subtest: stagbeetle/3 marks follow the approved face-relative directions
ok 697 - stagbeetle/3 marks follow the approved face-relative directions
  ---
  duration_ms: 0.053199
  type: 'test'
  ...
# Subtest: stagbeetle/4 marks follow the approved face-relative directions
ok 698 - stagbeetle/4 marks follow the approved face-relative directions
  ---
  duration_ms: 0.04739
  type: 'test'
  ...
# Subtest: stagbeetle/5 marks follow the approved face-relative directions
ok 699 - stagbeetle/5 marks follow the approved face-relative directions
  ---
  duration_ms: 0.044786
  type: 'test'
  ...
# Subtest: stagbeetle/6 marks follow the approved face-relative directions
ok 700 - stagbeetle/6 marks follow the approved face-relative directions
  ---
  duration_ms: 0.044185
  type: 'test'
  ...
# Subtest: stagbeetle/7 marks follow the approved face-relative directions
ok 701 - stagbeetle/7 marks follow the approved face-relative directions
  ---
  duration_ms: 0.076434
  type: 'test'
  ...
# Subtest: stagbeetle/8 marks follow the approved face-relative directions
ok 702 - stagbeetle/8 marks follow the approved face-relative directions
  ---
  duration_ms: 0.076673
  type: 'test'
  ...
# Subtest: cicada/1 marks follow the approved face-relative directions
ok 703 - cicada/1 marks follow the approved face-relative directions
  ---
  duration_ms: 0.05374
  type: 'test'
  ...
# Subtest: cicada/2 marks follow the approved face-relative directions
ok 704 - cicada/2 marks follow the approved face-relative directions
  ---
  duration_ms: 0.045738
  type: 'test'
  ...
# Subtest: cicada/3 marks follow the approved face-relative directions
ok 705 - cicada/3 marks follow the approved face-relative directions
  ---
  duration_ms: 0.043454
  type: 'test'
  ...
# Subtest: cicada/4 marks follow the approved face-relative directions
ok 706 - cicada/4 marks follow the approved face-relative directions
  ---
  duration_ms: 0.044306
  type: 'test'
  ...
# Subtest: cicada/5 marks follow the approved face-relative directions
ok 707 - cicada/5 marks follow the approved face-relative directions
  ---
  duration_ms: 0.046208
  type: 'test'
  ...
# Subtest: cicada/6 marks follow the approved face-relative directions
ok 708 - cicada/6 marks follow the approved face-relative directions
  ---
  duration_ms: 0.044446
  type: 'test'
  ...
# Subtest: cicada/7 marks follow the approved face-relative directions
ok 709 - cicada/7 marks follow the approved face-relative directions
  ---
  duration_ms: 0.052428
  type: 'test'
  ...
# Subtest: cicada/8 marks follow the approved face-relative directions
ok 710 - cicada/8 marks follow the approved face-relative directions
  ---
  duration_ms: 0.150363
  type: 'test'
  ...
# Subtest: antlion/1 marks follow the approved face-relative directions
ok 711 - antlion/1 marks follow the approved face-relative directions
  ---
  duration_ms: 0.050666
  type: 'test'
  ...
# Subtest: antlion/2 marks follow the approved face-relative directions
ok 712 - antlion/2 marks follow the approved face-relative directions
  ---
  duration_ms: 0.090875
  type: 'test'
  ...
# Subtest: antlion/3 marks follow the approved face-relative directions
ok 713 - antlion/3 marks follow the approved face-relative directions
  ---
  duration_ms: 0.072668
  type: 'test'
  ...
# Subtest: antlion/4 marks follow the approved face-relative directions
ok 714 - antlion/4 marks follow the approved face-relative directions
  ---
  duration_ms: 0.085677
  type: 'test'
  ...
# Subtest: antlion/5 marks follow the approved face-relative directions
ok 715 - antlion/5 marks follow the approved face-relative directions
  ---
  duration_ms: 0.049043
  type: 'test'
  ...
# Subtest: antlion/6 marks follow the approved face-relative directions
ok 716 - antlion/6 marks follow the approved face-relative directions
  ---
  duration_ms: 0.045918
  type: 'test'
  ...
# Subtest: antlion/7 marks follow the approved face-relative directions
ok 717 - antlion/7 marks follow the approved face-relative directions
  ---
  duration_ms: 0.044927
  type: 'test'
  ...
# Subtest: antlion/8 marks follow the approved face-relative directions
ok 718 - antlion/8 marks follow the approved face-relative directions
  ---
  duration_ms: 0.044636
  type: 'test'
  ...
# Subtest: dandelion/1 marks follow the approved face-relative directions
ok 719 - dandelion/1 marks follow the approved face-relative directions
  ---
  duration_ms: 0.044476
  type: 'test'
  ...
# Subtest: dandelion/2 marks follow the approved face-relative directions
ok 720 - dandelion/2 marks follow the approved face-relative directions
  ---
  duration_ms: 0.046649
  type: 'test'
  ...
# Subtest: dandelion/3 marks follow the approved face-relative directions
ok 721 - dandelion/3 marks follow the approved face-relative directions
  ---
  duration_ms: 0.042934
  type: 'test'
  ...
# Subtest: dandelion/4 marks follow the approved face-relative directions
ok 722 - dandelion/4 marks follow the approved face-relative directions
  ---
  duration_ms: 0.048412
  type: 'test'
  ...
# Subtest: dandelion/5 marks follow the approved face-relative directions
ok 723 - dandelion/5 marks follow the approved face-relative directions
  ---
  duration_ms: 0.071195
  type: 'test'
  ...
# Subtest: dandelion/6 marks follow the approved face-relative directions
ok 724 - dandelion/6 marks follow the approved face-relative directions
  ---
  duration_ms: 0.05375
  type: 'test'
  ...
# Subtest: dandelion/7 marks follow the approved face-relative directions
ok 725 - dandelion/7 marks follow the approved face-relative directions
  ---
  duration_ms: 0.046739
  type: 'test'
  ...
# Subtest: dandelion/8 marks follow the approved face-relative directions
ok 726 - dandelion/8 marks follow the approved face-relative directions
  ---
  duration_ms: 0.043714
  type: 'test'
  ...
# Subtest: sakura/1 marks follow the approved face-relative directions
ok 727 - sakura/1 marks follow the approved face-relative directions
  ---
  duration_ms: 0.045678
  type: 'test'
  ...
# Subtest: sakura/2 marks follow the approved face-relative directions
ok 728 - sakura/2 marks follow the approved face-relative directions
  ---
  duration_ms: 0.076844
  type: 'test'
  ...
# Subtest: sakura/3 marks follow the approved face-relative directions
ok 729 - sakura/3 marks follow the approved face-relative directions
  ---
  duration_ms: 0.055202
  type: 'test'
  ...
# Subtest: sakura/4 marks follow the approved face-relative directions
ok 730 - sakura/4 marks follow the approved face-relative directions
  ---
  duration_ms: 0.046329
  type: 'test'
  ...
# Subtest: sakura/5 marks follow the approved face-relative directions
ok 731 - sakura/5 marks follow the approved face-relative directions
  ---
  duration_ms: 0.118736
  type: 'test'
  ...
# Subtest: sakura/6 marks follow the approved face-relative directions
ok 732 - sakura/6 marks follow the approved face-relative directions
  ---
  duration_ms: 0.151976
  type: 'test'
  ...
# Subtest: sakura/7 marks follow the approved face-relative directions
ok 733 - sakura/7 marks follow the approved face-relative directions
  ---
  duration_ms: 0.070094
  type: 'test'
  ...
# Subtest: sakura/8 marks follow the approved face-relative directions
ok 734 - sakura/8 marks follow the approved face-relative directions
  ---
  duration_ms: 0.0473
  type: 'test'
  ...
# Subtest: venus_flytrap/1 marks follow the approved face-relative directions
ok 735 - venus_flytrap/1 marks follow the approved face-relative directions
  ---
  duration_ms: 0.047881
  type: 'test'
  ...
# Subtest: venus_flytrap/2 marks follow the approved face-relative directions
ok 736 - venus_flytrap/2 marks follow the approved face-relative directions
  ---
  duration_ms: 0.061512
  type: 'test'
  ...
# Subtest: venus_flytrap/3 marks follow the approved face-relative directions
ok 737 - venus_flytrap/3 marks follow the approved face-relative directions
  ---
  duration_ms: 0.048221
  type: 'test'
  ...
# Subtest: venus_flytrap/4 marks follow the approved face-relative directions
ok 738 - venus_flytrap/4 marks follow the approved face-relative directions
  ---
  duration_ms: 0.044406
  type: 'test'
  ...
# Subtest: venus_flytrap/5 marks follow the approved face-relative directions
ok 739 - venus_flytrap/5 marks follow the approved face-relative directions
  ---
  duration_ms: 0.042543
  type: 'test'
  ...
# Subtest: venus_flytrap/6 marks follow the approved face-relative directions
ok 740 - venus_flytrap/6 marks follow the approved face-relative directions
  ---
  duration_ms: 0.070415
  type: 'test'
  ...
# Subtest: venus_flytrap/7 marks follow the approved face-relative directions
ok 741 - venus_flytrap/7 marks follow the approved face-relative directions
  ---
  duration_ms: 0.055172
  type: 'test'
  ...
# Subtest: venus_flytrap/8 marks follow the approved face-relative directions
ok 742 - venus_flytrap/8 marks follow the approved face-relative directions
  ---
  duration_ms: 0.049473
  type: 'test'
  ...
# Subtest: mushroom/1 marks follow the approved face-relative directions
ok 743 - mushroom/1 marks follow the approved face-relative directions
  ---
  duration_ms: 0.047581
  type: 'test'
  ...
# Subtest: mushroom/2 marks follow the approved face-relative directions
ok 744 - mushroom/2 marks follow the approved face-relative directions
  ---
  duration_ms: 0.045828
  type: 'test'
  ...
# Subtest: mushroom/3 marks follow the approved face-relative directions
ok 745 - mushroom/3 marks follow the approved face-relative directions
  ---
  duration_ms: 0.054882
  type: 'test'
  ...
# Subtest: mushroom/4 marks follow the approved face-relative directions
ok 746 - mushroom/4 marks follow the approved face-relative directions
  ---
  duration_ms: 0.044126
  type: 'test'
  ...
# Subtest: mushroom/5 marks follow the approved face-relative directions
ok 747 - mushroom/5 marks follow the approved face-relative directions
  ---
  duration_ms: 0.045478
  type: 'test'
  ...
# Subtest: mushroom/6 marks follow the approved face-relative directions
ok 748 - mushroom/6 marks follow the approved face-relative directions
  ---
  duration_ms: 0.093279
  type: 'test'
  ...
# Subtest: mushroom/7 marks follow the approved face-relative directions
ok 749 - mushroom/7 marks follow the approved face-relative directions
  ---
  duration_ms: 0.053399
  type: 'test'
  ...
# Subtest: mushroom/8 marks follow the approved face-relative directions
ok 750 - mushroom/8 marks follow the approved face-relative directions
  ---
  duration_ms: 0.090103
  type: 'test'
  ...
# Subtest: dragon/1 marks follow the approved face-relative directions
ok 751 - dragon/1 marks follow the approved face-relative directions
  ---
  duration_ms: 0.048151
  type: 'test'
  ...
# Subtest: dragon/2 marks follow the approved face-relative directions
ok 752 - dragon/2 marks follow the approved face-relative directions
  ---
  duration_ms: 0.044226
  type: 'test'
  ...
# Subtest: dragon/3 marks follow the approved face-relative directions
ok 753 - dragon/3 marks follow the approved face-relative directions
  ---
  duration_ms: 0.044566
  type: 'test'
  ...
# Subtest: dragon/4 marks follow the approved face-relative directions
ok 754 - dragon/4 marks follow the approved face-relative directions
  ---
  duration_ms: 0.059217
  type: 'test'
  ...
# Subtest: dragon/5 marks follow the approved face-relative directions
ok 755 - dragon/5 marks follow the approved face-relative directions
  ---
  duration_ms: 0.056915
  type: 'test'
  ...
# Subtest: dragon/6 marks follow the approved face-relative directions
ok 756 - dragon/6 marks follow the approved face-relative directions
  ---
  duration_ms: 0.055151
  type: 'test'
  ...
# Subtest: dragon/7 marks follow the approved face-relative directions
ok 757 - dragon/7 marks follow the approved face-relative directions
  ---
  duration_ms: 0.054942
  type: 'test'
  ...
# Subtest: dragon/8 marks follow the approved face-relative directions
ok 758 - dragon/8 marks follow the approved face-relative directions
  ---
  duration_ms: 0.055032
  type: 'test'
  ...
# Subtest: phoenix/1 marks follow the approved face-relative directions
ok 759 - phoenix/1 marks follow the approved face-relative directions
  ---
  duration_ms: 0.05403
  type: 'test'
  ...
# Subtest: phoenix/2 marks follow the approved face-relative directions
ok 760 - phoenix/2 marks follow the approved face-relative directions
  ---
  duration_ms: 0.052397
  type: 'test'
  ...
# Subtest: phoenix/3 marks follow the approved face-relative directions
ok 761 - phoenix/3 marks follow the approved face-relative directions
  ---
  duration_ms: 0.057986
  type: 'test'
  ...
# Subtest: phoenix/4 marks follow the approved face-relative directions
ok 762 - phoenix/4 marks follow the approved face-relative directions
  ---
  duration_ms: 0.05383
  type: 'test'
  ...
# Subtest: phoenix/5 marks follow the approved face-relative directions
ok 763 - phoenix/5 marks follow the approved face-relative directions
  ---
  duration_ms: 0.0811
  type: 'test'
  ...
# Subtest: phoenix/6 marks follow the approved face-relative directions
ok 764 - phoenix/6 marks follow the approved face-relative directions
  ---
  duration_ms: 0.111105
  type: 'test'
  ...
# Subtest: phoenix/7 marks follow the approved face-relative directions
ok 765 - phoenix/7 marks follow the approved face-relative directions
  ---
  duration_ms: 0.068852
  type: 'test'
  ...
# Subtest: phoenix/8 marks follow the approved face-relative directions
ok 766 - phoenix/8 marks follow the approved face-relative directions
  ---
  duration_ms: 0.055533
  type: 'test'
  ...
# Subtest: god/1 marks follow the approved face-relative directions
ok 767 - god/1 marks follow the approved face-relative directions
  ---
  duration_ms: 0.054761
  type: 'test'
  ...
# Subtest: god/2 marks follow the approved face-relative directions
ok 768 - god/2 marks follow the approved face-relative directions
  ---
  duration_ms: 0.0536
  type: 'test'
  ...
# Subtest: god/3 marks follow the approved face-relative directions
ok 769 - god/3 marks follow the approved face-relative directions
  ---
  duration_ms: 0.05434
  type: 'test'
  ...
# Subtest: god/4 marks follow the approved face-relative directions
ok 770 - god/4 marks follow the approved face-relative directions
  ---
  duration_ms: 0.052778
  type: 'test'
  ...
# Subtest: god/5 marks follow the approved face-relative directions
ok 771 - god/5 marks follow the approved face-relative directions
  ---
  duration_ms: 0.052628
  type: 'test'
  ...
# Subtest: god/6 marks follow the approved face-relative directions
ok 772 - god/6 marks follow the approved face-relative directions
  ---
  duration_ms: 0.054461
  type: 'test'
  ...
# Subtest: god/7 marks follow the approved face-relative directions
ok 773 - god/7 marks follow the approved face-relative directions
  ---
  duration_ms: 0.054541
  type: 'test'
  ...
# Subtest: god/8 marks follow the approved face-relative directions
ok 774 - god/8 marks follow the approved face-relative directions
  ---
  duration_ms: 0.055312
  type: 'test'
  ...
# Subtest: world_tree/1 marks follow the approved face-relative directions
ok 775 - world_tree/1 marks follow the approved face-relative directions
  ---
  duration_ms: 0.056875
  type: 'test'
  ...
# Subtest: world_tree/2 marks follow the approved face-relative directions
ok 776 - world_tree/2 marks follow the approved face-relative directions
  ---
  duration_ms: 0.053539
  type: 'test'
  ...
# Subtest: world_tree/3 marks follow the approved face-relative directions
ok 777 - world_tree/3 marks follow the approved face-relative directions
  ---
  duration_ms: 0.054951
  type: 'test'
  ...
# Subtest: world_tree/4 marks follow the approved face-relative directions
ok 778 - world_tree/4 marks follow the approved face-relative directions
  ---
  duration_ms: 0.079037
  type: 'test'
  ...
# Subtest: world_tree/5 marks follow the approved face-relative directions
ok 779 - world_tree/5 marks follow the approved face-relative directions
  ---
  duration_ms: 0.080049
  type: 'test'
  ...
# Subtest: world_tree/6 marks follow the approved face-relative directions
ok 780 - world_tree/6 marks follow the approved face-relative directions
  ---
  duration_ms: 0.062052
  type: 'test'
  ...
# Subtest: world_tree/7 marks follow the approved face-relative directions
ok 781 - world_tree/7 marks follow the approved face-relative directions
  ---
  duration_ms: 0.052939
  type: 'test'
  ...
# Subtest: world_tree/8 marks follow the approved face-relative directions
ok 782 - world_tree/8 marks follow the approved face-relative directions
  ---
  duration_ms: 0.079107
  type: 'test'
  ...
# Subtest: ghost/1 marks follow the approved face-relative directions
ok 783 - ghost/1 marks follow the approved face-relative directions
  ---
  duration_ms: 0.060079
  type: 'test'
  ...
# Subtest: ghost/2 marks follow the approved face-relative directions
ok 784 - ghost/2 marks follow the approved face-relative directions
  ---
  duration_ms: 0.053309
  type: 'test'
  ...
# Subtest: ghost/3 marks follow the approved face-relative directions
ok 785 - ghost/3 marks follow the approved face-relative directions
  ---
  duration_ms: 0.055432
  type: 'test'
  ...
# Subtest: ghost/4 marks follow the approved face-relative directions
ok 786 - ghost/4 marks follow the approved face-relative directions
  ---
  duration_ms: 0.056684
  type: 'test'
  ...
# Subtest: ghost/5 marks follow the approved face-relative directions
ok 787 - ghost/5 marks follow the approved face-relative directions
  ---
  duration_ms: 0.055893
  type: 'test'
  ...
# Subtest: ghost/6 marks follow the approved face-relative directions
ok 788 - ghost/6 marks follow the approved face-relative directions
  ---
  duration_ms: 0.056584
  type: 'test'
  ...
# Subtest: ghost/7 marks follow the approved face-relative directions
ok 789 - ghost/7 marks follow the approved face-relative directions
  ---
  duration_ms: 0.054741
  type: 'test'
  ...
# Subtest: ghost/8 marks follow the approved face-relative directions
ok 790 - ghost/8 marks follow the approved face-relative directions
  ---
  duration_ms: 0.054931
  type: 'test'
  ...
# Subtest: star/1 marks follow the approved face-relative directions
ok 791 - star/1 marks follow the approved face-relative directions
  ---
  duration_ms: 0.05407
  type: 'test'
  ...
# Subtest: star/2 marks follow the approved face-relative directions
ok 792 - star/2 marks follow the approved face-relative directions
  ---
  duration_ms: 0.081872
  type: 'test'
  ...
# Subtest: star/3 marks follow the approved face-relative directions
ok 793 - star/3 marks follow the approved face-relative directions
  ---
  duration_ms: 0.056293
  type: 'test'
  ...
# Subtest: star/4 marks follow the approved face-relative directions
ok 794 - star/4 marks follow the approved face-relative directions
  ---
  duration_ms: 0.056554
  type: 'test'
  ...
# Subtest: star/5 marks follow the approved face-relative directions
ok 795 - star/5 marks follow the approved face-relative directions
  ---
  duration_ms: 0.05438
  type: 'test'
  ...
# Subtest: star/6 marks follow the approved face-relative directions
ok 796 - star/6 marks follow the approved face-relative directions
  ---
  duration_ms: 0.054131
  type: 'test'
  ...
# Subtest: star/7 marks follow the approved face-relative directions
ok 797 - star/7 marks follow the approved face-relative directions
  ---
  duration_ms: 0.082282
  type: 'test'
  ...
# Subtest: star/8 marks follow the approved face-relative directions
ok 798 - star/8 marks follow the approved face-relative directions
  ---
  duration_ms: 0.08081
  type: 'test'
  ...
# Subtest: plush/1 marks follow the approved face-relative directions
ok 799 - plush/1 marks follow the approved face-relative directions
  ---
  duration_ms: 0.079277
  type: 'test'
  ...
# Subtest: plush/2 marks follow the approved face-relative directions
ok 800 - plush/2 marks follow the approved face-relative directions
  ---
  duration_ms: 0.066138
  type: 'test'
  ...
# Subtest: plush/3 marks follow the approved face-relative directions
ok 801 - plush/3 marks follow the approved face-relative directions
  ---
  duration_ms: 0.054511
  type: 'test'
  ...
# Subtest: plush/4 marks follow the approved face-relative directions
ok 802 - plush/4 marks follow the approved face-relative directions
  ---
  duration_ms: 0.061021
  type: 'test'
  ...
# Subtest: plush/5 marks follow the approved face-relative directions
ok 803 - plush/5 marks follow the approved face-relative directions
  ---
  duration_ms: 0.06049
  type: 'test'
  ...
# Subtest: plush/6 marks follow the approved face-relative directions
ok 804 - plush/6 marks follow the approved face-relative directions
  ---
  duration_ms: 0.062794
  type: 'test'
  ...
# Subtest: plush/7 marks follow the approved face-relative directions
ok 805 - plush/7 marks follow the approved face-relative directions
  ---
  duration_ms: 0.068271
  type: 'test'
  ...
# Subtest: plush/8 marks follow the approved face-relative directions
ok 806 - plush/8 marks follow the approved face-relative directions
  ---
  duration_ms: 0.055222
  type: 'test'
  ...
# Subtest: unknown/1 marks follow the approved face-relative directions
ok 807 - unknown/1 marks follow the approved face-relative directions
  ---
  duration_ms: 0.05427
  type: 'test'
  ...
# Subtest: unknown/2 marks follow the approved face-relative directions
ok 808 - unknown/2 marks follow the approved face-relative directions
  ---
  duration_ms: 0.054882
  type: 'test'
  ...
# Subtest: unknown/3 marks follow the approved face-relative directions
ok 809 - unknown/3 marks follow the approved face-relative directions
  ---
  duration_ms: 0.056023
  type: 'test'
  ...
# Subtest: unknown/4 marks follow the approved face-relative directions
ok 810 - unknown/4 marks follow the approved face-relative directions
  ---
  duration_ms: 0.05414
  type: 'test'
  ...
# Subtest: unknown/5 marks follow the approved face-relative directions
ok 811 - unknown/5 marks follow the approved face-relative directions
  ---
  duration_ms: 0.058617
  type: 'test'
  ...
# Subtest: unknown/6 marks follow the approved face-relative directions
ok 812 - unknown/6 marks follow the approved face-relative directions
  ---
  duration_ms: 0.060951
  type: 'test'
  ...
# Subtest: unknown/7 marks follow the approved face-relative directions
ok 813 - unknown/7 marks follow the approved face-relative directions
  ---
  duration_ms: 0.089483
  type: 'test'
  ...
# Subtest: unknown/8 marks follow the approved face-relative directions
ok 814 - unknown/8 marks follow the approved face-relative directions
  ---
  duration_ms: 0.12087
  type: 'test'
  ...
# Subtest: ren/1 marks follow the approved face-relative directions
ok 815 - ren/1 marks follow the approved face-relative directions
  ---
  duration_ms: 0.156342
  type: 'test'
  ...
# Subtest: ren/2 marks follow the approved face-relative directions
ok 816 - ren/2 marks follow the approved face-relative directions
  ---
  duration_ms: 0.083183
  type: 'test'
  ...
# Subtest: ren/3 marks follow the approved face-relative directions
ok 817 - ren/3 marks follow the approved face-relative directions
  ---
  duration_ms: 0.065487
  type: 'test'
  ...
# Subtest: ren/4 marks follow the approved face-relative directions
ok 818 - ren/4 marks follow the approved face-relative directions
  ---
  duration_ms: 0.054531
  type: 'test'
  ...
# Subtest: ren/5 marks follow the approved face-relative directions
ok 819 - ren/5 marks follow the approved face-relative directions
  ---
  duration_ms: 0.054591
  type: 'test'
  ...
# Subtest: ren/6 marks follow the approved face-relative directions
ok 820 - ren/6 marks follow the approved face-relative directions
  ---
  duration_ms: 0.073269
  type: 'test'
  ...
# Subtest: ren/7 marks follow the approved face-relative directions
ok 821 - ren/7 marks follow the approved face-relative directions
  ---
  duration_ms: 0.061411
  type: 'test'
  ...
# Subtest: ren/8 marks follow the approved face-relative directions
ok 822 - ren/8 marks follow the approved face-relative directions
  ---
  duration_ms: 0.073909
  type: 'test'
  ...
# Subtest: reviewed side marks read diagonally above the face, not alongside it
ok 823 - reviewed side marks read diagonally above the face, not alongside it
  ---
  duration_ms: 0.812035
  type: 'test'
  ...
# Subtest: penguin/1 routes ten distinct expressions
ok 824 - penguin/1 routes ten distinct expressions
  ---
  duration_ms: 0.230132
  type: 'test'
  ...
# Subtest: penguin/2 routes ten distinct expressions
ok 825 - penguin/2 routes ten distinct expressions
  ---
  duration_ms: 0.081281
  type: 'test'
  ...
# Subtest: penguin/3 routes ten distinct expressions
ok 826 - penguin/3 routes ten distinct expressions
  ---
  duration_ms: 0.112637
  type: 'test'
  ...
# Subtest: penguin/4 routes ten distinct expressions
ok 827 - penguin/4 routes ten distinct expressions
  ---
  duration_ms: 0.064656
  type: 'test'
  ...
# Subtest: penguin/5 routes ten distinct expressions
ok 828 - penguin/5 routes ten distinct expressions
  ---
  duration_ms: 0.057215
  type: 'test'
  ...
# Subtest: penguin/6 routes ten distinct expressions
ok 829 - penguin/6 routes ten distinct expressions
  ---
  duration_ms: 0.05433
  type: 'test'
  ...
# Subtest: penguin/7 routes ten distinct expressions
ok 830 - penguin/7 routes ten distinct expressions
  ---
  duration_ms: 0.055803
  type: 'test'
  ...
# Subtest: penguin/8 routes ten distinct expressions
ok 831 - penguin/8 routes ten distinct expressions
  ---
  duration_ms: 0.139998
  type: 'test'
  ...
# Subtest: turtle/1 routes ten distinct expressions
ok 832 - turtle/1 routes ten distinct expressions
  ---
  duration_ms: 0.071276
  type: 'test'
  ...
# Subtest: turtle/2 routes ten distinct expressions
ok 833 - turtle/2 routes ten distinct expressions
  ---
  duration_ms: 0.056154
  type: 'test'
  ...
# Subtest: turtle/3 routes ten distinct expressions
ok 834 - turtle/3 routes ten distinct expressions
  ---
  duration_ms: 0.053819
  type: 'test'
  ...
# Subtest: turtle/4 routes ten distinct expressions
ok 835 - turtle/4 routes ten distinct expressions
  ---
  duration_ms: 0.088261
  type: 'test'
  ...
# Subtest: turtle/5 routes ten distinct expressions
ok 836 - turtle/5 routes ten distinct expressions
  ---
  duration_ms: 0.084525
  type: 'test'
  ...
# Subtest: turtle/6 routes ten distinct expressions
ok 837 - turtle/6 routes ten distinct expressions
  ---
  duration_ms: 0.110143
  type: 'test'
  ...
# Subtest: turtle/7 routes ten distinct expressions
ok 838 - turtle/7 routes ten distinct expressions
  ---
  duration_ms: 0.061371
  type: 'test'
  ...
# Subtest: turtle/8 routes ten distinct expressions
ok 839 - turtle/8 routes ten distinct expressions
  ---
  duration_ms: 0.054781
  type: 'test'
  ...
# Subtest: frog/1 routes ten distinct expressions
ok 840 - frog/1 routes ten distinct expressions
  ---
  duration_ms: 0.090905
  type: 'test'
  ...
# Subtest: frog/2 routes ten distinct expressions
ok 841 - frog/2 routes ten distinct expressions
  ---
  duration_ms: 0.057455
  type: 'test'
  ...
# Subtest: frog/3 routes ten distinct expressions
ok 842 - frog/3 routes ten distinct expressions
  ---
  duration_ms: 0.054851
  type: 'test'
  ...
# Subtest: frog/4 routes ten distinct expressions
ok 843 - frog/4 routes ten distinct expressions
  ---
  duration_ms: 0.05387
  type: 'test'
  ...
# Subtest: frog/5 routes ten distinct expressions
ok 844 - frog/5 routes ten distinct expressions
  ---
  duration_ms: 1.390654
  type: 'test'
  ...
# Subtest: frog/6 routes ten distinct expressions
ok 845 - frog/6 routes ten distinct expressions
  ---
  duration_ms: 0.114119
  type: 'test'
  ...
# Subtest: frog/7 routes ten distinct expressions
ok 846 - frog/7 routes ten distinct expressions
  ---
  duration_ms: 0.06694
  type: 'test'
  ...
# Subtest: frog/8 routes ten distinct expressions
ok 847 - frog/8 routes ten distinct expressions
  ---
  duration_ms: 0.049994
  type: 'test'
  ...
# Subtest: clownfish/1 routes ten distinct expressions
ok 848 - clownfish/1 routes ten distinct expressions
  ---
  duration_ms: 0.046589
  type: 'test'
  ...
# Subtest: clownfish/2 routes ten distinct expressions
ok 849 - clownfish/2 routes ten distinct expressions
  ---
  duration_ms: 0.0467
  type: 'test'
  ...
# Subtest: clownfish/3 routes ten distinct expressions
ok 850 - clownfish/3 routes ten distinct expressions
  ---
  duration_ms: 0.04678
  type: 'test'
  ...
# Subtest: clownfish/4 routes ten distinct expressions
ok 851 - clownfish/4 routes ten distinct expressions
  ---
  duration_ms: 0.043454
  type: 'test'
  ...
# Subtest: clownfish/5 routes ten distinct expressions
ok 852 - clownfish/5 routes ten distinct expressions
  ---
  duration_ms: 0.044006
  type: 'test'
  ...
# Subtest: clownfish/6 routes ten distinct expressions
ok 853 - clownfish/6 routes ten distinct expressions
  ---
  duration_ms: 0.043514
  type: 'test'
  ...
# Subtest: clownfish/7 routes ten distinct expressions
ok 854 - clownfish/7 routes ten distinct expressions
  ---
  duration_ms: 0.047009
  type: 'test'
  ...
# Subtest: clownfish/8 routes ten distinct expressions
ok 855 - clownfish/8 routes ten distinct expressions
  ---
  duration_ms: 0.049814
  type: 'test'
  ...
# Subtest: salmon/1 routes ten distinct expressions
ok 856 - salmon/1 routes ten distinct expressions
  ---
  duration_ms: 0.137204
  type: 'test'
  ...
# Subtest: salmon/2 routes ten distinct expressions
ok 857 - salmon/2 routes ten distinct expressions
  ---
  duration_ms: 0.060229
  type: 'test'
  ...
# Subtest: salmon/3 routes ten distinct expressions
ok 858 - salmon/3 routes ten distinct expressions
  ---
  duration_ms: 0.046579
  type: 'test'
  ...
# Subtest: salmon/4 routes ten distinct expressions
ok 859 - salmon/4 routes ten distinct expressions
  ---
  duration_ms: 0.075312
  type: 'test'
  ...
# Subtest: salmon/5 routes ten distinct expressions
ok 860 - salmon/5 routes ten distinct expressions
  ---
  duration_ms: 0.057986
  type: 'test'
  ...
# Subtest: salmon/6 routes ten distinct expressions
ok 861 - salmon/6 routes ten distinct expressions
  ---
  duration_ms: 0.049854
  type: 'test'
  ...
# Subtest: salmon/7 routes ten distinct expressions
ok 862 - salmon/7 routes ten distinct expressions
  ---
  duration_ms: 0.046719
  type: 'test'
  ...
# Subtest: salmon/8 routes ten distinct expressions
ok 863 - salmon/8 routes ten distinct expressions
  ---
  duration_ms: 0.265494
  type: 'test'
  ...
# Subtest: hermit_crab/1 routes ten distinct expressions
ok 864 - hermit_crab/1 routes ten distinct expressions
  ---
  duration_ms: 0.063424
  type: 'test'
  ...
# Subtest: hermit_crab/2 routes ten distinct expressions
ok 865 - hermit_crab/2 routes ten distinct expressions
  ---
  duration_ms: 0.05418
  type: 'test'
  ...
# Subtest: hermit_crab/3 routes ten distinct expressions
ok 866 - hermit_crab/3 routes ten distinct expressions
  ---
  duration_ms: 0.046358
  type: 'test'
  ...
# Subtest: hermit_crab/4 routes ten distinct expressions
ok 867 - hermit_crab/4 routes ten distinct expressions
  ---
  duration_ms: 0.045768
  type: 'test'
  ...
# Subtest: hermit_crab/5 routes ten distinct expressions
ok 868 - hermit_crab/5 routes ten distinct expressions
  ---
  duration_ms: 0.042834
  type: 'test'
  ...
# Subtest: hermit_crab/6 routes ten distinct expressions
ok 869 - hermit_crab/6 routes ten distinct expressions
  ---
  duration_ms: 0.049043
  type: 'test'
  ...
# Subtest: hermit_crab/7 routes ten distinct expressions
ok 870 - hermit_crab/7 routes ten distinct expressions
  ---
  duration_ms: 0.043805
  type: 'test'
  ...
# Subtest: hermit_crab/8 routes ten distinct expressions
ok 871 - hermit_crab/8 routes ten distinct expressions
  ---
  duration_ms: 0.043995
  type: 'test'
  ...
# Subtest: jellyfish/1 routes ten distinct expressions
ok 872 - jellyfish/1 routes ten distinct expressions
  ---
  duration_ms: 0.090184
  type: 'test'
  ...
# Subtest: jellyfish/2 routes ten distinct expressions
ok 873 - jellyfish/2 routes ten distinct expressions
  ---
  duration_ms: 0.051306
  type: 'test'
  ...
# Subtest: jellyfish/3 routes ten distinct expressions
ok 874 - jellyfish/3 routes ten distinct expressions
  ---
  duration_ms: 0.04702
  type: 'test'
  ...
# Subtest: jellyfish/4 routes ten distinct expressions
ok 875 - jellyfish/4 routes ten distinct expressions
  ---
  duration_ms: 0.263731
  type: 'test'
  ...
# Subtest: jellyfish/5 routes ten distinct expressions
ok 876 - jellyfish/5 routes ten distinct expressions
  ---
  duration_ms: 0.09456
  type: 'test'
  ...
# Subtest: jellyfish/6 routes ten distinct expressions
ok 877 - jellyfish/6 routes ten distinct expressions
  ---
  duration_ms: 0.062123
  type: 'test'
  ...
# Subtest: jellyfish/7 routes ten distinct expressions
ok 878 - jellyfish/7 routes ten distinct expressions
  ---
  duration_ms: 0.050275
  type: 'test'
  ...
# Subtest: jellyfish/8 routes ten distinct expressions
ok 879 - jellyfish/8 routes ten distinct expressions
  ---
  duration_ms: 0.048212
  type: 'test'
  ...
# Subtest: starfish/1 routes ten distinct expressions
ok 880 - starfish/1 routes ten distinct expressions
  ---
  duration_ms: 0.048782
  type: 'test'
  ...
# Subtest: starfish/2 routes ten distinct expressions
ok 881 - starfish/2 routes ten distinct expressions
  ---
  duration_ms: 0.046078
  type: 'test'
  ...
# Subtest: starfish/3 routes ten distinct expressions
ok 882 - starfish/3 routes ten distinct expressions
  ---
  duration_ms: 0.130424
  type: 'test'
  ...
# Subtest: starfish/4 routes ten distinct expressions
ok 883 - starfish/4 routes ten distinct expressions
  ---
  duration_ms: 0.069804
  type: 'test'
  ...
# Subtest: starfish/5 routes ten distinct expressions
ok 884 - starfish/5 routes ten distinct expressions
  ---
  duration_ms: 0.06736
  type: 'test'
  ...
# Subtest: starfish/6 routes ten distinct expressions
ok 885 - starfish/6 routes ten distinct expressions
  ---
  duration_ms: 0.04718
  type: 'test'
  ...
# Subtest: starfish/7 routes ten distinct expressions
ok 886 - starfish/7 routes ten distinct expressions
  ---
  duration_ms: 0.067951
  type: 'test'
  ...
# Subtest: starfish/8 routes ten distinct expressions
ok 887 - starfish/8 routes ten distinct expressions
  ---
  duration_ms: 0.052738
  type: 'test'
  ...
# Subtest: coral/1 routes ten distinct expressions
ok 888 - coral/1 routes ten distinct expressions
  ---
  duration_ms: 0.046199
  type: 'test'
  ...
# Subtest: coral/2 routes ten distinct expressions
ok 889 - coral/2 routes ten distinct expressions
  ---
  duration_ms: 0.048421
  type: 'test'
  ...
# Subtest: coral/3 routes ten distinct expressions
ok 890 - coral/3 routes ten distinct expressions
  ---
  duration_ms: 0.045387
  type: 'test'
  ...
# Subtest: coral/4 routes ten distinct expressions
ok 891 - coral/4 routes ten distinct expressions
  ---
  duration_ms: 0.044636
  type: 'test'
  ...
# Subtest: coral/5 routes ten distinct expressions
ok 892 - coral/5 routes ten distinct expressions
  ---
  duration_ms: 0.044746
  type: 'test'
  ...
# Subtest: coral/6 routes ten distinct expressions
ok 893 - coral/6 routes ten distinct expressions
  ---
  duration_ms: 0.045447
  type: 'test'
  ...
# Subtest: coral/7 routes ten distinct expressions
ok 894 - coral/7 routes ten distinct expressions
  ---
  duration_ms: 0.046138
  type: 'test'
  ...
# Subtest: coral/8 routes ten distinct expressions
ok 895 - coral/8 routes ten distinct expressions
  ---
  duration_ms: 0.043254
  type: 'test'
  ...
# Subtest: butterfly/1 routes ten distinct expressions
ok 896 - butterfly/1 routes ten distinct expressions
  ---
  duration_ms: 0.358502
  type: 'test'
  ...
# Subtest: butterfly/2 routes ten distinct expressions
ok 897 - butterfly/2 routes ten distinct expressions
  ---
  duration_ms: 0.06742
  type: 'test'
  ...
# Subtest: butterfly/3 routes ten distinct expressions
ok 898 - butterfly/3 routes ten distinct expressions
  ---
  duration_ms: 0.04696
  type: 'test'
  ...
# Subtest: butterfly/4 routes ten distinct expressions
ok 899 - butterfly/4 routes ten distinct expressions
  ---
  duration_ms: 0.044075
  type: 'test'
  ...
# Subtest: butterfly/5 routes ten distinct expressions
ok 900 - butterfly/5 routes ten distinct expressions
  ---
  duration_ms: 0.048001
  type: 'test'
  ...
# Subtest: butterfly/6 routes ten distinct expressions
ok 901 - butterfly/6 routes ten distinct expressions
  ---
  duration_ms: 0.046299
  type: 'test'
  ...
# Subtest: butterfly/7 routes ten distinct expressions
ok 902 - butterfly/7 routes ten distinct expressions
  ---
  duration_ms: 0.042964
  type: 'test'
  ...
# Subtest: butterfly/8 routes ten distinct expressions
ok 903 - butterfly/8 routes ten distinct expressions
  ---
  duration_ms: 0.046319
  type: 'test'
  ...
# Subtest: beetle/1 routes ten distinct expressions
ok 904 - beetle/1 routes ten distinct expressions
  ---
  duration_ms: 0.130474
  type: 'test'
  ...
# Subtest: beetle/2 routes ten distinct expressions
ok 905 - beetle/2 routes ten distinct expressions
  ---
  duration_ms: 0.05368
  type: 'test'
  ...
# Subtest: beetle/3 routes ten distinct expressions
ok 906 - beetle/3 routes ten distinct expressions
  ---
  duration_ms: 0.045027
  type: 'test'
  ...
# Subtest: beetle/4 routes ten distinct expressions
ok 907 - beetle/4 routes ten distinct expressions
  ---
  duration_ms: 0.050175
  type: 'test'
  ...
# Subtest: beetle/5 routes ten distinct expressions
ok 908 - beetle/5 routes ten distinct expressions
  ---
  duration_ms: 0.091275
  type: 'test'
  ...
# Subtest: beetle/6 routes ten distinct expressions
ok 909 - beetle/6 routes ten distinct expressions
  ---
  duration_ms: 0.076103
  type: 'test'
  ...
# Subtest: beetle/7 routes ten distinct expressions
ok 910 - beetle/7 routes ten distinct expressions
  ---
  duration_ms: 0.050816
  type: 'test'
  ...
# Subtest: beetle/8 routes ten distinct expressions
ok 911 - beetle/8 routes ten distinct expressions
  ---
  duration_ms: 0.050285
  type: 'test'
  ...
# Subtest: stagbeetle/1 routes ten distinct expressions
ok 912 - stagbeetle/1 routes ten distinct expressions
  ---
  duration_ms: 0.068572
  type: 'test'
  ...
# Subtest: stagbeetle/2 routes ten distinct expressions
ok 913 - stagbeetle/2 routes ten distinct expressions
  ---
  duration_ms: 0.075983
  type: 'test'
  ...
# Subtest: stagbeetle/3 routes ten distinct expressions
ok 914 - stagbeetle/3 routes ten distinct expressions
  ---
  duration_ms: 0.052668
  type: 'test'
  ...
# Subtest: stagbeetle/4 routes ten distinct expressions
ok 915 - stagbeetle/4 routes ten distinct expressions
  ---
  duration_ms: 0.045698
  type: 'test'
  ...
# Subtest: stagbeetle/5 routes ten distinct expressions
ok 916 - stagbeetle/5 routes ten distinct expressions
  ---
  duration_ms: 0.045097
  type: 'test'
  ...
# Subtest: stagbeetle/6 routes ten distinct expressions
ok 917 - stagbeetle/6 routes ten distinct expressions
  ---
  duration_ms: 0.041822
  type: 'test'
  ...
# Subtest: stagbeetle/7 routes ten distinct expressions
ok 918 - stagbeetle/7 routes ten distinct expressions
  ---
  duration_ms: 0.041471
  type: 'test'
  ...
# Subtest: stagbeetle/8 routes ten distinct expressions
ok 919 - stagbeetle/8 routes ten distinct expressions
  ---
  duration_ms: 0.043615
  type: 'test'
  ...
# Subtest: cicada/1 routes ten distinct expressions
ok 920 - cicada/1 routes ten distinct expressions
  ---
  duration_ms: 0.043765
  type: 'test'
  ...
# Subtest: cicada/2 routes ten distinct expressions
ok 921 - cicada/2 routes ten distinct expressions
  ---
  duration_ms: 0.043074
  type: 'test'
  ...
# Subtest: cicada/3 routes ten distinct expressions
ok 922 - cicada/3 routes ten distinct expressions
  ---
  duration_ms: 0.066359
  type: 'test'
  ...
# Subtest: cicada/4 routes ten distinct expressions
ok 923 - cicada/4 routes ten distinct expressions
  ---
  duration_ms: 0.075312
  type: 'test'
  ...
# Subtest: cicada/5 routes ten distinct expressions
ok 924 - cicada/5 routes ten distinct expressions
  ---
  duration_ms: 0.04708
  type: 'test'
  ...
# Subtest: cicada/6 routes ten distinct expressions
ok 925 - cicada/6 routes ten distinct expressions
  ---
  duration_ms: 0.079297
  type: 'test'
  ...
# Subtest: cicada/7 routes ten distinct expressions
ok 926 - cicada/7 routes ten distinct expressions
  ---
  duration_ms: 0.043765
  type: 'test'
  ...
# Subtest: cicada/8 routes ten distinct expressions
ok 927 - cicada/8 routes ten distinct expressions
  ---
  duration_ms: 0.045598
  type: 'test'
  ...
# Subtest: antlion/1 routes ten distinct expressions
ok 928 - antlion/1 routes ten distinct expressions
  ---
  duration_ms: 0.044006
  type: 'test'
  ...
# Subtest: antlion/2 routes ten distinct expressions
ok 929 - antlion/2 routes ten distinct expressions
  ---
  duration_ms: 0.041152
  type: 'test'
  ...
# Subtest: antlion/3 routes ten distinct expressions
ok 930 - antlion/3 routes ten distinct expressions
  ---
  duration_ms: 0.043164
  type: 'test'
  ...
# Subtest: antlion/4 routes ten distinct expressions
ok 931 - antlion/4 routes ten distinct expressions
  ---
  duration_ms: 0.04067
  type: 'test'
  ...
# Subtest: antlion/5 routes ten distinct expressions
ok 932 - antlion/5 routes ten distinct expressions
  ---
  duration_ms: 0.04037
  type: 'test'
  ...
# Subtest: antlion/6 routes ten distinct expressions
ok 933 - antlion/6 routes ten distinct expressions
  ---
  duration_ms: 0.041131
  type: 'test'
  ...
# Subtest: antlion/7 routes ten distinct expressions
ok 934 - antlion/7 routes ten distinct expressions
  ---
  duration_ms: 0.077916
  type: 'test'
  ...
# Subtest: antlion/8 routes ten distinct expressions
ok 935 - antlion/8 routes ten distinct expressions
  ---
  duration_ms: 0.049303
  type: 'test'
  ...
# Subtest: dandelion/1 routes ten distinct expressions
ok 936 - dandelion/1 routes ten distinct expressions
  ---
  duration_ms: 0.043014
  type: 'test'
  ...
# Subtest: dandelion/2 routes ten distinct expressions
ok 937 - dandelion/2 routes ten distinct expressions
  ---
  duration_ms: 0.045418
  type: 'test'
  ...
# Subtest: dandelion/3 routes ten distinct expressions
ok 938 - dandelion/3 routes ten distinct expressions
  ---
  duration_ms: 0.066649
  type: 'test'
  ...
# Subtest: dandelion/4 routes ten distinct expressions
ok 939 - dandelion/4 routes ten distinct expressions
  ---
  duration_ms: 0.111616
  type: 'test'
  ...
# Subtest: dandelion/5 routes ten distinct expressions
ok 940 - dandelion/5 routes ten distinct expressions
  ---
  duration_ms: 0.056394
  type: 'test'
  ...
# Subtest: dandelion/6 routes ten distinct expressions
ok 941 - dandelion/6 routes ten distinct expressions
  ---
  duration_ms: 0.052398
  type: 'test'
  ...
# Subtest: dandelion/7 routes ten distinct expressions
ok 942 - dandelion/7 routes ten distinct expressions
  ---
  duration_ms: 0.041832
  type: 'test'
  ...
# Subtest: dandelion/8 routes ten distinct expressions
ok 943 - dandelion/8 routes ten distinct expressions
  ---
  duration_ms: 0.04042
  type: 'test'
  ...
# Subtest: sakura/1 routes ten distinct expressions
ok 944 - sakura/1 routes ten distinct expressions
  ---
  duration_ms: 0.041452
  type: 'test'
  ...
# Subtest: sakura/2 routes ten distinct expressions
ok 945 - sakura/2 routes ten distinct expressions
  ---
  duration_ms: 0.046399
  type: 'test'
  ...
# Subtest: sakura/3 routes ten distinct expressions
ok 946 - sakura/3 routes ten distinct expressions
  ---
  duration_ms: 0.04026
  type: 'test'
  ...
# Subtest: sakura/4 routes ten distinct expressions
ok 947 - sakura/4 routes ten distinct expressions
  ---
  duration_ms: 0.041882
  type: 'test'
  ...
# Subtest: sakura/5 routes ten distinct expressions
ok 948 - sakura/5 routes ten distinct expressions
  ---
  duration_ms: 0.041001
  type: 'test'
  ...
# Subtest: sakura/6 routes ten distinct expressions
ok 949 - sakura/6 routes ten distinct expressions
  ---
  duration_ms: 0.044757
  type: 'test'
  ...
# Subtest: sakura/7 routes ten distinct expressions
ok 950 - sakura/7 routes ten distinct expressions
  ---
  duration_ms: 0.044817
  type: 'test'
  ...
# Subtest: sakura/8 routes ten distinct expressions
ok 951 - sakura/8 routes ten distinct expressions
  ---
  duration_ms: 0.094701
  type: 'test'
  ...
# Subtest: venus_flytrap/1 routes ten distinct expressions
ok 952 - venus_flytrap/1 routes ten distinct expressions
  ---
  duration_ms: 0.078277
  type: 'test'
  ...
# Subtest: venus_flytrap/2 routes ten distinct expressions
ok 953 - venus_flytrap/2 routes ten distinct expressions
  ---
  duration_ms: 0.134309
  type: 'test'
  ...
# Subtest: venus_flytrap/3 routes ten distinct expressions
ok 954 - venus_flytrap/3 routes ten distinct expressions
  ---
  duration_ms: 0.086829
  type: 'test'
  ...
# Subtest: venus_flytrap/4 routes ten distinct expressions
ok 955 - venus_flytrap/4 routes ten distinct expressions
  ---
  duration_ms: 0.055292
  type: 'test'
  ...
# Subtest: venus_flytrap/5 routes ten distinct expressions
ok 956 - venus_flytrap/5 routes ten distinct expressions
  ---
  duration_ms: 0.049112
  type: 'test'
  ...
# Subtest: venus_flytrap/6 routes ten distinct expressions
ok 957 - venus_flytrap/6 routes ten distinct expressions
  ---
  duration_ms: 0.041962
  type: 'test'
  ...
# Subtest: venus_flytrap/7 routes ten distinct expressions
ok 958 - venus_flytrap/7 routes ten distinct expressions
  ---
  duration_ms: 0.041632
  type: 'test'
  ...
# Subtest: venus_flytrap/8 routes ten distinct expressions
ok 959 - venus_flytrap/8 routes ten distinct expressions
  ---
  duration_ms: 0.043284
  type: 'test'
  ...
# Subtest: mushroom/1 routes ten distinct expressions
ok 960 - mushroom/1 routes ten distinct expressions
  ---
  duration_ms: 0.041942
  type: 'test'
  ...
# Subtest: mushroom/2 routes ten distinct expressions
ok 961 - mushroom/2 routes ten distinct expressions
  ---
  duration_ms: 0.041942
  type: 'test'
  ...
# Subtest: mushroom/3 routes ten distinct expressions
ok 962 - mushroom/3 routes ten distinct expressions
  ---
  duration_ms: 0.04066
  type: 'test'
  ...
# Subtest: mushroom/4 routes ten distinct expressions
ok 963 - mushroom/4 routes ten distinct expressions
  ---
  duration_ms: 0.041952
  type: 'test'
  ...
# Subtest: mushroom/5 routes ten distinct expressions
ok 964 - mushroom/5 routes ten distinct expressions
  ---
  duration_ms: 0.041882
  type: 'test'
  ...
# Subtest: mushroom/6 routes ten distinct expressions
ok 965 - mushroom/6 routes ten distinct expressions
  ---
  duration_ms: 0.042934
  type: 'test'
  ...
# Subtest: mushroom/7 routes ten distinct expressions
ok 966 - mushroom/7 routes ten distinct expressions
  ---
  duration_ms: 0.065136
  type: 'test'
  ...
# Subtest: mushroom/8 routes ten distinct expressions
ok 967 - mushroom/8 routes ten distinct expressions
  ---
  duration_ms: 0.052488
  type: 'test'
  ...
# Subtest: dragon/1 routes ten distinct expressions
ok 968 - dragon/1 routes ten distinct expressions
  ---
  duration_ms: 0.058557
  type: 'test'
  ...
# Subtest: dragon/2 routes ten distinct expressions
ok 969 - dragon/2 routes ten distinct expressions
  ---
  duration_ms: 0.071205
  type: 'test'
  ...
# Subtest: dragon/3 routes ten distinct expressions
ok 970 - dragon/3 routes ten distinct expressions
  ---
  duration_ms: 0.049614
  type: 'test'
  ...
# Subtest: dragon/4 routes ten distinct expressions
ok 971 - dragon/4 routes ten distinct expressions
  ---
  duration_ms: 0.049083
  type: 'test'
  ...
# Subtest: dragon/5 routes ten distinct expressions
ok 972 - dragon/5 routes ten distinct expressions
  ---
  duration_ms: 0.040951
  type: 'test'
  ...
# Subtest: dragon/6 routes ten distinct expressions
ok 973 - dragon/6 routes ten distinct expressions
  ---
  duration_ms: 0.043014
  type: 'test'
  ...
# Subtest: dragon/7 routes ten distinct expressions
ok 974 - dragon/7 routes ten distinct expressions
  ---
  duration_ms: 0.043384
  type: 'test'
  ...
# Subtest: dragon/8 routes ten distinct expressions
ok 975 - dragon/8 routes ten distinct expressions
  ---
  duration_ms: 0.042403
  type: 'test'
  ...
# Subtest: phoenix/1 routes ten distinct expressions
ok 976 - phoenix/1 routes ten distinct expressions
  ---
  duration_ms: 0.042843
  type: 'test'
  ...
# Subtest: phoenix/2 routes ten distinct expressions
ok 977 - phoenix/2 routes ten distinct expressions
  ---
  duration_ms: 0.041481
  type: 'test'
  ...
# Subtest: phoenix/3 routes ten distinct expressions
ok 978 - phoenix/3 routes ten distinct expressions
  ---
  duration_ms: 0.047941
  type: 'test'
  ...
# Subtest: phoenix/4 routes ten distinct expressions
ok 979 - phoenix/4 routes ten distinct expressions
  ---
  duration_ms: 0.051196
  type: 'test'
  ...
# Subtest: phoenix/5 routes ten distinct expressions
ok 980 - phoenix/5 routes ten distinct expressions
  ---
  duration_ms: 0.063895
  type: 'test'
  ...
# Subtest: phoenix/6 routes ten distinct expressions
ok 981 - phoenix/6 routes ten distinct expressions
  ---
  duration_ms: 0.046229
  type: 'test'
  ...
# Subtest: phoenix/7 routes ten distinct expressions
ok 982 - phoenix/7 routes ten distinct expressions
  ---
  duration_ms: 0.043054
  type: 'test'
  ...
# Subtest: phoenix/8 routes ten distinct expressions
ok 983 - phoenix/8 routes ten distinct expressions
  ---
  duration_ms: 0.052919
  type: 'test'
  ...
# Subtest: god/1 routes ten distinct expressions
ok 984 - god/1 routes ten distinct expressions
  ---
  duration_ms: 0.042203
  type: 'test'
  ...
# Subtest: god/2 routes ten distinct expressions
ok 985 - god/2 routes ten distinct expressions
  ---
  duration_ms: 0.071856
  type: 'test'
  ...
# Subtest: god/3 routes ten distinct expressions
ok 986 - god/3 routes ten distinct expressions
  ---
  duration_ms: 0.059588
  type: 'test'
  ...
# Subtest: god/4 routes ten distinct expressions
ok 987 - god/4 routes ten distinct expressions
  ---
  duration_ms: 0.045197
  type: 'test'
  ...
# Subtest: god/5 routes ten distinct expressions
ok 988 - god/5 routes ten distinct expressions
  ---
  duration_ms: 0.042774
  type: 'test'
  ...
# Subtest: god/6 routes ten distinct expressions
ok 989 - god/6 routes ten distinct expressions
  ---
  duration_ms: 0.042233
  type: 'test'
  ...
# Subtest: god/7 routes ten distinct expressions
ok 990 - god/7 routes ten distinct expressions
  ---
  duration_ms: 0.041732
  type: 'test'
  ...
# Subtest: god/8 routes ten distinct expressions
ok 991 - god/8 routes ten distinct expressions
  ---
  duration_ms: 0.039559
  type: 'test'
  ...
# Subtest: world_tree/1 routes ten distinct expressions
ok 992 - world_tree/1 routes ten distinct expressions
  ---
  duration_ms: 0.04057
  type: 'test'
  ...
# Subtest: world_tree/2 routes ten distinct expressions
ok 993 - world_tree/2 routes ten distinct expressions
  ---
  duration_ms: 0.042022
  type: 'test'
  ...
# Subtest: world_tree/3 routes ten distinct expressions
ok 994 - world_tree/3 routes ten distinct expressions
  ---
  duration_ms: 0.043355
  type: 'test'
  ...
# Subtest: world_tree/4 routes ten distinct expressions
ok 995 - world_tree/4 routes ten distinct expressions
  ---
  duration_ms: 0.041962
  type: 'test'
  ...
# Subtest: world_tree/5 routes ten distinct expressions
ok 996 - world_tree/5 routes ten distinct expressions
  ---
  duration_ms: 0.040691
  type: 'test'
  ...
# Subtest: world_tree/6 routes ten distinct expressions
ok 997 - world_tree/6 routes ten distinct expressions
  ---
  duration_ms: 0.045067
  type: 'test'
  ...
# Subtest: world_tree/7 routes ten distinct expressions
ok 998 - world_tree/7 routes ten distinct expressions
  ---
  duration_ms: 0.03995
  type: 'test'
  ...
# Subtest: world_tree/8 routes ten distinct expressions
ok 999 - world_tree/8 routes ten distinct expressions
  ---
  duration_ms: 0.045757
  type: 'test'
  ...
# Subtest: ghost/1 routes ten distinct expressions
ok 1000 - ghost/1 routes ten distinct expressions
  ---
  duration_ms: 0.042703
  type: 'test'
  ...
# Subtest: ghost/2 routes ten distinct expressions
ok 1001 - ghost/2 routes ten distinct expressions
  ---
  duration_ms: 0.044866
  type: 'test'
  ...
# Subtest: ghost/3 routes ten distinct expressions
ok 1002 - ghost/3 routes ten distinct expressions
  ---
  duration_ms: 0.041451
  type: 'test'
  ...
# Subtest: ghost/4 routes ten distinct expressions
ok 1003 - ghost/4 routes ten distinct expressions
  ---
  duration_ms: 0.04087
  type: 'test'
  ...
# Subtest: ghost/5 routes ten distinct expressions
ok 1004 - ghost/5 routes ten distinct expressions
  ---
  duration_ms: 0.102282
  type: 'test'
  ...
# Subtest: ghost/6 routes ten distinct expressions
ok 1005 - ghost/6 routes ten distinct expressions
  ---
  duration_ms: 0.048392
  type: 'test'
  ...
# Subtest: ghost/7 routes ten distinct expressions
ok 1006 - ghost/7 routes ten distinct expressions
  ---
  duration_ms: 0.061451
  type: 'test'
  ...
# Subtest: ghost/8 routes ten distinct expressions
ok 1007 - ghost/8 routes ten distinct expressions
  ---
  duration_ms: 0.044286
  type: 'test'
  ...
# Subtest: star/1 routes ten distinct expressions
ok 1008 - star/1 routes ten distinct expressions
  ---
  duration_ms: 0.046349
  type: 'test'
  ...
# Subtest: star/2 routes ten distinct expressions
ok 1009 - star/2 routes ten distinct expressions
  ---
  duration_ms: 0.048592
  type: 'test'
  ...
# Subtest: star/3 routes ten distinct expressions
ok 1010 - star/3 routes ten distinct expressions
  ---
  duration_ms: 0.04006
  type: 'test'
  ...
# Subtest: star/4 routes ten distinct expressions
ok 1011 - star/4 routes ten distinct expressions
  ---
  duration_ms: 0.051266
  type: 'test'
  ...
# Subtest: star/5 routes ten distinct expressions
ok 1012 - star/5 routes ten distinct expressions
  ---
  duration_ms: 0.044727
  type: 'test'
  ...
# Subtest: star/6 routes ten distinct expressions
ok 1013 - star/6 routes ten distinct expressions
  ---
  duration_ms: 0.046899
  type: 'test'
  ...
# Subtest: star/7 routes ten distinct expressions
ok 1014 - star/7 routes ten distinct expressions
  ---
  duration_ms: 0.043935
  type: 'test'
  ...
# Subtest: star/8 routes ten distinct expressions
ok 1015 - star/8 routes ten distinct expressions
  ---
  duration_ms: 0.06053
  type: 'test'
  ...
# Subtest: plush/1 routes ten distinct expressions
ok 1016 - plush/1 routes ten distinct expressions
  ---
  duration_ms: 0.041331
  type: 'test'
  ...
# Subtest: plush/2 routes ten distinct expressions
ok 1017 - plush/2 routes ten distinct expressions
  ---
  duration_ms: 0.043975
  type: 'test'
  ...
# Subtest: plush/3 routes ten distinct expressions
ok 1018 - plush/3 routes ten distinct expressions
  ---
  duration_ms: 0.04027
  type: 'test'
  ...
# Subtest: plush/4 routes ten distinct expressions
ok 1019 - plush/4 routes ten distinct expressions
  ---
  duration_ms: 0.064906
  type: 'test'
  ...
# Subtest: plush/5 routes ten distinct expressions
ok 1020 - plush/5 routes ten distinct expressions
  ---
  duration_ms: 0.064065
  type: 'test'
  ...
# Subtest: plush/6 routes ten distinct expressions
ok 1021 - plush/6 routes ten distinct expressions
  ---
  duration_ms: 0.047811
  type: 'test'
  ...
# Subtest: plush/7 routes ten distinct expressions
ok 1022 - plush/7 routes ten distinct expressions
  ---
  duration_ms: 0.041431
  type: 'test'
  ...
# Subtest: plush/8 routes ten distinct expressions
ok 1023 - plush/8 routes ten distinct expressions
  ---
  duration_ms: 0.04062
  type: 'test'
  ...
# Subtest: unknown/1 routes ten distinct expressions
ok 1024 - unknown/1 routes ten distinct expressions
  ---
  duration_ms: 0.041132
  type: 'test'
  ...
# Subtest: unknown/2 routes ten distinct expressions
ok 1025 - unknown/2 routes ten distinct expressions
  ---
  duration_ms: 0.040821
  type: 'test'
  ...
# Subtest: unknown/3 routes ten distinct expressions
ok 1026 - unknown/3 routes ten distinct expressions
  ---
  duration_ms: 0.038898
  type: 'test'
  ...
# Subtest: unknown/4 routes ten distinct expressions
ok 1027 - unknown/4 routes ten distinct expressions
  ---
  duration_ms: 0.038667
  type: 'test'
  ...
# Subtest: unknown/5 routes ten distinct expressions
ok 1028 - unknown/5 routes ten distinct expressions
  ---
  duration_ms: 0.043595
  type: 'test'
  ...
# Subtest: unknown/6 routes ten distinct expressions
ok 1029 - unknown/6 routes ten distinct expressions
  ---
  duration_ms: 0.041081
  type: 'test'
  ...
# Subtest: unknown/7 routes ten distinct expressions
ok 1030 - unknown/7 routes ten distinct expressions
  ---
  duration_ms: 0.039809
  type: 'test'
  ...
# Subtest: unknown/8 routes ten distinct expressions
ok 1031 - unknown/8 routes ten distinct expressions
  ---
  duration_ms: 0.038487
  type: 'test'
  ...
# Subtest: ren/1 routes ten distinct expressions
ok 1032 - ren/1 routes ten distinct expressions
  ---
  duration_ms: 0.048412
  type: 'test'
  ...
# Subtest: ren/2 routes ten distinct expressions
ok 1033 - ren/2 routes ten distinct expressions
  ---
  duration_ms: 0.043455
  type: 'test'
  ...
# Subtest: ren/3 routes ten distinct expressions
ok 1034 - ren/3 routes ten distinct expressions
  ---
  duration_ms: 0.064185
  type: 'test'
  ...
# Subtest: ren/4 routes ten distinct expressions
ok 1035 - ren/4 routes ten distinct expressions
  ---
  duration_ms: 0.045327
  type: 'test'
  ...
# Subtest: ren/5 routes ten distinct expressions
ok 1036 - ren/5 routes ten distinct expressions
  ---
  duration_ms: 0.043625
  type: 'test'
  ...
# Subtest: ren/6 routes ten distinct expressions
ok 1037 - ren/6 routes ten distinct expressions
  ---
  duration_ms: 0.046128
  type: 'test'
  ...
# Subtest: ren/7 routes ten distinct expressions
ok 1038 - ren/7 routes ten distinct expressions
  ---
  duration_ms: 0.109353
  type: 'test'
  ...
# Subtest: ren/8 routes ten distinct expressions
ok 1039 - ren/8 routes ten distinct expressions
  ---
  duration_ms: 0.130453
  type: 'test'
  ...
# Subtest: frog and clownfish use distinct species-appropriate hunger marks
ok 1040 - frog and clownfish use distinct species-appropriate hunger marks
  ---
  duration_ms: 0.172897
  type: 'test'
  ...
# Subtest: salmon/1 renders a food mark with normal/unknown fallback intact
ok 1041 - salmon/1 renders a food mark with normal/unknown fallback intact
  ---
  duration_ms: 0.284271
  type: 'test'
  ...
# Subtest: salmon/2 renders a food mark with normal/unknown fallback intact
ok 1042 - salmon/2 renders a food mark with normal/unknown fallback intact
  ---
  duration_ms: 1.729877
  type: 'test'
  ...
# Subtest: salmon/3 renders a food mark with normal/unknown fallback intact
ok 1043 - salmon/3 renders a food mark with normal/unknown fallback intact
  ---
  duration_ms: 0.111625
  type: 'test'
  ...
# Subtest: salmon/4 renders a food mark with normal/unknown fallback intact
ok 1044 - salmon/4 renders a food mark with normal/unknown fallback intact
  ---
  duration_ms: 0.072237
  type: 'test'
  ...
# Subtest: salmon/5 renders a food mark with normal/unknown fallback intact
ok 1045 - salmon/5 renders a food mark with normal/unknown fallback intact
  ---
  duration_ms: 0.10091
  type: 'test'
  ...
# Subtest: salmon/6 renders a food mark with normal/unknown fallback intact
ok 1046 - salmon/6 renders a food mark with normal/unknown fallback intact
  ---
  duration_ms: 0.070485
  type: 'test'
  ...
# Subtest: salmon/7 renders a food mark with normal/unknown fallback intact
ok 1047 - salmon/7 renders a food mark with normal/unknown fallback intact
  ---
  duration_ms: 0.079518
  type: 'test'
  ...
# Subtest: salmon/8 renders a food mark with normal/unknown fallback intact
ok 1048 - salmon/8 renders a food mark with normal/unknown fallback intact
  ---
  duration_ms: 0.110193
  type: 'test'
  ...
# Subtest: hermit_crab/1 renders a food mark with normal/unknown fallback intact
ok 1049 - hermit_crab/1 renders a food mark with normal/unknown fallback intact
  ---
  duration_ms: 0.319134
  type: 'test'
  ...
# Subtest: hermit_crab/2 renders a food mark with normal/unknown fallback intact
ok 1050 - hermit_crab/2 renders a food mark with normal/unknown fallback intact
  ---
  duration_ms: 0.069604
  type: 'test'
  ...
# Subtest: hermit_crab/3 renders a food mark with normal/unknown fallback intact
ok 1051 - hermit_crab/3 renders a food mark with normal/unknown fallback intact
  ---
  duration_ms: 0.085917
  type: 'test'
  ...
# Subtest: hermit_crab/4 renders a food mark with normal/unknown fallback intact
ok 1052 - hermit_crab/4 renders a food mark with normal/unknown fallback intact
  ---
  duration_ms: 0.06109
  type: 'test'
  ...
# Subtest: hermit_crab/5 renders a food mark with normal/unknown fallback intact
ok 1053 - hermit_crab/5 renders a food mark with normal/unknown fallback intact
  ---
  duration_ms: 0.488255
  type: 'test'
  ...
# Subtest: hermit_crab/6 renders a food mark with normal/unknown fallback intact
ok 1054 - hermit_crab/6 renders a food mark with normal/unknown fallback intact
  ---
  duration_ms: 0.083434
  type: 'test'
  ...
# Subtest: hermit_crab/7 renders a food mark with normal/unknown fallback intact
ok 1055 - hermit_crab/7 renders a food mark with normal/unknown fallback intact
  ---
  duration_ms: 0.07434
  type: 'test'
  ...
# Subtest: hermit_crab/8 renders a food mark with normal/unknown fallback intact
ok 1056 - hermit_crab/8 renders a food mark with normal/unknown fallback intact
  ---
  duration_ms: 0.053078
  type: 'test'
  ...
# Subtest: jellyfish/1 renders a food mark with normal/unknown fallback intact
ok 1057 - jellyfish/1 renders a food mark with normal/unknown fallback intact
  ---
  duration_ms: 0.147609
  type: 'test'
  ...
# Subtest: jellyfish/2 renders a food mark with normal/unknown fallback intact
ok 1058 - jellyfish/2 renders a food mark with normal/unknown fallback intact
  ---
  duration_ms: 0.065297
  type: 'test'
  ...
# Subtest: jellyfish/3 renders a food mark with normal/unknown fallback intact
ok 1059 - jellyfish/3 renders a food mark with normal/unknown fallback intact
  ---
  duration_ms: 0.051126
  type: 'test'
  ...
# Subtest: jellyfish/4 renders a food mark with normal/unknown fallback intact
ok 1060 - jellyfish/4 renders a food mark with normal/unknown fallback intact
  ---
  duration_ms: 0.04684
  type: 'test'
  ...
# Subtest: jellyfish/5 renders a food mark with normal/unknown fallback intact
ok 1061 - jellyfish/5 renders a food mark with normal/unknown fallback intact
  ---
  duration_ms: 0.133638
  type: 'test'
  ...
# Subtest: jellyfish/6 renders a food mark with normal/unknown fallback intact
ok 1062 - jellyfish/6 renders a food mark with normal/unknown fallback intact
  ---
  duration_ms: 0.073839
  type: 'test'
  ...
# Subtest: jellyfish/7 renders a food mark with normal/unknown fallback intact
ok 1063 - jellyfish/7 renders a food mark with normal/unknown fallback intact
  ---
  duration_ms: 0.056223
  type: 'test'
  ...
# Subtest: jellyfish/8 renders a food mark with normal/unknown fallback intact
ok 1064 - jellyfish/8 renders a food mark with normal/unknown fallback intact
  ---
  duration_ms: 0.091676
  type: 'test'
  ...
# Subtest: starfish/1 renders a food mark with normal/unknown fallback intact
ok 1065 - starfish/1 renders a food mark with normal/unknown fallback intact
  ---
  duration_ms: 0.142431
  type: 'test'
  ...
# Subtest: starfish/2 renders a food mark with normal/unknown fallback intact
ok 1066 - starfish/2 renders a food mark with normal/unknown fallback intact
  ---
  duration_ms: 0.108591
  type: 'test'
  ...
# Subtest: starfish/3 renders a food mark with normal/unknown fallback intact
ok 1067 - starfish/3 renders a food mark with normal/unknown fallback intact
  ---
  duration_ms: 0.049363
  type: 'test'
  ...
# Subtest: starfish/4 renders a food mark with normal/unknown fallback intact
ok 1068 - starfish/4 renders a food mark with normal/unknown fallback intact
  ---
  duration_ms: 0.050615
  type: 'test'
  ...
# Subtest: starfish/5 renders a food mark with normal/unknown fallback intact
ok 1069 - starfish/5 renders a food mark with normal/unknown fallback intact
  ---
  duration_ms: 0.073729
  type: 'test'
  ...
# Subtest: starfish/6 renders a food mark with normal/unknown fallback intact
ok 1070 - starfish/6 renders a food mark with normal/unknown fallback intact
  ---
  duration_ms: 0.044887
  type: 'test'
  ...
# Subtest: starfish/7 renders a food mark with normal/unknown fallback intact
ok 1071 - starfish/7 renders a food mark with normal/unknown fallback intact
  ---
  duration_ms: 0.041942
  type: 'test'
  ...
# Subtest: starfish/8 renders a food mark with normal/unknown fallback intact
ok 1072 - starfish/8 renders a food mark with normal/unknown fallback intact
  ---
  duration_ms: 0.038838
  type: 'test'
  ...
# Subtest: coral/1 renders a food mark with normal/unknown fallback intact
ok 1073 - coral/1 renders a food mark with normal/unknown fallback intact
  ---
  duration_ms: 0.144535
  type: 'test'
  ...
# Subtest: coral/2 renders a food mark with normal/unknown fallback intact
ok 1074 - coral/2 renders a food mark with normal/unknown fallback intact
  ---
  duration_ms: 0.063905
  type: 'test'
  ...
# Subtest: coral/3 renders a food mark with normal/unknown fallback intact
ok 1075 - coral/3 renders a food mark with normal/unknown fallback intact
  ---
  duration_ms: 0.059779
  type: 'test'
  ...
# Subtest: coral/4 renders a food mark with normal/unknown fallback intact
ok 1076 - coral/4 renders a food mark with normal/unknown fallback intact
  ---
  duration_ms: 0.044175
  type: 'test'
  ...
# Subtest: coral/5 renders a food mark with normal/unknown fallback intact
ok 1077 - coral/5 renders a food mark with normal/unknown fallback intact
  ---
  duration_ms: 0.089222
  type: 'test'
  ...
# Subtest: coral/6 renders a food mark with normal/unknown fallback intact
ok 1078 - coral/6 renders a food mark with normal/unknown fallback intact
  ---
  duration_ms: 0.172836
  type: 'test'
  ...
# Subtest: coral/7 renders a food mark with normal/unknown fallback intact
ok 1079 - coral/7 renders a food mark with normal/unknown fallback intact
  ---
  duration_ms: 0.126788
  type: 'test'
  ...
# Subtest: coral/8 renders a food mark with normal/unknown fallback intact
ok 1080 - coral/8 renders a food mark with normal/unknown fallback intact
  ---
  duration_ms: 0.059638
  type: 'test'
  ...
# Subtest: butterfly/1 renders a food mark with normal/unknown fallback intact
ok 1081 - butterfly/1 renders a food mark with normal/unknown fallback intact
  ---
  duration_ms: 0.133868
  type: 'test'
  ...
# Subtest: butterfly/2 renders a food mark with normal/unknown fallback intact
ok 1082 - butterfly/2 renders a food mark with normal/unknown fallback intact
  ---
  duration_ms: 0.049613
  type: 'test'
  ...
# Subtest: butterfly/3 renders a food mark with normal/unknown fallback intact
ok 1083 - butterfly/3 renders a food mark with normal/unknown fallback intact
  ---
  duration_ms: 0.039589
  type: 'test'
  ...
# Subtest: butterfly/4 renders a food mark with normal/unknown fallback intact
ok 1084 - butterfly/4 renders a food mark with normal/unknown fallback intact
  ---
  duration_ms: 0.041532
  type: 'test'
  ...
# Subtest: butterfly/5 renders a food mark with normal/unknown fallback intact
ok 1085 - butterfly/5 renders a food mark with normal/unknown fallback intact
  ---
  duration_ms: 0.05383
  type: 'test'
  ...
# Subtest: butterfly/6 renders a food mark with normal/unknown fallback intact
ok 1086 - butterfly/6 renders a food mark with normal/unknown fallback intact
  ---
  duration_ms: 0.045778
  type: 'test'
  ...
# Subtest: butterfly/7 renders a food mark with normal/unknown fallback intact
ok 1087 - butterfly/7 renders a food mark with normal/unknown fallback intact
  ---
  duration_ms: 0.039409
  type: 'test'
  ...
# Subtest: butterfly/8 renders a food mark with normal/unknown fallback intact
ok 1088 - butterfly/8 renders a food mark with normal/unknown fallback intact
  ---
  duration_ms: 0.037285
  type: 'test'
  ...
# Subtest: beetle/1 renders a food mark with normal/unknown fallback intact
ok 1089 - beetle/1 renders a food mark with normal/unknown fallback intact
  ---
  duration_ms: 0.105857
  type: 'test'
  ...
# Subtest: beetle/2 renders a food mark with normal/unknown fallback intact
ok 1090 - beetle/2 renders a food mark with normal/unknown fallback intact
  ---
  duration_ms: 0.046318
  type: 'test'
  ...
# Subtest: beetle/3 renders a food mark with normal/unknown fallback intact
ok 1091 - beetle/3 renders a food mark with normal/unknown fallback intact
  ---
  duration_ms: 0.037515
  type: 'test'
  ...
# Subtest: beetle/4 renders a food mark with normal/unknown fallback intact
ok 1092 - beetle/4 renders a food mark with normal/unknown fallback intact
  ---
  duration_ms: 0.038638
  type: 'test'
  ...
# Subtest: beetle/5 renders a food mark with normal/unknown fallback intact
ok 1093 - beetle/5 renders a food mark with normal/unknown fallback intact
  ---
  duration_ms: 0.103954
  type: 'test'
  ...
# Subtest: beetle/6 renders a food mark with normal/unknown fallback intact
ok 1094 - beetle/6 renders a food mark with normal/unknown fallback intact
  ---
  duration_ms: 2.0288
  type: 'test'
  ...
# Subtest: beetle/7 renders a food mark with normal/unknown fallback intact
ok 1095 - beetle/7 renders a food mark with normal/unknown fallback intact
  ---
  duration_ms: 0.244513
  type: 'test'
  ...
# Subtest: beetle/8 renders a food mark with normal/unknown fallback intact
ok 1096 - beetle/8 renders a food mark with normal/unknown fallback intact
  ---
  duration_ms: 0.064986
  type: 'test'
  ...
# Subtest: stagbeetle/1 renders a food mark with normal/unknown fallback intact
ok 1097 - stagbeetle/1 renders a food mark with normal/unknown fallback intact
  ---
  duration_ms: 0.201299
  type: 'test'
  ...
# Subtest: stagbeetle/2 renders a food mark with normal/unknown fallback intact
ok 1098 - stagbeetle/2 renders a food mark with normal/unknown fallback intact
  ---
  duration_ms: 0.051967
  type: 'test'
  ...
# Subtest: stagbeetle/3 renders a food mark with normal/unknown fallback intact
ok 1099 - stagbeetle/3 renders a food mark with normal/unknown fallback intact
  ---
  duration_ms: 0.117535
  type: 'test'
  ...
# Subtest: stagbeetle/4 renders a food mark with normal/unknown fallback intact
ok 1100 - stagbeetle/4 renders a food mark with normal/unknown fallback intact
  ---
  duration_ms: 0.062944
  type: 'test'
  ...
# Subtest: stagbeetle/5 renders a food mark with normal/unknown fallback intact
ok 1101 - stagbeetle/5 renders a food mark with normal/unknown fallback intact
  ---
  duration_ms: 0.096173
  type: 'test'
  ...
# Subtest: stagbeetle/6 renders a food mark with normal/unknown fallback intact
ok 1102 - stagbeetle/6 renders a food mark with normal/unknown fallback intact
  ---
  duration_ms: 0.0467
  type: 'test'
  ...
# Subtest: stagbeetle/7 renders a food mark with normal/unknown fallback intact
ok 1103 - stagbeetle/7 renders a food mark with normal/unknown fallback intact
  ---
  duration_ms: 0.037175
  type: 'test'
  ...
# Subtest: stagbeetle/8 renders a food mark with normal/unknown fallback intact
ok 1104 - stagbeetle/8 renders a food mark with normal/unknown fallback intact
  ---
  duration_ms: 0.066999
  type: 'test'
  ...
# Subtest: cicada/1 renders a food mark with normal/unknown fallback intact
ok 1105 - cicada/1 renders a food mark with normal/unknown fallback intact
  ---
  duration_ms: 0.142741
  type: 'test'
  ...
# Subtest: cicada/2 renders a food mark with normal/unknown fallback intact
ok 1106 - cicada/2 renders a food mark with normal/unknown fallback intact
  ---
  duration_ms: 0.052668
  type: 'test'
  ...
# Subtest: cicada/3 renders a food mark with normal/unknown fallback intact
ok 1107 - cicada/3 renders a food mark with normal/unknown fallback intact
  ---
  duration_ms: 0.037365
  type: 'test'
  ...
# Subtest: cicada/4 renders a food mark with normal/unknown fallback intact
ok 1108 - cicada/4 renders a food mark with normal/unknown fallback intact
  ---
  duration_ms: 0.037656
  type: 'test'
  ...
# Subtest: cicada/5 renders a food mark with normal/unknown fallback intact
ok 1109 - cicada/5 renders a food mark with normal/unknown fallback intact
  ---
  duration_ms: 0.041602
  type: 'test'
  ...
# Subtest: cicada/6 renders a food mark with normal/unknown fallback intact
ok 1110 - cicada/6 renders a food mark with normal/unknown fallback intact
  ---
  duration_ms: 0.041251
  type: 'test'
  ...
# Subtest: cicada/7 renders a food mark with normal/unknown fallback intact
ok 1111 - cicada/7 renders a food mark with normal/unknown fallback intact
  ---
  duration_ms: 0.035523
  type: 'test'
  ...
# Subtest: cicada/8 renders a food mark with normal/unknown fallback intact
ok 1112 - cicada/8 renders a food mark with normal/unknown fallback intact
  ---
  duration_ms: 0.032278
  type: 'test'
  ...
# Subtest: venus_flytrap uses the shared yellow insect hunger mark
ok 1113 - venus_flytrap uses the shared yellow insect hunger mark
  ---
  duration_ms: 0.083063
  type: 'test'
  ...
# Subtest: unknown/1 exposes face-relative sickness drops and the shared hunger mark
ok 1114 - unknown/1 exposes face-relative sickness drops and the shared hunger mark
  ---
  duration_ms: 0.173047
  type: 'test'
  ...
# Subtest: unknown/2 exposes face-relative sickness drops and the shared hunger mark
ok 1115 - unknown/2 exposes face-relative sickness drops and the shared hunger mark
  ---
  duration_ms: 0.064756
  type: 'test'
  ...
# Subtest: unknown/3 exposes face-relative sickness drops and the shared hunger mark
ok 1116 - unknown/3 exposes face-relative sickness drops and the shared hunger mark
  ---
  duration_ms: 0.050004
  type: 'test'
  ...
# Subtest: unknown/4 exposes face-relative sickness drops and the shared hunger mark
ok 1117 - unknown/4 exposes face-relative sickness drops and the shared hunger mark
  ---
  duration_ms: 0.045717
  type: 'test'
  ...
# Subtest: unknown/5 exposes face-relative sickness drops and the shared hunger mark
ok 1118 - unknown/5 exposes face-relative sickness drops and the shared hunger mark
  ---
  duration_ms: 0.082252
  type: 'test'
  ...
# Subtest: unknown/6 exposes face-relative sickness drops and the shared hunger mark
ok 1119 - unknown/6 exposes face-relative sickness drops and the shared hunger mark
  ---
  duration_ms: 0.066108
  type: 'test'
  ...
# Subtest: unknown/7 exposes face-relative sickness drops and the shared hunger mark
ok 1120 - unknown/7 exposes face-relative sickness drops and the shared hunger mark
  ---
  duration_ms: 0.074851
  type: 'test'
  ...
# Subtest: unknown/8 exposes face-relative sickness drops and the shared hunger mark
ok 1121 - unknown/8 exposes face-relative sickness drops and the shared hunger mark
  ---
  duration_ms: 0.044096
  type: 'test'
  ...
# Subtest: ren/1 uses the shared age-appropriate human hunger artwork
ok 1122 - ren/1 uses the shared age-appropriate human hunger artwork
  ---
  duration_ms: 0.173558
  type: 'test'
  ...
# Subtest: ren/2 uses the shared age-appropriate human hunger artwork
ok 1123 - ren/2 uses the shared age-appropriate human hunger artwork
  ---
  duration_ms: 0.04049
  type: 'test'
  ...
# Subtest: ren/3 uses the shared age-appropriate human hunger artwork
ok 1124 - ren/3 uses the shared age-appropriate human hunger artwork
  ---
  duration_ms: 0.031197
  type: 'test'
  ...
# Subtest: ren/4 uses the shared age-appropriate human hunger artwork
ok 1125 - ren/4 uses the shared age-appropriate human hunger artwork
  ---
  duration_ms: 0.031977
  type: 'test'
  ...
# Subtest: ren/5 uses the shared age-appropriate human hunger artwork
ok 1126 - ren/5 uses the shared age-appropriate human hunger artwork
  ---
  duration_ms: 0.032728
  type: 'test'
  ...
# Subtest: ren/6 uses the shared age-appropriate human hunger artwork
ok 1127 - ren/6 uses the shared age-appropriate human hunger artwork
  ---
  duration_ms: 0.07398
  type: 'test'
  ...
# Subtest: ren/7 uses the shared age-appropriate human hunger artwork
ok 1128 - ren/7 uses the shared age-appropriate human hunger artwork
  ---
  duration_ms: 0.055973
  type: 'test'
  ...
# Subtest: ren/8 uses the shared age-appropriate human hunger artwork
ok 1129 - ren/8 uses the shared age-appropriate human hunger artwork
  ---
  duration_ms: 0.049072
  type: 'test'
  ...
# Subtest: ren/1 exposes face-relative sickness drops
ok 1130 - ren/1 exposes face-relative sickness drops
  ---
  duration_ms: 0.080429
  type: 'test'
  ...
# Subtest: ren/2 exposes face-relative sickness drops
ok 1131 - ren/2 exposes face-relative sickness drops
  ---
  duration_ms: 0.026449
  type: 'test'
  ...
# Subtest: ren/3 exposes face-relative sickness drops
ok 1132 - ren/3 exposes face-relative sickness drops
  ---
  duration_ms: 0.023224
  type: 'test'
  ...
# Subtest: ren/4 exposes face-relative sickness drops
ok 1133 - ren/4 exposes face-relative sickness drops
  ---
  duration_ms: 0.027881
  type: 'test'
  ...
# Subtest: ren/5 exposes face-relative sickness drops
ok 1134 - ren/5 exposes face-relative sickness drops
  ---
  duration_ms: 0.025939
  type: 'test'
  ...
# Subtest: ren/6 exposes face-relative sickness drops
ok 1135 - ren/6 exposes face-relative sickness drops
  ---
  duration_ms: 0.023484
  type: 'test'
  ...
# Subtest: ren/7 exposes face-relative sickness drops
ok 1136 - ren/7 exposes face-relative sickness drops
  ---
  duration_ms: 0.021071
  type: 'test'
  ...
# Subtest: ren/8 exposes face-relative sickness drops
ok 1137 - ren/8 exposes face-relative sickness drops
  ---
  duration_ms: 0.018767
  type: 'test'
  ...
# Subtest: the selected expression mark paints above illness sweat and character art
ok 1138 - the selected expression mark paints above illness sweat and character art
  ---
  duration_ms: 0.986103
  type: 'test'
  ...
1..1138
# tests 1138
# suites 0
# pass 1138
# fail 0
# cancelled 0
# skipped 0
# todo 0
# duration_ms 33399.173679
