npm warn Unknown env config "http-proxy". This will stop working in the next major version of npm.

> test
> node tests/smoke-test.js && node tests/dialogue-test.js && node tests/visual-qa-test.cjs && node --test tests/item-art-unification-test.cjs tests/naoto-lantern-ring-test.cjs tests/naoto-crown-test.cjs tests/consumables-v2-migration-test.cjs tests/consumables-v2-eggs-test.cjs tests/consumables-v2-life-test.cjs tests/consumables-v2-forms-test.cjs tests/consumables-v2-encounters-test.cjs tests/movie-test.cjs tests/clownfish-romance-test.cjs tests/local-scenery-test.cjs tests/world-scene-test.cjs tests/minigame-lifecycle-test.cjs tests/growth-balance-test.cjs tests/item-inventory-test.cjs tests/item-care-game-test.cjs tests/items-v2-care-automation-test.cjs tests/items-v2-ease-automation-test.cjs tests/item-relations-travel-test.cjs tests/item-experiences-test.cjs tests/item-collections-economy-test.cjs tests/item-economy-sources-v2-test.cjs tests/economy-test.cjs tests/lucky-coin-test.cjs tests/midlife-test.cjs tests/offline-test.cjs tests/screens-test.cjs tests/scoring-shop-test.cjs tests/album-test.cjs tests/input-polish-test.cjs tests/migration-test.cjs tests/overlay-test.cjs tests/sticker-test.cjs tests/quick-mode-test.cjs tests/quick-daily-economy-v2-test.cjs tests/meguru-test.cjs tests/meguru-audit-test.cjs tests/meguru-fauna-test.cjs tests/meguru-world-design-test.cjs tests/meguru-motion-test.cjs tests/time-pause-test.cjs tests/asset-versions-test.cjs tests/minigame-illustrations-test.cjs tests/save-recovery-test.cjs tests/ui-integration-test.cjs tests/cast-layout-test.cjs tests/cast-motion-test.cjs tests/world-environment-test.cjs tests/region-identity-test.cjs tests/viewport-design-test.cjs tests/home-touch-test.cjs tests/egg-hatching-test.cjs tests/audio-regression-test.cjs tests/post-integration-audit-test.cjs tests/care-status-test.cjs tests/care-status-integration-test.cjs tests/ui-illustrations-test.cjs tests/comment-illustrations-test.cjs tests/notice-food-illustrations-test.cjs tests/prop-illustrations-test.cjs tests/life-display-test.cjs tests/life-stage-profiles-test.cjs tests/display-illustrations-test.cjs tests/canvas-illustrations-test.cjs tests/illustration-catalog-test.cjs tests/meguru-region-identity-test.cjs tests/meguru-map-test.cjs tests/meguru-collision-test.cjs tests/meguru-life-test.cjs tests/meguru-world-map-test.cjs tests/meguru-transition-test.cjs tests/meguru-transition-polish-test.cjs tests/meguru-explore-ux-test.cjs tests/meguru-discovery-test.cjs tests/meguru-scenery-polish-test.cjs tests/meguru-scenery-polish2-test.cjs tests/meguru-scenery-final-qa-test.cjs tests/meguru-visual-completion-test.cjs tests/meguru-sea-route-test.cjs tests/meguru-phase3a-audit-test.cjs tests/meguru-phase3b0-test.cjs tests/meguru-phase3b1-test.cjs tests/meguru-phase3b2-test.cjs tests/meguru-phase3b3-test.cjs tests/meguru-phase3b4-test.cjs tests/meguru-phase3b-final-test.cjs tests/meguru-phase4b-test.cjs tests/meguru-phase4c-test.cjs tests/meguru-phase4d1-test.cjs tests/meguru-phase4d2-test.cjs tests/meguru-phase4d2b-test.cjs tests/meguru-phase4d2c-test.cjs tests/meguru-phase4e1-test.cjs tests/meguru-phase4e2-test.cjs tests/meguru-party-formation-test.cjs tests/meguru-party-lod-test.cjs tests/meguru-phase4e3-test.cjs tests/meguru-phase4e4a-test.cjs tests/meguru-phase4e4b-test.cjs tests/meguru-phase4e4c-test.cjs tests/save-integrity-test.cjs tests/progress-counts-test.cjs tests/harness-determinism-test.cjs tests/asset-integrity-test.cjs tests/region-registry-test.cjs tests/content-registry-test.cjs tests/meguru-denominators-test.cjs tests/test-helpers-test.cjs tests/meguru-party-arrival-test.cjs tests/meguru-party-player-collision-test.cjs tests/meguru-3d-prototype-test.cjs tests/meguru-3d-foundation-v2-test.cjs tests/meguru-3d-art-direction-test.cjs tests/meguru-3d-geometry-terrain-test.cjs tests/meguru-3d-geometry-audit-test.cjs tests/meguru-3d-visual-quality-test.cjs tests/meguru-render-cost-test.cjs tests/save-compat-test.cjs tests/session-safety-test.cjs tests/nav-a11y-test.cjs tests/release-hygiene-test.cjs tests/emotion-state-test.cjs tests/hunger-profile-test.cjs tests/pet-expression-test.cjs tests/pet-expression-assets-test.cjs tests/cat-expression-preview-test.cjs tests/emotion-integration-test.cjs tests/pet-expression-integration-test.cjs && node --test tests/relationship-expression-test.cjs tests/relationship-expression-integration-test.cjs tests/relationship-reaction-test.cjs

SMOKE TEST OK
DOM ids: 380
minigames started: 100
variant collections: 92
LEGEND SCHEDULER TEST OK: 6 blocked states; 7 paused menus; non-winning roll; 5 unseen legends; pause, skip, close and one reward-free encounter.
DIALOGUE TEST OK: 20 events; 18 partners; 26 companions; action handlers; 2500ms timing; cancellation; recency; 10 sampled legend stories; 16 anniversary cases.
DATE LIFECYCLE TEST OK: ordinary dates, skip/close, pause/resume/cooldown and complete deep-sea branches.
WHOLE-TEXT TEST OK: 248 descriptions; 40 ordinary stories; 10 deep-sea plans; ordinary date skip/close; 36 anniversary lines; event memories; 18 first encounters.
CAST TEST OK: snail encounters and speech; retired koala migration, bond, row, dex and earned achievements; PNG renderer reference.
NORMAL CAST PNG TEST OK: 19 PNG headers; 18 companions x 5 renderer sizes; 9+9 live rows; collected and locked dex.
RARE CAST PNG TEST OK: 8 PNGs x 5 renderer sizes; invite/profile/row/dex; hidden and partial dex; 13+13 mixed rows; bond retained.
CLOCK CAST TEST OK: real encounter and 69/70 recruitment; five dialogue events; legacy mushroom save, bond, PNG, dialogue and rare dex; unique current/legacy counts.
PARTNER CAST PNG TEST OK: 18 PNGs x 5 sizes; saved relationships; companion/profile/dex; 180 complete dates; 72 complete anniversaries; first encounters; aliases, guests and hidden dex.
AUTHOR ENDING TEST OK: 247/248 unlock; native dex count; goals 4/5; direct goal 5 at 25/100 and both exits; pet and life-record preservation; 4200ms greeting; old-save access and rewards; hidden/repeatable shop greeting; textless goals 1-3 and reward notices.
MAIN 203 AUTHOR COMPATIBILITY OK: prior perfect save keeps author, crown and infinite mode; six new achievements stay unearned; 99/100 current games excludes retired records and opens goal 5 correctly.
VISUAL QA ROUTE TEST OK: generated script compiles; egg, anniversary, legend and ordinary date saves; long disease selects medicine; illustrated save reloads 26 companions, partner, 10 shop items. No browser rendering claimed.
[naotocchi] test Error: probe failure
    at TestContext.<anonymous> (/workspace/scratch/28c7e6574f23/naotocchi/tests/album-test.cjs:46:28)
    at Test.runInAsyncScope (node:async_hooks:227:14)
    at Test.run (node:internal/test_runner/test:1382:25)
    at Test.processPendingSubtests (node:internal/test_runner/test:960:18)
    at Test.postRun (node:internal/test_runner/test:1522:19)
    at Test.run (node:internal/test_runner/test:1447:12)
    at async Test.processPendingSubtests (node:internal/test_runner/test:960:7)
✔ the life timeline groups log entries by age and the data screen shows it (575.894004ms)
✔ a life card code round-trips and past lives keep their timeline and code (103.786508ms)
✔ the life card lists the whole timeline and a code button (74.005842ms)
✔ recorded runtime errors appear in the data screen (63.16406ms)
✔ every static assets/… reference in HTML, CSS and JS exists with the exact case (85.052198ms)
✔ every script and stylesheet carries a token whose hash matches the file (bump-versions formula) (48.930135ms)
✔ dynamic paths: current species, unified items, egg frames and goal-art fallbacks exist (356.224777ms)
✔ the checks catch a missing file, a case mismatch, a stale token, a missing token and a missing dynamic path (1.515252ms)
✔ the real index.html and references turn red when a token goes stale, a token is dropped or a path changes case (64.091708ms)
✔ npm run bump still rewrites only the ?v= tokens with YYYYMMDD-<assetHash>, and is idempotent (925.158648ms)
✔ index.html asset references exist and carry cache tokens (22.644761ms)
✔ the bump tool rewrites only cache tokens (1.266185ms)
✔ all eight BGM scenes request valid waveforms and schedule two complete loops (222.363751ms)
✔ Quick voice routes pico, browser reading and silence through the saved mode (32.819574ms)
✔ the actual TTS controller ducks both buses and replaces the scheduled recovery (4.998741ms)
✔ quick cues are shaped into short, punchy shouts: crisp stop, rising question, faster rate for longer words (5.810974ms)
✔ ordinary text keeps native arguments and receiver with no illustration state changes (11.563924ms)
✔ mixed text draws art in the original glyph advance and keeps center/baseline/state (2.706521ms)
✔ maxWidth compresses the whole decorated run and RTL start alignment keeps the right edge (7.994768ms)
✔ pending, missing and failed images never draw an emoji and settle without scheduling a canvas redraw (7.753191ms)
✔ loaded image replaces a pending placeholder on the next caller frame and draw errors stay contained (14.110519ms)
✔ atlas crops reuse supplied images and actor markers remain separate from bonus symbols (1.699825ms)
✔ a malformed atlas cannot sample neighboring or absent artwork (8.340319ms)
✔ scenery clip bounds preserve the original frame scale and transparent margins (6.651551ms)
✔ out-of-frame clip bounds cannot expose neighboring atlas illustrations (1.680457ms)
✔ ordinary copyright and registered marks keep native text while explicit emoji variants use art (1.924454ms)
✔ joined emoji, flags and keycaps are replaced as whole symbols (6.004078ms)
✔ tagged flags stay one complete symbol in live text and preloading (1.914088ms)
✔ slide puzzle refreshes cached art on its normal frame after loading and never after retirement (670.514026ms)
✔ road offscreen sprite caches replace placeholders after loading without drawing raw emoji (172.042431ms)
✔ illustrated road play retains input results, rewards and completion timing (7708.086149ms)
✔ pre-decode keeps the atlas decoded once as an ImageBitmap, draws from it, and never bumps the sprite version (6.861638ms)
✔ pre-decode failure, svg art and a size mismatch all keep the ordinary lazy image draw (8.064147ms)
✔ health danger is visible before dying and survives unrelated messages and expiry (532.515811ms)
✔ illness remains recognizable alongside low life, and medicine clears only the illness effects (157.340239ms)
✔ illness names the condition above the character instead of generic care wording (118.622467ms)
✔ attention effects stop for menus, games, stories and hidden tabs, then reconstruct at home (202.422704ms)
✔ lightweight mode retains the alert but requests still effects (87.430876ms)
✔ sweat stays beside the painted young fish instead of its transparent upper frame (90.415963ms)
✔ critical care advice follows the real sequence without medicine for a healthy pet (173.149837ms)
✔ six-tick health death remains unchanged while every living tick has a notice (127.838977ms)
✔ reloaded illness reconstructs a notice and medicine resolves it (139.749259ms)
✔ explicit care displays changes once; ordinary natural ticks stay quiet (85.635378ms)
✔ danger presentation clears behind overlays and returns with the same state (84.616157ms)
✔ egg, farewell and immortal states do not inherit death warnings (97.043805ms)
✔ reduced motion and lightweight mode retain static warning text (258.031269ms)
✔ numeric feedback keeps the explanation of a mistaken medicine visible (81.592453ms)
✔ a growth milestone waits for action feedback instead of being forgotten (89.367779ms)
✔ a recovery milestone waits while a higher priority warning remains (166.290952ms)
✔ a delayed sleep recovery never tells an already awake pet to wake (95.600593ms)
✔ illness care is readable before an arbitrarily long saved disease name (74.112915ms)
✔ running cat sweat brackets its head rather than the distant tail (72.086864ms)
✔ static script exposes the pure assessment interface on window (12.475743ms)
✔ signals exposes canonical mild and strong display bands without changing assess (5.80134ms)
✔ signals keeps life and stage semantics identical to current care rules (0.89011ms)
✔ signals exposes health, sickness, sleep, and pet availability without mutating state (0.630558ms)
✔ assess leaves healthy and non-playable life stages quiet without mutating state (0.681237ms)
✔ assess treats each real mortal life-risk signal as critical (0.77506ms)
✔ low life gives recovery advice before the critical threshold and clears after recovery (0.451018ms)
✔ life and health notices choose one useful action from the actual cause (0.859944ms)
✔ health advice never prescribes harmful care and falls back from unavailable affection (0.456067ms)
✔ high life risk restores every stat to the 60-point recovery threshold (4.696156ms)
✔ unavailable affection uses sleep when exhausted and play when energy is adequate (0.302998ms)
✔ assess reports ordinary care needs in priority order (0.283304ms)
✔ sickness labels remain plain text data for the textContent renderer (0.325524ms)
✔ sleep notices distinguish ongoing recovery from a completed rest (2.511346ms)
✔ fixed-slot status copy stays compact and has no Japanese word spacing (0.522283ms)
✔ immortality defaults from state and suppresses death wording while retaining care advice (0.359481ms)
✔ snapshot copies only fields used by explicit action summaries (2.914303ms)
✔ changes reports at most two meaningful deltas in care priority order (0.591065ms)
✔ changes derives life from risk and keeps decline improvement negative (0.398546ms)
✔ changes ignores sub-point drift and does not mutate either snapshot (8.189704ms)
✔ a married partner keeps a readable ring between the couple and clear of every moving character (45096.062486ms)
✔ a ring keeps companions readable when another arrangement fits at the same main size (22.707897ms)
✔ the poop row keeps the same lower-right anchor above speech across party sizes and art changes (1197.193041ms)
✔ home wings balance the painted gaps around the main body, including different PNG padding (304.038669ms)
✔ every intermediate party size fits the minimum fixed home, with partner/item independently present (1153.76921ms)
✔ mixed failed and padded friend images keep every stress-count actor and poop slot in a fixed home (38.789647ms)
✔ a mixed 31-friend wing fits the minimum height without moving the permanent poop strip (22.200274ms)
✔ poop follows the applied field scale rather than the companion count, with a readable floor (28.926791ms)
✔ failed companion images keep the balanced cast and the poop row inside the smallest home (42.725441ms)
✔ home conversation stays centered below the permanent poop strip without covering the completed cast (6016.024844ms)
✔ a home cast stays in view during its larger hop and sway and leaves the floor clear (1821.798167ms)
✔ whole cast fits with room for sway and four-pixel companion gaps (5806.260813ms)
✔ unknown or failed art retains complete frames without overlapping the core (166.580858ms)
✔ independent reactions retain full frames and four-pixel friend gaps throughout the sway (4252.373049ms)
✔ a ticklish line moves the pet and equipment together, then the speaking friend is identified without a second celebration (654.258003ms)
✔ courtship follows the actual partner, while a failed courtship never celebrates (200.855772ms)
✔ non-Relationship group responses remain visible, while negative outcomes settle once (572.735671ms)
✔ poop updates preserve every placed actor and do not interrupt a reaction (205.850587ms)
✔ care moods follow the line and outcome instead of always bouncing happily (95.749631ms)
✔ a comforting reply cannot make the disappointed or unwell pet celebrate (164.046743ms)
✔ a new action cancels old replies and an old animation cannot clear a new one (156.710755ms)
✔ menus and hidden pages stop reactions, and reduced motion still identifies the speaker (257.306866ms)
✔ a companion who left before their turn cannot speak or animate a different companion (930.111929ms)
✔ enabling reduced motion mid-speech stops movement but preserves the current speaker (88.85281ms)
✔ every motion and its interpolation stay inside the reserved one- or three-pixel envelope (1197.26827ms)
✔ pet-only cues animate the pet and accessory with identical frames (0.949869ms)
✔ pet reports zero when its animation cannot start (4.434816ms)
✔ isActive tracks pet motion and idle can exclude the pet (0.643355ms)
✔ medicine cure settles first unless the text describes rejection (7.589215ms)
✔ pet care semantics win over randomized line tone without changing social tone (0.275633ms)
✔ buildPreview wraps the current game with a compact isolated phone-safe control shell (549.94877ms)
✔ default preview seeds an exact fresh-state adult hungry cat in memory only (492.443667ms)
✔ the generated Map-backed adapter implements the complete disposable Storage surface (301.482037ms)
✔ URL presets use a strict allowlist and reset every care fixture independently (949.13097ms)
✔ temporary happy stays on ordinary care controls and never runs automatically (252.774473ms)
✔ CLI writes the same self-contained preview for the requested safe preset (1723.067939ms)
✔ all preview forms keep selected faces visible across startup saves without achievement flashes (29066.979258ms)
✔ preset clicks reset only the child session and bootstrap uses that selected preset (322.177167ms)
✔ kitten preview seeds the real third stage in isolated storage and rejects unknown forms (218.733977ms)
✔ otemba preview seeds the fourth stage in disposable storage (223.186464ms)
✔ young preview seeds the fifth stage in disposable storage (190.040607ms)
✔ calm preview seeds the seventh stage in disposable storage (247.571958ms)
✔ elder preview seeds the eighth stage in disposable storage (191.924645ms)
✔ toddler preview seeds the second stage in disposable storage (223.416202ms)
✔ baby preview seeds the first stage in disposable storage (193.954003ms)
✔ adult dog preview uses isolated storage and the real sixth stage (300.393051ms)
✔ query-selected dog matches the dropdown and can switch back to adult cat (694.503112ms)
✔ puppy preview uses isolated storage and the real third stage (217.017211ms)
✔ wanpaku preview uses isolated storage and the real fourth stage (236.375071ms)
✔ young dog preview uses isolated storage and the real fifth stage (234.794417ms)
✔ calm dog preview uses isolated storage and the real seventh stage (310.047428ms)
✔ babyDog preview uses isolated storage and the correct age stage (140.208629ms)
✔ toddlerDog preview uses isolated storage and the correct age stage (225.870758ms)
✔ elderDog preview uses isolated storage and the correct age stage (154.479121ms)
✔ man preview exposes every stage and never accesses real saves (1196.650005ms)
✔ woman preview exposes every stage and never accesses real saves (975.098242ms)
✔ penguin preview exposes every stage and never accesses real saves (1267.873888ms)
✔ turtle preview exposes every stage and never accesses real saves (1057.701491ms)
✔ frog preview exposes every stage and never accesses real saves (1238.143231ms)
✔ clownfish preview exposes every stage and never accesses real saves (1064.662623ms)
✔ salmon preview exposes every stage and never accesses real saves (979.437696ms)
✔ hermit_crab preview exposes every stage and never accesses real saves (1329.258039ms)
✔ jellyfish preview exposes every stage and never accesses real saves (1232.994942ms)
✔ starfish preview exposes every stage and never accesses real saves (1198.695067ms)
✔ coral preview exposes every stage and never accesses real saves (2260.624817ms)
✔ butterfly preview exposes every stage and never accesses real saves (2045.876771ms)
✔ beetle preview exposes every stage and never accesses real saves (2376.271066ms)
✔ stagbeetle preview exposes every stage and never accesses real saves (1962.745924ms)
✔ cicada preview exposes every stage and never accesses real saves (1787.923383ms)
✔ antlion preview exposes every stage and never accesses real saves (1956.809042ms)
✔ dandelion preview exposes every stage and never accesses real saves (2492.183002ms)
✔ sakura preview exposes every stage and never accesses real saves (1894.620452ms)
✔ venus_flytrap preview exposes every stage and never accesses real saves (1797.905454ms)
✔ mushroom preview exposes every stage and never accesses real saves (1626.814793ms)
✔ dragon preview exposes every stage and never accesses real saves (1732.834051ms)
✔ phoenix preview exposes every stage and never accesses real saves (1631.947222ms)
✔ god preview exposes every stage and never accesses real saves (1728.733703ms)
✔ world_tree preview exposes every stage and never accesses real saves (1671.181387ms)
✔ ghost preview exposes every stage and never accesses real saves (1709.20441ms)
✔ star preview exposes every stage and never accesses real saves (2124.931833ms)
✔ plush preview exposes every stage and never accesses real saves (2094.054079ms)
✔ unknown preview exposes every stage and never accesses real saves (1210.927614ms)
✔ ren preview exposes every stage and never accesses real saves (659.311769ms)
✔ salmon preview uses all eight canonical stage names (178.652381ms)
✔ hermit_crab preview uses all eight canonical stage names (137.078603ms)
✔ jellyfish preview uses all eight canonical stage names (117.343804ms)
✔ starfish preview uses all eight canonical stage names (264.277697ms)
✔ coral preview uses all eight canonical stage names (227.22903ms)
✔ butterfly preview uses all eight canonical stage names (171.607801ms)
✔ beetle preview uses all eight canonical stage names (166.98638ms)
✔ stagbeetle preview uses all eight canonical stage names (142.019635ms)
✔ cicada preview uses all eight canonical stage names (242.851036ms)
✔ antlion preview uses all eight canonical stage names (162.789478ms)
✔ dandelion preview uses all eight canonical stage names (165.621933ms)
✔ sakura preview uses all eight canonical stage names (140.579196ms)
✔ venus_flytrap preview uses all eight canonical stage names (167.772143ms)
✔ mushroom preview uses all eight canonical stage names (176.816382ms)
✔ dragon preview uses all eight canonical stage names (132.118956ms)
✔ phoenix preview uses all eight canonical stage names (113.712584ms)
✔ god preview uses all eight canonical stage names (150.899869ms)
✔ world_tree preview uses all eight canonical stage names (171.070749ms)
✔ ghost preview uses all eight canonical stage names (168.764854ms)
✔ star preview uses all eight canonical stage names (409.736239ms)
✔ plush preview uses all eight canonical stage names (351.815943ms)
✔ unknown preview uses canonical punctuation and suppresses disposable rare achievement flashes (1937.71661ms)
✔ ren preview uses canonical secret names without a fabricated rare achievement (271.980221ms)
✔ clownfish gay keeps its targets through stages 7 and 8 (517.54737ms)
✔ clownfish straight keeps its targets through stages 7 and 8 (215.335382ms)
✔ new clownfish follow the pictured body stage while NB and other species keep their rules (84.867165ms)
✔ bi male/nonbinary survives sex change and reload without re-selection (286.436263ms)
✔ bi female/nonbinary survives sex change and reload without re-selection (91.54565ms)
✔ bi male/female survives sex change and reload without re-selection (104.445174ms)
✔ bi male/female/nonbinary survives sex change and reload without re-selection (81.354144ms)
✔ pan male/female/nonbinary survives sex change and reload without re-selection (125.211676ms)
✔ aro  survives sex change and reload without re-selection (90.781806ms)
✔ questioning male/female/nonbinary survives sex change and reload without re-selection (245.639596ms)
✔ NB identity remains NB while its clownfish body completes the transition (126.217614ms)
✔ NB body-only change does not reopen an already reconciled relationship (74.564753ms)
✔ a legacy sex-change notice cannot overwrite a primary save recovered from backup (245.946894ms)
✔ a partner whose targets no longer include us is retained as mismatched, including marriage (1481.909192ms)
✔ compatible partners keep affection and a newly matching partner leaves mismatch (347.029138ms)
✔ valid saved attraction overrides stale labels for self, partner, and guest (274.108499ms)
✔ legacy late-stage saves migrate once after age conversion; existing females never revert (540.493417ms)
✔ normal and infinite transformations use the selected form; returning restores the original life (166.939342ms)
✔ guest codes preserve individual bi targets and canonical labels; old codes still load (97.364614ms)
✔ shared early-female clownfish keep a female stage name in profile and court (81.103263ms)
✔ a migrated infinite return snapshot gets the same identity repair before resuming (209.997465ms)
✔ real court regression: male/straight against 18 identities (1814.052921ms)
✔ real court regression: male/gay against 18 identities (705.987751ms)
✔ real court regression: male/bi against 18 identities (1225.877978ms)
✔ real court regression: male/pan against 18 identities (1587.552096ms)
✔ real court regression: male/aro against 18 identities (614.894626ms)
✔ real court regression: male/questioning against 18 identities (1381.720893ms)
✔ real court regression: female/straight against 18 identities (448.327093ms)
✔ real court regression: female/gay against 18 identities (421.074152ms)
✔ real court regression: female/bi against 18 identities (705.612431ms)
✔ real court regression: female/pan against 18 identities (968.926001ms)
✔ real court regression: female/aro against 18 identities (191.991666ms)
✔ real court regression: female/questioning against 18 identities (538.247706ms)
✔ real court regression: nonbinary/straight against 18 identities (357.994444ms)
✔ real court regression: nonbinary/gay against 18 identities (272.172492ms)
✔ real court regression: nonbinary/bi against 18 identities (379.665021ms)
✔ real court regression: nonbinary/pan against 18 identities (524.603531ms)
✔ real court regression: nonbinary/aro against 18 identities (121.746221ms)
✔ real court regression: nonbinary/questioning against 18 identities (843.044311ms)
✔ new court after a gay male becomes female uses both participants current genders (129.152105ms)
✔ completed relationships can reconcile and stay reconciled after save/load without changing targets (192.416921ms)
✔ a normal tick crossing stage 8 completes once and a non-clownfish never changes gender (128.843192ms)
✔ finished lives retain the recorded identity when an old save is loaded (367.46851ms)
✔ old compatibility cleanup cannot delete a partner before the clownfish migration makes them compatible (372.208154ms)
✔ sex change during a minigame is announced after returning to the home screen (55.797824ms)
✔ a same-tick elder achievement cannot replace the completed sex-change notice (71.677544ms)
✔ stage-7 notice waits until finished minigame results have been readable (68.216501ms)
✔ newborn clownfish hatch male for a binary roll and save that identity (87.806817ms)
✔ a transition notice waits behind transformation choices and survives choosing to stay (83.979962ms)
✔ pre-v2 compatibility migration leaves finished clownfish relationships and logs unchanged (223.804629ms)
✔ pre-v2 infinite return relationship migration is complete before the first return (368.583202ms)
✔ a same-tick marriage anniversary leaves the transition notice for after the movie (280.861421ms)
✔ comment text reuses matching illustrations and escapes arbitrary text (546.490508ms)
✔ whole emoji sequences stay intact and unrelated food keeps its meaning (116.940413ms)
✔ speech shows the current actor illustration and leaves conversation and saves unchanged (86.466625ms)
✔ notices retain their scroll position until the actual message changes (91.029345ms)
✔ event text, captions and birthday notices use the same inline presentation (132.26131ms)
✔ birthday and milestone symbols depict their own objects without unrelated atlas substitutes (97.140491ms)
✔ all 26 companions and 18 partners keep their own speech portraits (684.802804ms)
✔ comment image failure stays local and works for newly inserted pictures (61.027515ms)
✔ pet reaction notices keep their words and identify the actual pet with its PNG (66.337239ms)
✔ normal egg reserves an unraised species without changing this life or spending stock (1055.436372ms)
✔ normal egg blocks an exhausted pool and cannot borrow from the other pool (79.302307ms)
✔ rare egg reserves an unraised species without changing this life or spending stock (46.150933ms)
✔ rare egg blocks an exhausted pool and cannot borrow from the other pool (246.54763ms)
✔ one reservation blocks all rerolls; cancellation never duplicates either stock (58.92959ms)
✔ reservation and unused stock survive reload, infinite return and next life; five taps consume once (784.240319ms)
✔ funded legacy reservation keeps an already raised species through migration and hatch (472.051265ms)
✔ old discovered species seed the unraised pool while new temporary discoveries do not (189.101122ms)
✔ malformed or unfunded reservations never grant their species or negative stock (1007.112676ms)
✔ infinite mode cannot reserve or hatch a funded egg (50.091995ms)
✔ existing milestone egg grants use new stock once and never revive old dream fields (45.216564ms)
✔ normal purchase reserves secretly once; cancel/re-reserve/reload never refunds or clones (111.531979ms)
✔ normal reserve without stock cannot purchase and unavailable purchase cannot charge (31.441999ms)
✔ rare purchase reserves secretly once; cancel/re-reserve/reload never refunds or clones (194.182166ms)
✔ rare reserve without stock cannot purchase and unavailable purchase cannot charge (69.160109ms)
✔ central egg controls are removed from real HTML and runtime listeners (14.242984ms)
✔ normal egg card has exactly one state-appropriate action and owned stock cannot be repurchased (547.462396ms)
✔ rare egg card has exactly one state-appropriate action and owned stock cannot be repurchased (362.192649ms)
✔ friend tickets list active-unjoined normal and rare companions without spending before confirmation (1087.621374ms)
✔ confirming a companion ticket opens the normal invitation and stale confirmation does not spend (116.21891ms)
✔ cancel and no candidate leave friend stock untouched (210.511394ms)
✔ match ticket lists exactly the mutually attracted candidates for male female and nonbinary pets, including seen candidates (174.022931ms)
✔ match confirmation calls one candidate to the current region without changing world tables or creating a partner (78.99993ms)
✔ match confirmation revalidates partner while calls survive introductions and clear on travel (561.615842ms)
✔ match confirmation revalidates stock and a local-home display transition keeps the paid call (494.280439ms)
✔ a called match survives save reload in the same region (178.113142ms)
✔ confirming either companion ticket leaves the shop so its invitation is reachable (208.244341ms)
✔ time tickets change only the adjacent visual stage for five real minutes (504.037253ms)
✔ time tickets enforce the first and eighth actual-stage boundaries (526.56545ms)
✔ a temporary form survives reload without extending and clears on a real stage change (173.156575ms)
✔ dex tickets offer exactly all ordinary and eight rare forms and stale choices do not spend (204.803911ms)
✔ transform tickets fund three legal candidates and favor species never raised (79.824284ms)
✔ transform tickets supplement experienced candidates and reject stale or unavailable selections (92.472882ms)
✔ legacy discovery seeds raised species once without later temporary discoveries (324.846338ms)
✔ an actual transformation clears a temporary appearance (122.038088ms)
✔ ticket candidates cannot transform through the ordinary overlay without spending stock (156.283894ms)
✔ reloading an open transform ticket keeps stock and restores no ordinary offer (217.123608ms)
✔ dex picker hides every unknown form including markup and reveals only after selection (233.893526ms)
✔ life medicine refills only life and can be used again after life falls (497.088858ms)
✔ life medicine at full life or outside a living finite life does not consume (399.697639ms)
✔ life charm automatically prevents actual death without changing its causes (157.235279ms)
✔ a real dying tick spends one charm at the death boundary (74.748035ms)
✔ the tick reaching age one hundred enters farewell before charm consumption (80.889403ms)
✔ life charm waits through grace and is never spent for farewell or infinity (66.233176ms)
✔ life charm is automatic and has no manual use control (65.818486ms)
✔ retired consumables have no sale, use, or active-effect behavior (111.418729ms)
✔ shop orders all twelve consumables by the approved catalog (87.856082ms)
✔ final consumable catalog publishes exactly the twelve approved products (19.752439ms)
✔ legacy stock converts or refunds once before retired IDs are filtered (2.471964ms)
✔ every retired stock ID refunds its old unit price and purchase history adds nothing (2.246936ms)
✔ authoritative lifetime bag prevents live and snapshot copies from duplicating refunds (0.786423ms)
✔ invalid counts and unsafe sums cannot create unsafe money or stock (0.481163ms)
✔ deduplicates prepaid reservations across live and infinite snapshots (0.500346ms)
✔ separately paid small and great minigame reservations refund both once (14.457045ms)
✔ one logical minigame reservation refunds only its highest evidenced tier (0.572954ms)
✔ pending funded reservations add no refund beyond their bag stock (0.441048ms)
✔ active and partly used effects end without refund while a fully unused sickness shield refunds once (1.024053ms)
✔ a partially used sickness snapshot overrides a duplicate fully unused snapshot (0.492742ms)
✔ old court-big compatibility pays 350 once and is cleared even with flags (4.165409ms)
✔ reserved dream species survives conversion and reload-shaped normalization (0.658279ms)
✔ already migrated saves and return snapshots clear obsolete effects without credit (0.458245ms)
✔ a funded old Lucky pending item is cleared without duplicating its bag stock (0.548454ms)
✔ malformed migration markers cannot skip conversion (6.573705ms)
✔ registry sizes: species 31 (22 normal + 8 rare + 1 secret, 8 stages each = 248), companions 26, partners 18, legends 5 (250.909072ms)
✔ the secret species comes from master.playerSpecies.secret; the ren fallback is only for a missing master (10.348447ms)
✔ every full registry table holds exactly the master ids (plus its pinned legacy rows) (673.988283ms)
✔ every intentionally partial table is exactly its audited subset (44.951766ms)
✔ legacy rows are pinned and never leak into the current canonical sets (9.499772ms)
✔ alias destinations are canonical, and alias keys are canonical or retired (0.575224ms)
✔ species aliases: dex counts and the dex "found" display agree (raw → alias → registered) (68.137072ms)
✔ cast-bounds covers every current species stage, companion, partner, the author and egg frames (1.079635ms)
✔ images: every master species has 8 stages whose asset is <id>/01..08.png and whose label matches master (2.209594ms)
✔ GOAL_TIER_IDS is the single tier map: id ↔ ordinal both ways, and every per-tier table follows it (37.897107ms)
✔ ENDING_CELEBRATIONS still lacks the perfect tier: a known open gap, not the spec (22.995308ms)
✔ save ordinals are unchanged: endingTiersReached stays the ints 0..4 and the tier logic returns the same numbers (273.631214ms)
✔ remove-it: a species added to master but forgotten in one table is named with its table; typo, extra and retired ids too (324.380757ms)
✔ initial decoration preserves all text, existing elements and listeners (16.632261ms)
✔ token auditing keeps joined, modified, flag and keycap glyphs whole (2.965612ms)
✔ unknown whole sequences remain unchanged even when a component is known (7.370122ms)
✔ editing controls and existing illustration subtrees remain untouched (29.890708ms)
✔ later added subtrees and character edits are decorated without rescanning unaffected text (9.785161ms)
✔ nodes removed before observer delivery are ignored (1.757917ms)
✔ the current actor marker passes through the same display resolver (1.729917ms)
✔ daily and Lucky payouts stay independent with null (546.324291ms)
✔ daily and Lucky payouts stay independent with star (127.997141ms)
✔ Star does not multiply either side of a duel settlement (185.384886ms)
✔ five warming taps show progressive egg art and hatch once at the existing boundary (372.22105ms)
✔ each saved egg resumes its crack stage without replaying a touch reaction (592.359506ms)
✔ reload immediately after the fifth tap keeps the same newborn and one birth record (166.816853ms)
✔ reset during the hatch effect cannot alter or decorate the replacement egg (88.79097ms)
✔ the egg itself can be warmed and newborn care remains available immediately (117.144006ms)
✔ all 30 legal dream species keep their stable identity and first-form artwork (3087.654074ms)
✔ a failed egg image uses the existing emoji fallback and can still hatch (133.202197ms)
✔ finished reactions are removed and cannot replay when returning from a minigame (215.097354ms)
✔ cancelled hatch animation is cleaned before an immediate minigame return (152.500271ms)
✔ reduced motion shows the correct egg and newborn without a pending reveal (34.607069ms)
✔ home derives emotion without adding saved emotion fields (524.62118ms)
✔ rendering and running an emotion cue leave the serialized save unchanged (86.996731ms)
✔ home emotion follows canonical priority and pet availability (101.997836ms)
✔ persistent cue moves only the main pet and its accessory (102.516198ms)
✔ 26 companions stay still during the main pet hungry cue (185.29828ms)
✔ 26 companions stay still during the main pet sulk cue (119.768678ms)
✔ critical life cancels a running persistent cue and stays still (78.605416ms)
✔ critical life suppresses both ordinary idle sources while keeping critical UI (75.453872ms)
✔ ordinary render does not interrupt a real care reaction (80.071141ms)
✔ real feed starts with munch (85.089805ms)
✔ real wake keeps stretch for a sleepy randomized line (99.038399ms)
✔ real wrong medicine starts with shake (96.828129ms)
✔ real annoyed play starts with settle (134.575983ms)
✔ feed adds one pet-only gentle bounce after munch when hunger is cleared (96.939054ms)
✔ feed returns to the latest hungry profile without a happy afterglow (87.803555ms)
✔ feed afterglow rechecks raw hunger at callback time (144.357333ms)
✔ feed afterglow rechecks raw pet availability at callback time (154.354356ms)
✔ cured medicine settles first and then adds one pet-only bounce (85.077767ms)
✔ a newer care action invalidates the old feed afterglow (71.103276ms)
✔ a newer semantic event invalidates the old feed afterglow (83.300679ms)
✔ leaving home invalidates a feed afterglow even after returning (360.011062ms)
✔ feed afterglow waits for existing companion conversation beats (108.130269ms)
✔ critical life and reduced motion suppress care afterglow movement (164.76915ms)
✔ critical life suppresses cured medicine afterglow (148.252555ms)
✔ other semantic care reactions finish without an added happy afterglow (630.692482ms)
✔ normal state cancels the old profile timer before it can fire (84.42219ms)
✔ non-normal emotion excludes the pet from ordinary idle while companions continue (90.389835ms)
✔ non-normal emotion excludes autonomous pet greetings but keeps social greetings (180.427096ms)
✔ egg blocks a pending persistent cue (143.885797ms)
✔ farewell blocks a pending persistent cue (82.363487ms)
✔ dead blocks a pending persistent cue (68.305511ms)
✔ sleeping blocks a pending persistent cue (54.562278ms)
✔ transform blocks a pending persistent cue (57.842913ms)
✔ menu blocks a pending persistent cue (92.589667ms)
✔ minigame blocks a pending persistent cue (80.83068ms)
✔ story blocks a pending persistent cue (68.665844ms)
✔ hidden tab blocks a pending persistent cue (82.734573ms)
✔ story opening immediately cancels an active persistent cue (72.812558ms)
✔ menu cancels an active persistent cue and the current state restarts after return (89.248939ms)
✔ story cancels an active persistent cue and the current state restarts after return (129.179752ms)
✔ minigame cancels an active persistent cue and the current state restarts after return (292.111204ms)
✔ hidden tab cancels an active persistent cue and the current state restarts after return (238.238845ms)
✔ returning from a hidden tab schedules the current profile again (178.597759ms)
✔ reduced motion retains the derived state without starting a cue (81.12831ms)
✔ switching to reduced motion stops a running persistent cue (76.008903ms)
✔ reduced motion suppresses persistent and afterglow movement but retains the warning icon (145.111733ms)
✔ normal idle perk callback does not preempt a pending care afterglow (92.571727ms)
✔ normal idle perk callback does not preempt an active care afterglow (105.648075ms)
✔ normal idle greeting callback does not preempt a pending care afterglow (99.446098ms)
✔ normal idle greeting callback does not preempt an active care afterglow (84.943745ms)
✔ static script exposes the pure resolver on window (8.609742ms)
✔ resolve returns every approved emotion profile (0.725981ms)
✔ resolve follows the approved visible priority (0.565963ms)
✔ worsening tiredness never increases cue cadence (0.282012ms)
✔ non-playable and sleeping signals resolve to normal (0.312701ms)
✔ resolve does not mutate its input or share returned profile objects (0.382625ms)
✔ sodachi 20 to 100 costs 1,500-1,800 growth and 20 to 70 costs under 800 (519.469759ms)
✔ sleeping from empty takes roughly 3-12 seconds of recovery steps (184.107396ms)
✔ an S-rank result grants a growth boost that doubles growth and decays per tick (98.654631ms)
✔ game length: normal difficulty runs at face value, easy adds 20%, short mode trims games of 20s or more (81.693574ms)
✔ life recovers during ordinary care and faster when everything is above 60 (101.328454ms)
✔ a full transform meter opens the transform choice right after the game, with no lottery (118.119443ms)
✔ the same environment + seed + pinned clock gives the same time, weather, season and randomness on any host clock and TZ (3094.560834ms)
✔ with environment: 'auto' the result follows the host clock (the test detects the difference) (4207.870482ms)
✔ hostEnvironmentClock alone makes the time of day follow the harness clock instead of the host clock (2215.484863ms)
✔ the flaky "entering meguru" scene is reproducible with the options on any host clock and TZ (14318.038825ms)
✔ one generator feeds the page Math.random (from boot) and meguru (932.536297ms)
✔ default harness(): fixed day/sunny environment (RH-6), native random, unpinned new Date(), harness Date.now() (150.555024ms)
✔ a manual time/weather mode still wins over environment, and the undersea/starry regions keep no weather (149.462842ms)
✔ the deterministic preset pins environment, host clock, seed and date; explicit options win (250.974744ms)
✔ the weather labels the harness returns match world-environment.js (0.859977ms)
✔ one-finger drags cannot pan the home, including a drag starting on a care button (472.727881ms)
✔ long text can scroll in both directions but cannot drag the home past its edges (74.568602ms)
✔ pinch zoom and panning an enlarged view remain available (75.533807ms)
✔ menus, minigames and life records keep their gestures and returning home restores the lock (186.404719ms)
✔ home touch setup leaves the home height available after the fun strip retirement (124.217157ms)
✔ approved hunger profile covers exactly 31 playable growth lines and all 248 stages (2.165297ms)
✔ hunger category resolver does not silently fallback for unsupported or malformed assets (0.231448ms)
✔ all 248 hungry displays use the approved food artwork, including life-stage overrides (25.083442ms)
✔ mushroom07 hunger bubble separates from spores without moving other state marks (1.010465ms)
✔ every shipped UI/game emoji has an illustrated display definition (773.562898ms)
✔ the exact actor and generic game props are separate, and saves stay untouched (102.869204ms)
✔ every minigame maps to one of the intro demo kinds, and the kinds are varied (293.452038ms)
✔ the intro card carries a demo canvas tagged with the demo kind (53.933304ms)
✔ swipe thresholds are unified through MG_SWIPE_MIN and hold timing through MG_HOLD_PROFILES (45.151603ms)
✔ the result toast offers a retry button that restarts the same game (86.001624ms)
✔ the result toast has no retry button before any game was played (28.880136ms)
✔ the intro card shows for the first three plays and the help overlay works any time (110.388299ms)
✔ steps pad fires the moment a direction is clear, once per flick, without waiting for release (82.087807ms)
✔ turn-based steps pad needs a longer drag for the second cell in the same direction (100.893248ms)
✔ delta pad glides at the pad edge while pushing outward and stops when the finger comes back (87.251736ms)
✔ vector pad keeps the direction of the real movement, not the wobble when the finger stops (127.997716ms)
✔ the unified manifest gives every one of the 27 item identities a dedicated normalized PNG (1347.524554ms)
✔ shop, home, consumables and item stickers use semantic unified art (636.228181ms)
✔ a unified image failure reveals only its semantic fallback without changing state (88.024767ms)
✔ the unified shop art frame is 40px while the home accessory keeps its inherited frame (0.592977ms)
✔ retired hat uses the ordinary transform rate and needs four games (539.000517ms)
✔ retired hat has no game effect in a start snapshot (396.410915ms)
✔ retired energy1 has no game effect in a start snapshot (414.108047ms)
✔ retired glasses has no game effect in a start snapshot (367.97761ms)
✔ retired crown has no game effect in a start snapshot (394.752985ms)
✔ retired flower has no game effect in a start snapshot (827.699912ms)
✔ retired crown cannot rescue zero health but the existing miracle still works (70.016219ms)
✔ crown does not bypass normal two minute life warning or rescue life death (86.702405ms)
✔ retired crown snapshot cannot reduce failed-game life damage (63.617588ms)
✔ star pays ordinary success immediately and never adds a delayed set reward (123.485049ms)
✔ star menu describes immediate ordinary-success coins without stamp or waiting UI (121.364963ms)
✔ ordinary score 0, equipment null -> null pays 0 (79.911565ms)
✔ ordinary score 0, equipment star -> null pays 0 (60.252069ms)
✔ ordinary score 0, equipment null -> star pays 0 (84.596641ms)
✔ ordinary score 29, equipment null -> null pays 0 (118.74694ms)
✔ ordinary score 29, equipment star -> null pays 0 (88.041016ms)
✔ ordinary score 29, equipment null -> star pays 0 (98.47468ms)
✔ ordinary score 30, equipment null -> null pays 30 (76.482465ms)
✔ ordinary score 30, equipment star -> null pays 90 (86.140212ms)
✔ ordinary score 30, equipment null -> star pays 30 (89.882274ms)
✔ ordinary score 69, equipment null -> null pays 30 (72.250575ms)
✔ ordinary score 69, equipment star -> null pays 90 (94.025793ms)
✔ ordinary score 69, equipment null -> star pays 30 (100.316514ms)
✔ ordinary score 70, equipment null -> null pays 60 (180.242998ms)
✔ ordinary score 70, equipment star -> null pays 180 (92.072509ms)
✔ ordinary score 70, equipment null -> star pays 60 (81.630566ms)
✔ ordinary score 100, equipment null -> null pays 60 (83.268501ms)
✔ ordinary score 100, equipment star -> null pays 180 (65.770568ms)
✔ ordinary score 100, equipment null -> star pays 60 (84.542385ms)
✔ quick-run score 0 retains base 0 with null (90.626491ms)
✔ quick-run score 0 retains base 0 with star (89.937887ms)
✔ quick-run score 50 retains base 0 with null (67.771247ms)
✔ quick-run score 50 retains base 0 with star (72.08348ms)
✔ quick-run score 70 retains base 0 with null (86.273616ms)
✔ quick-run score 70 retains base 0 with star (77.062238ms)
✔ quick-solo score 0 retains base 0 with null (179.067836ms)
✔ quick-solo score 0 retains base 0 with star (66.251772ms)
✔ quick-solo score 50 retains base 0 with null (77.670109ms)
✔ quick-solo score 50 retains base 0 with star (77.230822ms)
✔ quick-solo score 70 retains base 0 with null (83.008977ms)
✔ quick-solo score 70 retains base 0 with star (73.367901ms)
✔ game pass applies exactly ordinary score-50 care and 30 coins without starting a game (71.721573ms)
✔ game pass preserves all real-play records, consumable reservations and Lucky stock (86.551511ms)
✔ egg menu reserves random new stock, hides the species and consumes once across reload (725.172489ms)
✔ invalid or unavailable hatch reservation clears without spending; growing pets can reserve (96.770961ms)
✔ duplicate stickers stay as copies and stop at the nine-copy cap (110.367176ms)
✔ theme costs 60 and draws only chosen category with the secret gate; ordinary stays 30/3 (287.918052ms)
✔ legacy sticker counts and positions merge idempotently without replacing character history (97.481278ms)
✔ sticker catalog offers all current items while retaining other collection categories (71.163473ms)
✔ duel host win: both reserve, purchases cannot spend stake, settlement/reload/replay is exact once (882.575895ms)
✔ duel guest win: both reserve, purchases cannot spend stake, settlement/reload/replay is exact once (429.100508ms)
✔ duel draw: both reserve, purchases cannot spend stake, settlement/reload/replay is exact once (409.26299ms)
✔ unpublished cancel refunds once; published abandonment forfeits and close/new life preserve stake (73.109486ms)
✔ old unfunded progress terminates without minting while completed old matches retain money/statistics (86.178294ms)
✔ repeated hatch callback does not change an already committed newborn (67.138891ms)
✔ result-only close and rematch handlers cannot discard a reserved match (59.715675ms)
✔ infinite snapshot reload and return preserve live duel rather than resurrecting an earlier settlement (194.878889ms)
✔ duel spends available coins normally and still settles backed stakes (238.952009ms)
✔ different match IDs, old-format and duplicate-question codes never reserve or settle (269.172174ms)
✔ real sticker menu buys the selected category and has no point-exchange controls (195.934851ms)
✔ maxed stickers are excluded from pack draws (235.22476ms)
✔ host ID generation remains usable at a zero random draw (99.90979ms)
✔ completed legacy duels reopen as results, without a new unsupported settlement code (251.066819ms)
✔ real duel create, join, publish and import controls use the reserved transaction (224.760451ms)
✔ guest abandonment and full wipe cannot return a published stake (144.380909ms)
✔ age stage transition keeps its story and life log without coins (854.394454ms)
✔ birthday 41 keeps growth, decline relief and celebration without coins (102.658418ms)
✔ birthday 50 keeps growth, decline relief and celebration without coins (81.623316ms)
✔ birthday 90 keeps growth, decline relief and celebration without coins (89.265957ms)
✔ midlife 44 preserves its noncoin effect and one-time record (86.083927ms)
✔ midlife 50 preserves its noncoin effect and one-time record (85.840769ms)
✔ midlife 56 preserves its noncoin effect and one-time record (122.946129ms)
✔ midlife 62 preserves its noncoin effect and one-time record (76.612644ms)
✔ midlife 66 preserves its noncoin effect and one-time record (87.819782ms)
✔ sodachi 30 keeps milestone record and eggs, without coins (98.740056ms)
✔ sodachi 40 keeps milestone record and eggs, without coins (124.218934ms)
✔ sodachi 50 keeps milestone record and eggs, without coins (137.103518ms)
✔ sodachi 60 keeps milestone record and eggs, without coins (145.353466ms)
✔ sodachi 70 keeps milestone record and eggs, without coins (148.473424ms)
✔ sodachi 80 keeps milestone record and eggs, without coins (110.782178ms)
✔ sodachi 90 keeps milestone record and eggs, without coins (79.535241ms)
✔ sodachi 100 keeps milestone record and eggs, without coins (94.734655ms)
✔ home former coin moment still appears and records without paying (170.499164ms)
✔ desert former coin moment still appears and records without paying (101.631989ms)
✔ star_stop former coin moment still appears and records without paying (57.601142ms)
✔ environment callbacks ignore a latent money field while preserving noncoin effects (97.967792ms)
✔ memory lake still recalls life memories and recovers happiness without coins (96.252208ms)
✔ sticker tasks record completion once without points or coins (144.729824ms)
✔ offline 10 minutes preserves recovery and memory without money (96.219927ms)
✔ offline 60 minutes preserves recovery and memory without money (101.433829ms)
✔ offline 600 minutes preserves recovery and memory without money (57.93355ms)
✔ eligible gate legend keeps discovery, life log and movie without any care or coin reward (81.396092ms)
✔ eligible stairs legend keeps discovery, life log and movie without any care or coin reward (94.036503ms)
✔ eligible boss legend keeps discovery, life log and movie without any care or coin reward (90.220179ms)
✔ eligible lamp legend keeps discovery, life log and movie without any care or coin reward (78.588327ms)
✔ eligible mirror legend keeps discovery, life log and movie without any care or coin reward (219.907427ms)
✔ repeated legend trigger cannot create a second encounter in one life (131.430473ms)
✔ gate legend movie has no payout beat or footer (77.263353ms)
✔ stairs legend movie has no payout beat or footer (93.954163ms)
✔ boss legend movie has no payout beat or footer (75.132121ms)
✔ lamp legend movie has no payout beat or footer (58.332372ms)
✔ mirror legend movie has no payout beat or footer (96.387829ms)
✔ old claimed save retains balances, inventory and event claims across reload without repeat grants (308.973691ms)
✔ environment guidance keeps care coefficients but removes obsolete game coin modifiers (159.01851ms)
✔ retirement refunds stock and tool ownership exactly once, never history or duplicate reservations (6.626175ms)
✔ legacy tool use counts as ownership only before the original item migration (0.473475ms)
✔ retirement preserves shared memories and cooldowns while removing fun-only records and sticker placements (5.41135ms)
✔ retired items cannot be bought, granted, used or selected as stickers; equipment completion ignores stale ids (351.452504ms)
✔ refund survives reload, new lives and infinite return without reviving old reservations (139.856918ms)
✔ great games retain coins and offline visits retain recovery without granting retired items (67.632511ms)
✔ infinite snapshots and retired achievement metadata are cleared without extra compensation (0.375247ms)
✔ dedicated reward inventory is retired and legacy reward stock is discarded (720.503923ms)
✔ milestone eggs are granted once even after spending, without coins (77.805471ms)
✔ ordinary completion pays thirty coins (102.323889ms)
✔ daily completion adds one Lucky inventory without a reservation (119.564886ms)
✔ invalid stock cannot be spent and normalization does not create wealth (252.844934ms)
✔ module validates transactions and persists structured memories without retired cooldown APIs (73.623749ms)
✔ normal equipment catalog contains only the final ten products (69.13863ms)
✔ normal equipment poop1 has its final catalog price and shop price (86.746604ms)
✔ normal equipment poop1 has its final catalog and shop description (91.97209ms)
✔ normal equipment sleepboost1 has its final catalog price and shop price (90.826833ms)
✔ normal equipment sleepboost1 has its final catalog and shop description (75.805031ms)
✔ normal equipment bowtie has its final catalog price and shop price (106.505978ms)
✔ normal equipment bowtie has its final catalog and shop description (88.821812ms)
✔ normal equipment ribbon has its final catalog price and shop price (93.008062ms)
✔ normal equipment ribbon has its final catalog and shop description (198.80948ms)
✔ normal equipment scarf has its final catalog price and shop price (94.843473ms)
✔ normal equipment scarf has its final catalog and shop description (247.666891ms)
✔ normal equipment travel1 has its final catalog price and shop price (62.663366ms)
✔ normal equipment travel1 has its final catalog and shop description (295.7751ms)
✔ normal equipment partner1 has its final catalog price and shop price (138.781088ms)
✔ normal equipment partner1 has its final catalog and shop description (100.794504ms)
✔ normal equipment bond1 has its final catalog price and shop price (85.055059ms)
✔ normal equipment bond1 has its final catalog and shop description (77.691663ms)
✔ normal equipment gamepass1 has its final catalog price and shop price (89.528084ms)
✔ normal equipment gamepass1 has its final catalog and shop description (72.820026ms)
✔ normal equipment star has its final catalog price and shop price (94.617413ms)
✔ normal equipment star has its final catalog and shop description (160.48001ms)
✔ normal equipment V2 retains all nine continuing IDs with no price difference charged (720.926011ms)
✔ backpack removes travel hunger and energy costs but does not prevent fatigue (645.425296ms)
✔ retired lantern UI and stale clicks never create light scenes or cooldowns (145.839972ms)
✔ legacy light data is ignored safely: [{"key":"lantern:1","event":"lantern","text":"old light"}] (280.213238ms)
✔ legacy light data is ignored safely: null (175.255036ms)
✔ legacy light data is ignored safely: "broken" (205.796072ms)
✔ equipment reactions only occur for actual eligible care and active protection (102.245288ms)
✔ guest origin persists across appearance, reload and codes but differs for a new life (173.834354ms)
✔ court letters capture the real new partner and survive form changes and a new life (411.642721ms)
✔ danger-triggered ribbon recovery delivers readable feedback in both motion modes (321.039318ms)
✔ retired flowers leave court dialogue and care feedback without bonus reactions (1121.867244ms)
✔ ineligible ribbon ticks and mismatched court do not claim equipment effects (136.868976ms)
✔ V2 equipment feedback waits for an existing conversation and never replaces critical care (73.786934ms)
✔ a pending equipment line does not follow a reset into another life (106.211401ms)
✔ game pass clears daily and companion context without completing either, including the next real game (120.419448ms)
✔ V2 paper clears every poop at the danger threshold without manual-care credit (428.054101ms)
✔ V2 pillow makes sleep an immediate full-energy action (148.006281ms)
✔ V2 bowtie automatically fills hunger when the normal danger band is reached (70.995257ms)
✔ V2 ribbon automatically fills happiness when the normal danger band is reached (43.819976ms)
✔ V2 disease equipment automatically cures sickness without pretending it was a manual medicine tap (77.447718ms)
✔ V2 automation equipment no longer keeps the old passive percentage reductions (401.537289ms)
✔ retired dedicated reward inventory has no production UI or runtime path (21.630522ms)
✔ V2 backpack makes ordinary travel cost zero hunger and zero energy while fatigue still applies (572.330284ms)
✔ V2 star badge triples only the ordinary minigame success coin payout (238.640887ms)
✔ V2 love letter restores partner affection to max at the danger threshold (107.295675ms)
✔ V2 friend badge restores companion bond to max at the danger threshold (255.066377ms)
✔ retired star and reunion state is discarded without changing companion records (306.969638ms)
✔ friend badge no longer offers a reunion game or retired lantern actions (197.811187ms)
✔ social equipment preserves ordinary decay and does not automate relationship decisions or award records (303.574823ms)
✔ star badge triples great-result coins and leaves failed-result at zero (495.543337ms)
✔ retired energy1 does not soften ordinary care decay (237.196595ms)
✔ retired crown does not soften ordinary care decay (287.531909ms)
✔ life card and received life code show the recorded woman, not a system emoji (365.581968ms)
✔ overlapping stage names and chosen infinite forms retain their recorded portraits (134.956075ms)
✔ leaving current location restores the home-region label after presentation caching (72.647758ms)
✔ legacy life timeline resolves stage labels and keeps unrelated log strings escaped (57.114708ms)
life-stage profiles: ok
✔ tests/life-stage-profiles-test.cjs (257.860975ms)
✔ static script exposes the locality resolver on window (9.05538ms)
✔ known municipalities resolve to their curated scenery profiles (6.186347ms)
✔ prefecture-aware matching does not confuse same-named wards or conflicting cities (0.310912ms)
✔ explicit Osaka city wards are metropolitan without capturing other cities or bare wards (0.343393ms)
✔ unknown municipalities use a general town image without claiming local geography (0.432068ms)
✔ sanitizeLocality rejects malformed values and removes unapproved saved fields (0.366496ms)
✔ reload restores saved municipal scenery without requesting GPS (592.348318ms)
✔ unknown saved municipalities describe the neutral generated town image (96.456741ms)
✔ malformed saved locality is discarded and cannot activate current-location scenery (75.874841ms)
✔ a successful selection saves only display-safe locality fields (205.434734ms)
✔ failed refresh keeps saved scenery selected and a later explicit retry can replace it (123.365182ms)
✔ an observed municipality is offered for selection when another region remains displayed (123.847539ms)
✔ an invalid live municipality falls back to the sanitized saved selection (109.817349ms)
✔ manual refresh of a selected locality persists and reloads the new municipality (268.375886ms)
✔ a canceled manual refresh cannot replace or render over the selected locality (121.968012ms)
✔ explicit home selection clears only the current-location presentation (136.0681ms)
✔ pending current-location selection cannot override a later travel choice (167.454069ms)
✔ Lucky catalog and shop offer 300 coin immediate roulette (1110.157213ms)
✔ roulette draw 0 immediately pays 10 (109.532941ms)
✔ roulette draw 0.14999999999999977 immediately pays 10 (96.050283ms)
✔ roulette draw 0.15 immediately pays 20 (101.382405ms)
✔ roulette draw 0.34999999999999976 immediately pays 20 (171.479563ms)
✔ roulette draw 0.35 immediately pays 50 (114.566205ms)
✔ roulette draw 0.5999999999999998 immediately pays 50 (68.738845ms)
✔ roulette draw 0.6 immediately pays 100 (20.891812ms)
✔ roulette draw 0.7999999999999998 immediately pays 100 (30.582045ms)
✔ roulette draw 0.8 immediately pays 500 (54.10482ms)
✔ roulette draw 0.9199999999999998 immediately pays 500 (109.276942ms)
✔ roulette draw 0.92 immediately pays 1000 (63.026326ms)
✔ roulette draw 0.9899999999999998 immediately pays 1000 (109.519903ms)
✔ roulette draw 0.99 immediately pays 10000 (106.505416ms)
✔ roulette draw 0.9999999999999998 immediately pays 10000 (92.95343ms)
✔ roulette independent of equipment null (77.439654ms)
✔ roulette independent of equipment poop1 (183.863645ms)
✔ roulette independent of equipment sleepboost1 (86.832153ms)
✔ roulette independent of equipment bowtie (69.296173ms)
✔ roulette independent of equipment ribbon (31.457071ms)
✔ roulette independent of equipment scarf (64.064516ms)
✔ roulette independent of equipment travel1 (124.50354ms)
✔ roulette independent of equipment partner1 (82.262558ms)
✔ roulette independent of equipment bond1 (63.224861ms)
✔ roulette independent of equipment gamepass1 (268.622942ms)
✔ roulette independent of equipment star (103.926654ms)
✔ legacy reservation migration false,false is once across reload reset infinite return (416.468057ms)
✔ legacy reservation migration true,false is once across reload reset infinite return (306.916335ms)
✔ legacy reservation migration false,true is once across reload reset infinite return (338.781768ms)
✔ legacy reservation migration true,true is once across reload reset infinite return (395.870918ms)
✔ ordinary result 0 never spends Lucky stock or boosts reward (165.494985ms)
✔ ordinary result 50 never spends Lucky stock or boosts reward (146.997996ms)
✔ ordinary result 95 never spends Lucky stock or boosts reward (191.47394ms)
✔ runtime has no Lucky reservation or doubled-reward code (93.155747ms)
✔ Quick mixed never spends stock or changes Lucky payout (91.68924ms)
✔ Quick knock never spends stock or changes Lucky payout (100.925839ms)
✔ Quick tickle never spends stock or changes Lucky payout (77.430787ms)
✔ duel settlement and Lucky payout are independent (158.110552ms)
✔ spent reservation recovery never reappears after save and return (276.527471ms)
(node:525) [MODULE_TYPELESS_PACKAGE_JSON] Warning: Module type of file:///workspace/scratch/28c7e6574f23/naotocchi/vendor/three-0.170.0/three.module.min.js is not specified and it doesn't parse as CommonJS.
Reparsing as ES module because module syntax was detected. This incurs a performance overhead.
To eliminate this warning, add "type": "module" to /workspace/scratch/28c7e6574f23/naotocchi/package.json.
(Use `node --trace-warnings ...` to show where the warning was created)
✔ AD-1. scene dressing の 契約: 3D だけ・あたり なし・ふんで とおれる・群生(2〜8)・道 / spot / かたい 物 / 水 には おかない (50157.254998ms)
✔ AD-2. 配置は「空いた ところに 均一に 置く」では なく 群生 + 意図した 余白: 道ばたの 帯(roadside)と ます目(grid)の 両方・余白が ある (2.388575ms)
✔ AD-3. remove-it: 2D の world と corridor には dressing が ない(3D だけ)。cover を 外した profile では 群生 0 (3199.013825ms)
✔ AD-4. 花は 地域に あった いろ・場所: home / forest / jungle / countryside に 花の 群生、しんかい / ゆき には 花 なし、さばくは オアシスの まわり だけ (6.770045ms)
✔ AD-5. Tree v3: 針葉樹 4〜5 段(明暗・下ほど ひろい)、広葉樹は かたまり 2〜5(明 / 中 / 暗)、ヤシは は 5〜8(はばは 長さに 比例) (10.227627ms)
✔ AD-6. gate: もり と ジャングルは 1 まいの 絵で 見わけが つく(葉の palette・きりの いろ・ジャングル だけ 大きな は / つる / 根もとの 下草 / lowPoly) (40.287854ms)
✔ AD-7. Building v4: family ごとの かたまり・屋根の かたち(切妻 / 寄棟 / 平ら)・のき・土台・入口 と まど・かたまりの 足し(ポーチ / 出窓 / 縁側 / はなれ / ベランダ / 煙突 / ひさし)・シルエット 高さ / はば ≤ 1.5 (15.338003ms)
✔ AD-8. city scene: 低層 / 中層 / 高層の まざり・灰 だけで ない いろ・みせ(ガラス + ひさし + 看板 + たて看板)・路地の かべも 正面を もつ・高さは 床の 5.5 倍まで (16.042389ms)
✔ AD-9. city の 小物: 自転車・自販機は 3D の かたち(unresolved なし)。街路樹・信号・横断歩道・電柱は そのまま (1.452757ms)
✔ AD-10. いけがき は 箱では なく まるい しげみの れつ(あたりの 箱の なか・あたまより 下) (7.134991ms)
✔ AD-11. 水の 統合: 川は なめらかに 曲がり はばが ゆれる(riverCurve・pure)。見た目の 水は あたりの 帯の 内がわ。川岸に 石 / あし / 草 / 花の 帯 (185.038972ms)
✔ AD-12. Bridge v4: 交わりに かかる(ながさ ≥ 水の はば)・床の 上面は 水面より 上・床より 下から ささえる 橋脚 / 橋台・種類で かたちが ちがう (23.251386ms)
✔ AD-13. さばくの サボテンは 大きく 4 種(柱・枝分かれ・まる・むれ)。オアシスの まわりは 花 で 対比 (0.747268ms)
✔ AD-14. 光: 明るい fill と 方向光で 面を 分ける・岩 / がけの 明るさ と 地域 palette を 保つ (0.589412ms)
✔ AD-15. 箱庭の 比率: ビルは 床の 5.5 倍まで、大木の 幹は あたりより ほそい、花 / しげみ / 街の 小物は 見える 大きさ、まど / 入口は 家に 対して 小さい (9.962935ms)
✔ AD-16. density gate: 代表 spot(各地域 最初の ひろば)から 前景(〜250)/ 中景(250〜700)/ 遠景(700〜1800)の それぞれに 意味の ある 物が 1 つ いじょう。道の 方向は 読める(道の 上に 物 なし) (240.91642ms)
✔ AD-17. Human QA gate の 記録: 13 地域 × 7 条件(ひと目で 地域・さびしく ない・箱っぽく ない・いろ・歩きたい・見どころ・前景 / 中景 / 遠景)が status doc に ある。main merge / Ready は しない (0.933655ms)
✔ AD-18. 原則だけ: Nintendo / どうぶつの森 固有の 名まえ・asset・模様は code にも doc にも 出てこない (5.930918ms)
(node:540) [MODULE_TYPELESS_PACKAGE_JSON] Warning: Module type of file:///workspace/scratch/28c7e6574f23/naotocchi/vendor/three-0.170.0/three.module.min.js is not specified and it doesn't parse as CommonJS.
Reparsing as ES module because module syntax was detected. This incurs a performance overhead.
To eliminate this warning, add "type": "module" to /workspace/scratch/28c7e6574f23/naotocchi/package.json.
(Use `node --trace-warnings ...` to show where the warning was created)
✔ v2-1. player の 絵は きりで 消えない: キャラの material は fog なし・frustum culling なし・きりの 遠端は player + 900 より 遠く (12.67233ms)
✔ v2-2. billboardVisible: 座標に いる のに 描かれない 状態(hidden / scale NaN / texture なし / きりの むこう)を 1 つの 判定で 見つける (141.553457ms)
✔ v2-3. すかしは 見た目の 半径(えだはり)で 判定し、線分より 低い 物は すかさない。あたりの 半径 だけの 旧 判定も そのまま 通る (1.03321ms)
✔ v2-4. ghost pool の 契約: 使った ものだけ visible、使わなかった ものは その frame で hidden、1 frame 使わなければ scene から はずす、pool は つかいまわす (7.334935ms)
✔ v2-5. レンダラーの 切りかえで ghost が のこらない: scene の 捨て(地域 / corridor)・3D → 2D(fallback / 2D の 地域)で clear、stats に ghost と player (0.829427ms)
✔ v2-6. corridor(地域の あいだの 道)は 3D で 描く: 10 本 × 2 方向 ぜんぶ 3D の 対象。飾りは ぜんぶ 意味の 表で 解決し(unresolved 0)、はしの いし だけ かたい (570.763796ms)
✔ v2-7. corridor の gameplay は かわらない: 帯の 左右と はしの いし の あたり、着く / もどる、party の 受けわたし、セーブ なし (316.177937ms)
✔ v2-8. しらせ: ふつうの spot と 地区は toast なし、ランドマークは quiet(左上の 静かな 強調)、ひみつ だけ toast。きろくは かわらない (5486.464255ms)
✔ v2-9. ちずの 表示 filter: ふつうの 池・休憩所・小さな 橋・通過点は 出さず、現在地・つながり・gate・ランドマーク・ひみつ・hub / ひろば は 出す。きろくと 分母は かわらない (7722.31468ms)
✔ v2-10. 帯(strip)の geometry は 1 まいに つながる: frame × lane の 頂点を 共有し、となりの frame と 面で つながる(池の ならび では ない) (7.196622ms)
✔ v2-11. 川(river_lake)= terrain.pts からの 1 本の 帯(岸つき)。帯に かくれる 池は おかない。しんかいの 谷も 1 本の 帯 (8358.808406ms)
✔ v2-12. 海(sea)/ 湖(memory_lake)= 岸線から 水平線まで 1 まいの 面(ぬれた 砂 → 浅瀬 → 沖)+ 岸の あわ。岸の むこうの 池は おかない (4179.285101ms)
✔ v2-13. 水の 見た目は あたり(walkability)を かえない: 岸の clamp・池の あたり・橋は 2D と 同じ。水の 面は あたりを もたない (6427.225199ms)
✔ v2-14. Kit v2 の 原型: 昆布は 曲がった は(木 / 柱では ない)、遺跡は くずれた かべ、はしは いみ ごと、たてものは body + 屋根 + 入口 + まど (47098.286234ms)
✔ v2-15. Region Profile v2: 13 地域 ぜんぶに family(terrain / veg / arch / water / density / landmark / sky)。まちは palette で ビルの いろ と 階数が ばらつき、電柱が ある (10434.650906ms)
(node:549) [MODULE_TYPELESS_PACKAGE_JSON] Warning: Module type of file:///workspace/scratch/28c7e6574f23/naotocchi/vendor/three-0.170.0/three.module.min.js is not specified and it doesn't parse as CommonJS.
Reparsing as ES module because module syntax was detected. This incurs a performance overhead.
To eliminate this warning, add "type": "module" to /workspace/scratch/28c7e6574f23/naotocchi/package.json.
(Use `node --trace-warnings ...` to show where the warning was created)
✔ GA-1. 接地: 地面に つく parts は 足もとの いちばん ひくい 地面まで(斜面で 岩 / 盛り土 / 根 / 岸の 花が 浮かない)。13 地域 (45414.994032ms)
✔ GA-2. 小川 / 川 の 交わり: 橋の 交わり には 橋(床 > 水面・ながさ ≥ 水の はば)、そのほかは 飛び石。ランドマークの 橋は 交わりの 上に ある とき だけ うけもつ (1.071303ms)
✔ GA-3. 小川と 池を わける: ながれの 帯の 中に 池の 円盤(水の 小物)を おかない (0.496938ms)
✔ GA-4. Building v4: 塔の ような 家 なし(シルエット 高さ / いちばん ひろい はば ≤ 1.6、看板 / 屋根の はりだし を ふくむ) (0.84166ms)
✔ GA-5. 小物の 読みやすさ(props gate): 車 = 車輪・望遠鏡 = 3 本 足 + かたむいた 筒・像 = だい + からだ + あたま・かまくら = いりぐち・箱の 小物 = ひさし + 窓。絵文字の 立て看板 は のこって いない (37074.820215ms)
✔ GA-6. 季節 / 天気 は 2D の 正本に あわせる: 針葉樹の 雪 = ゆき の 地域 か 冬、山の 頂の 雪 = それ + 雪の 日、deepsea / star_stop は 地表の 季節 なし (27.476467ms)
✔ GA-7. 地域の 識別性(数で): いえ ≠ いなか(いなかは ひらけ +0.1 いじょう・構成の cosine < 0.75)、もり ≠ ジャングル(ジャングルは 見とおし せまく・高い 層・cosine < 0.6) (10699.821252ms)
(node:565) [MODULE_TYPELESS_PACKAGE_JSON] Warning: Module type of file:///workspace/scratch/28c7e6574f23/naotocchi/vendor/three-0.170.0/three.module.min.js is not specified and it doesn't parse as CommonJS.
Reparsing as ES module because module syntax was detected. This incurs a performance overhead.
To eliminate this warning, add "type": "module" to /workspace/scratch/28c7e6574f23/naotocchi/package.json.
(Use `node --trace-warnings ...` to show where the warning was created)
✔ GT-1. runtime P0(HQ-1 / HQ-2 / HQ-3): すかしは ray で ほんとうに 隠す 物 だけ・もとの いろ・大きな 物は うすく・ちらつかない・変わった instance だけ 送る (158.287342ms)
✔ GT-2. ray の 格子(pure): 線分が とおる ます目の instance だけ が 候補 (1.100486ms)
✔ GT-3. 予算(HQ-4): うすい 板は 1 まい・幹は ふたなし・mound は 下半分 なし・花の まんなか 8 三角形。透明 fade で けさない (0.386104ms)
✔ GT-4. Terrain v1(HQ-5): 意味の ある 起伏。道 / spot は 平ら、ひらけた ところ に 丘、小川は 谷、池は くぼ地、海は 水へ ひくく。ランダムな こぶ だけ では ない (29442.648288ms)
✔ GT-5. Creek / River v3(HQ-6): 小川は spot の 円盤の ならび では なく 1 本の ながれ。橋の spot の 下を とおり、道を 横切る ところは 橋 か 飛び石。道 / かたい 物 の 上を ながれない (5563.308097ms)
✔ GT-6. Water(HQ-7): 海 / 川 / 池 で 水の 面を かえる(海 = 浅瀬 → 沖 → 水平線、川 = 谷の 中の ながれる 面、池 = しずかな くぼ地の 面) (1.186985ms)
✔ GT-7. home と countryside(HQ-10): いえ = 家ごとの 庭(花だん・ポスト・ひくい さく・飛び石)、いなか = ひろい 畑 と 用水路 と 板の はし(庭 なし) (7.126701ms)
✔ GT-8. forest と jungle(HQ-11): もり = つめたい みどり・たおれた 丸太・しだ・きのこ・見とおし ほどほど。ジャングル = 多層(大きな は の 下草・ヤシ・canopy の つる)・しめった もや (1147.065945ms)
✔ GT-9. Tree v4(HQ-12): 根もとの はり・2 だんの 幹(すこし かたむく)・かんむりへ のびる 枝・白っぽい ほそい 木(すずしい 地域) (17.948187ms)
✔ GT-10. props gate(HQ-13): ラベル なしで わかる。自転車は 立って いる、水車 / 観覧車の わ は たて (16026.369115ms)
✔ GT-11. 13 地域の grammar(HQ-14): 背景の 絵 なしで 3D だけで 地域が わかる きまり (0.845024ms)
✔ GT-12. 季節 / 天気(HQ-15): 山は 夏(高原の みどり)と 冬(雪)で 地面が かわる・大木も 季節の いろ・3D でも 雨 / 雪 (5.087267ms)
✔ GT-13. Human QA の 記録 と status: 未承認・main merge しない・Ready に しない・production Pages を かえない。特定の 作品の 名まえは 出さない (16.184078ms)
(node:573) [MODULE_TYPELESS_PACKAGE_JSON] Warning: Module type of file:///workspace/scratch/28c7e6574f23/naotocchi/vendor/three-0.170.0/three.module.min.js is not specified and it doesn't parse as CommonJS.
Reparsing as ES module because module syntax was detected. This incurs a performance overhead.
To eliminate this warning, add "type": "module" to /workspace/scratch/28c7e6574f23/naotocchi/package.json.
(Use `node --trace-warnings ...` to show where the warning was created)
✔ 1. フラグなし: forest の world は いまの 2D の まま(props・あたり・3D の しるし なし) (8.638033ms)
✔ 2. 3D モード: 道の うえの かたい 物は 見た目ごと 道の そとへ(約 1.5 × 大きさ まで)。おけない ものは 3D では おかない (16.144364ms)
✔ 3. 3D の かたい 物は かならず あたりが あり、あたまより 下の 見た目は あたり + 10 まで(とおれる 木・見えない かべ なし) (9.466083ms)
✔ 3b. ランドマーク(3D だけ): spot から 見た むきを たもって おく(±30 度)。たきは がけ = あたりの 箱 で、たきつぼ・あわ と いっしょ (14.891048ms)
✔ 3c. せかいは 3D・キャラだけ 2D: けしきの 物に 立て看板・意味の ちがう 置きかえ・なぞの placeholder は ない (19.491458ms)
✔ 3d. すかし(occlusion)は カメラ → player の あいだに ある かたい 物 だけ。とおい から すける こと は ない (177.406432ms)
✔ 3e. たき は うしろ・よこ からも 岩の おか: がけの うしろに 岩の かたまり(あたり つき)が あり、見た目 = あたり (8.13569ms)
✔ 4. 3D モードでも 道は ふさがない: 道はばの 3/4 の なか・spot の まんなか は あいて いる (11385.950469ms)
✔ 5. 3D モードの forest: 50 の spot に ぜんぶ あるいて 行ける (8040.03363ms)
✔ 6. 3D モードの forest: 27 にんの なかまも player も かたい 物に めりこまない (9145.978594ms)
✔ 7. レンダラー: WebGL が ない ところでは すぐ 2D(こわれない・この あいだ ずっと 2D) (8.702346ms)
✔ 8. フラグは URL だけ・セーブに のこさない。Three.js は version 固定で repo の なか。ふだんは よみこまない (39.919531ms)
✔ 9. 全地域: 3D profile が あり、意味の 表で ぜんぶ 解決し(unresolved 0・立て看板 0)、かくす ものは きまった しるし だけ、2D(フラグなし)は かわらない (42526.811406ms)
✔ 10. はっけんの しらせ(全地域): ランドマーク / ひみつ だけ「みつけた！」、その ばしょ だけの もの は かるく「が ある」、ふつうの 池・通過点は しずか。きろく は かわらない (3569.326126ms)
✔ 11. 全地域(registry から): 3D モードで ぜんぶの spot と gate に 道に そって あるいて 行ける(とじこめ なし) (30267.933667ms)
(node:581) [MODULE_TYPELESS_PACKAGE_JSON] Warning: Module type of file:///workspace/scratch/28c7e6574f23/naotocchi/vendor/three-0.170.0/three.module.min.js is not specified and it doesn't parse as CommonJS.
Reparsing as ES module because module syntax was detected. This incurs a performance overhead.
To eliminate this warning, add "type": "module" to /workspace/scratch/28c7e6574f23/naotocchi/package.json.
(Use `node --trace-warnings ...` to show where the warning was created)
✔ VQ-9 residential porch supports meet roof slopes within canonical lots (42328.263046ms)
✔ VQ-8 farmhouse veranda posts meet a canopy contained over the existing deck (3001.158279ms)
✔ VQ-6 cottage rooflines include both gable orientations within the residential family (797.013976ms)
✔ VQ-5 garden stepping stones connect the actual front door to its finite road segment (748.723663ms)
✔ VQ-1 contact footprints follow trunks and foundations without mutating objects (80.714754ms)
✔ VQ-2 contact field excludes actors, water, bridges and tiny dressing; finite bounded support (1.833819ms)
✔ VQ-3 outer-bank variation leaves water lanes and triangle topology unchanged (1.72838ms)
✔ VQ-4 residential main roofs retain above-head clearance with canonical colliders (27036.286295ms)
✔ VQ-7 garden beds retain their planting group outside canonical road and obstacle footprints (556.902459ms)
✔ VQ-10 barn entrances read as broad paired doors within the wall (2927.015164ms)
✔ VQ-11 flower instances retain planter and window-box elevation (3.757631ms)
✔ VQ-12 walkable market stalls have open counters and connected canopy supports (27431.167872ms)
✔ VQ-13 representative farmhouse flowers clear the veranda as one planting group (2950.848515ms)
✔ VQ-14 planting clearance preserves groups, rotations and blocked plots (13.149602ms)
✔ VQ-15 residential facade openings fit beside the entrance without frame overlap (22371.111229ms)
✔ VQ-16 single-family main windows reserve the existing bay projection (13854.574834ms)
✔ VQ-17 two-storey entrance remains below its existing low canopy (308.25838ms)
✔ 1. the same discoveredStages key twice still gives one resident (3843.942197ms)
✔ 2. the same partnersRecorded id twice still gives one resident (7216.568155ms)
✔ 3. companion aliases collapse to one canonical resident (59.858796ms)
✔ 4. the current pet is never an ordinary resident (12312.367925ms)
✔ 5. the current companion and partner walk with the player only, never as region residents (7029.027785ms)
✔ 6. legacy species left in an old save (bird:*) never become residents, but the save keeps them (3479.801725ms)
✔ 7. current-dex forms such as woman よちよち and the cicada appear once discovered (5949.766945ms)
✔ 8. the city 🐈 scenery never resolves to the cat resident asset (the display resolver would) (58.599596ms)
✔ 9. the forest 🍄 scenery never resolves to the mushroom resident asset (48.044042ms)
✔ 10. every scenery emoji in every region (prop/lane/wall/hint/spot.prop/flavour/landmark fallbacks) stays scenery (65.539771ms)
✔ registry audit reports rows and every issue class (duplicate, legacy, undiscovered, pet, follower, shared asset) (6024.291192ms)
✔ canvas path: 🐈 scenery is drawn as a native emoji, not the cat picture and not a placeholder tile (65.588349ms)
✔ canvas path: 🍄 scenery is a native emoji too (56.811337ms)
✔ canvas path: all 17 character-colliding scenery emoji become native emoji (no character asset, no placeholder), U+E000 is never scenery (48.268555ms)
✔ canvas path: scenery with dedicated art (🌳 🌲 🌴 🌵 🐚) goes through the scenery wrapper, never native text and never a character (43.75515ms)
✔ canvas path: every scenery emoji of every region either has scenery art or falls back to a native emoji, never a character or a placeholder (51.7393ms)
✔ the number of residents is pinned to the dex, not to a round figure (6109.142009ms)
✔ the collider table is world-space data: shape, half sizes, angle and role, never canvas pixels (139.976949ms)
✔ a tree stops you at the trunk, not at a leaf: the collider is a small part of the drawing (0.439559ms)
✔ buildings, walls and fences are boxes with a facing, and a fence is a thin line not a slab (0.520837ms)
✔ grass, leaves, small mushrooms, ground detail and bridges have no collider at all (0.368288ms)
✔ every path corridor and every spot centre is free of colliders in all 13 regions (475.479906ms)
✔ walking for real, every spot in every region is still reachable, secret ones included (18917.55572ms)
✔ you cannot walk into a big tree, a building, a rock or a fence (28549.059829ms)
✔ a diagonal bump slides along the wall instead of stopping dead (7058.85307ms)
✔ water: the sea you may not enter is the only no-go water, and every water spot is still walkable (15.899633ms)
✔ collision cost does not grow with the size of the world: the grid keeps each lookup tiny (1.243029ms)
✔ residents are held by the same colliders as the player, so nobody walks through a wall (420.618158ms)
✔ the role layers hand the same shapes to a Three.js renderer (5.967248ms)
✔ the shared meguru denominators match a fresh count of WORLDS and the world map (530.487921ms)
✔ ①-1 ふつうの ばしょ: toast は 出さない。左上の 名まえが かわり、ちず と セーブには きろくされる (6533.511727ms)
✔ ①-2 おおきな めじるし(landmark)は toast では なく 左上の 名まえの 静かな 強調。きろくは のこる (4325.347725ms)
✔ ①-3 ひみつは せんようの しらせ。なまえは 見つけた あとに そえる だけ (4809.269045ms)
✔ ①-4 地区(zone)に 入っても toast は 出さない(2026-10-01 v2)。ちずの 地区は ひろがり、中の id は どこにも 出ない (3018.601078ms)
✔ ②-1 おなじ ばしょへ もどっても もう「みつけた」と 出さない (5207.887278ms)
✔ ②-2 セーブに のこした きろくを よみなおしても 2かいめ は 出ない(セーブ互換) (4854.708859ms)
✔ ②-3 めじるしは しらせない。ちずの ボタンも 2かいめ は ひからない (4302.133398ms)
✔ ③-1 1フレームに いくつ 見つけても 出すのは 1つ。つよい ものから (3033.670381ms)
✔ ③-2 じゅんばんは region → secret → landmark → みち → zone → ふつうの spot (6666.829815ms)
✔ ③-3 地域の はっけんと 二重に 出さない(はじめての 地域では 着いた ばしょの しらせを かさねない) (5358.9639ms)
✔ ④-1 住民に ちかづいた ことは はっけんに しない(「はなす」だけ) (5516.752981ms)
✔ ④-2 しらせは あるくのを とめない(ボタンも おおいも 出さない) (2676.137817ms)
✔ ④-3 しらせの あいだ、した の そうさ せつめいは よわめる(ふたつが まざらない) (3955.098231ms)
✔ ⑤-1「ちずに きろくした」と 出た ものは その とき ちずに ある (3526.35954ms)
✔ ⑤-2 こえて いる あいだ に 見つけた めじるしも ちずに のこる (4763.412322ms)
✔ ⑤-3 たんさく率の けいさんは 1つも かえて いない (5621.245691ms)
✔ ⑤-4 みちの はっけんは 出かたが かわる だけ。ひらく じょうけんは そのまま (2930.374144ms)
✔ ⑥-1 travelToRegion() と その ばの ボタンは 1つも かえて いない (2059.461139ms)
✔ ⑥-2 たんさくを とじると しらせも のこらない (1606.243715ms)
✔ ⑦-1 レベルは buildWorld() が ほんとうに おく ものから きまる (35.345129ms)
✔ ⑦-2 目じるしの ない 通過点では しらせない。でも きろくは のこる(探索率は かわらない) (1658.582804ms)
✔ ⑦-3 目じるしの ある ばしょ(L2)も toast は 出さない(2026-10-01 v2)。左上の 名まえ と きろく だけ (1500.739679ms)
✔ ⑦-4「ちずに きろくした」は はじめの うちだけ(なんども くりかえさない) (1465.657979ms)
✔ ⑦-5 はじめて あそぶ ひとには「ちずに きろくした」を そえる (2803.280943ms)
✔ ⑦-6 レベルは セーブに 何も 足さない(旧セーブでも そのまま 動く) (2728.81499ms)
✔ ⑦-7 監査の けっかと 実装が そろって いる (45.02028ms)
✔ ⑧-1 4つの みはらしに、その ばしょ だけの けしきが ある (1260.586566ms)
✔ ⑧-2 主役は 地域ごとに ちがう(どこにも おなじ てすりを 置かない) (1209.156278ms)
✔ ⑧-3 けしきは あたりはんていを 1つも ふやさない(みち・出口・住民を ふさがない) (1259.442961ms)
✔ ⑧-4 gate の 発火は 1つも かわらない(connection に さわって いない) (1229.672187ms)
✔ ⑧-5 4つとも L2。toast は 出さず(2026-10-01 v2)、左上の 名まえ と きろく だけ (1747.96304ms)
✔ ⑧-6 2かいめ は 出さない。旧セーブで もう 見つけて いれば けしきだけ 見える (1951.496227ms)
✔ ⑧-7 spot / path / zone / secret の かずは 1つも ふえて いない (52.956901ms)
✔ A1. うごく ボタンしか 出さない: なにも ない ときは その ばの ボタンが 1つも ない (1088.380638ms)
✔ A2. その ばの ボタンは 1 枠。住民が ちかいと「はなす」、のりばに 立つと「のる/もぐる」 (1210.554522ms)
✔ A3. こえて いる あいだ、右がわの ボタンは ぜんぶ ロックされる (4794.378348ms)
✔ A7. hidden を つけた ボタンは ほんとうに きえる(CSS の きまりが ある) (2.613835ms)
✔ A8. のりばでは、なにが おきるのかを ボタンの した にも 出す (525.20241ms)
✔ A4. めぐる中の「たび」が はたらく。openExclusiveMenu では はじかれて いた (602.312875ms)
✔ A5. たびが かぶさって いる あいだ せかいは とまり、とじると つづきから うごく (1052.603092ms)
✔ A6. たびから 地域を えらぶと、これまで どおり travelToRegion が はしり めぐるも ついて いく (889.197748ms)
✔ B1. 見つけた 地域の まわり だけが 紙に のる。0% → 100% で だんだん ひろがる (59.179333ms)
✔ B2. 50% では、まだ 行って いない ところの かたちが はっきり のこって いる (47.301762ms)
✔ B3. 見つけて いない 特殊層(ほしぞら・しんかい・きおく)は 1 文字も もれない (46.676469ms)
✔ B4. 探索率の しきは ひとつも かわって いない(471 spot / 654 path / 118 zone / 107 ひみつ) (38.999287ms)
✔ C1. ジャングルは 南西の 外洋に うかぶ しま。本土の どの 地域とも 陸つづきに 見えない (60.129149ms)
✔ C2. かいがんせん(本土)は しまに さわらない。しまは べつの 地形として もつ (40.64562ms)
✔ C3. しまは ジャングルを 見つける まで 1 てんも 出ない(なまえも かたちも) (65.879941ms)
✔ C4. ジャングルの なかみ(spot / path / zone / ひみつ)は 1つも かわって いない (536.155591ms)
✔ C5. しまに した あとの みちの かず・つなぎ (36.777005ms)
✔ D1. 地形には ぜんぶ「あるいて いる ときの けしき」の いみが ついて いる (65.920094ms)
✔ D2. 地形の いみは 世界地図の データに 1文字も まざらない (67.42058ms)
✔ the fauna classifier flags birds, fish, mammals, reptiles and bugs but not plants, shells, paw prints or coral (284.725985ms)
✔ the jungle random props / lane / hint contain no parrot or snake (43.64013ms)
✔ no random scenery pool in any region contains living fauna (props, lane, wall, hint, zone lanes, spot props, local flavor) (45.683867ms)
✔ the built worlds place no fauna as scenery: every living creature on screen is a registry resident (3740.249539ms)
✔ the fauna cleanup does not change the resident registry or the resident placement per region (6943.949048ms)
✔ scenery is kept rich, but as space rather than scattered trinkets: pools, ground areas and framing all stay in place (3565.868891ms)
✔ the snow world no longer scatters the snowman partner: no ⛄ in props, lane, hint or spot props, density unchanged (69.830005ms)
✔ companion, rare companion and partner emoji are known to the audit, including the ☃️/⛄ alias of the snowman (122.680358ms)
✔ no random scenery pool (props / lane / wall / hint / zone lanes / local flavor) contains a companion, partner or character-asset emoji (144.09631ms)
✔ a character emoji sneaking back into a random pool or a second statue spot is reported by the audit (115.955419ms)
✔ every spot says what can be done there, and the list comes from the world, not from a hand-written table (3340.579197ms)
✔ the 13 regions do not share one set of AI numbers (0.378649ms)
✔ a resident picks an activity, walks there along the paths and does it, rather than drifting at random (3387.353295ms)
✔ residents are held by the same world-space colliders as the player and never enter the sea you may not walk in (43986.972889ms)
✔ every way a resident is placed puts them somewhere they can actually stand (34075.48523ms)
✔ the same seed replays the same life, so this suite cannot pass by luck (3207.290147ms)
✔ talking starts by two residents coming together and facing each other, never at a distance (15086.464968ms)
✔ nobody is asked to talk by three people at once: an interaction is reserved before it starts (10005.491799ms)
✔ a gathering forms as a few residents arriving at the same place, and stays small (17190.101528ms)
✔ the time of day changes what residents do, and not everybody changes at the same moment (23737.804514ms)
✔ the weather changes where residents are: rain moves them under a roof, but not all of them (29771.406739ms)
✔ a quiet district stays quiet and a busy one does not: the district crowd figure reaches the life AI (9855.031775ms)
✔ behaviour and emotion are two different things (26706.229081ms)
✔ far-away residents drop to the cheap update, and the cost does not grow with the size of the world (24334.656767ms)
✔ nobody is duplicated, the ones walking with you stay out of the resident life, and Naoto keeps the special place (52887.601028ms)
✔ the life AI leaks nothing to the map: living residents do not discover spots, districts or paths for you (64524.179857ms)
✔ you can still talk to a resident whatever they are doing, and they go back to their life afterwards (4369.772019ms)
✔ the renderer can read what a resident is doing and feeling through one stable door (1950.117976ms)
✔ running a whole day through, nobody freezes, nobody is held in an interaction for ever and nobody vanishes (41311.007667ms)
✔ じかんは ハーネスの とけい だけから くる(決定性の みはり) (26044.885874ms)
✔ a region you have never walked shows no paths, no spots and no landmarks: only the shape of the map (3791.230306ms)
✔ walking into a district records it, and only the neighbours reachable by an ordinary path are hinted at (748.734342ms)
✔ a spot appears on the map only once you have stood in it, and its name comes with it (444.49336ms)
✔ an undiscovered secret leaks nothing: not its place, not its name, not the path to it, not even a marker (3222.409902ms)
✔ a secret is added to the map the moment you find it, and not before (779.566174ms)
✔ landmarks keep their three tiers, and are drawn only when the place they mark is known (3309.897561ms)
✔ an old save that only knows spots is turned into a map without losing anything (720.122078ms)
✔ the map save stays small: ids only, no coordinates, and it fits in the existing save shape (4186.096854ms)
✔ opening the map pauses the walk and closing it puts you back where you stood (1099.355386ms)
✔ with the map closed there is no map work at all: it is built on open and thrown away on close (2842.826021ms)
✔ every one of the 13 regions can be drawn from mapData alone, and the progress never counts hidden secrets (3158.471095ms)
✔ the map changes nothing about the scenery: the fauna and character audits still come back clean (3396.729723ms)
✔ every region has its own wind, and every district says what moves there (5120.012735ms)
✔ worldLayers hands a 3D renderer the air, the districts and the camera, without reading any drawing code (3177.496864ms)
✔ the camera keeps the rig and only adds a few percent: bob, pull back with speed, open districts, a glance at landmarks (517.368471ms)
✔ parallax is a canvas-only layer trick: sky moves least, the foreground most, and no world coordinate changes (359.896536ms)
✔ only what actually covers you goes see-through, and never too far (68.430844ms)
✔ the environment animation never adds creatures, and it thins out instead of stopping on a slow phone (3685.072554ms)
✔ transition: 27 companions never stand inside an obstacle after arriving (all 20 walk directions: on placement, after 1.5 s idle, and after walking) (17416.860249ms)
✔ corridor: 27 companions never stand inside an obstacle after arriving (all 20 walk directions: on placement, after 1.5 s idle, and after walking) (10090.258979ms)
✔ 1. いまの ゲームで いっしょに あるける いちばん おおい 人数は 27(なかま 26 + こいびと 1)。コードから もとめる (346.950856ms)
✔ 2. かたち: 1〜2 は ななめ うしろ、3〜4 は ちいさな V、5 いじょうは 半円〜おうぎ。まえへ 出ない・横 1 列に ならない (58.963667ms)
✔ 3. せまい ところ(corridor の 帯)は ほそく する。はばは 帯から(px ではなく world)。せまくても 1 本の 線に しない (78.317752ms)
✔ 4. 決定論・並び順が かわらない・らんすうを つかわない・O(n) (551.021134ms)
✔ 5. region: 1 / 2 / 4 / 8 / 16 / 27 にんで あるいた あと、うしろに ゆるく あつまる(まえへ 出ない・横 1 列に ならない・同じ ばしょに かさならない) (2868.847112ms)
✔ 6. region に 入った とき、なかまは その ならびに いる(とおくから かけよらない・1 列に ならない)。当たり判定は ふやさない (1009.923081ms)
✔ 7. corridor: 27 にんでも 帯の なか・帯が せまい 段では ほそく・引き返しでも 曲がりでも 段の さかいでも とばない (3390.042034ms)
✔ 8. start(): 27 にんで home → forest を あるいて 着いた とき、なかまは ならびの まま(1 列に ならない・ふえない)。セーブに ならびは のこらない (2806.156338ms)
✔ 1. partyLod: ちかい なかまは full、見かけの 大きさで medium / light。さかいで ぱたぱた しない・決定的 (262.195304ms)
✔ 2. 1 / 4 / 8 / 16 / 27 にん: 全員 えがく・filter を まいかい つかわない・うしろの なかまほど かるい。16 にん いじょうは 命令 1 にん 2 いか (1867.649171ms)
✔ 3. え の したく: 1 回 作って つかいまわす(つぎの frame は 作らない)。おなじ え は おなじ もの。destroy で すてる (597.482867ms)
✔ 4. したくが できない(canvas が 作れない / こける)ときは もとの えがきかた へ。こわれない・全員 えがく (963.735424ms)
✔ 5. 暗転の こさで 道の え を えがくか きめる: 0.95 いじょう は えがかない (55.28044ms)
✔ 6. 27 にんで home → forest → home: 暗転の こい frame は 道を えがかない。組むのは 1 回(二重 build なし)。なかまは 27 のまま (4806.51666ms)
✔ 7. 27 にん: 着く まえに 引き返す(組んだ ものを すてる)・とちゅうで reload・reduced motion は transition (7637.992046ms)
✔ 8. ほかの 出口・special は いまの まま(連続で あるくのは 許可リストの 5 本だけ。Phase 4E-4A) (2652.577865ms)
✔ 1. 27 にんの なかまは forest / mountain / city で あるいても とまっても 障害物に めりこまない(player と おなじ あたり) (7309.322232ms)
✔ 2. player も まえと おなじ あたりで とまる(めりこまない)。なかまが いても player の あるく みちは かわらない (1644.246196ms)
✔ 3. かたく 見える 物には あたりが ある: fore の 岩・見はり小屋・柵、切り株・丸太・大岩、道ばたの 木と 建物 (1145.659736ms)
✔ 4. 道の 面は あいて いる: 道はばの 3/4 の なかは どこでも player(半径 22)が 立てる。はし(±half)の かすりは main(12)より ふえない(13 地域) (29563.20712ms)
✔ 5. 道の そばの かたい 物: 絵の 中心部に player が 立てる 数が main の 半分 いか(道の 面の うえの 物は のぞく) (1380.489281ms)
✔ 6. corridor: なかまも player と おなじ corridorBody で はしの いしを よける。帯の そとへ 出ない・1 frame で とばない (4451.329939ms)
✔ 7. まわりこみ: 生け垣の むこうに 取り残されない(ならびの 点は player から 行ける ところ)。つまりの きろくは セーブに のこらない (450.096422ms)
✔ 8. たて看板(建物・がけ)の あたりは もとの あたりの なかで 道がわを けずる だけ(見る むきで 見えない かべに ならない) (1306.61087ms)
✔ 1. connection は 14 本。b あり 13 / gate 13 / 未実装 0 / special 2 (291.773288ms)
✔ 2. gate の 端点は ぜんぶで 26。出口を 1 つも もたない 地域は 1 つだけ (37.385153ms)
✔ 3. 未実装 connection は 0 本(ぜんぶの みちが 通れる) (55.602916ms)
✔ 4. mouths の spot は ぜんぶ じっさいに あって、ひみつでは ない (54.202342ms)
✔ 5. anchor 候補は ぜんぶ 既存の spot で たりる(新しい spot は いらない) (41.965337ms)
✔ 6. **よその 地域を つらぬいて いる みちは 1 本も ない** (52.164184ms)
✔ 7. 分水界の 点列は にしのやまちの 南はし 4 点と おなじ (36.578123ms)
✔ 8. home の 2 本は どちらも おおきなき。いまの sim は 1 spot 1 gate しか ひろえない (71.250739ms)
✔ 9. 通常 11 地域の 次数。一本道では なく、わが 1 つ ある (123.960611ms)
✔ 10. 探索率の 分母(region 11 / link 13 / tier1 17 / zone 103) (70.132113ms)
✔ 11. 地域の かずと 世界の 中みは 1 つも 動いて いない (89.413269ms)
✔ 12. 「たび」は 無変更。まだ あるいて 行けない 地域へも たびでは 行ける (146.283635ms)
✔ 1. 正本から きえた。connection 15 → 14 / 未実装 0 (266.831905ms)
✔ 2. 探索率の link 分母が 13 → 12。**かずを たもつ ための 代わりは 足して いない** (42.424738ms)
✔ 3. worldLinksFrom(): 両はしの spot を ぜんぶ 見つけても もう 出て こない (75.936476ms)
✔ 4. 世界地図に ゴーストの 線が 出ない(100% でも) (69.507875ms)
✔ 5. **ふるい セーブに きろくが のこって いても 無害**(エラー / 水増し / 線の 復活 なし) (59.825091ms)
✔ 6. 連結性: いなか ⇄ みずべ は **もり けいゆ**でも **にしまわり**でも 行ける (45.642127ms)
✔ 7. 通常世界は ひとつの まま。あるいて 9 地域 / のりもの こみで 12 地域 (33.552248ms)
✔ 8. 既存の 13 gate が ぜんぶ 健在。出口の 組み合わせも 変わって いない (2910.886185ms)
✔ 9. **spot は けして いない。**かわぞい も かわぎし も そのまま はたらく (50.625953ms)
✔ 10. region の なかみ・たび・なかま・住民は 1 つも 変わって いない (1236.545108ms)
✔ 11. **よその region を 貫通する 線が 1 本も なくなった**(けした いちばんの りゆう) (54.456946ms)
✔ A1. forest|snow は 正本・地図・みちの はっけん の どこにも のこって いない (195.580387ms)
✔ A2. もり → やま → ゆきぐに が 正式な みちに なる。ゆきぐには やま だけ (39.24404ms)
✔ A3. 探索率の link ぶんぼは 正本から 13。ふるい セーブに のこって いても こわれない (34.698877ms)
✔ A4. みちを けしても region の なかみは 1 つも かわって いない (60.900409ms)
✔ B1. regionGates は priority → id の きまった じゅんで かえす(データの じゅんに よらない) (36.489296ms)
✔ B2. 1 つの spot に 出口が 2 つ あっても、両方 もてる (145.95547ms)
✔ B3. どちらへ 出るかは いち と むきで きまる。**配列の じゅんばんに よらない** (47.651501ms)
✔ B4. むきでも priority でも きまらない ときは わざと えらばない (22.488553ms)
✔ B5. 出口が 1 つの ときは これまでどおり。bearing が なくても うごく (46.092096ms)
✔ B6. じっさいに あるいて、にしなら もり・ひがしなら かわへ 出る (194.685257ms)
✔ B7. 1 かいの よこぎりで gate は 1 どだけ(演出の 二じゅう はじまり なし) (203.584347ms)
✔ B8. ride の 出口は 1 つの spot に 1 本まで(ボタンを ふやさない ための ルール) (81.713313ms)
✔ C1. これまでの 出口は そのまま。おうち → もり → いなか が あるける (483.824244ms)
✔ C2. きめられた 出口 いがいからは 外へ 出られない(おうち ぜんぶの spot) (540.032525ms)
✔ C3. 「たび」は 無変更。けした みちの さきへも たびでは 行ける (51.130745ms)
✔ C4. Fog: 見つけて いない 地域・みち・特殊移動は 1 つも もれない (42.610307ms)
✔ C5. なかまは ついてくる。住民は だぶらない (106.073526ms)
✔ 1. この PR の 2 本に あるく 出口が ある。connection は ふえて いない (216.660143ms)
✔ 2. anchor は ぜんぶ 既存の 非秘密 spot。**新しい spot は 1 つも つくって いない** (47.173042ms)
✔ 3. かわ・みずうみ の 2 つの 入口は かさならない。かわぎし は いなか用に あいて いる (354.35263ms)
✔ 4. おおきなきに 出口が 2 つ。にしなら もり・ひがしなら かわ (178.047942ms)
✔ 5. **とりちがえない**。にしへ よって かわに 出る / ひがしへ よって もりに 出る ことは ない (576.674821ms)
✔ 6. まっすぐ あるいた ときは これまでどおり もり(既存の たいけんを かえない) (131.854666ms)
✔ 7. 1 かいの よこぎりで gate は 1 どだけ(演出の 二じゅう はじまり なし) (307.737159ms)
✔ 8. おうち ⇄ かわ・みずうみ を 行って もどれる (357.621964ms)
✔ 9. やま ⇄ かわ・みずうみ を 行って もどれる (626.385675ms)
✔ 10. たにの 川すじが あるいて つながる: やま → かわ → おうち → もり (654.636578ms)
✔ 11. Phase 2.1 の しくみを そのまま つかう(あたらしい engine を つくって いない) (614.269401ms)
✔ 12. non-region terrain: どの 出口も あいだの ちけいを もつ(いきなり ワープ しない) (52.958878ms)
✔ 13. UI は ふえて いない。あるく 出口では context action を 出さない (1019.832854ms)
✔ 14. 探索率の ぶんぼは 1 つも 動いて いない(gate を つけただけ) (31.058943ms)
✔ 15. きめられた 出口 いがいからは 外へ 出られない(かわ・やま ぜんぶの spot) (3083.811089ms)
✔ 16. Fog: gate を つけても 見つけて いない ものは もれない (25.99501ms)
✔ 17. 「たび」は 無変更。なかまは ついてくる。住民は だぶらない (456.807823ms)
✔ 1. この PR の 2 本に あるく 出口が ある。connection は ふえて いない (213.200992ms)
✔ 2. forest|snow の ちょくつうろは 復活して いない。もり → やま → ゆきぐに (45.751396ms)
✔ 3. anchor は ぜんぶ 既存の 非秘密 spot。**新しい spot は 1 つも つくって いない** (34.88978ms)
✔ 4. やまの 出口は 4 つ。foot / ひがしの てんぼう / ちょうじょう / かぜのきれめ に やくわりが ぶんさん (432.40323ms)
✔ 5. **やまの なかから かわ・みずうみへ もどれる**(もりの 出口が じゃまして いない) (15872.714437ms)
✔ 6. ひがしの てんぼうからは もりへ 出る(よこに ずれた ばしょだけ) (492.027627ms)
✔ 7. もり ⇄ やま を 行って もどれる (841.278958ms)
✔ 8. やま ⇄ ゆきぐに を 行って もどれる。どちらも おくが みね (516.637821ms)
✔ 9. にしの 大山塊が あるいて つながる: もり → やま → ゆきぐに → やま → かわ (1163.803706ms)
✔ 10. 1 かいの よこぎりで gate は 1 どだけ(演出の 二じゅう はじまり なし) (1508.971431ms)
✔ 11. Phase 2.1 の しくみを そのまま つかう(あたらしい engine を つくって いない) (734.572788ms)
✔ 12. non-region terrain: どの 出口も あいだの ちけいを もつ(いきなり ワープ しない) (38.089998ms)
✔ 13. UI は ふえて いない。あるく 出口では context action を 出さない (1196.126473ms)
✔ 14. 探索率の ぶんぼは 1 つも 動いて いない(gate を つけただけ) (30.418018ms)
✔ 15. きめられた 出口 いがいからは 外へ 出られない(もり・やま・ゆきぐに ぜんぶの spot) (5545.293575ms)
✔ 16. Fog: もりを 知った だけで ゆきぐにの ばしょも そんざいも わからない (32.756077ms)
✔ 17. 「たび」は 無変更。なかまは ついてくる。住民は だぶらない (1012.829757ms)
✔ 18. 4 つの anchor は entry から **みちを たどって** 行ける(じっさいに あそべる) (39.286822ms)
✔ 1. 2 本に あるく 出口が ついた。connection は ふえて いない (279.111294ms)
✔ 2. anchor は ぜんぶ 既存の 非秘密 spot。**新しい spot は 1 つも つくって いない** (41.066907ms)
✔ 3. うみ: あるく(みなと) / ふね(ぼうはてい) / もぐる(どうくつ) が 混線しない (237.840239ms)
✔ 4. **うみで あるいて ふね・もぐるへ 出て しまう ことが ない**(8 むき 実測) (79017.135161ms)
✔ 5. ride ボタンは ぼうはてい / かいしょくどうくつ でしか 出ない (833.854908ms)
✔ 6. まち: 山ごえ(おおどおりのはし) / 河口(ふなつきば) / キャラバン(やたい) が 誤発火しない (272299.304299ms)
✔ 7. いなか: たなだのてんぼう(まち) / ちんじゅのもり(もり) / そらのりば(ほしぞら) が じゃましあわない (207106.648121ms)
✔ 8. まち ⇄ いなか を 行って もどれる (905.565639ms)
✔ 9. まち ⇄ うみ を 行って もどれる (648.897898ms)
✔ 10. **あるいて せかいが 1 つに つながる**: おうち → もり → いなか → まち → うみ (1420.126682ms)
✔ 11. 1 かいの よこぎりで gate は 1 どだけ(演出の 二じゅう はじまり なし) (2216.896051ms)
✔ 12. Phase 2.1 の しくみを そのまま つかう。gate 解決は 配列順に よらない (1048.648372ms)
✔ 13. non-region terrain: 両がわ 6 段階。みやこがわは たにの おおかわと べつ水系 (37.710165ms)
✔ 14. 探索率の ぶんぼは 1 つも 動いて いない(gate を つけただけ) (35.609727ms)
✔ 15. きめられた 出口 いがいからは 外へ 出られない(まち・いなか・うみ ぜんぶの spot) (10804.608768ms)
✔ 16. Fog: いなかを 知った だけで まち・うみは もれない (52.218625ms)
✔ 17. anchor は entry から みちを たどって 行ける。たび・なかま・住民も そのまま (1192.877546ms)
✔ 1. 2 本に あるく 出口が ついた。connection は ふえて いない (241.715525ms)
✔ 2. anchor は ぜんぶ 既存の 非秘密 spot。**新しい spot は 1 つも つくって いない** (28.774896ms)
✔ 3. さばくの 2 つの 入口は だんごに ならない(まちがわと やまがわが はなれて いる) (25.564588ms)
✔ 4. **さばく: あるいて まち・やま いがいへ 出て しまう ことが ない**(ぜんぶの spot x 8 むき 実測) (346738.408733ms)
✔ 5. まち: やたい(さばく) / おおどおり(いなか) / ふなつきば(うみ) が 混線しない (629394.843976ms)
✔ 6. **やまの 4 つの 出口が たがいを ふさがない**(かわ / もり / ゆきぐに / さばく) (312466.2456ms)
✔ 7. まち ⇄ さばく を 行って もどれる (715.570503ms)
✔ 8. さばく ⇄ やま を 行って もどれる (392.581495ms)
✔ 9. **さばくの こりつが とけた**: あるいて せかいが ひとつに つながる (30.643359ms)
✔ 10. わ に なって いる: city → desert → mountain → … → city (23.379059ms)
✔ 11. ジャングルとは つながない。desert|jungle は 復活して いない (168.244848ms)
✔ 12. のりものを ふやして いない。あたらしい 2 本は どちらも あるき (807.856206ms)
✔ 13. Phase 2.1 の しくみを そのまま つかう。gate 解決は 配列順に よらない (956.323169ms)
✔ 14. 1 かいの よこぎりで gate は 1 どだけ(演出の 二じゅう はじまり なし) (1171.433405ms)
✔ 15. non-region terrain: 両がわ 6 段。まちの となりが いきなり すなの せかいでは ない (30.773583ms)
✔ 16. きめられた 出口 いがいからは 外へ 出られない(まち・さばく・やま ぜんぶの spot) (6986.05946ms)
✔ 17. 探索率の ぶんぼは 1 つも 動いて いない(gate を つけただけ) (38.169854ms)
✔ 18. Fog: まちを 知った だけで さばく・やまは もれない (37.764337ms)
✔ 19. anchor は entry から みちを たどって 行ける。たび・なかま・住民も そのまま (989.827444ms)
✔ 20. countryside|river_lake は Phase 3B-Final で けした。この PR の 2 本は のこる (523.864571ms)
✔ 1. REGION_FRAME を もつのは 12 地域。きおくのみずうみ だけ もたない (243.96171ms)
✔ 2. frame の 値は ぜんぶ 有限。yaw は **まるめて いない** 自由な 実数 (44.419302ms)
✔ 3. toGlobal → toLocal の 往復が 一致する(471 spot ぜんぶ) (67.061966ms)
✔ 4. むき(dir)の 往復が 一致する。いちは 足さない (54.51893ms)
✔ 5. yaw の 往復が 一致する (64.991781ms)
✔ 6. walk connection 10 本の closure が 目標(< 400)に おさまる (52.938058ms)
✔ 7. special connection は closure を しばらない。layer の 上下だけ しばる (33.296002ms)
✔ 8. きおくのみずうみ は 通常 global 地理の そと。逆引きの かんすうは ない (48.729998ms)
✔ 9. special layer(そら / ちじょう / うみのそこ)が 区別できる (60.618559ms)
✔ 10. REGION_FRAME は mapX / mapY を つかって いない(世界地図とは べつの そう) (56.715433ms)
✔ 11. **消しても うごきが 変わらない**(まだ だれにも つかわれて いない) (6588.714043ms)
✔ 12. 分母・spot・たび・セーブの かたちは 1 つも 動いて いない (68.735442ms)
✔ 1. corridor は 13 本 = gate を もつ connection ぜんぶ。きおくのみずうみ は 入らない (165.126844ms)
✔ 2. walk / sea / vertical の わけかた と のりもの は 正本の gate / ride から (24.450745ms)
✔ 3. こえかた(way)は むきごと。regionGates() と 1 本も ずれない (5874.056441ms)
✔ 4. りょうはしは gate の 出口 spot を toGlobal した もの。ぜんぶ 有限 (50.889807ms)
✔ 5. physicalGap と travelLength は べつもの。special は gap を しばらない (35.063828ms)
✔ 6. 段(terrain)は 正本の gate land / stages / transition を そのまま つかう。手で うつして いない (39.071559ms)
✔ 7. 方角は gate を 出る むき(leave)を global に うつした もの。8 方位 (32.879199ms)
✔ 8. compassLabel: 8 方位の さかいめ (28.848252ms)
✔ 9. 方角に mapX / mapY も chart の 中心も つかって いない (78.288326ms)
✔ 10. いき と かえり の つじつま (56.408976ms)
✔ 11. graph は 12 地域 ひとつながり。きおくのみずうみ は そと。逆引きは ない (2685.940656ms)
✔ 12. findRegionRoute: だいひょうの みち (46.603126ms)
✔ 13. はじめて よんだ ときに 1 どだけ つくる(毎フレーム つくらない) (33.251312ms)
✔ 14. **消しても うごきが 変わらない**(まだ だれにも つかわれて いない) (6822.872499ms)
✔ 15. 分母・spot・たび・セーブ・REGION_FRAME は 1 つも 動いて いない (71.595183ms)
✔ 1. 遠景は 37 個。12 地域 すべてに ある。きおくのみずうみ は 入らない (161.352834ms)
✔ 2. 行き先と 経路は graph / corridor に 実在する (36.595511ms)
✔ 3. 方角は corridor の 出口の 向き。REGION_FRAME の 原点どうしは つかわない (52.227754ms)
✔ 4. 分類・順位・LOD の 値が 正しい (37.951091ms)
✔ 5. px を もたない(renderer に よらない いみデータ) (36.269326ms)
✔ 6. 見える 条件は 決定的。実時刻を 読まない (210.805892ms)
✔ 7. 街の 光は 夜だけ(夕方は うすく)。昼は 出ない (25.013922ms)
✔ 8. しま は うみ から だけ。道を 見つける まで 出ない。夜と 雨も 出ない (27.743115ms)
✔ 9. ほしぞら は 地上の 遠景では なく 上の 光。見つける まで 出ない (33.403456ms)
✔ 10. 1 画面に 出るのは 3 つ まで(順位で しぼる) (58.835047ms)
✔ 11. 1 どだけ 組み立てて freeze(毎フレーム つくらない) (48.584926ms)
✔ 12. mapX / mapY を つかって いない (102.250734ms)
✔ 13. **消しても うごきが 変わらない**(つかうのは Phase 4D-2 の 遠景 PoC だけ) (8012.4104ms)
✔ 14. 分母・spot・たび・セーブ・世界地図・corridor は 1 つも 動いて いない (396.115178ms)
✔ 1. start() は 遠景を もつ 地域に データを わたす(きおくのみずうみ には わたさない) (1374.817165ms)
✔ 2. 方角固定: yaw 0〜315 で 画面の x は 方角 + カメラの 向き + 視野 だけで きまる(home / sea) (533.572091ms)
✔ 3. 見える 条件: 島は 見つけてから、街の 灯は 夕方・夜 だけ、しんかいは 地平線でなく たての 位置 (754.351139ms)
✔ 4. 性能 tier: 1 画面 3 / 2 / 1。lod.maxTier より おもい tier では 出さない (413.188806ms)
✔ 5. よいやすい せってい: 位置は おなじ、よこの ずれは よわく、ちらつかない。あらわれる ときは fade (1583.2424ms)
✔ 6. 2D 命令は 1 フレーム +30 いか(home / sea の いちばん おおい ばめん) (3713.413382ms)
✔ 7. renderer contract: データは よむ だけ。view・セーブ・地図の 座標・buildWorld は つかわない (426.375954ms)
✔ 8. **消しても うごきが 変わらない**: 4D-2 を 消した meguru.js と sim の 指紋が おなじ。ほかの 地域の え も おなじ (6462.972403ms)
✔ 9. 分母・spot・たび・世界地図・corridor・DistantFeature の かずは 動いて いない (42.424253ms)
✔ 1. 12 地域 ぜんぶで 同じ パイプラインが うごく(start() から renderer へ)。きおくのみずうみ は 出さない (5157.685618ms)
✔ 2. よこは 方角固定: 12 地域の 代表 1 つずつ、yaw 0〜315 で 正しい がわへ うごく (6398.366399ms)
✔ 3. どの 地域も 遠景が じっさいに 画面に 出る。kind 11 種 ぜんぶ 描ける (7793.579619ms)
✔ 4. たて: 方位を もたず、意味の 位置(上 / 中央上 / 中央下 / 水ぎわ)に 出る。カメラが まわっても うごかない (1939.148079ms)
✔ 5. 1 画面は たても ふくめて 3 / 2 / 1。同じ 方角は 2 まで、山影は 1 まい。低 tier は mid だけ (53921.700051ms)
✔ 6. 見える 条件は visibleDistant の まま: ほしぞら・島は 見つけてから、下の 暗さは 出口の ちかく、街の 灯は 夕夜 (4561.689636ms)
✔ 7. 地域の みとおし(view)で こさを おさえる: 森・ジャングルは うすい。高い ところ(やまなみ)から 見る 山は ひくい (1010.213917ms)
✔ 8. よいやすい せってい: 12 地域 ぜんぶ 位置は おなじ・よこの ずれは 3 わり・ちらつかない (6641.067199ms)
✔ 9. 2D 命令: 12 地域・ぜんぶの 向き・ぜんぶの tier の 最悪でも +30 いか (81028.952369ms)
✔ 10. renderer contract と 不変: 地域名で わけない・buildWorld / mapX を つかわない・セーブ / 当たり判定 / 住民 は そのまま (3898.464821ms)
✔ 1. どの backdrop の どの そうも、右へ まわると 左へ ながれる(逆向き 0)。1 周 2° きざみ (9885.027559ms)
✔ 2. 速さ: C だった 5 種は 角度どおりの 0.6〜1.2 倍、ほかは これまでの 速さ(0.1〜0.7 倍)の まま (2378.038356ms)
✔ 3. じっさいの 波の 形も 左へ ながれる(描いた 点で たしかめる) (1095.426369ms)
✔ 4. 1 周で 模様が つながる: 0° / 360° と ±180° の 前後で ずれが とばない (3288.124476ms)
✔ 5. 形は かえない: yaw 0・よこ 0 では どの そうも ずれ 0。描く 命令の かずは 向きで かわらない (3556.647925ms)
✔ 6. よいやすい せってい: 回転の 向きは おなじ(左へ)、歩いた ぶんの よこの ずれは 3 わり (1480.242593ms)
✔ 7. 実時刻・地図の 座標を つかわない。遠景レイヤー(方角固定)は そのまま (36.108027ms)
✔ 8. セーブ・当たり判定・住民・たび・分母・DistantFeature は 動かない (4282.356509ms)
✔ 1. spec は walk の 10 本。Phase 4C の walk corridor と 1 対 1。special と きおくのみずうみ は 入らない (166.350917ms)
✔ 2. はし は gate の 出口 spot と 一致。むきも gate と あう (2800.490625ms)
✔ 3. 段の かずは land と おなじ。ことばは gate の land から(むきごと)。地面は 11 種 (33.193661ms)
✔ 4. walkLength = 段 × 450。初回 8.7〜10.4 秒、再訪は 1.4 倍の はやさ(かたちは 同じ) (37.098337ms)
✔ 5. むきは a の 出口 → b へ 入る むき へ なめらかに。はじめと おわりの 半段は まっすぐ (48.062159ms)
✔ 6. 曲がる はやさ(260/s): めやす 30°/s。こえる ものには しるし。U ターン寄りは countryside|forest (95.139861ms)
✔ 7. 幅は いみの クラス(narrow / normal / wide)。world たんいの 幅と よこずれの 上限を みちびける (101.163303ms)
✔ 8. 当たり判定は いみだけ。region の collider を もちこまない。障害物の 上限 24 (41.919851ms)
✔ 9. いきと かえり: かたち・長さ・幅は 1 つを 共有、むきだけ さかさ (31.548597ms)
✔ 10. handoff: 出口の pose ↔ s / u ↔ 入口の pose。むきの とびは 0.5° 未満、位置は spot の なか (29.203039ms)
✔ 11. closure の のこりを もちこまない: はしは spot の local 座標 そのもの。global の 位置では きめない (34.452778ms)
✔ 12. fallback: reduced motion・perfTier 2・失敗・許可リスト外 は いまの transition (23.602408ms)
✔ 13. CorridorState の かたち。s は 0〜walkLength の world 距離、u は よこの world 距離 (25.439656ms)
✔ 14. 1 どだけ 組み立てて freeze。生成は かるい (29.285917ms)
✔ 15. まだ だれも つかって いない: simulation / renderer / UI / script.js から よばない (55.716277ms)
✔ 16. **消しても うごきが 変わらない**: 4E-1 を 消した meguru.js と ゲームの 指紋が おなじ (7255.828882ms)
✔ 17. 分母・spot・たび・セーブ・世界地図・corridor・遠景・transition は 1 つも 動いて いない (139.085513ms)
✔ 1. corridor を あるくのは 許可リストの 5 本(行きと 帰り)だけ。ほかの 出口は いまの transition(Phase 4E-4A で LOW 4 本を たした) (3457.008089ms)
✔ 2. fallback: よいやすい せってい・perfTier 2・しっぱいした・おもい・形が あわない → transition。perfTier 0 / 1 は corridor (96.130224ms)
✔ 3. home → forest: 長さは spec の まま、初回 10.4 秒 / 再訪 7.4 秒、段は 0 → 5、着く がわは forest の 入口 (137.397827ms)
✔ 4. forest → home も おなじ 形を さかさに つかう(長さ・段・幅は おなじ、ことばは forest がわ) (140.445027ms)
✔ 5. s / u: 左右に あるけるが 帯の そとへは 出ない(幅クラスから)。レールでは ない (116.679144ms)
✔ 6. むき: 入る しゅんかんに カメラは うごかない。曲がる はやさは spec どおり(初回 10.9°/s)、着く ときの ずれは 1° 未満 (215.289731ms)
✔ 7. 当たり判定: 帯の はしの いし だけ(1 段 1 こ・24 こ いない)。いしに めりこまない。region の 当たり判定は もたない (95.458009ms)
✔ 8. なかまは ついてくる(帯の なか・じぶんの ちかく・かずは おなじ)。住民は 0 (172.115989ms)
✔ 9. 引き返し: とちゅうで もどると 出発 地域の 同じ 出口へ(commit しない) (91.653329ms)
✔ 10. け しき: 飾りは 150 こ いない、段の 地面の 種類で かわり、となりの 段と なめらかに まざる。地面の いろは 出発 → 到着 へ とばずに。背景は まんなかで 1 回だけ(Phase 4E-4A)。遠景は すすみぐあいで まざる (118.381219ms)
✔ 11. start(): home → forest を あるく。とちゅうの セーブは home の まま、着いた ときだけ forest。corridor の あとかたは のこらない (899.497946ms)
✔ 12. とちゅうで reload(もどる → もう いちど start)すると 出発 地域から。セーブの かたちは かわらない (208.863913ms)
✔ 13. とちゅうで 引き返すと home の 大きな 木へ。地域も セーブも かわらない (177.787993ms)
✔ 20. corridor の あいだ、しらせ・その ばの ボタン(はなす / のる)は 出ない(こえた frame に 出た ものも のこらない) (1313.025155ms)
✔ 21. 着く まえに 1 かい だけ 組み(prepare)、着いた ときに それを そのまま つかう(buildWorld を 2 かい よばない)。帰りも おなじ しくみ (732.004552ms)
✔ 22. commit で しっぱい: 地域が かわる まえ でも かわった あと でも、出発 地域へ もどる。セーブは home、corridor の あとかたなし、つぎは transition (2249.77651ms)
✔ 23. 終端 ちかくの 競合: 組んだ あとで 引き返す / もどる / reload / 暗く なりかけて 引き返す — どれも forest へ commit しない (2232.859141ms)
✔ 24. けしきは はじめて でも 2 かいめ でも おなじ(はやさ だけ かわる)。いしは まっすぐ あるく 道の うえに ない (64.47781ms)
✔ 25. なかまは 段の さかいでも とばない・きえない(ずっと 同じ かず、1 frame の うごきは ちいさい) (1094.184154ms)
✔ 14. よいやすい せってい・perfTier 2 は いまの transition(corridor は つかわない)。地域の いどうは できる (1316.375829ms)
✔ 15. home.bigtree の 2 つの 出口を とりちがえない: かわ(river_lake)の むきは home|river_lake、もりの むきは home|forest(Phase 4E-4A から どちらも corridor) (1012.429941ms)
✔ 16. 着く がわが 組み立てられない とき: home の 出口へ もどる。セーブは home、つぎからは transition (397.433228ms)
✔ 17. walk で ない 出口(例: countryside の ゴンドラ)は いまの transition の まま(Phase 4E-4C で walk は 10 本 ぜんぶ corridor) (211.555973ms)
✔ 18. 4E-2 の コードは 印の ついた ところ だけ。simulation・renderer・セーブ・たび は かえて いない (21.71679ms)
✔ 19. 分母・spot・たび・セーブ・世界地図・corridor の かずは うごいて いない (50.058773ms)
✔ 1. じょうたいの きまり: 道の のこり 810 で 組みはじめ、のこり 1485 より もどったら すてる(あそび)。こけた あと・着いた あとは なにも しない(Phase 4E-4A で 割合 → のこり きょり) (237.686419ms)
✔ 2. buildWorldSteps: くぎって 組んでも・とちゅうで ほかの ことを しても、buildWorld と おなじ world(13 地域) (17047.923018ms)
✔ 3. home → forest: 0.70 から 組みはじめ、着く まえに ready。組んで いる あいだ 正本は home。着いた ときに その world を つかう(二重 build なし) (424.151092ms)
✔ 4. 帰り(forest → home)も 同じ しくみ。2 かいめ(はやあし 1.4 倍)でも 着く まえに ready (946.903806ms)
✔ 5. まにあわない(組みかけ で 着いた): のこりを その場で 組んで つかう。二重 build なし (402.302822ms)
✔ 6. こける(台帳 / 組む とちゅう / 絵の したく / 着く ときの たしかめ): 歩きつづけ、着いた ときに 4E-2 の 着き方で forest へ。その 旅では 組みなおさない (2144.047092ms)
✔ 7. 引き返し: 組む まえ / 組みかけ / ready の あと。0.45 より もどったら すてる。もどりきれば home。また すすめば 組みなおす (969.757169ms)
✔ 8. reload(組みかけ / ready で やめる): 組んだ ものは すて、セーブは home。つぎは home から (705.995475ms)
✔ 9. 10 往復しても たまらない(組んだ world・わたす もの・ログ)。まいかい 組んで 1 回 つかう (3712.493178ms)
✔ 10. 27 にんでも 組んで 着く(ならびは そのまま)。セーブに あたらしい key は ない (2265.760985ms)
✔ 11. reduced motion・perfTier 2 は いまの transition(preload も しない)。ほかの 出口・special も そのまま (2985.279382ms)
✔ 1. 許可リストは 5 本(かさならない)。のこり 5 本と special・memory_lake は いまの transition。LOW 4 本は 形が そろって いる (4996.872091ms)
✔ 2. 組みはじめ は 道の のこり 810(6 段 = 0.70)。5 本とも 曲がる はやさは 初回 / 2 かいめ 30°/s いか (44.659317ms)
✔ 3. 5 本 × 行きと 帰り(27 にん): 0.70 から 組み、着く まえに ready、組んだ world を 1 回 つかう。正本は 着く まで 出発 地域。はっけん・セーブの key・なかま (135832.979487ms)
✔ 4. reload(組みかけ / ready で やめる): セーブは 出発 地域、組んだ ものは のこらない(home|forest いがい の 9 本) (35060.580798ms)
✔ 5. しっぱい: 組む とちゅう / 絵の デコード / 着く ときの たしかめ で こけても 移動は とまらない(5 本) (43474.540518ms)
✔ 6. 絵の さきどり デコード: あるける 出口に ちかづくと その corridor の 段と 両端の ことば だけを 1 回(4E-4B: 道 ぜんぶの 段)。セーブ・地域は かわらない (6714.816299ms)
✔ 7. 景色(5 本 × 行きと 帰り): 背景は まんなかで 1 回だけ 出発 → 到着。はしは 端の 地域の いろ。いろは とばない (484.308576ms)
✔ 8. home.bigtree の 2 出口: むきで 1 つに きまる(もり / かわ を とりちがえない)。city の 3 出口・mountain の 4 出口も とりちがえない (16222.894459ms)
✔ 1. 曲がる はやさ: 8 本 × 行き / 帰り × 初回 / 2 かいめ を はかる。MEDIUM 3 本は 2 かいめでも 28°/s いか、4E-4A の 5 本は かわらない (769.300895ms)
✔ 2. 曲がる 量 と 両はしの むきは 4C / 4E-1 の まま(ひろげる だけ)。むきの 積分 = 出口の むき、行きと 帰りは 同じ かたちを さかさに (201.944326ms)
✔ 3. カメラ・なかま 27 にん・帯: MEDIUM 3 本 × 行き / 帰り(2 かいめ 1.4 倍)で なめらかに ついて いく。帯の そとへ 出ない (9883.339758ms)
✔ 4. 景色(MEDIUM 3 本): 森 → 岩 → 山、山 → 川 → 湖(海に ならない)、まち → 運河 / 港 → 海(深い 海・ジャングル・ふね を まぜない) (260.983745ms)
✔ 5. city の 3 出口: desert・sea・countryside とも corridor(4E-4C)。special(ふね・ゴンドラ・もぐる)は 許可リストに ない (703.447842ms)
✔ 1. 曲がりの 表(10 本): どれも 2 かいめ 30°/s いか・倍率 1.4(cap なし)。HIGH 2 本は city|countryside = level 2、countryside|forest = 一定 曲率(level 3) (241.381581ms)
✔ 2. countryside|forest の 一定 曲率: 行き / 帰り とも 道 ぜんぶ おなじ はやさで 曲がる。曲がる 量・両はし の むき・ぎゃく むき は 4E-1 の まま (96.054129ms)
✔ 3. カメラ・なかま 27 にん(HIGH 2 本 × 行き / 帰り、2 かいめ 1.4 倍 + とちゅうの U ターン): カメラは 上限 いか、なかまは とばない・ひろがらない (13768.27737ms)
✔ 4. 景色 city|countryside: まち(灰 / ネオン) → 道・畑 → 村。いろは ひとつの むき、背景は 1 回、home の いえ・海 を まぜない (99.774011ms)
✔ 5. 景色 countryside|forest: 村・畑 → 雑木林 → 深い 森。村の はしは countryside の いろ(home の いえなみ・いろ で ない)。背景は 1 回、星の ことば なし (66.341507ms)
✔ 6. HIGH 2 本 × 行き / 帰り(start): あるく あいだ たび・ちず は つかえない / もどる・パッド は つかえる、着くと もとどおり。遠景に ゴンドラ(星の とまりば)の ひかり は 出ない。はっけんは 1 回 (3304.404931ms)
✔ 7. HIGH 2 本 の fallback(start): よいやすい せってい・perfTier 2 は corridor を つかわず いまの transition で 着く (2819.05617ms)
✔ 8. gate の 表(13 地域 × 出口): 地域 × spot × connection × mode。walk 10 本 × 2 = 20 出口 は corridor、special 5 出口 は transition、memory_lake は 出口 なし (2140.865451ms)
✔ 9. special の 表(ふね・ゴンドラ・もぐる): 許可リストに いれても walk で ない ので transition。corridor の spec も ない (1257.720653ms)
✔ 10. 端の いろ の きまり(地形 × 地域 の きまり で、本ごと で ない): 10 本 の 端の 段を ほかの 地域の いろの 地形に かえても、道の はしは 端の 地域の いろ (194.238122ms)
✔ every region carries its own look: colours, backdrop, air, view distance, ground layers and structures all differ (139.241962ms)
✔ density follows the plan: the jungle and forest are dense, the desert and the memory lake are open (3833.723819ms)
✔ the ground is never a big empty space: detail is generated from the world grid anywhere you stand (1978.849484ms)
✔ structures are canvas shapes with a region, never emoji, and never a living creature (3568.929253ms)
✔ water regions have real terrain and nobody can walk into the water (527.895353ms)
✔ the world layer still works with no canvas at all (the renderer stays swappable) (2291.842426ms)
✔ weather and time reach the regions that should have them: no rain under the sea or in the sky stop (30.11867ms)
✔ forest: drawing goes to the raw context; only text (emoji → illustration) goes through the wrapped context (802.272692ms)
✔ mountain: drawing goes to the raw context; only text (emoji → illustration) goes through the wrapped context (373.788092ms)
✔ city: drawing goes to the raw context; only text (emoji → illustration) goes through the wrapped context (584.500444ms)
✔ ground details: the per-cell memo returns exactly what a fresh world computes, across many queries and all regions (40074.581581ms)
✔ city: ばらつき は city の 🏢 / 🏬 だけ。ほか の 地域 と 絵 は そのまま (233.257687ms)
✔ city: おなじ いち は いつも おなじ 大きさ(決定的)。はば と たかさ は きめた はんい の なか (457.80445ms)
✔ city: 絵文字 を えがく ところ で ばらつき を わたす(ほか の 絵文字 は いままで どおり) (11.913572ms)
✔ city: 1 フレーム で えがく ビル の たて よこ の ひ が ばらける (2345.109675ms)
✔ city: props・当たり判定 は そのまま(えがく とき だけ) (642.391817ms)
✔ river_lake(night): もや は ふち を ぼかした 1 まい。かたい おび は ない (1948.769506ms)
✔ river_lake(morning): もや は ふち を ぼかした 1 まい。かたい おび は ない (2006.61055ms)
✔ river_lake(day): 昼 は もや を えがかない(いままで どおり) (3686.435453ms)
✔ river_lake: もや の とまり は 3 つ の やま(もと の 3 本 の おび の まんなか) (48.138769ms)
✔ counts: spot / path / zone / secret / 分母 / 遠景 / 発見レベル は 1 つも かわらない (55.468511ms)
✔ river_lake: props・当たり判定 は そのまま (861.622233ms)
✔ save: 形 は かわらない(ばらつき・もや は セーブ しない) (2440.287274ms)
✔ arch: drawStructure が しって いる 1 つ の かたち。地形 として えがく (180.133867ms)
✔ arch: いわのアーチ は rock、ほねのアーチ は bone。1 つ の かたち を ぬりわける (260.157952ms)
✔ arch: rock は 穴を くりぬいた 岩、bone は 線 の ほね。えがきかた が ちがう (3045.013056ms)
✔ arch: 1 フレーム の よびだし の ふえかた は ちいさい(2 か所 だけ) (2693.086508ms)
✔ deco: 7 か所 とも deco で、view に して いない。しらせ の レベル は そのまま (1412.195808ms)
✔ deco: solid に しない。当たり判定 に も 地図 に も のらない。カメラ も ふりむかない (2520.261115ms)
✔ deco: #319 の view 4 か所 は keep を もたず、いち も かわらない ルール の まま (1126.258856ms)
✔ counts: spot / path / zone / secret / 分母 / 遠景 / 発見レベル は 1 つも かわらない (44.193564ms)
✔ counts: props が ふえる の は deco を もつ 6 地域 だけ(その かず だけ) (2495.123195ms)
✔ save: 形 は かわらない(deco は セーブ しない) (1270.679214ms)
✔ snow: じめん の いろ は そのまま(世界地図・地域地図・corridor が つかう) (251.380008ms)
✔ snow: みち は 圧雪 の 青灰。雪面 から 読める が、青く しすぎない (46.255315ms)
✔ snow: 雪面 の 起伏 と 足あと は 白 で なく 青灰〜薄紫。きらきら と 氷 は そのまま (257.84983ms)
✔ memory_lake: 霧 は memory_lake の 木 と 草 だけ。ほか の 地域 と あかり は うすく しない (35.561505ms)
✔ memory_lake: ちかく は くっきり、とおく ほど 霧 に しずむ(ゆうれい に しない) (42.934205ms)
✔ memory_lake: 絵文字 の fade に 霧 を かける(描く 命令 は ふやさない) (30.787176ms)
✔ memory_lake: props・木 の 壁・当たり判定 は そのまま(霧 は 見た目 だけ) (117.784054ms)
✔ star_stop(day): 地平線 を またぐ 霞 の おび が ある。地上 は 霞 の むこう (1958.510568ms)
✔ star_stop(night): 地平線 を またぐ 霞 の おび が ある。地上 は 霞 の むこう (1600.896418ms)
✔ star_stop: 遠景 は 1 つ(land_below)の まま。ほか の 地域 に 地平線 の した の 遠景 は ない (57.701155ms)
✔ counts: spot / path / zone / secret / 分母 / 遠景 / 発見レベル は 1 つも かわらない (60.572627ms)
✔ snow / star_stop / memory_lake: props・当たり判定 は そのまま(いろ と 霞 と 霧 だけ) (471.363296ms)
✔ save: 形 は かわらない(霧 や 霞 は セーブ しない) (1279.292428ms)
✔ 1. さばく ↔ ジャングルの 徒歩の みちは もう ない (254.04544ms)
✔ 2. jungle|sea は special sea connection。ふつうの 徒歩の みちでは ない (44.129499ms)
✔ 3. 出発と 上陸は、どちらも 実在する 非秘密の spot (35.672099ms)
✔ 4. 外洋は region では ない。non-region geography として もって いる (51.652754ms)
✔ 5. 海路は Phase 2.1 の transition 正本に そのまま のって いる (270.13534ms)
✔ 6. 初回は すこし ながく、2 かいめ からは みじかい。よいやすい せっていも きく (216.053605ms)
✔ 7. 音は sim/world がわ。え の がわは 音を 鳴らさない (11.820295ms)
✔ 8. うみ → ふね → ジャングル。もどりも おなじ しくみで わたれる (6986.820473ms)
✔ 9. なかまは いっしょに わたる。住民は のせない。二重に 出ない (3645.754813ms)
✔ 10. わたって いる あいだ、二重に はじまらない。ボタンも ぜんぶ ロックされる (4688.729596ms)
✔ 11. 「たび」は これまで どおり。あるいて 行けなくても たびでは 行ける (810.208874ms)
✔ 12. 海路を 見つける まで、島も 航路も 1 つも もれない (56.948303ms)
✔ 13. 海路の はっけんは、りょうがわの 入口を どちらも 見つけた ときだけ (31.159249ms)
✔ 14. 世界地図の 海路は 徒歩の みちと おなじ 線に しない (19.224ms)
✔ 15. 探索率: 通常 link の ぶんぼに ひみつも ゴンドラも 入って いない (42.183748ms)
✔ 16. 地域の なかみは 1 つも かわって いない (64.098098ms)
✔ 17. ひみつは 1 つも 世界地図へ もれない(海路を 足した あとも) (88.909043ms)
✔ every dex entry becomes exactly one inhabitant somewhere; the current pet, companions and partner are not duplicated (3054.550568ms)
✔ Naoto never appears before the secret is unlocked, and afterwards waits at the far end of the memory lake (3299.849245ms)
✔ entering めぐる from the travel screen switches to the field, inhabitants live, talking works, and returning restores home (1474.127319ms)
✔ げんざいち keeps the home world and only changes its flavour; sleeping blocks entry (118.279386ms)
✔ the simulation runs with no renderer or DOM: world coordinates, movement, obstacles, meeting and talking (1469.295599ms)
✔ the renderer is swappable: a custom renderer receives sim.view() and the world is never given screen coordinates (527.041708ms)
✔ every region is a spot graph: all spots reachable from the entrance, at least one loop and one secret place, crowds uneven (503.282261ms)
✔ camera-relative input, a camera that turns toward the walk direction, spot discovery events and facing (548.911063ms)
✔ spot discoveries are saved per region and survive re-entering (1046.189194ms)
✔ holding one pad direction never spins the camera: the input frame is locked while the finger stays down (691.985829ms)
✔ regions differ in size and structure; zones give a mood that changes with depth; the forest is the maze (1354.709601ms)
✔ こえかたは 4つの あいだ(approach → cross → arrive → settle)で できて いる (2.388976ms)
✔ のぼり / くだりは connection では なく layer の さ から きまる(かえりは 逆) (1509.37718ms)
✔ 入れかえの しゅんかんは ぜったいに すけない(cross の あいだは ずっと 1) (1.134398ms)
✔ settle が あり、操作は settle の あたまで もどる(ながく うばわない) (1.826949ms)
✔ 2かいめ は みじかく、よいやすい せっていは もっと みじかい(なくしはしない) (0.83946ms)
✔ 端末の おもさで つぶの かずを へらす(えの がわが よむ 1つの すう字) (0.472565ms)
✔ 音は いみの がわ(cue)に あり、え の かんすうからは 鳴らさない (13.347362ms)
✔ plan は 3D 化に そのまま つかえる いみ だけ を もつ (261.944543ms)
✔ こえた ときに カメラが とばない(出るときの むきを ひきついで ゆっくり もどす) (555.623275ms)
✔ ひきつぎが ない とき(たび)は これまでどおり (254.51171ms)
✔ 鳥居・山道・のりば・どうくつには その ばしょ だけの きぶんが ある (1540.593714ms)
✔ えんしゅつを 足しても 地理正本・データの かずは 1つも かわらない (0.85335ms)
✔ こえる ための データに ひみつは 出て こない (2477.473242ms)
✔ 1. 代表ルートが 出口の いみデータを もつ(あるく 10・たてじく 2・海路 1) (250.537971ms)
✔ 2. きめられた 出口 いがいから region の 外へ 出られない (2682.046097ms)
✔ 3. あるいて こえる: おうち → もり → いなか。むきも ひきつぐ (1503.426924ms)
✔ 4. 入った しゅんかんに もどされない。はなれれば また こえられる (643.750487ms)
✔ 5. ゴンドラは たてじくの 上、もぐるは 下。どちらも あるいては 出ない (937.561876ms)
✔ 6. 鳥居 → 山道 → のりば。鳥居と のりばは 直結して いない (39.89346ms)
✔ 7. 住民は region を こえない。なかまは ついてくるし 二重に 出ない (420.17901ms)
✔ 8. あるいて こえても「たび」の ひようが かからない (62.830022ms)
✔ 9. はじめて きた ことは のこる。region はっけんと みちの はっけんが すすむ (75.789324ms)
✔ 10. みちの はっけんは これまでどおり「両がわの 入口を 見つけた とき」だけ (36.650112ms)
✔ 11. 出口を ふやしても ひみつは もれない (1720.116505ms)
✔ 12. region-local な せかいは こわれて いない (3093.114204ms)
✔ 13. 往復しても こわれない: おうち → いなか → もり → いなか → おうち (4082.028383ms)
✔ 14. たてじくは 3D 化に つかえる いみデータ (33.122047ms)
✔ occlusion: ランドマーク を ふさぐ 木 は すける。地形(がけ・岩)は すけない (227.413644ms)
✔ たきのみはらし: みき は solid の まま、いち も かわらない(すけるのは えがく とき だけ) (529.180339ms)
✔ landmarkNearAlpha: ふつう に ながめる 大きさ は そのまま、レンズ の なか は えがかない (53.630129ms)
✔ OCCLUDER_SHIFT: かたがわ に はりだす かたち だけ。side の ほう へ ずらす (72.489665ms)
✔ ちいさな 絵文字: みちばた の もの は、じぶん より ある ていど おおきい とき だけ すける (30.212292ms)
✔ jungle 夜: もちあげ は jungle だけ。floor と mul は ひかえめ (38.586809ms)
✔ jungle 夜: みき の あいだ の もや を ぬる。ぬれた は の ひかり は 1 かい の fill (2237.691038ms)
✔ jungle 昼: もや も ひかり も えがかない (1825.716095ms)
✔ star_stop: 霞 は 地平線 で いちばん こく、地上 の こい ところ でも 0.7 のこる (45.803259ms)
✔ deco: くぼちのみはらし に しだ、つりばし に つりばし。見た目 だけ (840.826551ms)
✔ counts: spot / path / zone / secret / 分母 / 遠景 / 発見レベル は かわらない (36.670703ms)
✔ collision: forest / jungle の 障害物 は main と おなじ かず(deco は solid で ない) (1966.068815ms)
✔ save: 形 は かわらない (4348.860639ms)
✔ worldLayers: every region can be read by meaning, and every drawn structure has a role (3968.943247ms)
✔ no giant "material" illustration stands in for a landmark: waves, ice cubes, stars, wheat become canvas shapes or nothing (3097.501335ms)
✔ composition changes inside a region: zones swap the framing kind, the plant pool and place one hero (6327.834032ms)
✔ fallen logs and rocks lie at different angles and gather instead of lining up (1366.102988ms)
✔ the world is still data only: layers, heroes and zone composition need no canvas, and PR #277 stays intact (7312.073185ms)
✔ 1. 正式地理 v2(D2): 13地域が 1回ずつ、地上10・水面下1・上空1・記憶1 (263.349776ms)
✔ 2. 接続表が 正本の 14本と ぴったり あう。入口の spot も ぜんぶ 実在して、ひみつでは ない (50.626682ms)
✔ 3. 二つの水系。たにの おおかわと みやこがわは べつの 川で、上流で つながって いない (35.075633ms)
✔ 4/5. たてじくは 2か所。ほしぞらは いなかの 山の上、しんかいは うみの 外洋の下 (62.29189ms)
✔ 6/7/8. まだ 見つけて いない 地域・みち・大めじるしは、なまえも かたちも 出ない (48.629012ms)
✔ 9. ひみつ spot・ひみつ path・ひみつ zone が せかいのちずへ 1つも もれない (60.31811ms)
✔ 10. 旧セーブの 訪問ずみ 地域が、そのまま 見つけた ことに なる。でも みちは ひらかない (53.026209ms)
✔ 11. みちは りょうがわの 入口 spot を どちらも 見つけた ときだけ ひらく (38.375445ms)
✔ 12. せかい たんさくりつ: ぶんぼに ひみつが 1つも 入って いない (35.986225ms)
✔ 13. たんさくりつから のこりの ひみつの かずが ぎゃくさんできない (42.498058ms)
✔ 14. 図上の おおきさ: おうちが 点に ならず、さばくの ひろさも のこる (51.052897ms)
✔ 15. GEO_AREA は 実際の world から 測った 値と あう(halfW では なく 実 box) (2671.861792ms)
✔ 16. せかいのちずから 地域の ちずへ 入れて、もどれる。開いただけでは 発見状態が かわらない (939.253054ms)
✔ 17. せかいのちずを とじて いる あいだ、たんさくの けいさんは 1フレームも ふえない (1884.921942ms)
✔ 18. せかいのちずの セーブは id だけ。地域の はっけんと みちの はっけんを べつに もつ (543.155912ms)
✔ 19. 旧セーブ(せかいの きろくが ない)でも こわれない (660.30268ms)
✔ 20. 地域の ちずは これまでどおり。せかいのちずの ために 1つも かわって いない (768.225236ms)
✔ 21. D2 へ かえても、地域の なかみは 1つも うごいて いない (12905.812891ms)
✔ 22. 地理正本 v1: 山は 3 つの モチーフ。にしは あるける 山地、ひがしは region では ない 巨大山地 (97.554191ms)
✔ 23. 地理正本 v1: おうちの すぐ近くを 天竜川型が ながれ、とかいへは ながれない (73.716465ms)
✔ 24. 地理正本 v1: 分水界が 正式な 地形。2 水系を 図の うえで 分ける (83.389066ms)
✔ 25. 地理正本 v1: 源の湖は ふつうの 地形。きおくのみずうみ では ない (93.095502ms)
✔ 26. 地理正本 v1: 北西に さばく、南西に ジャングル (78.660294ms)
✔ 27. 地理正本 v1: 生活圏の 三角と、おうち ↔ とかい を 持たない こと (103.869586ms)
✔ 28. 地理正本 v1: もりは「やま と おうちの あいだ」ではなく「おうち → いなか の とちゅう」 (102.961038ms)
✔ 29. 地理正本 v1: 南アルプス型は ひがしの 巨大山地。やまは にしの 中央アルプス型がわ (114.217443ms)
✔ 30. 地理正本 v1: ほしぞらへは **特殊たてじく接続**。ふつうの 徒歩の みちでは ない (106.842649ms)
✔ 31. 地理正本 v1: ゴンドラは 見つけるまで ばれない。探索率も 1 つも かわらない (79.987419ms)
✔ story pools exist for everyday care, travel, courtship and waking (793.534195ms)
✔ each midlife event fires once at its age and records a life-log line (377.602282ms)
✔ a birthday at a midlife age triggers the event through onAgeChanged (89.938318ms)
✔ a fresh save is schemaVersion 5 and survives a save/load round trip unchanged (763.092585ms)
✔ a schemaVersion 3 save keeps its displayed age (18 -> 20 ticks per year) (187.634548ms)
✔ a pre-schema save converts the old age scale, stage names, and freePlay (101.526358ms)
✔ schemaVersion 5 heals wrong shapes without touching valid values (173.017918ms)
✔ normalizeStateShape is idempotent on a fresh state (67.722996ms)
✔ the infinite-world return snapshot is normalized with the save (158.581125ms)
✔ normal equipment V2 refunds all five owned retired IDs before catalog filtering (119.742864ms)
✔ normal equipment V2 refunds flower once and unequips it (114.18602ms)
✔ normal equipment V2 refunds energy1 once and unequips it (54.430522ms)
✔ normal equipment V2 refunds hat once and unequips it (73.203139ms)
✔ normal equipment V2 refunds crown once and unequips it (106.248475ms)
✔ normal equipment V2 refunds glasses once and unequips it (158.111496ms)
✔ normal equipment V2 ignores purchase history without actual ownership (93.708894ms)
✔ normal equipment V2 marked saves remove stale retired equipment without refunding again (84.774999ms)
✔ normal equipment V2 heals malformed migration marker null (58.316848ms)
✔ normal equipment V2 heals malformed migration marker [] (76.875798ms)
✔ normal equipment V2 heals malformed migration marker "bad" (78.916514ms)
✔ normal equipment V2 heals malformed migration marker {"normalEquipmentV2":"false"} (71.61622ms)
✔ normal equipment V2 heals malformed migration marker {"normalEquipmentV2":1} (77.026612ms)
✔ normal equipment V2 heals malformed migration marker {"normalEquipmentV2":{}} (125.703516ms)
✔ normal equipment V2 heals malformed money and ownership without creating unowned refunds (195.968529ms)
✔ normal equipment V2 refunds survive save/load, repeated normalization and the next life (319.575284ms)
✔ normal equipment V2 infinite return never credits its snapshot into the live balance (539.280261ms)
✔ normal equipment V2 does not repay an old infinite snapshot when the live save is marked (83.712933ms)
✔ normal equipment V2 canonicalizes tier aliases and refunds each retired base only once (86.283144ms)
✔ stack-harvest uses the existing atlas crop within the original block decoration box (488.625321ms)
✔ stack-sakura uses the existing atlas crop within the original block decoration box (96.188105ms)
✔ stack-leaves uses the existing atlas crop within the original block decoration box (97.065557ms)
✔ pending, failed, wrong-size and drawing-error atlases retain the original emoji and recover on load (87.861102ms)
✔ unmapped stack themes keep their own symbols instead of a different illustration (312.416595ms)
✔ illustrated play keeps all other Canvas commands, score, rewards and timing identical to emoji fallback (4574.271221ms)
✔ reduced motion and lightweight mode retain the motif; retirement prevents late image work (210.05761ms)
[naotocchi] minigame Error: boom
    at frame (/workspace/scratch/28c7e6574f23/naotocchi/tests/minigame-lifecycle-test.cjs:220:60)
    at mgRunTagged (evalmachine.<anonymous>:38696:17)
    at evalmachine.<anonymous>:38741:9
    at /workspace/scratch/28c7e6574f23/naotocchi/tests/helpers/runtime-harness.cjs:233:49
    at Object.fn (/workspace/scratch/28c7e6574f23/naotocchi/tests/helpers/runtime-harness.cjs:207:82)
    at Object.advance (/workspace/scratch/28c7e6574f23/naotocchi/tests/helpers/runtime-harness.cjs:322:57)
    at TestContext.<anonymous> (/workspace/scratch/28c7e6574f23/naotocchi/tests/minigame-lifecycle-test.cjs:224:5)
    at Test.runInAsyncScope (node:async_hooks:227:14)
    at Test.run (node:internal/test_runner/test:1382:25)
    at Test.processPendingSubtests (node:internal/test_runner/test:960:18)
[naotocchi] minigame Error: start boom
    at Object.start (/workspace/scratch/28c7e6574f23/naotocchi/tests/minigame-lifecycle-test.cjs:237:59)
    at evalmachine.<anonymous>:39072:39
    at mgRunTagged (evalmachine.<anonymous>:38696:17)
    at launch (evalmachine.<anonymous>:39072:7)
    at Object.startMinigame (evalmachine.<anonymous>:39077:10)
    at TestContext.<anonymous> (/workspace/scratch/28c7e6574f23/naotocchi/tests/minigame-lifecycle-test.cjs:237:9)
    at Test.runInAsyncScope (node:async_hooks:227:14)
    at Test.run (node:internal/test_runner/test:1382:25)
    at Test.processPendingSubtests (node:internal/test_runner/test:960:18)
    at Test.postRun (node:internal/test_runner/test:1522:19)
✔ score 10 keeps results readable before the reaction begins (327.783875ms)
✔ score 90 keeps results readable before the reaction begins (513.887269ms)
✔ a new care conversation replaces results and cancels the delayed game reaction (74.311738ms)
✔ replaying cancels the delayed reaction and old result controls (85.419123ms)
✔ retire clears a held key before the next game (64.397546ms)
✔ complete clears a held key before the next game (76.885352ms)
✔ blur releases keyboard steering and allows a new press (81.937363ms)
✔ hidden releases keyboard steering and allows a new press (38.846793ms)
✔ a background switch stops repeating button input without ending the game (320.083222ms)
✔ a background switch releases a touch-held control without a pointerup (70.197202ms)
✔ input scope is restored when an event never bubbles to window (62.560068ms)
✔ all 100 registered games can retire without delayed rewards or repopulating the screen (690.056075ms)
▶ first-play instructions include each dynamic goal needed to finish the game
  ✔ tilt-maze-3d (9.128253ms)
  ✔ pingpong-3d (16.995348ms)
  ✔ sudoku-mini (9.07512ms)
  ✔ area-claim (1.277997ms)
  ✔ beach-volley (1.087407ms)
✔ first-play instructions include each dynamic goal needed to finish the game (102.166839ms)
✔ Sudoku instructions follow the actual 4×4 board (41.193725ms)
✔ Sudoku instructions follow the actual 6×6 board (62.224651ms)
✔ Mancala explains sowing toward the right-hand own store and follows that path (52.107303ms)
✔ a game whose frame loop throws is closed without rewards and the next game works (80.892821ms)
✔ a game that throws while starting is closed cleanly (66.83754ms)
✔ game pass five-second timer refreshes UI and respects null (66.019549ms)
✔ game pass five-second timer refreshes UI and respects sleep (70.583093ms)
✔ game pass five-second timer refreshes UI and respects dead (71.700789ms)
✔ game pass five-second timer refreshes UI and respects transform (76.750499ms)
✔ game pass reload retains only the unexpired part of its five-second deadline (157.913986ms)
✔ game pass infinite return preserves its remaining cooldown (79.708873ms)
✔ game pass infinite return preserves its remaining cooldown after reload (190.009819ms)
✔ game pass infinite return without an old-life snapshot retains its deadline (53.910916ms)
✔ game pass infinite return never shortens a later saved normal-life deadline (64.023172ms)
✔ the observer legend stays abstract and does not alter the current life (548.130798ms)
✔ observer stories keep their clues ambiguous instead of identifying Naoto (174.396009ms)
✔ skipping then closing releases the movie and cancels all later scene changes (93.188661ms)
✔ opening a different overlay cleans up cinema mode and a following date resets legend choreography (118.584102ms)
✔ cinematic legend subtitles and titles contain no emoji (74.413721ms)
✔ date dialogue identifies each speaker with their own portrait and escapes the saved name (158.689697ms)
✔ repeated dates rotate whole small stories before replaying one, even with the same random roll (480.583449ms)
✔ the 100-beyond voice stays unnamed and separate from the player (82.508063ms)
✔ all 18 partners keep their own speech identity across complete dates and anniversaries (6180.1802ms)
✔ four coherent stories per legend finish without rewards or explicit world answers (225.984851ms)
✔ guest and legacy partner speech keeps illustrated saved appearances without rewriting the relationship (231.512932ms)
✔ underwater dates keep both character asides and the closing consistent with swimming (1066.361445ms)
✔ game: only owned crown after dex completion doubles a relevant candidate (474.914922ms)
✔ game: achievement completion removes bias despite other unfinished achievements (112.473562ms)
✔ sticker: only owned crown after dex completion doubles a relevant candidate (66.38696ms)
✔ sticker: achievement completion removes bias despite other unfinished achievements (71.928199ms)
✔ moment: only owned crown after dex completion doubles a relevant candidate (79.386797ms)
✔ moment: achievement completion removes bias despite other unfinished achievements (80.844662ms)
✔ unplayed and record targets form a union, never 4x, and ring ownership has no effect (112.384899ms)
✔ actual achievement conditions stop bias before the next achievement notification (61.964344ms)
✔ danger, manual environment and ring pools never receive a crown multiplier (147.69434ms)
✔ all achievements complete disables every crown target, even with stale missing counters (77.285683ms)
✔ unowned sticker bias ends at the collection threshold and never boosts an owned copy (63.994526ms)
✔ task bias only fills a missing supply; enough unplaced copies require manual placement (93.86634ms)
✔ sticker candidate weights preserve rarity mass while doubling only the target (235.024722ms)
✔ environment joint lottery is 90:55 with all-safe candidates, not 90 percent (62.368596ms)
✔ mixed environment keeps negative raw weight and doubles safe weight only (74.34563ms)
✔ inactive environment remains 45:55 and empty pools cannot produce events (80.293091ms)
✔ real scheduled environment event uses crown odds and counts exactly once (139.678818ms)
✔ legacy crown save reload preserves rewards/history and activates only with dex proof (271.211885ms)
✔ queue crown ordering changes but candidate multiplicity and play count stay intact (195.253078ms)
✔ movable copies on other pages already satisfy supply; rearrangement is manual (88.329633ms)
✔ 20th A record removes cached bias before notification without refilling consumed tickets (110.931636ms)
✔ actual game queue lottery applies exactly 2x, neither 1x nor 4x (147.464839ms)
✔ lantern ownership false: positive growth (222.543489ms)
✔ lantern ownership true: positive growth (41.703389ms)
✔ lantern stacks once with existing boost, retaining fractional growth (42.667884ms)
✔ lantern does not boost loss, decline, initial sodachi or zero (27.221522ms)
✔ lantern leaves eggs and infinite mode unchanged (62.619954ms)
✔ lantern crosses the unchanged sodachi threshold with one level and a fraction (61.220733ms)
✔ normal game remains one real play and unchanged coins with lantern (144.390874ms)
✔ ring species: unknown doubles; registered immediately restores base (26.521592ms)
✔ ring companion: unknown doubles; registered immediately restores base (26.806827ms)
✔ ring partner: unknown doubles; registered immediately restores base (50.161616ms)
✔ ring species uses the actual form dex, including ticket registrations, not raised species (29.621184ms)
✔ rare companion registration use the same dex predicate (29.243344ms)
✔ ring never targets crown pools, risks, manual settings, or secret ren (41.940727ms)
✔ ring does not promote romantically incompatible candidates (60.329414ms)
✔ ring and crown do not multiply one candidate to four (41.255322ms)
✔ weighted ring sampler doubles each unknown candidate and preserves known base mass (27.559512ms)
✔ normal companion draw retains regional 4:1 mass before ring bonus (38.200683ms)
✔ natural transform excludes current, excluded and locked rares, biases only legal choices (73.968175ms)
✔ transform ticket output is identical with and without ring for the same random stream (27.05988ms)
✔ old save ownership restores passives without new save fields (74.628164ms)
✔ old save goal-history restores passives without new save fields (87.984306ms)
✔ item-all counts consumables ever acquired: a held (never used) life charm counts, no near-death needed (211.016405ms)
✔ PERFECT and unlocked achievements are never revoked when the items or dex later change (43.877281ms)
✔ a reached PERFECT celebration is saved as pending and comes back after a reload until it is closed (144.80156ms)
✔ a pending celebration without the matching clear flag is dropped (never shown by itself) (217.328821ms)
✔ a panel pushes one history entry; back closes it; closing by UI removes the entry; home back does nothing (85.936167ms)
✔ back during a minigame asks to quit instead of ending it, and stays in the layer (49.075407ms)
✔ Escape closes the top panel through the same path (46.962764ms)
✔ a critical notice (another tab) is not overwritten for 8 s; the latest ordinary notice follows it (38.745649ms)
✔ every overlay is a named modal dialog; story flash and birthday toast are live status regions (3.426552ms)
✔ the home screen behind an open panel is inert, and becomes interactive again when it closes (60.167632ms)
✔ minigame screen shakes go through the reduced-motion guard (the random sequence is unchanged) (8.413044ms)
✔ every achievement has an illustration without changing its definition or saved state (330.779453ms)
✔ achievement grid, recent list, goals and unlock flash share artwork and preserve locks (124.995213ms)
✔ environment notices use matching whole animal PNGs and keep unknown birds intact (61.436848ms)
✔ form-change notices and generic butterfly comments do not assume an adult growth stage (90.112809ms)
✔ food illustrations distinguish onigiri and cooked egg from care rice and hatching egg (53.317517ms)
✔ cake preserves order, retry and completion while the placed item keeps its illustration (119.144868ms)
✔ bento retains its preview interval and shows the actual food even in a wrong slot (55.952558ms)
✔ food decoration keeps timeout scoring and retires without late score changes (275.974788ms)
✔ bento completion retains all food and text in normal, reduced-motion, low and fallback modes (541.395796ms)
✔ a short absence changes nothing (237.551439ms)
✔ ten minutes away lowers stats gently without changing coins (42.998999ms)
✔ stats never drop below the floor even when the drift exceeds them (55.416313ms)
✔ a long absence is capped at thirty minutes of drift and cannot endanger a low pet (29.539007ms)
✔ sleeping while away recovers energy instead of draining it (39.428391ms)
✔ only one main overlay is open at a time (505.711275ms)
✔ an unknown kind opens nothing and close buttons only close their own overlay (108.957384ms)
✔ every overlay kind renders its own panel (149.383185ms)
✔ performance tiers step up on slow frames and back down after sustained fast frames (99.009352ms)
✔ the original adult cat stays byte-identical to the approved master (34.607724ms)
✔ all ten expression assets are distinct approved transparent RGBA PNGs on the original bounds (82.504056ms)
✔ every runtime-allowlisted adult-cat expression path exists (0.463704ms)
✔ kitten expression assets retain the original small stage bounds and transparent canvas (22.731609ms)
✔ otemba expression assets retain the original small stage bounds and transparent canvas (26.458594ms)
✔ young expression assets retain the original small stage bounds and transparent canvas (9.754142ms)
✔ calm expression assets retain the original small stage bounds and transparent canvas (9.445887ms)
✔ elder expression assets retain the original small stage bounds and transparent canvas (13.897342ms)
✔ toddler expression assets retain the original small stage bounds and transparent canvas (11.756746ms)
✔ baby expression assets retain the original small stage bounds and transparent canvas (11.086055ms)
✔ adult dog expressions are distinct transparent assets with original sprite bounds (10.650177ms)
✔ puppy expressions are distinct transparent assets with original sprite bounds (12.309092ms)
✔ wanpaku expressions are distinct transparent assets with original sprite bounds (25.330239ms)
✔ young dog expressions are distinct transparent assets with original sprite bounds (10.983151ms)
✔ calm dog expressions are distinct transparent assets with original sprite bounds (10.175123ms)
✔ baby dog expressions are distinct transparent assets with original sprite bounds (7.748687ms)
✔ toddler dog expressions are distinct transparent assets with original sprite bounds (9.385792ms)
✔ elder dog expressions are distinct transparent assets with original sprite bounds (29.947906ms)
✔ starfish/01 master is the exact approved candidate; normal routing uses it (19.996132ms)
✔ starfish/02 master is the exact approved candidate; normal routing uses it (7.005816ms)
✔ starfish/03 master is the exact approved candidate; normal routing uses it (2.88194ms)
✔ man/01 has ten distinct transparent expressions with original bounds (12.774992ms)
✔ man/02 has ten distinct transparent expressions with original bounds (7.878383ms)
✔ man/03 has ten distinct transparent expressions with original bounds (7.509335ms)
✔ man/04 has ten distinct transparent expressions with original bounds (7.523085ms)
✔ man/05 has ten distinct transparent expressions with original bounds (8.581073ms)
✔ man/06 has ten distinct transparent expressions with original bounds (10.186152ms)
✔ man/07 has ten distinct transparent expressions with original bounds (43.830564ms)
✔ man/08 has ten distinct transparent expressions with original bounds (9.659364ms)
✔ woman/01 has ten distinct transparent expressions with original bounds (8.619345ms)
✔ woman/02 has ten distinct transparent expressions with original bounds (9.434149ms)
✔ woman/03 has ten distinct transparent expressions with original bounds (11.173195ms)
✔ woman/04 has ten distinct transparent expressions with original bounds (17.658294ms)
✔ woman/05 has ten distinct transparent expressions with original bounds (10.371013ms)
✔ woman/06 has ten distinct transparent expressions with original bounds (12.03573ms)
✔ woman/07 has ten distinct transparent expressions with original bounds (24.230862ms)
✔ woman/08 has ten distinct transparent expressions with original bounds (20.598456ms)
✔ penguin/01 has ten distinct transparent expressions with original bounds (11.190508ms)
✔ penguin/02 has ten distinct transparent expressions with original bounds (11.707937ms)
✔ penguin/03 has ten distinct transparent expressions with original bounds (8.455191ms)
✔ penguin/04 has ten distinct transparent expressions with original bounds (8.076966ms)
✔ penguin/05 has ten distinct transparent expressions with original bounds (28.283094ms)
✔ penguin/06 has ten distinct transparent expressions with original bounds (17.604478ms)
✔ penguin/07 has ten distinct transparent expressions with original bounds (6.759879ms)
✔ penguin/08 has ten distinct transparent expressions with original bounds (7.627971ms)
✔ turtle/01 has ten distinct transparent expressions with original bounds (9.739292ms)
✔ turtle/02 has ten distinct transparent expressions with original bounds (6.538943ms)
✔ turtle/03 has ten distinct transparent expressions with original bounds (8.464177ms)
✔ turtle/04 has ten distinct transparent expressions with original bounds (7.762705ms)
✔ turtle/05 has ten distinct transparent expressions with original bounds (8.230757ms)
✔ turtle/06 has ten distinct transparent expressions with original bounds (16.709788ms)
✔ turtle/07 has ten distinct transparent expressions with original bounds (26.975708ms)
✔ turtle/08 has ten distinct transparent expressions with original bounds (11.441342ms)
✔ frog/01 has ten distinct transparent expressions with original bounds (6.775643ms)
✔ frog/02 has ten distinct transparent expressions with original bounds (9.060049ms)
✔ frog/03 has ten distinct transparent expressions with original bounds (10.42507ms)
✔ frog/04 has ten distinct transparent expressions with original bounds (28.800457ms)
✔ frog/05 has ten distinct transparent expressions with original bounds (23.121491ms)
✔ frog/06 has ten distinct transparent expressions with original bounds (7.557459ms)
✔ frog/07 has ten distinct transparent expressions with original bounds (7.730851ms)
✔ frog/08 has ten distinct transparent expressions with original bounds (7.671827ms)
✔ clownfish/01 has ten distinct transparent expressions with original bounds (5.989044ms)
✔ clownfish/02 has ten distinct transparent expressions with original bounds (6.358094ms)
✔ clownfish/03 has ten distinct transparent expressions with original bounds (8.892903ms)
✔ clownfish/04 has ten distinct transparent expressions with original bounds (11.773344ms)
✔ clownfish/05 has ten distinct transparent expressions with original bounds (8.180318ms)
✔ clownfish/06 has ten distinct transparent expressions with original bounds (8.998812ms)
✔ clownfish/07 has ten distinct transparent expressions with original bounds (47.552629ms)
✔ clownfish/08 has ten distinct transparent expressions with original bounds (44.671938ms)
✔ salmon/01 has ten distinct transparent expressions with original bounds (20.596294ms)
✔ salmon/02 has ten distinct transparent expressions with original bounds (8.251438ms)
✔ salmon/03 has ten distinct transparent expressions with original bounds (10.258135ms)
✔ salmon/04 has ten distinct transparent expressions with original bounds (6.674175ms)
✔ salmon/05 has ten distinct transparent expressions with original bounds (6.207288ms)
✔ salmon/06 has ten distinct transparent expressions with original bounds (6.77808ms)
✔ salmon/07 has ten distinct transparent expressions with original bounds (7.15246ms)
✔ salmon/08 has ten distinct transparent expressions with original bounds (7.284573ms)
✔ hermit_crab/01 has ten distinct transparent expressions with original bounds (21.497214ms)
✔ hermit_crab/02 has ten distinct transparent expressions with original bounds (10.731879ms)
✔ hermit_crab/03 has ten distinct transparent expressions with original bounds (8.144688ms)
✔ hermit_crab/04 has ten distinct transparent expressions with original bounds (7.533488ms)
✔ hermit_crab/05 has ten distinct transparent expressions with original bounds (16.077467ms)
✔ hermit_crab/06 has ten distinct transparent expressions with original bounds (7.631042ms)
✔ hermit_crab/07 has ten distinct transparent expressions with original bounds (7.983305ms)
✔ hermit_crab/08 has ten distinct transparent expressions with original bounds (9.649923ms)
✔ jellyfish/01 has ten distinct transparent expressions with original bounds (31.311137ms)
✔ jellyfish/02 has ten distinct transparent expressions with original bounds (25.161809ms)
✔ jellyfish/03 has ten distinct transparent expressions with original bounds (9.899027ms)
✔ jellyfish/04 has ten distinct transparent expressions with original bounds (7.647648ms)
✔ jellyfish/05 has ten distinct transparent expressions with original bounds (19.570118ms)
✔ jellyfish/06 has ten distinct transparent expressions with original bounds (12.991823ms)
✔ jellyfish/07 has ten distinct transparent expressions with original bounds (11.378625ms)
✔ jellyfish/08 has ten distinct transparent expressions with original bounds (24.782466ms)
✔ starfish/01 has ten distinct transparent expressions with projected approved master bounds (34.577499ms)
✔ starfish/02 has ten distinct transparent expressions with projected approved master bounds (12.784904ms)
✔ starfish/03 has ten distinct transparent expressions with projected approved master bounds (11.042395ms)
✔ starfish/04 has ten distinct transparent expressions with original bounds (8.491939ms)
✔ starfish/05 has ten distinct transparent expressions with original bounds (28.699508ms)
✔ starfish/06 has ten distinct transparent expressions with original bounds (15.251015ms)
✔ starfish/07 has ten distinct transparent expressions with original bounds (7.559472ms)
✔ starfish/08 has ten distinct transparent expressions with original bounds (11.276538ms)
✔ coral/01 has ten distinct transparent expressions with original bounds (9.701517ms)
✔ coral/02 has ten distinct transparent expressions with original bounds (13.433707ms)
✔ coral/03 has ten distinct transparent expressions with original bounds (19.397536ms)
✔ coral/04 has ten distinct transparent expressions with original bounds (22.747966ms)
✔ coral/05 has ten distinct transparent expressions with original bounds (11.300394ms)
✔ coral/06 has ten distinct transparent expressions with original bounds (13.985673ms)
✔ coral/07 has ten distinct transparent expressions with original bounds (12.729881ms)
✔ coral/08 has ten distinct transparent expressions with original bounds (7.576024ms)
✔ butterfly/01 has ten distinct transparent expressions with original bounds (6.160613ms)
✔ butterfly/02 has ten distinct transparent expressions with original bounds (22.815965ms)
✔ butterfly/03 has ten distinct transparent expressions with original bounds (22.341823ms)
✔ butterfly/04 has ten distinct transparent expressions with original bounds (12.231654ms)
✔ butterfly/05 has ten distinct transparent expressions with original bounds (7.163807ms)
✔ butterfly/06 has ten distinct transparent expressions with original bounds (8.122211ms)
✔ butterfly/07 has ten distinct transparent expressions with original bounds (11.616889ms)
✔ butterfly/08 has ten distinct transparent expressions with original bounds (8.728668ms)
✔ beetle/01 has ten distinct transparent expressions with original bounds (7.008656ms)
✔ beetle/02 has ten distinct transparent expressions with original bounds (8.803164ms)
✔ beetle/03 has ten distinct transparent expressions with original bounds (9.231652ms)
✔ beetle/04 has ten distinct transparent expressions with original bounds (7.363914ms)
✔ beetle/05 has ten distinct transparent expressions with original bounds (25.926606ms)
✔ beetle/06 has ten distinct transparent expressions with original bounds (9.365669ms)
✔ beetle/07 has ten distinct transparent expressions with original bounds (10.442345ms)
✔ beetle/08 has ten distinct transparent expressions with original bounds (12.988973ms)
✔ stagbeetle/01 has ten distinct transparent expressions with original bounds (11.522208ms)
✔ stagbeetle/02 has ten distinct transparent expressions with original bounds (9.209268ms)
✔ stagbeetle/03 has ten distinct transparent expressions with original bounds (47.941452ms)
✔ stagbeetle/04 has ten distinct transparent expressions with original bounds (9.913403ms)
✔ stagbeetle/05 has ten distinct transparent expressions with original bounds (8.656236ms)
✔ stagbeetle/06 has ten distinct transparent expressions with original bounds (7.425581ms)
✔ stagbeetle/07 has ten distinct transparent expressions with original bounds (8.544813ms)
✔ stagbeetle/08 has ten distinct transparent expressions with original bounds (17.495336ms)
✔ cicada/01 has ten distinct transparent expressions with original bounds (13.336116ms)
✔ cicada/02 has ten distinct transparent expressions with original bounds (20.47947ms)
✔ cicada/03 has ten distinct transparent expressions with original bounds (19.730022ms)
✔ cicada/04 has ten distinct transparent expressions with original bounds (17.302048ms)
✔ cicada/05 has ten distinct transparent expressions with original bounds (9.737885ms)
✔ cicada/06 has ten distinct transparent expressions with original bounds (9.873593ms)
✔ cicada/07 has ten distinct transparent expressions with original bounds (10.406551ms)
✔ cicada/08 has ten distinct transparent expressions with original bounds (13.210042ms)
✔ antlion/01 has ten distinct transparent expressions with original bounds (24.904377ms)
✔ antlion/02 has ten distinct transparent expressions with original bounds (21.793686ms)
✔ antlion/03 has ten distinct transparent expressions with original bounds (11.503788ms)
✔ antlion/04 has ten distinct transparent expressions with original bounds (12.826648ms)
✔ antlion/05 has ten distinct transparent expressions with original bounds (10.58418ms)
✔ antlion/06 has ten distinct transparent expressions with original bounds (13.957354ms)
✔ antlion/07 has ten distinct transparent expressions with original bounds (10.81468ms)
✔ antlion/08 has ten distinct transparent expressions with original bounds (24.91195ms)
✔ dandelion/01 has ten distinct transparent expressions with original bounds (20.143018ms)
✔ dandelion/02 has ten distinct transparent expressions with original bounds (49.12458ms)
✔ dandelion/03 has ten distinct transparent expressions with original bounds (10.02148ms)
✔ dandelion/04 has ten distinct transparent expressions with original bounds (8.749058ms)
✔ dandelion/05 has ten distinct transparent expressions with original bounds (6.91263ms)
✔ dandelion/06 has ten distinct transparent expressions with original bounds (7.64594ms)
✔ dandelion/07 has ten distinct transparent expressions with original bounds (14.134627ms)
✔ dandelion/08 has ten distinct transparent expressions with original bounds (9.878179ms)
✔ sakura/01 has ten distinct transparent expressions with original bounds (25.849271ms)
✔ sakura/02 has ten distinct transparent expressions with original bounds (30.441928ms)
✔ sakura/03 has ten distinct transparent expressions with original bounds (10.768476ms)
✔ sakura/04 has ten distinct transparent expressions with original bounds (9.847777ms)
✔ sakura/05 has ten distinct transparent expressions with original bounds (12.942003ms)
✔ sakura/06 has ten distinct transparent expressions with original bounds (8.839015ms)
✔ sakura/07 has ten distinct transparent expressions with original bounds (8.762506ms)
✔ sakura/08 has ten distinct transparent expressions with original bounds (18.394259ms)
✔ venus_flytrap/01 has ten distinct transparent expressions with original bounds (32.076791ms)
✔ venus_flytrap/02 has ten distinct transparent expressions with original bounds (8.130286ms)
✔ venus_flytrap/03 has ten distinct transparent expressions with original bounds (9.886283ms)
✔ venus_flytrap/04 has ten distinct transparent expressions with original bounds (8.959077ms)
✔ venus_flytrap/05 has ten distinct transparent expressions with original bounds (11.729336ms)
✔ venus_flytrap/06 has ten distinct transparent expressions with original bounds (14.97592ms)
✔ venus_flytrap/07 has ten distinct transparent expressions with original bounds (11.926401ms)
✔ venus_flytrap/08 has ten distinct transparent expressions with original bounds (31.109112ms)
✔ mushroom/01 has ten distinct transparent expressions with original bounds (9.8091ms)
✔ mushroom/02 has ten distinct transparent expressions with original bounds (11.151419ms)
✔ mushroom/03 has ten distinct transparent expressions with original bounds (31.318404ms)
✔ mushroom/04 has ten distinct transparent expressions with original bounds (9.911729ms)
✔ mushroom/05 has ten distinct transparent expressions with original bounds (7.64854ms)
✔ mushroom/06 has ten distinct transparent expressions with original bounds (15.624645ms)
✔ mushroom/07 has ten distinct transparent expressions with original bounds (7.565044ms)
✔ mushroom/08 has ten distinct transparent expressions with original bounds (10.768297ms)
✔ dragon/01 has ten distinct transparent expressions with original bounds (6.959311ms)
✔ dragon/02 has ten distinct transparent expressions with original bounds (6.525013ms)
✔ dragon/03 has ten distinct transparent expressions with original bounds (8.312745ms)
✔ dragon/04 has ten distinct transparent expressions with original bounds (8.92384ms)
✔ dragon/05 has ten distinct transparent expressions with original bounds (8.797846ms)
✔ dragon/06 has ten distinct transparent expressions with original bounds (10.140491ms)
✔ dragon/07 has ten distinct transparent expressions with original bounds (11.950813ms)
✔ dragon/08 has ten distinct transparent expressions with original bounds (20.386773ms)
✔ phoenix/01 has ten distinct transparent expressions with original bounds (7.964586ms)
✔ phoenix/02 has ten distinct transparent expressions with original bounds (9.767831ms)
✔ phoenix/03 has ten distinct transparent expressions with original bounds (7.785519ms)
✔ phoenix/04 has ten distinct transparent expressions with original bounds (10.490384ms)
✔ phoenix/05 has ten distinct transparent expressions with original bounds (31.118082ms)
✔ phoenix/06 has ten distinct transparent expressions with original bounds (37.204864ms)
✔ phoenix/07 has ten distinct transparent expressions with original bounds (14.224501ms)
✔ phoenix/08 has ten distinct transparent expressions with original bounds (6.603906ms)
✔ god/01 has ten distinct transparent expressions with original bounds (6.203589ms)
✔ god/02 has ten distinct transparent expressions with original bounds (5.884913ms)
✔ god/03 has ten distinct transparent expressions with original bounds (6.054616ms)
✔ god/04 has ten distinct transparent expressions with original bounds (7.396206ms)
✔ god/05 has ten distinct transparent expressions with original bounds (29.028131ms)
✔ god/06 has ten distinct transparent expressions with original bounds (19.372424ms)
✔ god/07 has ten distinct transparent expressions with original bounds (8.695038ms)
✔ god/08 has ten distinct transparent expressions with original bounds (9.985974ms)
✔ world_tree/01 has ten distinct transparent expressions with original bounds (11.736154ms)
✔ world_tree/02 has ten distinct transparent expressions with original bounds (9.491164ms)
✔ world_tree/03 has ten distinct transparent expressions with original bounds (9.492362ms)
✔ world_tree/04 has ten distinct transparent expressions with original bounds (8.334112ms)
✔ world_tree/05 has ten distinct transparent expressions with original bounds (10.018033ms)
✔ world_tree/06 has ten distinct transparent expressions with original bounds (9.50403ms)
✔ world_tree/07 has ten distinct transparent expressions with original bounds (9.339492ms)
✔ world_tree/08 has ten distinct transparent expressions with original bounds (19.260783ms)
✔ ghost/01 has ten distinct transparent expressions with original bounds (7.703382ms)
✔ ghost/02 has ten distinct transparent expressions with original bounds (17.640126ms)
✔ ghost/03 has ten distinct transparent expressions with original bounds (9.44789ms)
✔ ghost/04 has ten distinct transparent expressions with original bounds (9.240508ms)
✔ ghost/05 has ten distinct transparent expressions with original bounds (8.790492ms)
✔ ghost/06 has ten distinct transparent expressions with original bounds (7.81072ms)
✔ ghost/07 has ten distinct transparent expressions with original bounds (10.603454ms)
✔ ghost/08 has ten distinct transparent expressions with original bounds (8.750913ms)
✔ star/01 has ten distinct transparent expressions with original bounds (34.321175ms)
✔ star/02 has ten distinct transparent expressions with original bounds (9.408738ms)
✔ star/03 has ten distinct transparent expressions with original bounds (10.707838ms)
✔ star/04 has ten distinct transparent expressions with original bounds (11.043949ms)
✔ star/05 has ten distinct transparent expressions with original bounds (9.184645ms)
✔ star/06 has ten distinct transparent expressions with original bounds (68.832392ms)
✔ star/07 has ten distinct transparent expressions with original bounds (8.114499ms)
✔ star/08 has ten distinct transparent expressions with original bounds (9.112648ms)
✔ plush/01 has ten distinct transparent expressions with original bounds (11.637713ms)
✔ plush/02 has ten distinct transparent expressions with original bounds (24.198517ms)
✔ plush/03 has ten distinct transparent expressions with original bounds (25.689882ms)
✔ plush/04 has ten distinct transparent expressions with original bounds (24.554158ms)
✔ plush/05 has ten distinct transparent expressions with original bounds (9.318295ms)
✔ plush/06 has ten distinct transparent expressions with original bounds (37.838448ms)
✔ plush/07 has ten distinct transparent expressions with original bounds (39.274548ms)
✔ plush/08 has ten distinct transparent expressions with original bounds (9.727829ms)
✔ unknown/01 has ten distinct transparent expressions with original bounds (5.647377ms)
✔ unknown/02 has ten distinct transparent expressions with original bounds (5.425673ms)
✔ unknown/03 has ten distinct transparent expressions with original bounds (6.123231ms)
✔ unknown/04 has ten distinct transparent expressions with original bounds (5.970767ms)
✔ unknown/05 has ten distinct transparent expressions with original bounds (6.771925ms)
✔ unknown/06 has ten distinct transparent expressions with original bounds (7.616917ms)
✔ unknown/07 has ten distinct transparent expressions with original bounds (14.146231ms)
✔ unknown/08 has ten distinct transparent expressions with original bounds (20.8596ms)
✔ ren/01 has ten distinct transparent expressions with original bounds (35.26908ms)
✔ ren/02 has ten distinct transparent expressions with original bounds (16.579737ms)
✔ ren/03 has ten distinct transparent expressions with original bounds (9.95092ms)
✔ ren/04 has ten distinct transparent expressions with original bounds (7.278172ms)
✔ ren/05 has ten distinct transparent expressions with original bounds (9.431447ms)
✔ ren/06 has ten distinct transparent expressions with original bounds (17.976936ms)
✔ ren/07 has ten distinct transparent expressions with original bounds (9.460522ms)
✔ ren/08 has ten distinct transparent expressions with original bounds (7.715458ms)
✔ normalization produces identical framing for high-resolution and projected masters (10970.836732ms)
✔ starfish/02 left illness sweat and silver mark clear the new body at Home sizes (3955.223713ms)
✔ starfish/03 left illness sweat and silver mark clear the new body at Home sizes (2428.6704ms)
✔ real home emotion profiles select only the adult cat portrait (1222.463319ms)
✔ adult-cat expressions append unique static accents inside the existing visual (817.609055ms)
✔ real play and medicine outcomes use semantic temporary faces (629.470092ms)
✔ feed afterglow starts happy only after the validated result and expires to latest state (121.769538ms)
✔ a real cure receives the same validated happy afterglow (54.277347ms)
✔ reduced motion keeps the static happy afterglow for one second without animation (77.848082ms)
✔ only pet semantic speech starts a temporary face (91.80309ms)
✔ critical state interrupts happy immediately and expiry cannot restore stale state (68.106486ms)
✔ a new life cancels the old face timer (41.134559ms)
✔ sleep uses its own face, and waking shows normal before latest-state reevaluation (92.630667ms)
✔ form changes and blocked screens clear the temporary face and accent (1490.847221ms)
✔ expression rendering does not alter saves, cast geometry, or 26 companions (251.35915ms)
✔ a failed expression portrait retries the original before the emoji fallback (114.912489ms)
✔ home care colors follow existing mood and fatigue boundaries and reset after sleep/recovery (39.893408ms)
✔ progress meter colors vary with fill without altering game state or life direction (33.625155ms)
✔ overfeeding shows discomfort before a random story can replace it (64.870191ms)
✔ a newer care action cancels an older delayed overfeeding story (36.843277ms)
✔ kitten home uses its own portraits, care reactions and sleeping face without save changes (45.904392ms)
✔ otemba home uses its own portraits, care reactions and sleeping face without save changes (98.737849ms)
✔ young home uses its own portraits, care reactions and sleeping face without save changes (74.538479ms)
✔ calm home uses its own portraits, care reactions and sleeping face without save changes (87.529737ms)
✔ elder home uses its own portraits, care reactions and sleeping face without save changes (120.765744ms)
✔ toddler home uses its own portraits, care reactions and sleeping face without save changes (133.514715ms)
✔ baby home uses its own portraits, care reactions and sleeping face without save changes (205.833377ms)
✔ adult dog shows all ten state and reaction faces without changing saved state (5064.936616ms)
✔ puppy shows all ten state and reaction faces without changing saved state (1858.643174ms)
✔ wanpaku shows all ten state and reaction faces without changing saved state (924.581465ms)
✔ young dog shows all ten state and reaction faces without changing saved state (1206.403146ms)
✔ young dog routing is limited to ages sixteen through twenty-one (266.41202ms)
✔ calm dog shows all ten state and reaction faces without changing saved state (1126.964739ms)
✔ calm dog routing is limited to ages forty through sixty-nine (596.982215ms)
✔ baby dog shows all ten state and reaction faces without changing saved state (2542.042798ms)
✔ toddler dog shows all ten state and reaction faces without changing saved state (1067.647848ms)
✔ elder dog shows all ten state and reaction faces without changing saved state (1316.596028ms)
✔ remaining dog stage boundaries select their own portraits (325.318338ms)
✔ man/01 renders all ten states and reactions without mutating saved state (437.186349ms)
✔ man/02 renders all ten states and reactions without mutating saved state (449.805702ms)
✔ man/03 renders all ten states and reactions without mutating saved state (470.842871ms)
✔ man/04 renders all ten states and reactions without mutating saved state (450.685843ms)
✔ man/05 renders all ten states and reactions without mutating saved state (529.454991ms)
✔ man/06 renders all ten states and reactions without mutating saved state (372.863246ms)
✔ man/07 renders all ten states and reactions without mutating saved state (485.263672ms)
✔ man/08 renders all ten states and reactions without mutating saved state (486.860868ms)
✔ woman/01 renders all ten states and reactions without mutating saved state (424.705015ms)
✔ woman/02 renders all ten states and reactions without mutating saved state (463.870971ms)
✔ woman/03 renders all ten states and reactions without mutating saved state (477.668987ms)
✔ woman/04 renders all ten states and reactions without mutating saved state (400.448493ms)
✔ woman/05 renders all ten states and reactions without mutating saved state (445.600598ms)
✔ woman/06 renders all ten states and reactions without mutating saved state (464.88974ms)
✔ woman/07 renders all ten states and reactions without mutating saved state (526.244876ms)
✔ woman/08 renders all ten states and reactions without mutating saved state (448.208967ms)
✔ penguin/01 renders all ten states and reactions without mutating saved state (438.47167ms)
✔ penguin/02 renders all ten states and reactions without mutating saved state (346.206639ms)
✔ penguin/03 renders all ten states and reactions without mutating saved state (494.838958ms)
✔ penguin/04 renders all ten states and reactions without mutating saved state (469.922484ms)
✔ penguin/05 renders all ten states and reactions without mutating saved state (566.743289ms)
✔ penguin/06 renders all ten states and reactions without mutating saved state (918.254896ms)
✔ penguin/07 renders all ten states and reactions without mutating saved state (449.802911ms)
✔ penguin/08 renders all ten states and reactions without mutating saved state (423.253637ms)
✔ turtle/01 renders all ten states and reactions without mutating saved state (502.171115ms)
✔ turtle/02 renders all ten states and reactions without mutating saved state (627.953361ms)
✔ turtle/03 renders all ten states and reactions without mutating saved state (540.465681ms)
✔ turtle/04 renders all ten states and reactions without mutating saved state (526.944198ms)
✔ turtle/05 renders all ten states and reactions without mutating saved state (499.366382ms)
✔ turtle/06 renders all ten states and reactions without mutating saved state (357.749293ms)
✔ turtle/07 renders all ten states and reactions without mutating saved state (473.848225ms)
✔ turtle/08 renders all ten states and reactions without mutating saved state (610.570202ms)
✔ frog/01 renders all ten states and reactions without mutating saved state (391.104046ms)
✔ frog/02 renders all ten states and reactions without mutating saved state (474.273019ms)
✔ frog/03 renders all ten states and reactions without mutating saved state (719.112556ms)
✔ frog/04 renders all ten states and reactions without mutating saved state (556.820456ms)
✔ frog/05 renders all ten states and reactions without mutating saved state (459.714678ms)
✔ frog/06 renders all ten states and reactions without mutating saved state (450.299585ms)
✔ frog/07 renders all ten states and reactions without mutating saved state (498.176962ms)
✔ frog/08 renders all ten states and reactions without mutating saved state (509.58562ms)
✔ clownfish/01 renders all ten states and reactions without mutating saved state (1215.126887ms)
✔ clownfish/02 renders all ten states and reactions without mutating saved state (533.944134ms)
✔ clownfish/03 renders all ten states and reactions without mutating saved state (821.046227ms)
✔ clownfish/04 renders all ten states and reactions without mutating saved state (1056.013391ms)
✔ clownfish/05 renders all ten states and reactions without mutating saved state (995.222647ms)
✔ clownfish/06 renders all ten states and reactions without mutating saved state (1051.251068ms)
✔ clownfish/07 renders all ten states and reactions without mutating saved state (1017.663101ms)
✔ clownfish/08 renders all ten states and reactions without mutating saved state (1227.376809ms)
✔ salmon/01 renders all ten states and reactions without mutating saved state (840.368043ms)
✔ salmon/02 renders all ten states and reactions without mutating saved state (531.879468ms)
✔ salmon/03 renders all ten states and reactions without mutating saved state (768.316404ms)
✔ salmon/04 renders all ten states and reactions without mutating saved state (571.036995ms)
✔ salmon/05 renders all ten states and reactions without mutating saved state (879.864689ms)
✔ salmon/06 renders all ten states and reactions without mutating saved state (395.885392ms)
✔ salmon/07 renders all ten states and reactions without mutating saved state (495.83828ms)
✔ salmon/08 renders all ten states and reactions without mutating saved state (411.659167ms)
✔ hermit_crab/01 renders all ten states and reactions without mutating saved state (486.982331ms)
✔ hermit_crab/02 renders all ten states and reactions without mutating saved state (424.042563ms)
✔ hermit_crab/03 renders all ten states and reactions without mutating saved state (448.839961ms)
✔ hermit_crab/04 renders all ten states and reactions without mutating saved state (425.297043ms)
✔ hermit_crab/05 renders all ten states and reactions without mutating saved state (435.466593ms)
✔ hermit_crab/06 renders all ten states and reactions without mutating saved state (595.305376ms)
✔ hermit_crab/07 renders all ten states and reactions without mutating saved state (462.491265ms)
✔ hermit_crab/08 renders all ten states and reactions without mutating saved state (474.53313ms)
✔ jellyfish/01 renders all ten states and reactions without mutating saved state (453.006908ms)
✔ jellyfish/02 renders all ten states and reactions without mutating saved state (424.986404ms)
✔ jellyfish/03 renders all ten states and reactions without mutating saved state (459.016896ms)
✔ jellyfish/04 renders all ten states and reactions without mutating saved state (496.06934ms)
✔ jellyfish/05 renders all ten states and reactions without mutating saved state (492.374589ms)
✔ jellyfish/06 renders all ten states and reactions without mutating saved state (718.064742ms)
✔ jellyfish/07 renders all ten states and reactions without mutating saved state (440.192987ms)
✔ jellyfish/08 renders all ten states and reactions without mutating saved state (471.335027ms)
✔ starfish/01 renders all ten states and reactions without mutating saved state (721.378887ms)
✔ starfish/02 renders all ten states and reactions without mutating saved state (498.028279ms)
✔ starfish/03 renders all ten states and reactions without mutating saved state (448.988312ms)
✔ starfish/04 renders all ten states and reactions without mutating saved state (449.038728ms)
✔ starfish/05 renders all ten states and reactions without mutating saved state (474.554932ms)
✔ starfish/06 renders all ten states and reactions without mutating saved state (527.740905ms)
✔ starfish/07 renders all ten states and reactions without mutating saved state (388.175948ms)
✔ starfish/08 renders all ten states and reactions without mutating saved state (425.748721ms)
✔ coral/01 renders all ten states and reactions without mutating saved state (476.561042ms)
✔ coral/02 renders all ten states and reactions without mutating saved state (503.475656ms)
✔ coral/03 renders all ten states and reactions without mutating saved state (528.983471ms)
✔ coral/04 renders all ten states and reactions without mutating saved state (472.257793ms)
✔ coral/05 renders all ten states and reactions without mutating saved state (407.631732ms)
✔ coral/06 renders all ten states and reactions without mutating saved state (554.754098ms)
✔ coral/07 renders all ten states and reactions without mutating saved state (435.095765ms)
✔ coral/08 renders all ten states and reactions without mutating saved state (385.403045ms)
✔ butterfly/01 renders all ten states and reactions without mutating saved state (438.583748ms)
✔ butterfly/02 renders all ten states and reactions without mutating saved state (478.753302ms)
✔ butterfly/03 renders all ten states and reactions without mutating saved state (474.672777ms)
✔ butterfly/04 renders all ten states and reactions without mutating saved state (449.817001ms)
✔ butterfly/05 renders all ten states and reactions without mutating saved state (607.741583ms)
✔ butterfly/06 renders all ten states and reactions without mutating saved state (653.207568ms)
✔ butterfly/07 renders all ten states and reactions without mutating saved state (421.62295ms)
✔ butterfly/08 renders all ten states and reactions without mutating saved state (562.462963ms)
✔ beetle/01 renders all ten states and reactions without mutating saved state (419.501485ms)
✔ beetle/02 renders all ten states and reactions without mutating saved state (380.481206ms)
✔ beetle/03 renders all ten states and reactions without mutating saved state (442.107117ms)
✔ beetle/04 renders all ten states and reactions without mutating saved state (470.517013ms)
✔ beetle/05 renders all ten states and reactions without mutating saved state (741.100821ms)
✔ beetle/06 renders all ten states and reactions without mutating saved state (543.249504ms)
✔ beetle/07 renders all ten states and reactions without mutating saved state (414.01526ms)
✔ beetle/08 renders all ten states and reactions without mutating saved state (400.197165ms)
✔ stagbeetle/01 renders all ten states and reactions without mutating saved state (446.818364ms)
✔ stagbeetle/02 renders all ten states and reactions without mutating saved state (486.939263ms)
✔ stagbeetle/03 renders all ten states and reactions without mutating saved state (398.726886ms)
✔ stagbeetle/04 renders all ten states and reactions without mutating saved state (505.178177ms)
✔ stagbeetle/05 renders all ten states and reactions without mutating saved state (433.421931ms)
✔ stagbeetle/06 renders all ten states and reactions without mutating saved state (336.588652ms)
✔ stagbeetle/07 renders all ten states and reactions without mutating saved state (439.847559ms)
✔ stagbeetle/08 renders all ten states and reactions without mutating saved state (540.129358ms)
✔ cicada/01 renders all ten states and reactions without mutating saved state (1143.067266ms)
✔ cicada/02 renders all ten states and reactions without mutating saved state (496.458917ms)
✔ cicada/03 renders all ten states and reactions without mutating saved state (2709.585026ms)
✔ cicada/04 renders all ten states and reactions without mutating saved state (902.075459ms)
✔ cicada/05 renders all ten states and reactions without mutating saved state (642.486269ms)
✔ cicada/06 renders all ten states and reactions without mutating saved state (549.713732ms)
✔ cicada/07 renders all ten states and reactions without mutating saved state (600.588429ms)
✔ cicada/08 renders all ten states and reactions without mutating saved state (622.134996ms)
✔ antlion/01 renders all ten states and reactions without mutating saved state (554.634593ms)
✔ antlion/02 renders all ten states and reactions without mutating saved state (463.601799ms)
✔ antlion/03 renders all ten states and reactions without mutating saved state (927.112462ms)
✔ antlion/04 renders all ten states and reactions without mutating saved state (546.046666ms)
✔ antlion/05 renders all ten states and reactions without mutating saved state (1090.508826ms)
✔ antlion/06 renders all ten states and reactions without mutating saved state (575.878823ms)
✔ antlion/07 renders all ten states and reactions without mutating saved state (666.829435ms)
✔ antlion/08 renders all ten states and reactions without mutating saved state (405.090824ms)
✔ dandelion/01 renders all ten states and reactions without mutating saved state (551.843908ms)
✔ dandelion/02 renders all ten states and reactions without mutating saved state (447.052457ms)
✔ dandelion/03 renders all ten states and reactions without mutating saved state (455.852016ms)
✔ dandelion/04 renders all ten states and reactions without mutating saved state (464.468942ms)
✔ dandelion/05 renders all ten states and reactions without mutating saved state (440.489813ms)
✔ dandelion/06 renders all ten states and reactions without mutating saved state (497.89303ms)
✔ dandelion/07 renders all ten states and reactions without mutating saved state (541.960374ms)
✔ dandelion/08 renders all ten states and reactions without mutating saved state (458.269602ms)
✔ sakura/01 renders all ten states and reactions without mutating saved state (630.900491ms)
✔ sakura/02 renders all ten states and reactions without mutating saved state (493.212839ms)
✔ sakura/03 renders all ten states and reactions without mutating saved state (338.951236ms)
✔ sakura/04 renders all ten states and reactions without mutating saved state (481.996057ms)
✔ sakura/05 renders all ten states and reactions without mutating saved state (680.406761ms)
✔ sakura/06 renders all ten states and reactions without mutating saved state (435.354458ms)
✔ sakura/07 renders all ten states and reactions without mutating saved state (421.440965ms)
✔ sakura/08 renders all ten states and reactions without mutating saved state (468.566626ms)
✔ venus_flytrap/01 renders all ten states and reactions without mutating saved state (353.336179ms)
✔ venus_flytrap/02 renders all ten states and reactions without mutating saved state (400.903586ms)
✔ venus_flytrap/03 renders all ten states and reactions without mutating saved state (499.533714ms)
✔ venus_flytrap/04 renders all ten states and reactions without mutating saved state (420.04108ms)
✔ venus_flytrap/05 renders all ten states and reactions without mutating saved state (433.638615ms)
✔ venus_flytrap/06 renders all ten states and reactions without mutating saved state (384.110032ms)
✔ venus_flytrap/07 renders all ten states and reactions without mutating saved state (427.08313ms)
✔ venus_flytrap/08 renders all ten states and reactions without mutating saved state (427.118815ms)
✔ mushroom/01 renders all ten states and reactions without mutating saved state (425.412187ms)
✔ mushroom/02 renders all ten states and reactions without mutating saved state (558.386969ms)
✔ mushroom/03 renders all ten states and reactions without mutating saved state (398.290258ms)
✔ mushroom/04 renders all ten states and reactions without mutating saved state (371.100338ms)
✔ mushroom/05 renders all ten states and reactions without mutating saved state (411.193453ms)
✔ mushroom/06 renders all ten states and reactions without mutating saved state (431.804248ms)
✔ mushroom/07 renders all ten states and reactions without mutating saved state (457.633024ms)
✔ mushroom/08 renders all ten states and reactions without mutating saved state (412.773666ms)
✔ dragon/01 renders all ten states and reactions without mutating saved state (416.776724ms)
✔ dragon/02 renders all ten states and reactions without mutating saved state (971.678469ms)
✔ dragon/03 renders all ten states and reactions without mutating saved state (517.051563ms)
✔ dragon/04 renders all ten states and reactions without mutating saved state (494.19598ms)
✔ dragon/05 renders all ten states and reactions without mutating saved state (388.605545ms)
✔ dragon/06 renders all ten states and reactions without mutating saved state (441.930144ms)
✔ dragon/07 renders all ten states and reactions without mutating saved state (440.173965ms)
✔ dragon/08 renders all ten states and reactions without mutating saved state (432.27394ms)
✔ phoenix/01 renders all ten states and reactions without mutating saved state (461.045488ms)
✔ phoenix/02 renders all ten states and reactions without mutating saved state (418.250342ms)
✔ phoenix/03 renders all ten states and reactions without mutating saved state (348.687184ms)
✔ phoenix/04 renders all ten states and reactions without mutating saved state (433.722957ms)
✔ phoenix/05 renders all ten states and reactions without mutating saved state (478.557134ms)
✔ phoenix/06 renders all ten states and reactions without mutating saved state (478.603082ms)
✔ phoenix/07 renders all ten states and reactions without mutating saved state (458.903525ms)
✔ phoenix/08 renders all ten states and reactions without mutating saved state (441.417212ms)
✔ god/01 renders all ten states and reactions without mutating saved state (373.327386ms)
✔ god/02 renders all ten states and reactions without mutating saved state (429.811558ms)
✔ god/03 renders all ten states and reactions without mutating saved state (437.420115ms)
✔ god/04 renders all ten states and reactions without mutating saved state (455.156881ms)
✔ god/05 renders all ten states and reactions without mutating saved state (457.725832ms)
✔ god/06 renders all ten states and reactions without mutating saved state (438.381431ms)
✔ god/07 renders all ten states and reactions without mutating saved state (375.023465ms)
✔ god/08 renders all ten states and reactions without mutating saved state (445.825338ms)
✔ world_tree/01 renders all ten states and reactions without mutating saved state (468.99799ms)
✔ world_tree/02 renders all ten states and reactions without mutating saved state (583.783571ms)
✔ world_tree/03 renders all ten states and reactions without mutating saved state (812.631442ms)
✔ world_tree/04 renders all ten states and reactions without mutating saved state (433.398392ms)
✔ world_tree/05 renders all ten states and reactions without mutating saved state (349.954892ms)
✔ world_tree/06 renders all ten states and reactions without mutating saved state (439.83792ms)
✔ world_tree/07 renders all ten states and reactions without mutating saved state (2831.872215ms)
✔ world_tree/08 renders all ten states and reactions without mutating saved state (436.124817ms)
✔ ghost/01 renders all ten states and reactions without mutating saved state (388.391149ms)
✔ ghost/02 renders all ten states and reactions without mutating saved state (506.916822ms)
✔ ghost/03 renders all ten states and reactions without mutating saved state (473.885692ms)
✔ ghost/04 renders all ten states and reactions without mutating saved state (468.752496ms)
✔ ghost/05 renders all ten states and reactions without mutating saved state (481.075308ms)
✔ ghost/06 renders all ten states and reactions without mutating saved state (479.753118ms)
✔ ghost/07 renders all ten states and reactions without mutating saved state (382.024657ms)
✔ ghost/08 renders all ten states and reactions without mutating saved state (582.590985ms)
✔ star/01 renders all ten states and reactions without mutating saved state (407.242613ms)
✔ star/02 renders all ten states and reactions without mutating saved state (448.721194ms)
✔ star/03 renders all ten states and reactions without mutating saved state (450.371277ms)
✔ star/04 renders all ten states and reactions without mutating saved state (444.078922ms)
✔ star/05 renders all ten states and reactions without mutating saved state (459.371695ms)
✔ star/06 renders all ten states and reactions without mutating saved state (531.032009ms)
✔ star/07 renders all ten states and reactions without mutating saved state (413.783779ms)
✔ star/08 renders all ten states and reactions without mutating saved state (408.168984ms)
✔ plush/01 renders all ten states and reactions without mutating saved state (442.305244ms)
✔ plush/02 renders all ten states and reactions without mutating saved state (456.584624ms)
✔ plush/03 renders all ten states and reactions without mutating saved state (438.372413ms)
✔ plush/04 renders all ten states and reactions without mutating saved state (385.575623ms)
✔ plush/05 renders all ten states and reactions without mutating saved state (938.953766ms)
✔ plush/06 renders all ten states and reactions without mutating saved state (417.670987ms)
✔ plush/07 renders all ten states and reactions without mutating saved state (440.672091ms)
✔ plush/08 renders all ten states and reactions without mutating saved state (465.262825ms)
✔ unknown/01 renders all ten states and reactions without mutating saved state (456.450346ms)
✔ unknown/02 renders all ten states and reactions without mutating saved state (442.251672ms)
✔ unknown/03 renders all ten states and reactions without mutating saved state (451.292518ms)
✔ unknown/04 renders all ten states and reactions without mutating saved state (400.641012ms)
✔ unknown/05 renders all ten states and reactions without mutating saved state (346.763893ms)
✔ unknown/06 renders all ten states and reactions without mutating saved state (415.806352ms)
✔ unknown/07 renders all ten states and reactions without mutating saved state (409.002614ms)
✔ unknown/08 renders all ten states and reactions without mutating saved state (430.018382ms)
✔ ren/01 renders all ten states and reactions without mutating saved state (420.753501ms)
✔ ren/02 renders all ten states and reactions without mutating saved state (473.435979ms)
✔ ren/03 renders all ten states and reactions without mutating saved state (421.865242ms)
✔ ren/04 renders all ten states and reactions without mutating saved state (414.413798ms)
✔ ren/05 renders all ten states and reactions without mutating saved state (431.91242ms)
✔ ren/06 renders all ten states and reactions without mutating saved state (431.695218ms)
✔ ren/07 renders all ten states and reactions without mutating saved state (430.248679ms)
✔ ren/08 renders all ten states and reactions without mutating saved state (418.121588ms)
✔ Home connects all fifteen food artworks without changing saved state (86.591878ms)
✔ short tab return restores the current expression without replaying a stale reaction (36.852585ms)
✔ static script exposes the frozen resolver on window (65.331292ms)
✔ resolve maps every persistent home emotion to its approved face (3.993392ms)
✔ resolve applies temporary, critical, and sleeping precedence (0.444732ms)
✔ resolve safely ignores unknown and malformed values (0.188621ms)
✔ assetFor allowlists adult-cat expression portraits only (0.463647ms)
✔ accentFor returns one static accessible-hidden SVG accent per non-normal adult-cat expression (1.266285ms)
✔ reactionFor maps every approved semantic event and rejects unknown events (0.260935ms)
✔ the frozen API leaves caller-owned values unchanged (0.426243ms)
✔ sleeping uses three rising Z marks without a font or animation dependency (0.611811ms)
✔ line-only state marks have a separate outline beneath their colored strokes (0.662984ms)
✔ kitten stage supports all ten expressions while other cat stages keep their base art (0.600535ms)
✔ calling marks retain the two outlined strokes (0.232907ms)
✔ otemba stage has ten faces and marks anchored near its left-hand head (0.233842ms)
✔ young stage has ten faces and marks anchored near its left-hand head (0.176181ms)
✔ calm stage has ten faces and marks anchored near its left-hand head (0.177291ms)
✔ elder stage has ten faces and marks anchored near its left-hand head (2.18652ms)
✔ toddler stage has ten faces and marks anchored near its left-hand head (0.401029ms)
✔ baby stage has ten faces and marks anchored near its left-hand head (0.276594ms)
✔ adult dog supports ten expressions while unsupported species retain base portraits (0.529061ms)
✔ puppy supports ten expressions while unsupported species retain base portraits (0.19956ms)
✔ wanpaku supports ten expressions while unsupported species retain base portraits (5.874747ms)
✔ young dog supports ten expressions while unsupported species retain base portraits (0.44243ms)
✔ young dog accents follow its upright head and hunger uses a food bowl (0.713467ms)
✔ calm dog supports ten expressions while unsupported species retain base portraits (0.657956ms)
✔ calm dog accents follow its head and hunger uses a food bowl (0.217199ms)
✔ dog 01 routes ten expressions with approved milk/bowl hunger artwork (0.247839ms)
✔ dog 02 routes ten expressions with approved milk/bowl hunger artwork (0.062443ms)
✔ dog 08 routes ten expressions with approved milk/bowl hunger artwork (0.111909ms)
✔ man supports all eight stages with ten faces and age-appropriate milk/rice artwork (1.065434ms)
✔ woman supports all eight stages with ten faces and age-appropriate milk/rice artwork (1.100496ms)
✔ sweat follows the face sides instead of the whole body (0.278205ms)
✔ every observed face center lies within its normal sprite bounds (0.570521ms)
✔ cat/1 marks follow the approved face-relative directions (21.203696ms)
✔ cat/2 marks follow the approved face-relative directions (0.324207ms)
✔ cat/3 marks follow the approved face-relative directions (0.22356ms)
✔ cat/4 marks follow the approved face-relative directions (0.181558ms)
✔ cat/5 marks follow the approved face-relative directions (0.217949ms)
✔ cat/6 marks follow the approved face-relative directions (0.156744ms)
✔ cat/7 marks follow the approved face-relative directions (0.151203ms)
✔ cat/8 marks follow the approved face-relative directions (0.572741ms)
✔ dog/1 marks follow the approved face-relative directions (0.132325ms)
✔ dog/2 marks follow the approved face-relative directions (0.106253ms)
✔ dog/3 marks follow the approved face-relative directions (0.103312ms)
✔ dog/4 marks follow the approved face-relative directions (0.103619ms)
✔ dog/5 marks follow the approved face-relative directions (0.239888ms)
✔ dog/6 marks follow the approved face-relative directions (0.113002ms)
✔ dog/7 marks follow the approved face-relative directions (7.652082ms)
✔ dog/8 marks follow the approved face-relative directions (0.197706ms)
✔ man/1 marks follow the approved face-relative directions (0.298889ms)
✔ man/2 marks follow the approved face-relative directions (0.204052ms)
✔ man/3 marks follow the approved face-relative directions (0.142804ms)
✔ man/4 marks follow the approved face-relative directions (0.107362ms)
✔ man/5 marks follow the approved face-relative directions (0.125035ms)
✔ man/6 marks follow the approved face-relative directions (0.218411ms)
✔ man/7 marks follow the approved face-relative directions (0.128524ms)
✔ man/8 marks follow the approved face-relative directions (0.12772ms)
✔ woman/1 marks follow the approved face-relative directions (0.133242ms)
✔ woman/2 marks follow the approved face-relative directions (0.119853ms)
✔ woman/3 marks follow the approved face-relative directions (0.113891ms)
✔ woman/4 marks follow the approved face-relative directions (0.199707ms)
✔ woman/5 marks follow the approved face-relative directions (0.13267ms)
✔ woman/6 marks follow the approved face-relative directions (0.179148ms)
✔ woman/7 marks follow the approved face-relative directions (0.169247ms)
✔ woman/8 marks follow the approved face-relative directions (0.300582ms)
✔ penguin/1 marks follow the approved face-relative directions (0.168223ms)
✔ penguin/2 marks follow the approved face-relative directions (0.117946ms)
✔ penguin/3 marks follow the approved face-relative directions (0.109052ms)
✔ penguin/4 marks follow the approved face-relative directions (0.116083ms)
✔ penguin/5 marks follow the approved face-relative directions (0.390658ms)
✔ penguin/6 marks follow the approved face-relative directions (0.12719ms)
✔ penguin/7 marks follow the approved face-relative directions (0.23787ms)
✔ penguin/8 marks follow the approved face-relative directions (0.143975ms)
✔ turtle/1 marks follow the approved face-relative directions (0.123728ms)
✔ turtle/2 marks follow the approved face-relative directions (0.170388ms)
✔ turtle/3 marks follow the approved face-relative directions (0.114256ms)
✔ turtle/4 marks follow the approved face-relative directions (0.11834ms)
✔ turtle/5 marks follow the approved face-relative directions (0.109119ms)
✔ turtle/6 marks follow the approved face-relative directions (0.13304ms)
✔ turtle/7 marks follow the approved face-relative directions (0.113462ms)
✔ turtle/8 marks follow the approved face-relative directions (0.14861ms)
✔ frog/1 marks follow the approved face-relative directions (0.119564ms)
✔ frog/2 marks follow the approved face-relative directions (0.117599ms)
✔ frog/3 marks follow the approved face-relative directions (0.112276ms)
✔ frog/4 marks follow the approved face-relative directions (0.135781ms)
✔ frog/5 marks follow the approved face-relative directions (0.114363ms)
✔ frog/6 marks follow the approved face-relative directions (0.168574ms)
✔ frog/7 marks follow the approved face-relative directions (0.11564ms)
✔ frog/8 marks follow the approved face-relative directions (0.108489ms)
✔ clownfish/1 marks follow the approved face-relative directions (0.112893ms)
✔ clownfish/2 marks follow the approved face-relative directions (0.10851ms)
✔ clownfish/3 marks follow the approved face-relative directions (0.106267ms)
✔ clownfish/4 marks follow the approved face-relative directions (4.32052ms)
✔ clownfish/5 marks follow the approved face-relative directions (0.20294ms)
✔ clownfish/6 marks follow the approved face-relative directions (0.137771ms)
✔ clownfish/7 marks follow the approved face-relative directions (0.119029ms)
✔ clownfish/8 marks follow the approved face-relative directions (0.113354ms)
✔ salmon/1 marks follow the approved face-relative directions (0.128228ms)
✔ salmon/2 marks follow the approved face-relative directions (0.178172ms)
✔ salmon/3 marks follow the approved face-relative directions (0.115287ms)
✔ salmon/4 marks follow the approved face-relative directions (0.110216ms)
✔ salmon/5 marks follow the approved face-relative directions (0.1137ms)
✔ salmon/6 marks follow the approved face-relative directions (0.108089ms)
✔ salmon/7 marks follow the approved face-relative directions (0.105019ms)
✔ salmon/8 marks follow the approved face-relative directions (0.410638ms)
✔ hermit_crab/1 marks follow the approved face-relative directions (0.143048ms)
✔ hermit_crab/2 marks follow the approved face-relative directions (0.12197ms)
✔ hermit_crab/3 marks follow the approved face-relative directions (0.111252ms)
✔ hermit_crab/4 marks follow the approved face-relative directions (0.108552ms)
✔ hermit_crab/5 marks follow the approved face-relative directions (0.152602ms)
✔ hermit_crab/6 marks follow the approved face-relative directions (0.118698ms)
✔ hermit_crab/7 marks follow the approved face-relative directions (0.109279ms)
✔ hermit_crab/8 marks follow the approved face-relative directions (0.11507ms)
✔ jellyfish/1 marks follow the approved face-relative directions (0.109096ms)
✔ jellyfish/2 marks follow the approved face-relative directions (0.108908ms)
✔ jellyfish/3 marks follow the approved face-relative directions (0.108467ms)
✔ jellyfish/4 marks follow the approved face-relative directions (4.358941ms)
✔ jellyfish/5 marks follow the approved face-relative directions (0.199198ms)
✔ jellyfish/6 marks follow the approved face-relative directions (0.136767ms)
✔ jellyfish/7 marks follow the approved face-relative directions (0.197583ms)
✔ jellyfish/8 marks follow the approved face-relative directions (0.224767ms)
✔ starfish/1 marks follow the approved face-relative directions (0.150831ms)
✔ starfish/2 marks follow the approved face-relative directions (0.119624ms)
✔ starfish/3 marks follow the approved face-relative directions (0.121061ms)
✔ starfish/4 marks follow the approved face-relative directions (0.109658ms)
✔ starfish/5 marks follow the approved face-relative directions (0.112607ms)
✔ starfish/6 marks follow the approved face-relative directions (0.145006ms)
✔ starfish/7 marks follow the approved face-relative directions (0.217078ms)
✔ starfish/8 marks follow the approved face-relative directions (0.266718ms)
✔ coral/1 marks follow the approved face-relative directions (0.141126ms)
✔ coral/2 marks follow the approved face-relative directions (0.110863ms)
✔ coral/3 marks follow the approved face-relative directions (0.146973ms)
✔ coral/4 marks follow the approved face-relative directions (5.454607ms)
✔ coral/5 marks follow the approved face-relative directions (0.202603ms)
✔ coral/6 marks follow the approved face-relative directions (0.115559ms)
✔ coral/7 marks follow the approved face-relative directions (0.147145ms)
✔ coral/8 marks follow the approved face-relative directions (0.110441ms)
✔ butterfly/1 marks follow the approved face-relative directions (0.104675ms)
✔ butterfly/2 marks follow the approved face-relative directions (0.095963ms)
✔ butterfly/3 marks follow the approved face-relative directions (0.673783ms)
✔ butterfly/4 marks follow the approved face-relative directions (7.025802ms)
✔ butterfly/5 marks follow the approved face-relative directions (0.123127ms)
✔ butterfly/6 marks follow the approved face-relative directions (0.095696ms)
✔ butterfly/7 marks follow the approved face-relative directions (0.149124ms)
✔ butterfly/8 marks follow the approved face-relative directions (0.099533ms)
✔ beetle/1 marks follow the approved face-relative directions (0.100972ms)
✔ beetle/2 marks follow the approved face-relative directions (0.135101ms)
✔ beetle/3 marks follow the approved face-relative directions (0.090002ms)
✔ beetle/4 marks follow the approved face-relative directions (0.085197ms)
✔ beetle/5 marks follow the approved face-relative directions (0.094543ms)
✔ beetle/6 marks follow the approved face-relative directions (0.082086ms)
✔ beetle/7 marks follow the approved face-relative directions (0.080773ms)
✔ beetle/8 marks follow the approved face-relative directions (0.079097ms)
✔ stagbeetle/1 marks follow the approved face-relative directions (0.08869ms)
✔ stagbeetle/2 marks follow the approved face-relative directions (0.079925ms)
✔ stagbeetle/3 marks follow the approved face-relative directions (0.082421ms)
✔ stagbeetle/4 marks follow the approved face-relative directions (0.095917ms)
✔ stagbeetle/5 marks follow the approved face-relative directions (0.072263ms)
✔ stagbeetle/6 marks follow the approved face-relative directions (0.078116ms)
✔ stagbeetle/7 marks follow the approved face-relative directions (3.849877ms)
✔ stagbeetle/8 marks follow the approved face-relative directions (0.15388ms)
✔ cicada/1 marks follow the approved face-relative directions (0.098451ms)
✔ cicada/2 marks follow the approved face-relative directions (0.084421ms)
✔ cicada/3 marks follow the approved face-relative directions (0.148573ms)
✔ cicada/4 marks follow the approved face-relative directions (0.090477ms)
✔ cicada/5 marks follow the approved face-relative directions (0.080304ms)
✔ cicada/6 marks follow the approved face-relative directions (0.084591ms)
✔ cicada/7 marks follow the approved face-relative directions (0.075225ms)
✔ cicada/8 marks follow the approved face-relative directions (0.075868ms)
✔ antlion/1 marks follow the approved face-relative directions (0.080069ms)
✔ antlion/2 marks follow the approved face-relative directions (0.41503ms)
✔ antlion/3 marks follow the approved face-relative directions (0.334315ms)
✔ antlion/4 marks follow the approved face-relative directions (0.758933ms)
✔ antlion/5 marks follow the approved face-relative directions (0.802781ms)
✔ antlion/6 marks follow the approved face-relative directions (0.104237ms)
✔ antlion/7 marks follow the approved face-relative directions (0.085976ms)
✔ antlion/8 marks follow the approved face-relative directions (0.089967ms)
✔ dandelion/1 marks follow the approved face-relative directions (0.079925ms)
✔ dandelion/2 marks follow the approved face-relative directions (0.077624ms)
✔ dandelion/3 marks follow the approved face-relative directions (0.074045ms)
✔ dandelion/4 marks follow the approved face-relative directions (0.076612ms)
✔ dandelion/5 marks follow the approved face-relative directions (0.138896ms)
✔ dandelion/6 marks follow the approved face-relative directions (0.090791ms)
✔ dandelion/7 marks follow the approved face-relative directions (0.173972ms)
✔ dandelion/8 marks follow the approved face-relative directions (0.086887ms)
✔ sakura/1 marks follow the approved face-relative directions (0.081381ms)
✔ sakura/2 marks follow the approved face-relative directions (3.492459ms)
✔ sakura/3 marks follow the approved face-relative directions (0.662282ms)
✔ sakura/4 marks follow the approved face-relative directions (0.257391ms)
✔ sakura/5 marks follow the approved face-relative directions (0.0922ms)
✔ sakura/6 marks follow the approved face-relative directions (2.224895ms)
✔ sakura/7 marks follow the approved face-relative directions (0.13848ms)
✔ sakura/8 marks follow the approved face-relative directions (0.085514ms)
✔ venus_flytrap/1 marks follow the approved face-relative directions (0.079621ms)
✔ venus_flytrap/2 marks follow the approved face-relative directions (0.076323ms)
✔ venus_flytrap/3 marks follow the approved face-relative directions (0.150532ms)
✔ venus_flytrap/4 marks follow the approved face-relative directions (0.103691ms)
✔ venus_flytrap/5 marks follow the approved face-relative directions (0.083452ms)
✔ venus_flytrap/6 marks follow the approved face-relative directions (0.124752ms)
✔ venus_flytrap/7 marks follow the approved face-relative directions (0.091365ms)
✔ venus_flytrap/8 marks follow the approved face-relative directions (0.132642ms)
✔ mushroom/1 marks follow the approved face-relative directions (0.099819ms)
✔ mushroom/2 marks follow the approved face-relative directions (0.078772ms)
✔ mushroom/3 marks follow the approved face-relative directions (0.075584ms)
✔ mushroom/4 marks follow the approved face-relative directions (0.074825ms)
✔ mushroom/5 marks follow the approved face-relative directions (0.077762ms)
✔ mushroom/6 marks follow the approved face-relative directions (0.1873ms)
✔ mushroom/7 marks follow the approved face-relative directions (0.117005ms)
✔ mushroom/8 marks follow the approved face-relative directions (0.131928ms)
✔ dragon/1 marks follow the approved face-relative directions (0.079858ms)
✔ dragon/2 marks follow the approved face-relative directions (0.076246ms)
✔ dragon/3 marks follow the approved face-relative directions (0.077902ms)
✔ dragon/4 marks follow the approved face-relative directions (0.074452ms)
✔ dragon/5 marks follow the approved face-relative directions (0.08205ms)
✔ dragon/6 marks follow the approved face-relative directions (16.535586ms)
✔ dragon/7 marks follow the approved face-relative directions (0.145033ms)
✔ dragon/8 marks follow the approved face-relative directions (0.140269ms)
✔ phoenix/1 marks follow the approved face-relative directions (0.110865ms)
✔ phoenix/2 marks follow the approved face-relative directions (0.102221ms)
✔ phoenix/3 marks follow the approved face-relative directions (0.099429ms)
✔ phoenix/4 marks follow the approved face-relative directions (0.154791ms)
✔ phoenix/5 marks follow the approved face-relative directions (0.107953ms)
✔ phoenix/6 marks follow the approved face-relative directions (0.108603ms)
✔ phoenix/7 marks follow the approved face-relative directions (0.134139ms)
✔ phoenix/8 marks follow the approved face-relative directions (0.095553ms)
✔ god/1 marks follow the approved face-relative directions (0.100127ms)
✔ god/2 marks follow the approved face-relative directions (0.091344ms)
✔ god/3 marks follow the approved face-relative directions (0.088263ms)
✔ god/4 marks follow the approved face-relative directions (0.132938ms)
✔ god/5 marks follow the approved face-relative directions (0.096353ms)
✔ god/6 marks follow the approved face-relative directions (0.515048ms)
✔ god/7 marks follow the approved face-relative directions (0.113366ms)
✔ god/8 marks follow the approved face-relative directions (0.132184ms)
✔ world_tree/1 marks follow the approved face-relative directions (0.101358ms)
✔ world_tree/2 marks follow the approved face-relative directions (0.093825ms)
✔ world_tree/3 marks follow the approved face-relative directions (0.087126ms)
✔ world_tree/4 marks follow the approved face-relative directions (0.091783ms)
✔ world_tree/5 marks follow the approved face-relative directions (0.091701ms)
✔ world_tree/6 marks follow the approved face-relative directions (0.48193ms)
✔ world_tree/7 marks follow the approved face-relative directions (0.107348ms)
✔ world_tree/8 marks follow the approved face-relative directions (0.095696ms)
✔ ghost/1 marks follow the approved face-relative directions (0.09267ms)
✔ ghost/2 marks follow the approved face-relative directions (0.095276ms)
✔ ghost/3 marks follow the approved face-relative directions (0.09052ms)
✔ ghost/4 marks follow the approved face-relative directions (0.09042ms)
✔ ghost/5 marks follow the approved face-relative directions (0.09043ms)
✔ ghost/6 marks follow the approved face-relative directions (4.26523ms)
✔ ghost/7 marks follow the approved face-relative directions (0.132813ms)
✔ ghost/8 marks follow the approved face-relative directions (0.107848ms)
✔ star/1 marks follow the approved face-relative directions (0.098268ms)
✔ star/2 marks follow the approved face-relative directions (0.096257ms)
✔ star/3 marks follow the approved face-relative directions (0.090602ms)
✔ star/4 marks follow the approved face-relative directions (0.141427ms)
✔ star/5 marks follow the approved face-relative directions (0.144497ms)
✔ star/6 marks follow the approved face-relative directions (0.104286ms)
✔ star/7 marks follow the approved face-relative directions (0.138457ms)
✔ star/8 marks follow the approved face-relative directions (0.582995ms)
✔ plush/1 marks follow the approved face-relative directions (0.28857ms)
✔ plush/2 marks follow the approved face-relative directions (0.123438ms)
✔ plush/3 marks follow the approved face-relative directions (0.153757ms)
✔ plush/4 marks follow the approved face-relative directions (0.107416ms)
✔ plush/5 marks follow the approved face-relative directions (0.260517ms)
✔ plush/6 marks follow the approved face-relative directions (0.117319ms)
✔ plush/7 marks follow the approved face-relative directions (0.094674ms)
✔ plush/8 marks follow the approved face-relative directions (0.097491ms)
✔ unknown/1 marks follow the approved face-relative directions (0.104627ms)
✔ unknown/2 marks follow the approved face-relative directions (0.094855ms)
✔ unknown/3 marks follow the approved face-relative directions (0.089597ms)
✔ unknown/4 marks follow the approved face-relative directions (0.237248ms)
✔ unknown/5 marks follow the approved face-relative directions (0.648869ms)
✔ unknown/6 marks follow the approved face-relative directions (0.494055ms)
✔ unknown/7 marks follow the approved face-relative directions (0.10974ms)
✔ unknown/8 marks follow the approved face-relative directions (0.097809ms)
✔ ren/1 marks follow the approved face-relative directions (0.092197ms)
✔ ren/2 marks follow the approved face-relative directions (0.090736ms)
✔ ren/3 marks follow the approved face-relative directions (0.138377ms)
✔ ren/4 marks follow the approved face-relative directions (0.100887ms)
✔ ren/5 marks follow the approved face-relative directions (0.094356ms)
✔ ren/6 marks follow the approved face-relative directions (0.096863ms)
✔ ren/7 marks follow the approved face-relative directions (0.092538ms)
✔ ren/8 marks follow the approved face-relative directions (0.089372ms)
✔ reviewed side marks read diagonally above the face, not alongside it (12.110228ms)
✔ penguin/1 routes ten distinct expressions (0.40141ms)
✔ penguin/2 routes ten distinct expressions (0.29855ms)
✔ penguin/3 routes ten distinct expressions (0.207412ms)
✔ penguin/4 routes ten distinct expressions (0.129247ms)
✔ penguin/5 routes ten distinct expressions (0.112451ms)
✔ penguin/6 routes ten distinct expressions (0.10168ms)
✔ penguin/7 routes ten distinct expressions (0.094495ms)
✔ penguin/8 routes ten distinct expressions (0.090043ms)
✔ turtle/1 routes ten distinct expressions (0.091853ms)
✔ turtle/2 routes ten distinct expressions (0.136379ms)
✔ turtle/3 routes ten distinct expressions (0.358801ms)
✔ turtle/4 routes ten distinct expressions (0.205781ms)
✔ turtle/5 routes ten distinct expressions (0.119378ms)
✔ turtle/6 routes ten distinct expressions (1.332306ms)
✔ turtle/7 routes ten distinct expressions (0.147955ms)
✔ turtle/8 routes ten distinct expressions (0.125605ms)
✔ frog/1 routes ten distinct expressions (0.105092ms)
✔ frog/2 routes ten distinct expressions (0.099482ms)
✔ frog/3 routes ten distinct expressions (0.146008ms)
✔ frog/4 routes ten distinct expressions (0.097772ms)
✔ frog/5 routes ten distinct expressions (0.095869ms)
✔ frog/6 routes ten distinct expressions (0.102052ms)
✔ frog/7 routes ten distinct expressions (7.178196ms)
✔ frog/8 routes ten distinct expressions (0.147458ms)
✔ clownfish/1 routes ten distinct expressions (0.101344ms)
✔ clownfish/2 routes ten distinct expressions (0.145118ms)
✔ clownfish/3 routes ten distinct expressions (0.088489ms)
✔ clownfish/4 routes ten distinct expressions (0.07913ms)
✔ clownfish/5 routes ten distinct expressions (0.578398ms)
✔ clownfish/6 routes ten distinct expressions (4.256331ms)
✔ clownfish/7 routes ten distinct expressions (0.119406ms)
✔ clownfish/8 routes ten distinct expressions (0.097232ms)
✔ salmon/1 routes ten distinct expressions (0.082087ms)
✔ salmon/2 routes ten distinct expressions (0.267253ms)
✔ salmon/3 routes ten distinct expressions (0.158814ms)
✔ salmon/4 routes ten distinct expressions (0.264076ms)
✔ salmon/5 routes ten distinct expressions (0.085455ms)
✔ salmon/6 routes ten distinct expressions (0.079306ms)
✔ salmon/7 routes ten distinct expressions (0.08457ms)
✔ salmon/8 routes ten distinct expressions (0.090873ms)
✔ hermit_crab/1 routes ten distinct expressions (0.088205ms)
✔ hermit_crab/2 routes ten distinct expressions (0.324224ms)
✔ hermit_crab/3 routes ten distinct expressions (0.103964ms)
✔ hermit_crab/4 routes ten distinct expressions (0.089045ms)
✔ hermit_crab/5 routes ten distinct expressions (0.412557ms)
✔ hermit_crab/6 routes ten distinct expressions (0.186927ms)
✔ hermit_crab/7 routes ten distinct expressions (0.322812ms)
✔ hermit_crab/8 routes ten distinct expressions (4.605006ms)
✔ jellyfish/1 routes ten distinct expressions (0.291411ms)
✔ jellyfish/2 routes ten distinct expressions (0.11223ms)
✔ jellyfish/3 routes ten distinct expressions (0.194782ms)
✔ jellyfish/4 routes ten distinct expressions (0.317381ms)
✔ jellyfish/5 routes ten distinct expressions (0.110027ms)
✔ jellyfish/6 routes ten distinct expressions (0.079952ms)
✔ jellyfish/7 routes ten distinct expressions (0.09038ms)
✔ jellyfish/8 routes ten distinct expressions (0.086543ms)
✔ starfish/1 routes ten distinct expressions (0.079209ms)
✔ starfish/2 routes ten distinct expressions (0.256396ms)
✔ starfish/3 routes ten distinct expressions (0.149794ms)
✔ starfish/4 routes ten distinct expressions (0.22137ms)
✔ starfish/5 routes ten distinct expressions (0.115202ms)
✔ starfish/6 routes ten distinct expressions (0.090959ms)
✔ starfish/7 routes ten distinct expressions (0.08427ms)
✔ starfish/8 routes ten distinct expressions (0.07743ms)
✔ coral/1 routes ten distinct expressions (0.122058ms)
✔ coral/2 routes ten distinct expressions (0.084538ms)
✔ coral/3 routes ten distinct expressions (0.089937ms)
✔ coral/4 routes ten distinct expressions (0.078246ms)
✔ coral/5 routes ten distinct expressions (0.202351ms)
✔ coral/6 routes ten distinct expressions (0.113041ms)
✔ coral/7 routes ten distinct expressions (0.087069ms)
✔ coral/8 routes ten distinct expressions (0.084424ms)
✔ butterfly/1 routes ten distinct expressions (4.259673ms)
✔ butterfly/2 routes ten distinct expressions (0.169311ms)
✔ butterfly/3 routes ten distinct expressions (0.095856ms)
✔ butterfly/4 routes ten distinct expressions (0.080025ms)
✔ butterfly/5 routes ten distinct expressions (0.077304ms)
✔ butterfly/6 routes ten distinct expressions (0.079951ms)
✔ butterfly/7 routes ten distinct expressions (0.072823ms)
✔ butterfly/8 routes ten distinct expressions (0.128596ms)
✔ beetle/1 routes ten distinct expressions (0.076239ms)
✔ beetle/2 routes ten distinct expressions (0.179996ms)
✔ beetle/3 routes ten distinct expressions (0.091544ms)
✔ beetle/4 routes ten distinct expressions (0.080314ms)
✔ beetle/5 routes ten distinct expressions (0.074983ms)
✔ beetle/6 routes ten distinct expressions (0.080474ms)
✔ beetle/7 routes ten distinct expressions (0.078057ms)
✔ beetle/8 routes ten distinct expressions (0.116522ms)
✔ stagbeetle/1 routes ten distinct expressions (0.125394ms)
✔ stagbeetle/2 routes ten distinct expressions (0.142083ms)
✔ stagbeetle/3 routes ten distinct expressions (0.080349ms)
✔ stagbeetle/4 routes ten distinct expressions (0.073807ms)
✔ stagbeetle/5 routes ten distinct expressions (0.082961ms)
✔ stagbeetle/6 routes ten distinct expressions (0.077568ms)
✔ stagbeetle/7 routes ten distinct expressions (0.07709ms)
✔ stagbeetle/8 routes ten distinct expressions (0.077426ms)
✔ cicada/1 routes ten distinct expressions (0.142342ms)
✔ cicada/2 routes ten distinct expressions (0.091393ms)
✔ cicada/3 routes ten distinct expressions (0.078652ms)
✔ cicada/4 routes ten distinct expressions (0.080992ms)
✔ cicada/5 routes ten distinct expressions (0.077212ms)
✔ cicada/6 routes ten distinct expressions (4.683123ms)
✔ cicada/7 routes ten distinct expressions (0.175199ms)
✔ cicada/8 routes ten distinct expressions (0.104767ms)
✔ antlion/1 routes ten distinct expressions (0.089842ms)
✔ antlion/2 routes ten distinct expressions (0.082903ms)
✔ antlion/3 routes ten distinct expressions (0.07893ms)
✔ antlion/4 routes ten distinct expressions (0.245541ms)
✔ antlion/5 routes ten distinct expressions (0.088889ms)
✔ antlion/6 routes ten distinct expressions (0.07602ms)
✔ antlion/7 routes ten distinct expressions (0.079635ms)
✔ antlion/8 routes ten distinct expressions (0.076151ms)
✔ dandelion/1 routes ten distinct expressions (0.076451ms)
✔ dandelion/2 routes ten distinct expressions (0.147547ms)
✔ dandelion/3 routes ten distinct expressions (0.283035ms)
✔ dandelion/4 routes ten distinct expressions (0.13998ms)
✔ dandelion/5 routes ten distinct expressions (0.082574ms)
✔ dandelion/6 routes ten distinct expressions (0.075379ms)
✔ dandelion/7 routes ten distinct expressions (0.09998ms)
✔ dandelion/8 routes ten distinct expressions (0.076849ms)
✔ sakura/1 routes ten distinct expressions (0.080088ms)
✔ sakura/2 routes ten distinct expressions (0.13607ms)
✔ sakura/3 routes ten distinct expressions (0.38877ms)
✔ sakura/4 routes ten distinct expressions (0.08939ms)
✔ sakura/5 routes ten distinct expressions (0.073679ms)
✔ sakura/6 routes ten distinct expressions (0.082545ms)
✔ sakura/7 routes ten distinct expressions (0.089152ms)
✔ sakura/8 routes ten distinct expressions (0.459997ms)
✔ venus_flytrap/1 routes ten distinct expressions (19.007653ms)
✔ venus_flytrap/2 routes ten distinct expressions (9.268861ms)
✔ venus_flytrap/3 routes ten distinct expressions (0.207251ms)
✔ venus_flytrap/4 routes ten distinct expressions (0.101815ms)
✔ venus_flytrap/5 routes ten distinct expressions (0.092746ms)
✔ venus_flytrap/6 routes ten distinct expressions (0.346867ms)
✔ venus_flytrap/7 routes ten distinct expressions (0.104527ms)
✔ venus_flytrap/8 routes ten distinct expressions (0.088701ms)
✔ mushroom/1 routes ten distinct expressions (0.149061ms)
✔ mushroom/2 routes ten distinct expressions (0.078343ms)
✔ mushroom/3 routes ten distinct expressions (0.11104ms)
✔ mushroom/4 routes ten distinct expressions (0.094576ms)
✔ mushroom/5 routes ten distinct expressions (0.077773ms)
✔ mushroom/6 routes ten distinct expressions (0.076647ms)
✔ mushroom/7 routes ten distinct expressions (0.476802ms)
✔ mushroom/8 routes ten distinct expressions (0.14375ms)
✔ dragon/1 routes ten distinct expressions (0.085364ms)
✔ dragon/2 routes ten distinct expressions (0.072997ms)
✔ dragon/3 routes ten distinct expressions (0.075723ms)
✔ dragon/4 routes ten distinct expressions (0.531071ms)
✔ dragon/5 routes ten distinct expressions (0.10398ms)
✔ dragon/6 routes ten distinct expressions (0.180115ms)
✔ dragon/7 routes ten distinct expressions (0.087805ms)
✔ dragon/8 routes ten distinct expressions (0.079912ms)
✔ phoenix/1 routes ten distinct expressions (0.082205ms)
✔ phoenix/2 routes ten distinct expressions (0.079647ms)
✔ phoenix/3 routes ten distinct expressions (0.322946ms)
✔ phoenix/4 routes ten distinct expressions (0.092381ms)
✔ phoenix/5 routes ten distinct expressions (0.075024ms)
✔ phoenix/6 routes ten distinct expressions (0.077819ms)
✔ phoenix/7 routes ten distinct expressions (0.078688ms)
✔ phoenix/8 routes ten distinct expressions (0.158402ms)
✔ god/1 routes ten distinct expressions (0.162528ms)
✔ god/2 routes ten distinct expressions (0.084166ms)
✔ god/3 routes ten distinct expressions (0.079609ms)
✔ god/4 routes ten distinct expressions (0.438854ms)
✔ god/5 routes ten distinct expressions (0.106401ms)
✔ god/6 routes ten distinct expressions (0.084128ms)
✔ god/7 routes ten distinct expressions (0.251171ms)
✔ god/8 routes ten distinct expressions (18.370768ms)
✔ world_tree/1 routes ten distinct expressions (0.433574ms)
✔ world_tree/2 routes ten distinct expressions (0.245095ms)
✔ world_tree/3 routes ten distinct expressions (0.130649ms)
✔ world_tree/4 routes ten distinct expressions (0.484097ms)
✔ world_tree/5 routes ten distinct expressions (0.09796ms)
✔ world_tree/6 routes ten distinct expressions (0.093048ms)
✔ world_tree/7 routes ten distinct expressions (0.094591ms)
✔ world_tree/8 routes ten distinct expressions (0.08038ms)
✔ ghost/1 routes ten distinct expressions (0.085363ms)
✔ ghost/2 routes ten distinct expressions (0.236306ms)
✔ ghost/3 routes ten distinct expressions (0.097068ms)
✔ ghost/4 routes ten distinct expressions (0.074244ms)
✔ ghost/5 routes ten distinct expressions (0.081263ms)
✔ ghost/6 routes ten distinct expressions (0.130997ms)
✔ ghost/7 routes ten distinct expressions (0.169109ms)
✔ ghost/8 routes ten distinct expressions (0.090024ms)
✔ star/1 routes ten distinct expressions (0.085225ms)
✔ star/2 routes ten distinct expressions (0.094316ms)
✔ star/3 routes ten distinct expressions (0.079101ms)
✔ star/4 routes ten distinct expressions (0.467012ms)
✔ star/5 routes ten distinct expressions (0.110908ms)
✔ star/6 routes ten distinct expressions (0.084454ms)
✔ star/7 routes ten distinct expressions (0.080117ms)
✔ star/8 routes ten distinct expressions (0.177564ms)
✔ plush/1 routes ten distinct expressions (0.094912ms)
✔ plush/2 routes ten distinct expressions (0.450939ms)
✔ plush/3 routes ten distinct expressions (0.107582ms)
✔ plush/4 routes ten distinct expressions (0.092611ms)
✔ plush/5 routes ten distinct expressions (1.0886ms)
✔ plush/6 routes ten distinct expressions (0.10841ms)
✔ plush/7 routes ten distinct expressions (0.136753ms)
✔ plush/8 routes ten distinct expressions (0.104427ms)
✔ unknown/1 routes ten distinct expressions (0.086445ms)
✔ unknown/2 routes ten distinct expressions (0.071089ms)
✔ unknown/3 routes ten distinct expressions (0.11282ms)
✔ unknown/4 routes ten distinct expressions (0.088256ms)
✔ unknown/5 routes ten distinct expressions (0.075392ms)
✔ unknown/6 routes ten distinct expressions (0.085838ms)
✔ unknown/7 routes ten distinct expressions (0.13376ms)
✔ unknown/8 routes ten distinct expressions (2.120169ms)
✔ ren/1 routes ten distinct expressions (0.150135ms)
✔ ren/2 routes ten distinct expressions (0.122137ms)
✔ ren/3 routes ten distinct expressions (0.093816ms)
✔ ren/4 routes ten distinct expressions (0.080559ms)
✔ ren/5 routes ten distinct expressions (0.288297ms)
✔ ren/6 routes ten distinct expressions (0.101703ms)
✔ ren/7 routes ten distinct expressions (1.74919ms)
✔ ren/8 routes ten distinct expressions (0.278685ms)
✔ frog and clownfish use distinct species-appropriate hunger marks (0.459856ms)
✔ salmon/1 renders a food mark with normal/unknown fallback intact (0.511891ms)
✔ salmon/2 renders a food mark with normal/unknown fallback intact (0.81947ms)
✔ salmon/3 renders a food mark with normal/unknown fallback intact (0.154728ms)
✔ salmon/4 renders a food mark with normal/unknown fallback intact (0.142773ms)
✔ salmon/5 renders a food mark with normal/unknown fallback intact (7.634284ms)
✔ salmon/6 renders a food mark with normal/unknown fallback intact (4.293194ms)
✔ salmon/7 renders a food mark with normal/unknown fallback intact (0.371387ms)
✔ salmon/8 renders a food mark with normal/unknown fallback intact (0.178191ms)
✔ hermit_crab/1 renders a food mark with normal/unknown fallback intact (0.355022ms)
✔ hermit_crab/2 renders a food mark with normal/unknown fallback intact (0.122286ms)
✔ hermit_crab/3 renders a food mark with normal/unknown fallback intact (0.743938ms)
✔ hermit_crab/4 renders a food mark with normal/unknown fallback intact (0.162434ms)
✔ hermit_crab/5 renders a food mark with normal/unknown fallback intact (1.025133ms)
✔ hermit_crab/6 renders a food mark with normal/unknown fallback intact (0.18731ms)
✔ hermit_crab/7 renders a food mark with normal/unknown fallback intact (0.128144ms)
✔ hermit_crab/8 renders a food mark with normal/unknown fallback intact (0.12693ms)
✔ jellyfish/1 renders a food mark with normal/unknown fallback intact (0.257553ms)
✔ jellyfish/2 renders a food mark with normal/unknown fallback intact (0.110164ms)
✔ jellyfish/3 renders a food mark with normal/unknown fallback intact (0.080417ms)
✔ jellyfish/4 renders a food mark with normal/unknown fallback intact (0.073236ms)
✔ jellyfish/5 renders a food mark with normal/unknown fallback intact (0.134115ms)
✔ jellyfish/6 renders a food mark with normal/unknown fallback intact (0.088244ms)
✔ jellyfish/7 renders a food mark with normal/unknown fallback intact (0.105317ms)
✔ jellyfish/8 renders a food mark with normal/unknown fallback intact (0.101263ms)
✔ starfish/1 renders a food mark with normal/unknown fallback intact (0.280455ms)
✔ starfish/2 renders a food mark with normal/unknown fallback intact (0.109338ms)
✔ starfish/3 renders a food mark with normal/unknown fallback intact (0.096198ms)
✔ starfish/4 renders a food mark with normal/unknown fallback intact (0.097037ms)
✔ starfish/5 renders a food mark with normal/unknown fallback intact (8.429965ms)
✔ starfish/6 renders a food mark with normal/unknown fallback intact (0.105321ms)
✔ starfish/7 renders a food mark with normal/unknown fallback intact (0.069443ms)
✔ starfish/8 renders a food mark with normal/unknown fallback intact (0.102819ms)
✔ coral/1 renders a food mark with normal/unknown fallback intact (0.452549ms)
✔ coral/2 renders a food mark with normal/unknown fallback intact (0.088904ms)
✔ coral/3 renders a food mark with normal/unknown fallback intact (0.0883ms)
✔ coral/4 renders a food mark with normal/unknown fallback intact (0.065982ms)
✔ coral/5 renders a food mark with normal/unknown fallback intact (0.139517ms)
✔ coral/6 renders a food mark with normal/unknown fallback intact (0.064806ms)
✔ coral/7 renders a food mark with normal/unknown fallback intact (0.06184ms)
✔ coral/8 renders a food mark with normal/unknown fallback intact (0.069244ms)
✔ butterfly/1 renders a food mark with normal/unknown fallback intact (0.279674ms)
✔ butterfly/2 renders a food mark with normal/unknown fallback intact (0.113275ms)
✔ butterfly/3 renders a food mark with normal/unknown fallback intact (0.067524ms)
✔ butterfly/4 renders a food mark with normal/unknown fallback intact (0.061274ms)
✔ butterfly/5 renders a food mark with normal/unknown fallback intact (0.066906ms)
✔ butterfly/6 renders a food mark with normal/unknown fallback intact (0.071087ms)
✔ butterfly/7 renders a food mark with normal/unknown fallback intact (0.06851ms)
✔ butterfly/8 renders a food mark with normal/unknown fallback intact (0.073712ms)
✔ beetle/1 renders a food mark with normal/unknown fallback intact (0.302783ms)
✔ beetle/2 renders a food mark with normal/unknown fallback intact (0.119208ms)
✔ beetle/3 renders a food mark with normal/unknown fallback intact (0.080967ms)
✔ beetle/4 renders a food mark with normal/unknown fallback intact (0.07992ms)
✔ beetle/5 renders a food mark with normal/unknown fallback intact (0.092462ms)
✔ beetle/6 renders a food mark with normal/unknown fallback intact (0.070181ms)
✔ beetle/7 renders a food mark with normal/unknown fallback intact (0.104892ms)
✔ beetle/8 renders a food mark with normal/unknown fallback intact (0.143251ms)
✔ stagbeetle/1 renders a food mark with normal/unknown fallback intact (1.155591ms)
✔ stagbeetle/2 renders a food mark with normal/unknown fallback intact (0.095491ms)
✔ stagbeetle/3 renders a food mark with normal/unknown fallback intact (0.048873ms)
✔ stagbeetle/4 renders a food mark with normal/unknown fallback intact (0.046084ms)
✔ stagbeetle/5 renders a food mark with normal/unknown fallback intact (0.174295ms)
✔ stagbeetle/6 renders a food mark with normal/unknown fallback intact (0.086237ms)
✔ stagbeetle/7 renders a food mark with normal/unknown fallback intact (0.090677ms)
✔ stagbeetle/8 renders a food mark with normal/unknown fallback intact (0.091591ms)
✔ cicada/1 renders a food mark with normal/unknown fallback intact (0.185615ms)
✔ cicada/2 renders a food mark with normal/unknown fallback intact (0.192097ms)
✔ cicada/3 renders a food mark with normal/unknown fallback intact (0.043512ms)
✔ cicada/4 renders a food mark with normal/unknown fallback intact (0.039481ms)
✔ cicada/5 renders a food mark with normal/unknown fallback intact (0.048469ms)
✔ cicada/6 renders a food mark with normal/unknown fallback intact (0.040193ms)
✔ cicada/7 renders a food mark with normal/unknown fallback intact (0.039436ms)
✔ cicada/8 renders a food mark with normal/unknown fallback intact (0.091962ms)
✔ venus_flytrap uses the shared yellow insect hunger mark (0.113855ms)
✔ unknown/1 exposes face-relative sickness drops and the shared hunger mark (0.181181ms)
✔ unknown/2 exposes face-relative sickness drops and the shared hunger mark (19.508052ms)
✔ unknown/3 exposes face-relative sickness drops and the shared hunger mark (0.142833ms)
✔ unknown/4 exposes face-relative sickness drops and the shared hunger mark (0.122978ms)
✔ unknown/5 exposes face-relative sickness drops and the shared hunger mark (0.255032ms)
✔ unknown/6 exposes face-relative sickness drops and the shared hunger mark (0.212909ms)
✔ unknown/7 exposes face-relative sickness drops and the shared hunger mark (2.292892ms)
✔ unknown/8 exposes face-relative sickness drops and the shared hunger mark (0.141847ms)
✔ ren/1 uses the shared age-appropriate human hunger artwork (0.501896ms)
✔ ren/2 uses the shared age-appropriate human hunger artwork (0.089049ms)
✔ ren/3 uses the shared age-appropriate human hunger artwork (0.06544ms)
✔ ren/4 uses the shared age-appropriate human hunger artwork (0.05576ms)
✔ ren/5 uses the shared age-appropriate human hunger artwork (0.082036ms)
✔ ren/6 uses the shared age-appropriate human hunger artwork (0.063708ms)
✔ ren/7 uses the shared age-appropriate human hunger artwork (0.39838ms)
✔ ren/8 uses the shared age-appropriate human hunger artwork (0.10997ms)
✔ ren/1 exposes face-relative sickness drops (0.261724ms)
✔ ren/2 exposes face-relative sickness drops (0.171576ms)
✔ ren/3 exposes face-relative sickness drops (0.052734ms)
✔ ren/4 exposes face-relative sickness drops (0.077985ms)
✔ ren/5 exposes face-relative sickness drops (0.053559ms)
✔ ren/6 exposes face-relative sickness drops (0.046239ms)
✔ ren/7 exposes face-relative sickness drops (0.041415ms)
✔ ren/8 exposes face-relative sickness drops (0.039531ms)
✔ the selected expression mark paints above illness sweat and character art (3.448339ms)
✔ repetitive achievement thresholds use the approved moderate values (2799.320163ms)
✔ duplicate achievements are removed or given distinct collection scopes (71.437406ms)
✔ romance completion copy describes dating every candidate, not merely meeting them (109.45725ms)
✔ a correct Sudoku cell keeps the incomplete board; only the last cell advances once (77.38441ms)
✔ weather follows motion preferences immediately in both directions (164.916849ms)
✔ returning home after a slow minigame rebuilds the unchanged rain in lightweight mode (258.895441ms)
✔ life records suppress weather and seasonal foreground effects until returning home (274.91416ms)
✔ normalization creates no retired crown life state and retains the distinct Naoto crown (77.189099ms)
✔ alias + canonical, retired, future and typo ids stay in the save but count once or not at all (344.730826ms)
✔ boot never unlocks progress achievements from unregistered ids (87.766032ms)
✔ 176 real forms + 72 retired-species keys do not reach dex-complete, goal 4 or the crown (182.370591ms)
✔ only retired final forms do not unlock elder-collector (102.031579ms)
✔ duplicates are counted once (47.028744ms)
✔ a true current complete dex still reaches dex-complete, goal 4, the crown and the ending count (104.371697ms)
✔ grandfathered dexCleared keeps every past unlock and shows the record without inflating the count (37.377357ms)
✔ the record hint is derived from dexCleared and the current registry size only (57.293579ms)
✔ the dex header combines canonical forms, companions and partners (56.304172ms)
✔ a save carrying RH-1 saveRepair counts the same way and keeps saveRepair untouched (45.358189ms)
✔ an old v4 save keeps its unknown ids and counts only registered forms (681.562539ms)
✔ PERFECT is still every current achievement, unchanged (1191.271178ms)
✔ an alias alone counts as its canonical id (partner, married, region, companion) (152.10251ms)
✔ the crown bonus follows the canonical dex, not the raw length (94.063129ms)
✔ perfect-life needs a registered marriage, not an unknown id (25.390888ms)
✔ landscape notices gain pictures while generic birds and growth stages stay untouched (569.09667ms)
✔ road and space props use pictures, keep the player glyph, and fall back on failed images (9925.91413ms)
✔ memory cards retain hidden backs and reveal the illustration only after flipping (163.945933ms)
✔ late loading, malformed atlases and decode errors keep the original prop with no Canvas state leak (98.798896ms)
✔ illustrated roads keep input, timing, score and saved rewards identical in normal, reduced and low modes (42355.753042ms)
✔ all memory-card faces stay distinct and full completion keeps the same pairs, score and rewards (1646.910625ms)
✔ other pseudo-road games keep their previous renderers and retirement cancels illustrated frames (1655.166738ms)
✔ missing prop module keeps the complete original game and safe text fallback (2002.447898ms)
✔ Quick mixed score 0 pays 0 with null and preserves care (1034.196644ms)
✔ Quick mixed score 0 pays 0 with star and preserves care (100.145855ms)
✔ Quick mixed score 30 pays 0 with null and preserves care (91.171824ms)
✔ Quick mixed score 30 pays 0 with star and preserves care (91.06838ms)
✔ Quick mixed score 95 pays 0 with null and preserves care (83.001374ms)
✔ Quick mixed score 95 pays 0 with star and preserves care (139.983531ms)
✔ Quick mixed score 100 pays 100 with null and preserves care (87.15155ms)
✔ Quick mixed score 100 pays 100 with star and preserves care (90.151352ms)
✔ Quick knock score 100 pays 0 with null and preserves care (70.782246ms)
✔ Quick knock score 100 pays 0 with star and preserves care (98.331518ms)
✔ Quick mixed starts at zero energy and quitting has no care or coin effect (100.218928ms)
✔ Quick knock starts at zero energy and quitting has no care or coin effect (74.823899ms)
✔ Quick bypasses recruitment, story care, and meter processing even with a pending encounter (87.688679ms)
✔ Quick session callback ignores duplicates and stale callbacks while a new run can settle (115.283738ms)
✔ designated daily score 29, null: only 0 ordinary base coins and Lucky 0 (96.635382ms)
✔ designated daily score 29, star: only 0 ordinary base coins and Lucky 0 (149.905436ms)
✔ designated daily score 30, null: only 30 ordinary base coins and Lucky 1 (79.611234ms)
✔ designated daily score 30, star: only 30 ordinary base coins and Lucky 1 (84.651983ms)
✔ designated daily score 70, null: only 60 ordinary base coins and Lucky 1 (69.073687ms)
✔ designated daily score 70, star: only 60 ordinary base coins and Lucky 1 (93.707291ms)
✔ designated daily score 100, null: only 60 ordinary base coins and Lucky 1 (90.664453ms)
✔ designated daily score 100, star: only 60 ordinary base coins and Lucky 1 (101.127125ms)
✔ designated game completion from daily-button grants once (94.227971ms)
✔ designated game completion from game-list grants once (109.173843ms)
✔ wrong game, quit, Quick and gamepass cannot claim a daily reward (475.792435ms)
✔ daily validates the designated ID on the settlement date across midnight (95.8683ms)
✔ same-date claim survives JSON reload, infinite mode and a new life; next date grants one anew (229.660122ms)
✔ legacy same-day claimed record and active shared boost load intact and block a second reward (184.122891ms)
✔ after the daily award, another ordinary S rank retains its ordinary boost rule (107.001369ms)
✔ failure from the daily button remains unclaimed and can be retried successfully (136.724009ms)
✔ coins target keeps the basket clear of bad drops at levels 1-5 (528.802606ms)
✔ quick mode chains 3-6 second games: cue, immediate play, judge, next game within the result flash (123.472135ms)
✔ every quick game can be solved from its own target hint and each kind of input is covered (189.920965ms)
✔ three misses end the run, the score feeds the normal result flow, and difficulty ramps every 4 games (162.293053ms)
✔ every game can be played on its own: a solo run repeats one game 10 times and keeps a per-game best (263.812062ms)
✔ Quick list toggle uses its dedicated control and a selected solo starts (159.562744ms)
✔ both Quick entries pay zero for incomplete runs even with Star (93.357271ms)
✔ both Quick entries ignore retired energy-band snapshots (179.377562ms)
✔ the production Quick voice control saves every selected mode for the audio router (436.627059ms)
✔ an unchosen legacy pico setting migrates to reading while chosen pico remains selected (158.424902ms)
✔ umbrella solo shows a compact cue and waits for rain before a successful swipe (106.900227ms)
✔ game pass never shortcuts quick-run, including during ordinary cooldown (108.181064ms)
✔ game pass never shortcuts quick-solo, including during ordinary cooldown (98.827765ms)
✔ real mixed 20/20 callback pays 100, keeps records and achievements, and a new perfect run pays again (389.892123ms)
✔ retiring a real Quick final card invalidates its delayed completion during the next session (150.233849ms)
✔ same-season travel renders the destination scenery, including return trips (517.533886ms)
✔ jungle does not acquire snowy forecasts from the global winter rule (1.601697ms)
✔ desert does not acquire snowy forecasts from the global winter rule (4.952161ms)
✔ deepsea and the star stop do not invent surface weather forecasts (0.352241ms)
✔ observed hometown weather is not used as the weather of a distant destination (92.338592ms)
✔ surface seasons do not introduce heat or cold penalties to underwater and starry places (66.214951ms)
✔ underwater rendering and effects ignore surface weather without overwriting the chosen setting (159.110907ms)
✔ moving between surface, underwater and the star stop refreshes effects with unchanged settings (104.443551ms)
✔ the renamed waterside keeps its saved region identity, visits and historical text (258.592501ms)
✔ regional game preference does not leak into a former visual base (64.399479ms)
✔ regional care modifiers retain their differences without coin bonuses (84.624029ms)
✔ deepsea schedules its own event in daytime snow (81.767165ms)
✔ star_stop schedules its own event in daytime snow (87.464676ms)
✔ memory_lake schedules its own event in daytime snow (86.663153ms)
✔ a regional moment waits while asleep or a menu is open (159.56549ms)
✔ legend affinity is a soft preference and never overrides unseen priority (624.92604ms)
✔ mountain climbing responds to grip timing, reaches the summit and awards once (122.847987ms)
✔ climbing misses and retirement do not award a completed game (121.487479ms)
✔ climbing draws finite coordinates, accepts keyboard rock selection and times out once (655.177041ms)
✔ saved climbing records, ordinary region count and total games remain intact (148.810145ms)
[naotocchi] region:siteA Error: unknown region id "moon" (siteA)
    at Object.resolveRegionId (evalmachine.<anonymous>:31317:17)
    at TestContext.<anonymous> (/workspace/scratch/28c7e6574f23/naotocchi/tests/region-registry-test.cjs:120:50)
    at Test.runInAsyncScope (node:async_hooks:227:14)
    at Test.run (node:internal/test_runner/test:1382:25)
    at Test.processPendingSubtests (node:internal/test_runner/test:960:18)
    at Test.postRun (node:internal/test_runner/test:1522:19)
    at Test.run (node:internal/test_runner/test:1447:12)
    at async Test.processPendingSubtests (node:internal/test_runner/test:960:7)
[naotocchi] region:region Error: unknown region id "forrest" (region)
    at Object.resolveRegionId (evalmachine.<anonymous>:31317:17)
    at TestContext.<anonymous> (/workspace/scratch/28c7e6574f23/naotocchi/tests/region-registry-test.cjs:124:22)
    at Test.runInAsyncScope (node:async_hooks:227:14)
    at Test.run (node:internal/test_runner/test:1382:25)
    at Test.processPendingSubtests (node:internal/test_runner/test:960:18)
    at Test.postRun (node:internal/test_runner/test:1522:19)
    at Test.run (node:internal/test_runner/test:1447:12)
    at async Test.processPendingSubtests (node:internal/test_runner/test:960:7)
[naotocchi] region:region Error: unknown region id "<null>" (region)
    at Object.resolveRegionId (evalmachine.<anonymous>:31317:17)
    at TestContext.<anonymous> (/workspace/scratch/28c7e6574f23/naotocchi/tests/region-registry-test.cjs:125:22)
    at Test.runInAsyncScope (node:async_hooks:227:14)
    at Test.run (node:internal/test_runner/test:1382:25)
    at Test.processPendingSubtests (node:internal/test_runner/test:960:18)
    at Test.postRun (node:internal/test_runner/test:1522:19)
    at Test.run (node:internal/test_runner/test:1447:12)
    at async Test.processPendingSubtests (node:internal/test_runner/test:960:7)
[naotocchi] region:region Error: unknown region id "<number>" (region)
    at Object.resolveRegionId (evalmachine.<anonymous>:31317:17)
    at TestContext.<anonymous> (/workspace/scratch/28c7e6574f23/naotocchi/tests/region-registry-test.cjs:126:22)
    at Test.runInAsyncScope (node:async_hooks:227:14)
    at Test.run (node:internal/test_runner/test:1382:25)
    at Test.processPendingSubtests (node:internal/test_runner/test:960:18)
    at Test.postRun (node:internal/test_runner/test:1522:19)
    at Test.run (node:internal/test_runner/test:1447:12)
    at async Test.processPendingSubtests (node:internal/test_runner/test:960:7)
[naotocchi] region:findRegion Error: unknown region id "moon" (findRegion)
    at resolveRegionId (evalmachine.<anonymous>:31317:17)
    at findRegion (evalmachine.<anonymous>:31302:17)
    at applyRegion (evalmachine.<anonymous>:34271:20)
    at render (evalmachine.<anonymous>:34386:20)
    at evalmachine.<anonymous>:41424:3
    at evalmachine.<anonymous>:41607:3
    at Script.runInContext (node:vm:149:12)
    at Object.runInContext (node:vm:301:6)
    at createHarness (/workspace/scratch/28c7e6574f23/naotocchi/tests/helpers/runtime-harness.cjs:311:6)
    at harness (/workspace/scratch/28c7e6574f23/naotocchi/tests/helpers/runtime-harness.cjs:95:10)
✔ the canonical registry is master.regions: 13 regions, and REGIONS + SPECIAL_REGIONS match it id for id and label for label (2.52331ms)
✔ every full registry table has exactly the 13 canonical regions (24.292702ms)
✔ every intentionally partial table is exactly its audited subset (no typo, no extra, no silent loss) (1.811702ms)
✔ nested region references and alias destinations are all canonical (0.6563ms)
✔ resolveRegionId: canonical ids pass, the official alias tropical → jungle is normal input, unknown / typo / invalid throw under strictRegions (92.310132ms)
✔ production: unknown ids resolve to home and are reported once per raw id, keeping the first site (115.393904ms)
✔ an unknown saved region (moon) runs as home in production, and the save keeps the raw id (490.147874ms)
✔ a legacy saved region (tropical) runs as jungle without an error, and the save keeps tropical (1147.59539ms)
✔ under strictRegions an unknown current region stops the test instead of silently becoming home (88.347908ms)
✔ each of the 10 continuous walk corridors has a spec, named by id when one is missing (36.010022ms)
✔ the 3 existing transitions stay transitions and memory_lake is not a corridor (0.689427ms)
✔ remove-it: dropping or adding one region in any table, a stray reference or a missing corridor spec is caught (64.300524ms)
✔ README sticker section matches the current sticker constants (no retired kakera / fixed four pages) (629.476665ms)
✔ README states the supported browsers and the hidden-tab / multi-tab behaviour (5.220448ms)
✔ region icon keys and body.region-* styles only name registered regions (no dead alias rows) (105.755049ms)
✔ real old saves: the manifest lists one fixture per era, each written by that era's own code (10.144374ms)
✔ real old save pre-v3.json: loads without errors, nothing decreases, RH-2 counts, load→save→load is idempotent (796.782338ms)
✔ real old save v3.json: loads without errors, nothing decreases, RH-2 counts, load→save→load is idempotent (357.769304ms)
✔ real old save v4-pre-master.json: loads without errors, nothing decreases, RH-2 counts, load→save→load is idempotent (232.985826ms)
✔ real old save v5-pre-items-v2.json: loads without errors, nothing decreases, RH-2 counts, load→save→load is idempotent (240.632455ms)
✔ real old save sticker-points-meguru-p1.json: loads without errors, nothing decreases, RH-2 counts, load→save→load is idempotent (171.35992ms)
✔ real old save meguru-p2.json: loads without errors, nothing decreases, RH-2 counts, load→save→load is idempotent (218.073328ms)
✔ legacy species keep their pre-master names (not ???) on the profile and in past lives; the save keeps the raw line (93.486674ms)
✔ sticker page background: an unavailable value is shown as home but never written back, and does not count as a change (148.767135ms)
✔ past lives and life-log fields from a save are escaped before innerHTML (98.671073ms)
✔ snapshots: the list is not re-parsed while storage is unchanged, and another tab's write is picked up (78.395255ms)
[naotocchi] region:findRegion Error: unknown region id "false" (findRegion)
    at resolveRegionId (evalmachine.<anonymous>:31317:17)
    at findRegion (evalmachine.<anonymous>:31302:17)
    at applyRegion (evalmachine.<anonymous>:34271:20)
    at render (evalmachine.<anonymous>:34386:20)
    at evalmachine.<anonymous>:41424:3
    at evalmachine.<anonymous>:41607:3
    at Script.runInContext (node:vm:149:12)
    at Object.runInContext (node:vm:301:6)
    at createHarness (/workspace/scratch/28c7e6574f23/naotocchi/tests/helpers/runtime-harness.cjs:311:6)
    at harness (/workspace/scratch/28c7e6574f23/naotocchi/tests/helpers/runtime-harness.cjs:95:10)
✔ meguru records are saved once, outside the frame (microtask), with the same bridge signatures (170.28056ms)
✔ broken save (boolean as string): boots, stays sane, and saves (76.04138ms)
✔ broken save (number as string): boots, stays sane, and saves (103.586959ms)
✔ broken save (duplicate ids): boots, stays sane, and saves (114.359478ms)
✔ broken save (unknown and future ids): boots, stays sane, and saves (92.514431ms)
✔ broken save (missing keys): boots, stays sane, and saves (95.913347ms)
✔ broken save (partner as string): boots, stays sane, and saves (229.315747ms)
✔ broken save (transformOptions as string): boots, stays sane, and saves (92.22974ms)
✔ broken save (unknown stage): boots, stays sane, and saves (112.713422ms)
✔ broken save (huge numbers): boots, stays sane, and saves (103.846439ms)
✔ broken save (__proto__ keys): boots, stays sane, and saves (95.496882ms)
✔ broken save (truncated JSON): boots without replacing the unreadable primary (110.42723ms)
✔ fuzz: 200 seeded mutations of real old saves all boot and stay sane (27793.92176ms)
[naotocchi] achievement:rare-line-1 TypeError: Cannot read properties of null (reading 'split')
    at evalmachine.<anonymous>:24809:172
    at Array.some (<anonymous>)
    at Object.condition (evalmachine.<anonymous>:24809:138)
    at checkAchievements (evalmachine.<anonymous>:24973:23)
    at Object.saveState (evalmachine.<anonymous>:25415:5)
    at /workspace/scratch/28c7e6574f23/naotocchi/tests/save-integrity-test.cjs:218:35
    at getActual (node:assert:611:5)
    at strict.doesNotThrow (node:assert:779:32)
    at TestContext.<anonymous> (/workspace/scratch/28c7e6574f23/naotocchi/tests/save-integrity-test.cjs:218:10)
    at Test.runInAsyncScope (node:async_hooks:227:14)
[naotocchi] achievement:every-normal-line TypeError: Cannot read properties of null (reading 'startsWith')
    at evalmachine.<anonymous>:24847:187
    at Array.some (<anonymous>)
    at evalmachine.<anonymous>:24847:173
    at Array.every (<anonymous>)
    at Object.condition (evalmachine.<anonymous>:24847:138)
    at checkAchievements (evalmachine.<anonymous>:24973:23)
    at Object.saveState (evalmachine.<anonymous>:25415:5)
    at /workspace/scratch/28c7e6574f23/naotocchi/tests/save-integrity-test.cjs:218:35
    at getActual (node:assert:611:5)
    at strict.doesNotThrow (node:assert:779:32)
[naotocchi] achievement:rare-line-all TypeError: Cannot read properties of null (reading 'startsWith')
    at evalmachine.<anonymous>:24857:182
    at Array.some (<anonymous>)
    at evalmachine.<anonymous>:24857:168
    at Array.every (<anonymous>)
    at Object.condition (evalmachine.<anonymous>:24857:133)
    at checkAchievements (evalmachine.<anonymous>:24973:23)
    at Object.saveState (evalmachine.<anonymous>:25415:5)
    at /workspace/scratch/28c7e6574f23/naotocchi/tests/save-integrity-test.cjs:218:35
    at getActual (node:assert:611:5)
    at strict.doesNotThrow (node:assert:779:32)
✔ malformed elements are removed, recorded, and unknown/future/retired ids are kept (365.002583ms)
✔ the null element that crashed boot in rare-line-1 now boots and saves (79.277916ms)
✔ unknown integer tiers stay in the save and are skipped only by the badge row (69.966965ms)
✔ repair is idempotent: reloading a repaired save adds nothing to saveRepair (197.84624ms)
✔ a normal current save and a normal legacy v4 save never create saveRepair (204.934365ms)
✔ a corrupt primary with a good backup never copies the corrupt raw into backup (171.921802ms)
✔ loading alone never writes the backup (backup only follows a successful save) (237.418024ms)
✔ primary and backup both element-corrupt still boot and keep the original raw (221.488195ms)
✔ a truncated primary still falls back to the backup without writing (130.330665ms)
✔ importing a save code with malformed elements boots after reload with a clean backup (215.195703ms)
✔ every array in freshState() drops a null element on load (coverage of the kind table) (2247.877012ms)
✔ an achievement condition that throws is reported once and does not stop saving (113.186793ms)
[naotocchi] storage Error: localStorage quota exceeded
    at noteStorageWarning (evalmachine.<anonymous>:25398:24)
    at Object.saveState (evalmachine.<anonymous>:25446:9)
    at TestContext.<anonymous> (/workspace/scratch/28c7e6574f23/naotocchi/tests/save-recovery-test.cjs:52:9)
    at Test.runInAsyncScope (node:async_hooks:227:14)
    at Test.run (node:internal/test_runner/test:1382:25)
    at Test.processPendingSubtests (node:internal/test_runner/test:960:18)
    at Test.postRun (node:internal/test_runner/test:1522:19)
    at Test.run (node:internal/test_runner/test:1447:12)
    at async Test.processPendingSubtests (node:internal/test_runner/test:960:7)
[naotocchi] storage Error: localStorage quota exceeded
    at noteStorageWarning (evalmachine.<anonymous>:25398:24)
    at Object.saveState (evalmachine.<anonymous>:25446:9)
    at TestContext.<anonymous> (/workspace/scratch/28c7e6574f23/naotocchi/tests/save-recovery-test.cjs:63:9)
    at Test.runInAsyncScope (node:async_hooks:227:14)
    at Test.run (node:internal/test_runner/test:1382:25)
    at Test.processPendingSubtests (node:internal/test_runner/test:960:18)
    at Test.postRun (node:internal/test_runner/test:1522:19)
    at Test.run (node:internal/test_runner/test:1447:12)
    at async Test.processPendingSubtests (node:internal/test_runner/test:960:7)
[naotocchi] storage Error: localStorage quota exceeded
    at noteStorageWarning (evalmachine.<anonymous>:25398:24)
    at saveState (evalmachine.<anonymous>:25446:9)
    at Object.fn (evalmachine.<anonymous>:40946:7)
    at dispatch (/workspace/scratch/28c7e6574f23/naotocchi/tests/helpers/runtime-harness.cjs:196:75)
    at Object.dispatch (/workspace/scratch/28c7e6574f23/naotocchi/tests/helpers/runtime-harness.cjs:326:97)
    at TestContext.<anonymous> (/workspace/scratch/28c7e6574f23/naotocchi/tests/save-recovery-test.cjs:240:5)
    at Test.runInAsyncScope (node:async_hooks:227:14)
    at Test.run (node:internal/test_runner/test:1382:25)
    at Test.processPendingSubtests (node:internal/test_runner/test:960:18)
    at Test.postRun (node:internal/test_runner/test:1522:19)
[naotocchi] storage Error: localStorage quota exceeded
    at noteStorageWarning (evalmachine.<anonymous>:25398:24)
    at Object.saveState (evalmachine.<anonymous>:25446:9)
    at TestContext.<anonymous> (/workspace/scratch/28c7e6574f23/naotocchi/tests/save-recovery-test.cjs:282:9)
    at Test.runInAsyncScope (node:async_hooks:227:14)
    at Test.run (node:internal/test_runner/test:1382:25)
    at Test.processPendingSubtests (node:internal/test_runner/test:960:18)
    at Test.postRun (node:internal/test_runner/test:1522:19)
    at Test.run (node:internal/test_runner/test:1447:12)
    at async Test.processPendingSubtests (node:internal/test_runner/test:960:7)
✔ backup write failure does not stop a writable primary save (689.700307ms)
✔ failed primary migration cannot replace a working backup (152.230985ms)
✔ a failed save after recovery leaves a usable backup for the next reload (279.887455ms)
✔ backup advances to the latest successful save and survives the next write failure (204.971268ms)
✔ a missing primary resumes the backup instead of creating a new life (248.106266ms)
✔ backup recovery applies legacy migrations once and preserves old characters (222.469481ms)
✔ invalid top-level payloads fall back without replacing the backup (619.247497ms)
✔ confirmed full reset cannot later resurrect the removed life from backup (227.85779ms)
✔ unrecoverable saves remain intact through hidden, unload and repeated saves until explicit reset (426.832295ms)
✔ unreadable storage still permits boot and gameplay without throwing (61.671291ms)
✔ import retains a newer primary saved by another tab before replacement (452.153438ms)
✔ import failure cannot poison a recovered backup with the broken primary (313.704002ms)
✔ import stops before replacing a save if its safety snapshot cannot be written (210.373118ms)
✔ import retains the prior life across replacement, reload and undo, including duplicate snapshots (390.734036ms)
✔ restore retains a newer primary saved by another tab before replacement (547.56961ms)
✔ restore failure cannot poison a recovered backup with the broken primary (216.959209ms)
✔ restore stops before replacing a save if its safety snapshot cannot be written (217.154267ms)
✔ restore retains the prior life across replacement, reload and undo, including duplicate snapshots (393.450814ms)
✔ export uses the recoverable save when a broken primary cannot be repaired (147.445239ms)
✔ explicit import can recover unreadable saves while retaining both originals for inspection (193.048884ms)
✔ import from backup recovery with no primary retains the former life after reload (224.993496ms)
✔ a full storage drops the automatic snapshots and still writes the primary save (182.561393ms)
✔ a permanently full storage warns instead of failing silently (233.093825ms)
✔ retired companions migrate once with the strongest bond and collection intact (230.131988ms)
✔ minigame ranks follow the S90/A75/B55/C35 thresholds and records keep best and last (520.607655ms)
✔ shop items are bought once, equipped, and toggled off (191.42965ms)
✔ achievement unlocks record their time and do not repeat (92.128068ms)
✔ game pass must be purchased separately from sunglasses and occupies one equipment slot (118.610761ms)
✔ the dex shows a summary and one progress head per species line (503.797617ms)
✔ travel shows region cards with effects and marks the current region (107.534611ms)
✔ care meters are hidden while the pet is an egg (105.22691ms)
✔ a hidden tab does not tick, age, or run encounters / moments / idle talk (742.628756ms)
✔ coming back runs the same gentle absence processing once (existing caps: ≤30 drop, floor 20, no aging) (102.059905ms)
✔ a short hide (< 2 minutes) changes nothing (81.590521ms)
✔ absence time is recorded without a cap (days and hours), while the game effect keeps its cap (179.314612ms)
✔ closing and reopening still uses savedAt (the closed path is unchanged) (324.902568ms)
✔ two tabs: the tab opened later takes over; the older tab stops writing and shows the notice (163.168434ms)
✔ two tabs: another tab's write (storage event) makes this tab read-only immediately, even with a lower revision (142.953447ms)
✔ waits written by a clock in the future are clamped to their real length (112.525389ms)
✔ boot marks itself finished for the index.html rescue guard (90.183539ms)
✔ the sticker catalog is built from existing art with unique ids and valid rarities (725.368529ms)
✔ every current item has a sticker while retired items stay out (422.950135ms)
✔ duplicate stickers remain usable copies up to the nine-copy cap (358.224726ms)
✔ normal and category packs cost coins and never draw a sticker already at nine copies (298.633225ms)
✔ pack result marks a repeated sticker as the next copy instead of converting it to points (89.801937ms)
✔ stickers can be placed only when owned, moved within the page, and repeated up to owned copies (170.912425ms)
✔ free-page tasks are recorded once without sticker points or coin rewards (60.639538ms)
✔ refreshed sticker tasks teach duplicate placement, two pages, and background changes (123.386327ms)
✔ legacy completed sticker tasks migrate only to logically equivalent refreshed tasks (67.572101ms)
✔ five tasks grant silver, all eight grant gold, and both rewards are exact once (81.042833ms)
✔ earned silver and gold stickers appear in the tray but do not change ordinary collection progress (134.813134ms)
✔ a first discovery grants that form as a sticker and the screen lists it (147.778934ms)
✔ legacy sticker points disappear on normalization while owned copies clamp to nine (551.616135ms)
✔ sticker data survives a save and reload, and old saves get an empty one-page book (1091.63511ms)
✔ a fresh sticker book starts with one page and grows to at most fifteen (630.411387ms)
✔ special region backgrounds unlock only after visiting them (155.932044ms)
✔ all thirteen region backgrounds render unique low-contrast SVG identities (74.664318ms)
✔ the six confusable backgrounds use visibly different motif families (174.04641ms)
✔ the live board and PNG export consume the same regional SVG background (79.267556ms)
✔ legacy four-category pages migrate without losing placed stickers (79.844506ms)
✔ page export resolves to null without a real canvas (78.826841ms)
✔ source helpers: literal() evaluates objects and arrays, skipping brackets inside strings and comments (101.045567ms)
✔ guardedRoute records a failed route fetch (label, url, code, timing) and aborts the request instead of throwing (5.850858ms)
✔ the clock runs on the home screen but stops while めぐる is open, and resumes after returning (2070.756531ms)
✔ a starving pet cannot die while exploring, only once it is back home (1619.004888ms)
✔ the clock stops during a minigame and during quick mode, and resumes when the game ends (186.580044ms)
✔ the clock stops while the transformation choice is open, and resumes after choosing to stay (108.544935ms)
✔ every menu overlay kind pauses the clock and closing it resumes (253.378909ms)
✔ while めぐる is open no companion invitation, idle chatter or care notice is layered over it, and menus refuse to open (7460.792129ms)
✔ the clock also stays stopped for date, duel, companion invitation and the grand goal celebration screens (423.396557ms)
✔ the final ten shop items use their approved illustrations and labels in order (602.256612ms)
✔ retired equipment is absent from the shop (163.028124ms)
✔ equipment uses the matching illustration without modifying the saved item or actor frame (102.586683ms)
✔ manual weather and time retain their labels beside the right illustration (184.357764ms)
✔ an atlas error exposes the equipment emoji without changing equipment (75.459564ms)
✔ cloud, snow and moon use illustrated scenery while retaining weather particle counts (133.363769ms)
✔ lightweight weather keeps its smaller particle sets and unchanged choices (120.156194ms)
✔ winter decor and season controls reuse matching art without replacing region identity (86.06714ms)
✔ reduced motion keeps world labels and illustrated choices without falling rain or snow (148.40211ms)
✔ earned header badges use illustrations in tier order without granting an unearned clear (190.043708ms)
✔ spring summer and autumn labels and regional scenery share art while preserving their choices (603.106955ms)
✔ the scenery atlas can fail independently and keeps a visible fallback for header badges (67.26239ms)
✔ current mountain jungle and memory-lake IDs reach their existing art in world and travel views (116.807519ms)
✔ forest decor reuses whole PNGs without adding companions or changing the scene count (179.907306ms)
✔ a scenery PNG failure only reveals that decoration fallback without relaying out the cast (92.99465ms)
✔ an equipment PNG failure reveals only its fallback and preserves saved state (212.440271ms)
✔ game pass uses its dedicated unified PNG when equipped without mapping sunglasses to it (157.313238ms)
✔ game pass is a new shop purchase and does not inherit sunglasses ownership (435.088418ms)
✔ dying treatment stays on home content without containing viewport overlays (10.34235ms)
✔ travel opens destinations directly, then closes back to care (877.620511ms)
✔ the menu stops aging and an exclusive page replaces it (165.407611ms)
✔ court rapid taps still count individually (863.292038ms)
✔ medicine while healthy still changes the care state and reacts immediately (208.508131ms)
✔ play starts a random game with no chooser (90.879633ms)
✔ home header and menu cannot interrupt an active minigame (47.5249ms)
✔ game selection and achievements each open their own destination (75.298778ms)
✔ late weather does not override manual settings or write a location into a save (56.87104ms)
✔ late current-location result cannot pull a player out of another menu (62.466671ms)
✔ Escape cancels the first reset prompt and leaves Data paused (82.169624ms)
✔ Escape cancels a held final reset without wiping or resuming age (84.418519ms)
✔ failed location permission waits for explicit retry while successful snapshots auto-refresh (52.818405ms)
✔ blocked sleeping travel preserves the active current-city selection (72.62839ms)
✔ dialog browser clock pauses before navigation instead of racing live timers (0.473436ms)
✔ a small newborn uses spare space and stays near the speech below it (7.184701ms)
✔ bottom transparency cannot leave a fish far above its speech (354.110483ms)
✔ closer core actors retain the readable size of both full companion arcs (60.656437ms)
✔ equipment and the partner sit near the visible body instead of the transparent image top (339.268156ms)
✔ height-constrained companions keep curved wings instead of straight columns (158.255544ms)
✔ height-constrained cast keeps all frames, two sides and motion gaps (4689.891808ms)
✔ more vertical room grows the cast instead of leaving a fixed small scene (2.658951ms)
✔ legacy colors and earned designs survive as a noninteractive collection (130.862788ms)
✔ glass inputs preview immediately, save on change, and reset only readability settings (216.996007ms)
✔ viewport changes follow browser chrome height while pinch zoom remains usable (104.847348ms)
✔ glass migration clamps unsafe values and respects an explicit transparency choice (582.252802ms)
✔ short visible viewports switch meter arrangement and recover without undoing pinch zoom (106.061347ms)
✔ a viewport resize lays out before the next reaction and does not cancel it on render (57.399458ms)
✔ a new narration starts at the top while normal renders preserve the reading position (47.601082ms)
✔ a new speech starts at its first line without truncating a long message (59.981954ms)
✔ locked or invalid legacy designs cannot override the game palette (73.373845ms)
✔ every saved color and pattern has one shared preview definition and independent paint layers (25.075175ms)
✔ screen palette samples retain at least 4.5 contrast with white and colored motifs (100.195785ms)
✔ static script exposes the same interface on window (9.710412ms)
✔ simulated weather is deterministic per 3-hour block and region (7.820826ms)
✔ simulated weather follows the region climate and the season (10.429506ms)
✔ timeOfDay honors manual modes and uses the local hour for auto/invalid modes (0.327556ms)
✔ weatherFromResponse maps official codes and rejects unknown or stale readings (0.967431ms)
✔ municipalityFromResponse selects only the nearest municipality within 25km (3.140104ms)
✔ municipalityFromResponse preserves a valid provider prefecture without changing the legacy shape when absent (0.540759ms)
✔ tracker preserves municipality precision, rounds only weather, and exposes no coordinates (8.650228ms)
✔ tracker tolerates independent provider failure and identifies the missing result (2.346357ms)
✔ tracker coalesces overlap and permits a retry after a provider failure (84.024981ms)
✔ location failures are distinct, clear stale results, and malformed coordinates never fetch (4.529398ms)
✔ missing geolocation returns an error without prompting or throwing (0.437553ms)
✔ missing fetch support reports municipality and weather unavailable separately (0.564273ms)
✔ a submerged sea interprets rain and snow as weaker surface light (6.512978ms)
✔ the sea has four light states and seasonal water without terrestrial particles (5.225289ms)
✔ care progresses through four stages and respects the actual health danger (0.364165ms)
✔ environment markup is stable and uses bounded, non-interactive particles (2.437785ms)
✔ every actual region has its own landscape and climate-correct weather across 832 combinations (1242.17352ms)
✔ presentation uses current environment without changing saved choices or game effects (136.602188ms)
✔ normal ticks keep scenery nodes; overlays, visibility, reduced motion and performance tiers are respected (104.122501ms)
✔ environment controls update the visible world while the menu remains open (124.947819ms)
✔ health danger, explicit care changes, partner affinity and recovery remain legible in the world (465.842474ms)
✔ games pause the world immediately and story expiry cannot resume it behind a game (419.546524ms)
✔ home stays indoors in every season and weather, with warm light at night (2.447711ms)
✔ city switches to actual neon artwork at night without returning to old seasonal streets (4.595698ms)
✔ current location has outdoor municipal profiles without adding gameplay regions (0.987354ms)
✔ shared temperate branches do not turn a jungle or farm back into the same clearing (0.691449ms)
✔ renderer updates the scenery when the municipality changes on the same gameplay region (125.06268ms)
ℹ tests 2874
ℹ suites 0
ℹ pass 2874
ℹ fail 0
ℹ cancelled 0
ℹ skipped 0
ℹ todo 0
ℹ duration_ms 1485353.526282
✔ cat_friend real Home rerenders relation threshold, rescue and expiry (177.961258ms)
✔ rabbit_friend real Home rerenders relation threshold, rescue and expiry (341.129226ms)
✔ tanuki real Home rerenders relation threshold, rescue and expiry (104.218552ms)
✔ squirrel real Home rerenders relation threshold, rescue and expiry (48.795318ms)
✔ owl real Home rerenders relation threshold, rescue and expiry (59.758334ms)
✔ otter real Home rerenders relation threshold, rescue and expiry (53.813752ms)
✔ hamster real Home rerenders relation threshold, rescue and expiry (91.102216ms)
✔ panda real Home rerenders relation threshold, rescue and expiry (44.476569ms)
✔ monkey real Home rerenders relation threshold, rescue and expiry (41.902648ms)
✔ parrot real Home rerenders relation threshold, rescue and expiry (43.323843ms)
✔ sheep real Home rerenders relation threshold, rescue and expiry (45.811624ms)
✔ seal real Home rerenders relation threshold, rescue and expiry (48.241913ms)
✔ bat real Home rerenders relation threshold, rescue and expiry (74.441121ms)
✔ chicken real Home rerenders relation threshold, rescue and expiry (41.564758ms)
✔ penguin_friend real Home rerenders relation threshold, rescue and expiry (46.975515ms)
✔ hedgehog real Home rerenders relation threshold, rescue and expiry (95.726696ms)
✔ shiba real Home rerenders relation threshold, rescue and expiry (39.479669ms)
✔ snail real Home rerenders relation threshold, rescue and expiry (40.51521ms)
✔ punyu real Home rerenders relation threshold, rescue and expiry (46.232121ms)
✔ sekizou real Home rerenders relation threshold, rescue and expiry (158.084646ms)
✔ chameleon real Home rerenders relation threshold, rescue and expiry (90.348147ms)
✔ clock real Home rerenders relation threshold, rescue and expiry (104.159623ms)
✔ unicorn real Home rerenders relation threshold, rescue and expiry (108.31129ms)
✔ many_tail_fox real Home rerenders relation threshold, rescue and expiry (110.947575ms)
✔ watcher real Home rerenders relation threshold, rescue and expiry (92.274522ms)
✔ box real Home rerenders relation threshold, rescue and expiry (92.380246ms)
✔ ordinary success reacts once, rescues all, rejected play does not react (103.283001ms)
✔ cat_ceo shared court reinforcement overrides lonely, expiry re-resolves current affection (485.776427ms)
✔ robot_neighbor shared court reinforcement overrides lonely, expiry re-resolves current affection (298.289639ms)
✔ field_cow shared court reinforcement overrides lonely, expiry re-resolves current affection (215.645961ms)
✔ sunflower_partner shared court reinforcement overrides lonely, expiry re-resolves current affection (267.73603ms)
✔ forest_bear shared court reinforcement overrides lonely, expiry re-resolves current affection (349.122408ms)
✔ grove_deer shared court reinforcement overrides lonely, expiry re-resolves current affection (386.596362ms)
✔ cliff_goat shared court reinforcement overrides lonely, expiry re-resolves current affection (416.581089ms)
✔ high_eagle shared court reinforcement overrides lonely, expiry re-resolves current affection (896.504232ms)
✔ snow_spirit shared court reinforcement overrides lonely, expiry re-resolves current affection (100.407558ms)
✔ snowman shared court reinforcement overrides lonely, expiry re-resolves current affection (101.671805ms)
✔ rock_octopus shared court reinforcement overrides lonely, expiry re-resolves current affection (124.584042ms)
✔ sea_mermaid shared court reinforcement overrides lonely, expiry re-resolves current affection (98.465876ms)
✔ anglerfish shared court reinforcement overrides lonely, expiry re-resolves current affection (165.293834ms)
✔ swamp_croc shared court reinforcement overrides lonely, expiry re-resolves current affection (124.096151ms)
✔ gentle_gorilla shared court reinforcement overrides lonely, expiry re-resolves current affection (128.787048ms)
✔ knitting_spider shared court reinforcement overrides lonely, expiry re-resolves current affection (119.479258ms)
✔ desert_scorpion shared court reinforcement overrides lonely, expiry re-resolves current affection (130.973826ms)
✔ oasis_cactus shared court reinforcement overrides lonely, expiry re-resolves current affection (111.410488ms)
✔ replacement partner with same ID cannot inherit positive (130.398454ms)
✔ real save excludes reactions; reload re-resolves all companion values and partner at 20 (87.69441ms)
✔ real save excludes reactions; reload re-resolves all companion values and partner at 50 (87.773937ms)
✔ full supported catalog matches canonical runtime IDs and all assets exactly (4.383144ms)
✔ 26 companions use one ordinary representative, all threshold rescues and annoyed does not start positive (65.99688ms)
✔ development Home fixtures directly expose both pilot partners and both companions without gameplay (1516.127696ms)
✔ expanded partner court actual event path triggers positive without changing progress rules (96.289831ms)
✔ expanded partner repair actual event path triggers positive without changing progress rules (102.961666ms)
✔ expanded partner marriage actual event path triggers positive without changing progress rules (259.04596ms)
✔ expanded partner date actual event path triggers positive without changing progress rules (59.785003ms)
✔ new court success uses actual event result (55.379371ms)
✔ new court failure uses actual event result (24.069401ms)
✔ annoyed during positive does not extend reaction or retain positive after original expiry (23.754517ms)
✔ real play gives only positive individuals motion and head hearts; expiry removes cues (21.639611ms)
✔ ordinary play and all-inviting dialogue do not animate non-target companions (19.592714ms)
✔ every possible representative in a dense 26-companion Home receives one safe heart (1771.261261ms)
✔ 26 simultaneous expiries coalesce Home work while removing every transient (42.89774ms)
✔ partner three visual states retain marriage ring=false and replace one heart (105.480118ms)
✔ partner three visual states retain marriage ring=true and replace one heart (237.696865ms)
✔ companion aura and heart belong to the actor; positive replaces cold and expires back to current value (28.7756ms)
✔ married ring preserves exact layout coordinates through every partner expression rebuild (222.621347ms)
✔ reload reconstructs marriage ring from existing married flag at affection 20 (457.272175ms)
✔ reload reconstructs marriage ring from existing married flag at affection 50 (449.16063ms)
✔ full resolver prioritizes positive, then lonely below 30, then normal without mutating input (10.523654ms)
✔ unregistered characters and wrong-kind IDs always use original PNG (3.485857ms)
✔ one ordinary representative plus all rescued individuals, deduplicated (0.573226ms)
✔ temporary reaction expiry, refresh, object identity and JSON non-persistence (0.531147ms)
✔ every registered relationship image is a new 128px transparent PNG (123.308003ms)
✔ reaction exposes an ephemeral start token and expiry without persisting entity fields (4.256224ms)
✔ heart remains immediately above its owner even if a neighbour occupies that space (0.462366ms)
✔ positive companion layer is raised locally so neighbours cannot hide its owner-attached heart (1.069379ms)
✔ only partner positive heart grows 1.2 times; anchor keeps face gap and stage bounds (1.381696ms)
✔ approved marriage ring uses fixed scale and tone without comparison overrides (0.784657ms)
✔ browser ring geometry checks approved scale and rejects obsolete or oversized values (2.919579ms)
✔ painted ring excludes transparent atlas margin without allowing actual character overlap (300.942169ms)
ℹ tests 80
ℹ suites 0
ℹ pass 80
ℹ fail 0
ℹ cancelled 0
ℹ skipped 0
ℹ todo 0
ℹ duration_ms 13730.518566
