SMOKE TEST OK
DOM ids: 380
minigames started: 100
variant collections: 92
LEGEND SCHEDULER TEST OK: 6 blocked states; 7 paused menus; non-winning roll; 5 unseen legends; pause, skip, close and one reward-free encounter.
DIALOGUE TEST OK: 20 events; 18 partners; 26 companions; action handlers; 2500ms timing; cancellation; recency; 10 sampled legend stories; 16 anniversary cases.
DATE LIFECYCLE TEST OK: ordinary dates, skip/close, pause/resume/cooldown and complete deep-sea branches.
WHOLE-TEXT TEST OK: 248 descriptions; 40 ordinary stories; 10 deep-sea plans; ordinary date skip/close; 36 anniversary lines; event memories; 18 first encounters.
CAST TEST OK: snail encounters and speech; retired koala migration, bond, row, dex and earned achievements; PNG renderer reference.
NORMAL CAST PNG TEST OK: 19 PNG headers; 18 companions x 5 renderer sizes; 9+9 live rows; collected and locked dex.
RARE CAST PNG TEST OK: 8 PNGs x 5 renderer sizes; invite/profile/row/dex; hidden and partial dex; 13+13 mixed rows; bond retained.
CLOCK CAST TEST OK: real encounter and 69/70 recruitment; five dialogue events; legacy mushroom save, bond, PNG, dialogue and rare dex; unique current/legacy counts.
PARTNER CAST PNG TEST OK: 18 PNGs x 5 sizes; saved relationships; companion/profile/dex; 180 complete dates; 72 complete anniversaries; first encounters; aliases, guests and hidden dex.
AUTHOR ENDING TEST OK: 247/248 unlock; native dex count; goals 4/5; direct goal 5 at 25/100 and both exits; pet and life-record preservation; 4200ms greeting; old-save access and rewards; hidden/repeatable shop greeting; textless goals 1-3 and reward notices.
MAIN 203 AUTHOR COMPATIBILITY OK: prior perfect save keeps author, crown and infinite mode; six new achievements stay unearned; 99/100 current games excludes retired records and opens goal 5 correctly.
VISUAL QA ROUTE TEST OK: generated script compiles; egg, anniversary, legend and ordinary date saves; long disease selects medicine; illustrated save reloads 26 companions, partner, 10 shop items. No browser rendering claimed.
TAP version 13
# [naotocchi] test Error: probe failure
#     at TestContext.<anonymous> (/home/runner/work/naotocchi/naotocchi/tests/album-test.cjs:46:28)
#     at Test.runInAsyncScope (node:async_hooks:214:14)
#     at Test.run (node:internal/test_runner/test:1047:25)
#     at Test.processPendingSubtests (node:internal/test_runner/test:744:18)
#     at Test.postRun (node:internal/test_runner/test:1173:19)
#     at Test.run (node:internal/test_runner/test:1101:12)
#     at async Test.processPendingSubtests (node:internal/test_runner/test:744:7)
# Subtest: the life timeline groups log entries by age and the data screen shows it
ok 1 - the life timeline groups log entries by age and the data screen shows it
  ---
  duration_ms: 119.331296
  type: 'test'
  ...
# Subtest: a life card code round-trips and past lives keep their timeline and code
ok 2 - a life card code round-trips and past lives keep their timeline and code
  ---
  duration_ms: 22.56489
  type: 'test'
  ...
# Subtest: the life card lists the whole timeline and a code button
ok 3 - the life card lists the whole timeline and a code button
  ---
  duration_ms: 23.237914
  type: 'test'
  ...
# Subtest: recorded runtime errors appear in the data screen
ok 4 - recorded runtime errors appear in the data screen
  ---
  duration_ms: 26.401522
  type: 'test'
  ...
# Subtest: every static assets/… reference in HTML, CSS and JS exists with the exact case
ok 5 - every static assets/… reference in HTML, CSS and JS exists with the exact case
  ---
  duration_ms: 32.807756
  type: 'test'
  ...
# Subtest: every script and stylesheet carries a token whose hash matches the file (bump-versions formula)
ok 6 - every script and stylesheet carries a token whose hash matches the file (bump-versions formula)
  ---
  duration_ms: 13.888292
  type: 'test'
  ...
# Subtest: dynamic paths: current species, unified items, egg frames and goal-art fallbacks exist
ok 7 - dynamic paths: current species, unified items, egg frames and goal-art fallbacks exist
  ---
  duration_ms: 111.858763
  type: 'test'
  ...
# Subtest: the checks catch a missing file, a case mismatch, a stale token, a missing token and a missing dynamic path
ok 8 - the checks catch a missing file, a case mismatch, a stale token, a missing token and a missing dynamic path
  ---
  duration_ms: 0.830923
  type: 'test'
  ...
# Subtest: the real index.html and references turn red when a token goes stale, a token is dropped or a path changes case
ok 9 - the real index.html and references turn red when a token goes stale, a token is dropped or a path changes case
  ---
  duration_ms: 29.112829
  type: 'test'
  ...
# Subtest: npm run bump still rewrites only the ?v= tokens with YYYYMMDD-<assetHash>, and is idempotent
ok 10 - npm run bump still rewrites only the ?v= tokens with YYYYMMDD-<assetHash>, and is idempotent
  ---
  duration_ms: 106.340236
  type: 'test'
  ...
# Subtest: index.html asset references exist and carry cache tokens
ok 11 - index.html asset references exist and carry cache tokens
  ---
  duration_ms: 5.881475
  type: 'test'
  ...
# Subtest: the bump tool rewrites only cache tokens
ok 12 - the bump tool rewrites only cache tokens
  ---
  duration_ms: 0.312251
  type: 'test'
  ...
# Subtest: all eight BGM scenes request valid waveforms and schedule two complete loops
ok 13 - all eight BGM scenes request valid waveforms and schedule two complete loops
  ---
  duration_ms: 101.24094
  type: 'test'
  ...
# Subtest: Quick voice routes pico, browser reading and silence through the saved mode
ok 14 - Quick voice routes pico, browser reading and silence through the saved mode
  ---
  duration_ms: 6.147125
  type: 'test'
  ...
# Subtest: the actual TTS controller ducks both buses and replaces the scheduled recovery
ok 15 - the actual TTS controller ducks both buses and replaces the scheduled recovery
  ---
  duration_ms: 2.525577
  type: 'test'
  ...
# Subtest: quick cues are shaped into short, punchy shouts: crisp stop, rising question, faster rate for longer words
ok 16 - quick cues are shaped into short, punchy shouts: crisp stop, rising question, faster rate for longer words
  ---
  duration_ms: 1.131255
  type: 'test'
  ...
# Subtest: ordinary text keeps native arguments and receiver with no illustration state changes
ok 17 - ordinary text keeps native arguments and receiver with no illustration state changes
  ---
  duration_ms: 3.41694
  type: 'test'
  ...
# Subtest: mixed text draws art in the original glyph advance and keeps center/baseline/state
ok 18 - mixed text draws art in the original glyph advance and keeps center/baseline/state
  ---
  duration_ms: 1.610928
  type: 'test'
  ...
# Subtest: maxWidth compresses the whole decorated run and RTL start alignment keeps the right edge
ok 19 - maxWidth compresses the whole decorated run and RTL start alignment keeps the right edge
  ---
  duration_ms: 1.032306
  type: 'test'
  ...
# Subtest: pending, missing and failed images never draw an emoji and settle without scheduling a canvas redraw
ok 20 - pending, missing and failed images never draw an emoji and settle without scheduling a canvas redraw
  ---
  duration_ms: 1.688735
  type: 'test'
  ...
# Subtest: loaded image replaces a pending placeholder on the next caller frame and draw errors stay contained
ok 21 - loaded image replaces a pending placeholder on the next caller frame and draw errors stay contained
  ---
  duration_ms: 0.919145
  type: 'test'
  ...
# Subtest: atlas crops reuse supplied images and actor markers remain separate from bonus symbols
ok 22 - atlas crops reuse supplied images and actor markers remain separate from bonus symbols
  ---
  duration_ms: 0.807818
  type: 'test'
  ...
# Subtest: a malformed atlas cannot sample neighboring or absent artwork
ok 23 - a malformed atlas cannot sample neighboring or absent artwork
  ---
  duration_ms: 0.672474
  type: 'test'
  ...
# Subtest: scenery clip bounds preserve the original frame scale and transparent margins
ok 24 - scenery clip bounds preserve the original frame scale and transparent margins
  ---
  duration_ms: 2.241018
  type: 'test'
  ...
# Subtest: out-of-frame clip bounds cannot expose neighboring atlas illustrations
ok 25 - out-of-frame clip bounds cannot expose neighboring atlas illustrations
  ---
  duration_ms: 0.963302
  type: 'test'
  ...
# Subtest: ordinary copyright and registered marks keep native text while explicit emoji variants use art
ok 26 - ordinary copyright and registered marks keep native text while explicit emoji variants use art
  ---
  duration_ms: 1.286318
  type: 'test'
  ...
# Subtest: joined emoji, flags and keycaps are replaced as whole symbols
ok 27 - joined emoji, flags and keycaps are replaced as whole symbols
  ---
  duration_ms: 0.918575
  type: 'test'
  ...
# Subtest: tagged flags stay one complete symbol in live text and preloading
ok 28 - tagged flags stay one complete symbol in live text and preloading
  ---
  duration_ms: 0.819836
  type: 'test'
  ...
# Subtest: slide puzzle refreshes cached art on its normal frame after loading and never after retirement
ok 29 - slide puzzle refreshes cached art on its normal frame after loading and never after retirement
  ---
  duration_ms: 126.157433
  type: 'test'
  ...
# Subtest: road offscreen sprite caches replace placeholders after loading without drawing raw emoji
ok 30 - road offscreen sprite caches replace placeholders after loading without drawing raw emoji
  ---
  duration_ms: 62.174179
  type: 'test'
  ...
# Subtest: illustrated road play retains input results, rewards and completion timing
ok 31 - illustrated road play retains input results, rewards and completion timing
  ---
  duration_ms: 2131.201572
  type: 'test'
  ...
# Subtest: pre-decode keeps the atlas decoded once as an ImageBitmap, draws from it, and never bumps the sprite version
ok 32 - pre-decode keeps the atlas decoded once as an ImageBitmap, draws from it, and never bumps the sprite version
  ---
  duration_ms: 1.971401
  type: 'test'
  ...
# Subtest: pre-decode failure, svg art and a size mismatch all keep the ordinary lazy image draw
ok 33 - pre-decode failure, svg art and a size mismatch all keep the ordinary lazy image draw
  ---
  duration_ms: 2.205474
  type: 'test'
  ...
# Subtest: health danger is visible before dying and survives unrelated messages and expiry
ok 34 - health danger is visible before dying and survives unrelated messages and expiry
  ---
  duration_ms: 125.572173
  type: 'test'
  ...
# Subtest: illness remains recognizable alongside low life, and medicine clears only the illness effects
ok 35 - illness remains recognizable alongside low life, and medicine clears only the illness effects
  ---
  duration_ms: 32.645052
  type: 'test'
  ...
# Subtest: illness names the condition above the character instead of generic care wording
ok 36 - illness names the condition above the character instead of generic care wording
  ---
  duration_ms: 23.219447
  type: 'test'
  ...
# Subtest: attention effects stop for menus, games, stories and hidden tabs, then reconstruct at home
ok 37 - attention effects stop for menus, games, stories and hidden tabs, then reconstruct at home
  ---
  duration_ms: 41.114046
  type: 'test'
  ...
# Subtest: lightweight mode retains the alert but requests still effects
ok 38 - lightweight mode retains the alert but requests still effects
  ---
  duration_ms: 17.201196
  type: 'test'
  ...
# Subtest: sweat stays beside the painted young fish instead of its transparent upper frame
ok 39 - sweat stays beside the painted young fish instead of its transparent upper frame
  ---
  duration_ms: 16.406878
  type: 'test'
  ...
# Subtest: critical care advice follows the real sequence without medicine for a healthy pet
ok 40 - critical care advice follows the real sequence without medicine for a healthy pet
  ---
  duration_ms: 38.235729
  type: 'test'
  ...
# Subtest: six-tick health death remains unchanged while every living tick has a notice
ok 41 - six-tick health death remains unchanged while every living tick has a notice
  ---
  duration_ms: 22.050194
  type: 'test'
  ...
# Subtest: reloaded illness reconstructs a notice and medicine resolves it
ok 42 - reloaded illness reconstructs a notice and medicine resolves it
  ---
  duration_ms: 53.279723
  type: 'test'
  ...
# Subtest: explicit care displays changes once; ordinary natural ticks stay quiet
ok 43 - explicit care displays changes once; ordinary natural ticks stay quiet
  ---
  duration_ms: 18.544991
  type: 'test'
  ...
# Subtest: danger presentation clears behind overlays and returns with the same state
ok 44 - danger presentation clears behind overlays and returns with the same state
  ---
  duration_ms: 33.324446
  type: 'test'
  ...
# Subtest: egg, farewell and immortal states do not inherit death warnings
ok 45 - egg, farewell and immortal states do not inherit death warnings
  ---
  duration_ms: 17.258933
  type: 'test'
  ...
# Subtest: reduced motion and lightweight mode retain static warning text
ok 46 - reduced motion and lightweight mode retain static warning text
  ---
  duration_ms: 71.686716
  type: 'test'
  ...
# Subtest: numeric feedback keeps the explanation of a mistaken medicine visible
ok 47 - numeric feedback keeps the explanation of a mistaken medicine visible
  ---
  duration_ms: 17.926188
  type: 'test'
  ...
# Subtest: a growth milestone waits for action feedback instead of being forgotten
ok 48 - a growth milestone waits for action feedback instead of being forgotten
  ---
  duration_ms: 17.284061
  type: 'test'
  ...
# Subtest: a recovery milestone waits while a higher priority warning remains
ok 49 - a recovery milestone waits while a higher priority warning remains
  ---
  duration_ms: 15.642586
  type: 'test'
  ...
# Subtest: a delayed sleep recovery never tells an already awake pet to wake
ok 50 - a delayed sleep recovery never tells an already awake pet to wake
  ---
  duration_ms: 28.538453
  type: 'test'
  ...
# Subtest: illness care is readable before an arbitrarily long saved disease name
ok 51 - illness care is readable before an arbitrarily long saved disease name
  ---
  duration_ms: 15.081761
  type: 'test'
  ...
# Subtest: running cat sweat brackets its head rather than the distant tail
ok 52 - running cat sweat brackets its head rather than the distant tail
  ---
  duration_ms: 28.544973
  type: 'test'
  ...
# Subtest: static script exposes the pure assessment interface on window
ok 53 - static script exposes the pure assessment interface on window
  ---
  duration_ms: 3.958536
  type: 'test'
  ...
# Subtest: signals exposes canonical mild and strong display bands without changing assess
ok 54 - signals exposes canonical mild and strong display bands without changing assess
  ---
  duration_ms: 0.540685
  type: 'test'
  ...
# Subtest: signals keeps life and stage semantics identical to current care rules
ok 55 - signals keeps life and stage semantics identical to current care rules
  ---
  duration_ms: 0.300452
  type: 'test'
  ...
# Subtest: signals exposes health, sickness, sleep, and pet availability without mutating state
ok 56 - signals exposes health, sickness, sleep, and pet availability without mutating state
  ---
  duration_ms: 0.261635
  type: 'test'
  ...
# Subtest: assess leaves healthy and non-playable life stages quiet without mutating state
ok 57 - assess leaves healthy and non-playable life stages quiet without mutating state
  ---
  duration_ms: 0.147062
  type: 'test'
  ...
# Subtest: assess treats each real mortal life-risk signal as critical
ok 58 - assess treats each real mortal life-risk signal as critical
  ---
  duration_ms: 0.413283
  type: 'test'
  ...
# Subtest: low life gives recovery advice before the critical threshold and clears after recovery
ok 59 - low life gives recovery advice before the critical threshold and clears after recovery
  ---
  duration_ms: 0.17866
  type: 'test'
  ...
# Subtest: life and health notices choose one useful action from the actual cause
ok 60 - life and health notices choose one useful action from the actual cause
  ---
  duration_ms: 0.41767
  type: 'test'
  ...
# Subtest: health advice never prescribes harmful care and falls back from unavailable affection
ok 61 - health advice never prescribes harmful care and falls back from unavailable affection
  ---
  duration_ms: 0.353582
  type: 'test'
  ...
# Subtest: high life risk restores every stat to the 60-point recovery threshold
ok 62 - high life risk restores every stat to the 60-point recovery threshold
  ---
  duration_ms: 0.320213
  type: 'test'
  ...
# Subtest: unavailable affection uses sleep when exhausted and play when energy is adequate
ok 63 - unavailable affection uses sleep when exhausted and play when energy is adequate
  ---
  duration_ms: 0.134894
  type: 'test'
  ...
# Subtest: assess reports ordinary care needs in priority order
ok 64 - assess reports ordinary care needs in priority order
  ---
  duration_ms: 0.128744
  type: 'test'
  ...
# Subtest: sickness labels remain plain text data for the textContent renderer
ok 65 - sickness labels remain plain text data for the textContent renderer
  ---
  duration_ms: 0.129986
  type: 'test'
  ...
# Subtest: sleep notices distinguish ongoing recovery from a completed rest
ok 66 - sleep notices distinguish ongoing recovery from a completed rest
  ---
  duration_ms: 0.151027
  type: 'test'
  ...
# Subtest: fixed-slot status copy stays compact and has no Japanese word spacing
ok 67 - fixed-slot status copy stays compact and has no Japanese word spacing
  ---
  duration_ms: 0.181083
  type: 'test'
  ...
# Subtest: immortality defaults from state and suppresses death wording while retaining care advice
ok 68 - immortality defaults from state and suppresses death wording while retaining care advice
  ---
  duration_ms: 1.237466
  type: 'test'
  ...
# Subtest: snapshot copies only fields used by explicit action summaries
ok 69 - snapshot copies only fields used by explicit action summaries
  ---
  duration_ms: 0.215495
  type: 'test'
  ...
# Subtest: changes reports at most two meaningful deltas in care priority order
ok 70 - changes reports at most two meaningful deltas in care priority order
  ---
  duration_ms: 0.264779
  type: 'test'
  ...
# Subtest: changes derives life from risk and keeps decline improvement negative
ok 71 - changes derives life from risk and keeps decline improvement negative
  ---
  duration_ms: 0.098118
  type: 'test'
  ...
# Subtest: changes ignores sub-point drift and does not mutate either snapshot
ok 72 - changes ignores sub-point drift and does not mutate either snapshot
  ---
  duration_ms: 0.181764
  type: 'test'
  ...
# Subtest: a married partner keeps a readable ring between the couple and clear of every moving character
ok 73 - a married partner keeps a readable ring between the couple and clear of every moving character
  ---
  duration_ms: 11697.383404
  type: 'test'
  ...
# Subtest: a ring keeps companions readable when another arrangement fits at the same main size
ok 74 - a ring keeps companions readable when another arrangement fits at the same main size
  ---
  duration_ms: 14.712303
  type: 'test'
  ...
# Subtest: the poop row keeps the same lower-right anchor above speech across party sizes and art changes
ok 75 - the poop row keeps the same lower-right anchor above speech across party sizes and art changes
  ---
  duration_ms: 807.694711
  type: 'test'
  ...
# Subtest: home wings balance the painted gaps around the main body, including different PNG padding
ok 76 - home wings balance the painted gaps around the main body, including different PNG padding
  ---
  duration_ms: 213.470198
  type: 'test'
  ...
# Subtest: every intermediate party size fits the minimum fixed home, with partner/item independently present
ok 77 - every intermediate party size fits the minimum fixed home, with partner/item independently present
  ---
  duration_ms: 391.538647
  type: 'test'
  ...
# Subtest: mixed failed and padded friend images keep every stress-count actor and poop slot in a fixed home
ok 78 - mixed failed and padded friend images keep every stress-count actor and poop slot in a fixed home
  ---
  duration_ms: 12.191773
  type: 'test'
  ...
# Subtest: a mixed 31-friend wing fits the minimum height without moving the permanent poop strip
ok 79 - a mixed 31-friend wing fits the minimum height without moving the permanent poop strip
  ---
  duration_ms: 8.448189
  type: 'test'
  ...
# Subtest: poop follows the applied field scale rather than the companion count, with a readable floor
ok 80 - poop follows the applied field scale rather than the companion count, with a readable floor
  ---
  duration_ms: 11.084043
  type: 'test'
  ...
# Subtest: failed companion images keep the balanced cast and the poop row inside the smallest home
ok 81 - failed companion images keep the balanced cast and the poop row inside the smallest home
  ---
  duration_ms: 11.117944
  type: 'test'
  ...
# Subtest: home conversation stays centered below the permanent poop strip without covering the completed cast
ok 82 - home conversation stays centered below the permanent poop strip without covering the completed cast
  ---
  duration_ms: 1934.354869
  type: 'test'
  ...
# Subtest: a home cast stays in view during its larger hop and sway and leaves the floor clear
ok 83 - a home cast stays in view during its larger hop and sway and leaves the floor clear
  ---
  duration_ms: 441.756798
  type: 'test'
  ...
# Subtest: whole cast fits with room for sway and four-pixel companion gaps
ok 84 - whole cast fits with room for sway and four-pixel companion gaps
  ---
  duration_ms: 1775.823858
  type: 'test'
  ...
# Subtest: unknown or failed art retains complete frames without overlapping the core
ok 85 - unknown or failed art retains complete frames without overlapping the core
  ---
  duration_ms: 110.678965
  type: 'test'
  ...
# Subtest: independent reactions retain full frames and four-pixel friend gaps throughout the sway
ok 86 - independent reactions retain full frames and four-pixel friend gaps throughout the sway
  ---
  duration_ms: 1697.551269
  type: 'test'
  ...
# Subtest: a ticklish line moves the pet and equipment together, then the speaking friend is identified without a second celebration
ok 87 - a ticklish line moves the pet and equipment together, then the speaking friend is identified without a second celebration
  ---
  duration_ms: 166.525987
  type: 'test'
  ...
# Subtest: courtship follows the actual partner, while a failed courtship never celebrates
ok 88 - courtship follows the actual partner, while a failed courtship never celebrates
  ---
  duration_ms: 30.975807
  type: 'test'
  ...
# Subtest: non-Relationship group responses remain visible, while negative outcomes settle once
ok 89 - non-Relationship group responses remain visible, while negative outcomes settle once
  ---
  duration_ms: 121.907718
  type: 'test'
  ...
# Subtest: poop updates preserve every placed actor and do not interrupt a reaction
ok 90 - poop updates preserve every placed actor and do not interrupt a reaction
  ---
  duration_ms: 74.55636
  type: 'test'
  ...
# Subtest: care moods follow the line and outcome instead of always bouncing happily
ok 91 - care moods follow the line and outcome instead of always bouncing happily
  ---
  duration_ms: 15.209704
  type: 'test'
  ...
# Subtest: a comforting reply cannot make the disappointed or unwell pet celebrate
ok 92 - a comforting reply cannot make the disappointed or unwell pet celebrate
  ---
  duration_ms: 35.865056
  type: 'test'
  ...
# Subtest: a new action cancels old replies and an old animation cannot clear a new one
ok 93 - a new action cancels old replies and an old animation cannot clear a new one
  ---
  duration_ms: 42.883224
  type: 'test'
  ...
# Subtest: menus and hidden pages stop reactions, and reduced motion still identifies the speaker
ok 94 - menus and hidden pages stop reactions, and reduced motion still identifies the speaker
  ---
  duration_ms: 51.765451
  type: 'test'
  ...
# Subtest: a companion who left before their turn cannot speak or animate a different companion
ok 95 - a companion who left before their turn cannot speak or animate a different companion
  ---
  duration_ms: 166.785618
  type: 'test'
  ...
# Subtest: enabling reduced motion mid-speech stops movement but preserves the current speaker
ok 96 - enabling reduced motion mid-speech stops movement but preserves the current speaker
  ---
  duration_ms: 19.145376
  type: 'test'
  ...
# Subtest: every motion and its interpolation stay inside the reserved one- or three-pixel envelope
ok 97 - every motion and its interpolation stay inside the reserved one- or three-pixel envelope
  ---
  duration_ms: 369.254227
  type: 'test'
  ...
# Subtest: pet-only cues animate the pet and accessory with identical frames
ok 98 - pet-only cues animate the pet and accessory with identical frames
  ---
  duration_ms: 0.867798
  type: 'test'
  ...
# Subtest: pet reports zero when its animation cannot start
ok 99 - pet reports zero when its animation cannot start
  ---
  duration_ms: 0.496518
  type: 'test'
  ...
# Subtest: isActive tracks pet motion and idle can exclude the pet
ok 100 - isActive tracks pet motion and idle can exclude the pet
  ---
  duration_ms: 0.347083
  type: 'test'
  ...
# Subtest: medicine cure settles first unless the text describes rejection
ok 101 - medicine cure settles first unless the text describes rejection
  ---
  duration_ms: 0.273813
  type: 'test'
  ...
# Subtest: pet care semantics win over randomized line tone without changing social tone
ok 102 - pet care semantics win over randomized line tone without changing social tone
  ---
  duration_ms: 0.145629
  type: 'test'
  ...
# Subtest: buildPreview wraps the current game with a compact isolated phone-safe control shell
ok 103 - buildPreview wraps the current game with a compact isolated phone-safe control shell
  ---
  duration_ms: 185.695149
  type: 'test'
  ...
# Subtest: default preview seeds an exact fresh-state adult hungry cat in memory only
ok 104 - default preview seeds an exact fresh-state adult hungry cat in memory only
  ---
  duration_ms: 125.855559
  type: 'test'
  ...
# Subtest: the generated Map-backed adapter implements the complete disposable Storage surface
ok 105 - the generated Map-backed adapter implements the complete disposable Storage surface
  ---
  duration_ms: 144.222524
  type: 'test'
  ...
# Subtest: URL presets use a strict allowlist and reset every care fixture independently
ok 106 - URL presets use a strict allowlist and reset every care fixture independently
  ---
  duration_ms: 423.711373
  type: 'test'
  ...
# Subtest: temporary happy stays on ordinary care controls and never runs automatically
ok 107 - temporary happy stays on ordinary care controls and never runs automatically
  ---
  duration_ms: 119.442803
  type: 'test'
  ...
# Subtest: CLI writes the same self-contained preview for the requested safe preset
ok 108 - CLI writes the same self-contained preview for the requested safe preset
  ---
  duration_ms: 323.250801
  type: 'test'
  ...
# Subtest: all preview forms keep selected faces visible across startup saves without achievement flashes
ok 109 - all preview forms keep selected faces visible across startup saves without achievement flashes
  ---
  duration_ms: 6599.955457
  type: 'test'
  ...
# Subtest: preset clicks reset only the child session and bootstrap uses that selected preset
ok 110 - preset clicks reset only the child session and bootstrap uses that selected preset
  ---
  duration_ms: 160.773613
  type: 'test'
  ...
# Subtest: kitten preview seeds the real third stage in isolated storage and rejects unknown forms
ok 111 - kitten preview seeds the real third stage in isolated storage and rejects unknown forms
  ---
  duration_ms: 80.632505
  type: 'test'
  ...
# Subtest: otemba preview seeds the fourth stage in disposable storage
ok 112 - otemba preview seeds the fourth stage in disposable storage
  ---
  duration_ms: 117.735678
  type: 'test'
  ...
# Subtest: young preview seeds the fifth stage in disposable storage
ok 113 - young preview seeds the fifth stage in disposable storage
  ---
  duration_ms: 115.220799
  type: 'test'
  ...
# Subtest: calm preview seeds the seventh stage in disposable storage
ok 114 - calm preview seeds the seventh stage in disposable storage
  ---
  duration_ms: 116.900582
  type: 'test'
  ...
# Subtest: elder preview seeds the eighth stage in disposable storage
ok 115 - elder preview seeds the eighth stage in disposable storage
  ---
  duration_ms: 115.040287
  type: 'test'
  ...
# Subtest: toddler preview seeds the second stage in disposable storage
ok 116 - toddler preview seeds the second stage in disposable storage
  ---
  duration_ms: 102.284495
  type: 'test'
  ...
# Subtest: baby preview seeds the first stage in disposable storage
ok 117 - baby preview seeds the first stage in disposable storage
  ---
  duration_ms: 111.516895
  type: 'test'
  ...
# Subtest: adult dog preview uses isolated storage and the real sixth stage
ok 118 - adult dog preview uses isolated storage and the real sixth stage
  ---
  duration_ms: 100.813688
  type: 'test'
  ...
# Subtest: query-selected dog matches the dropdown and can switch back to adult cat
ok 119 - query-selected dog matches the dropdown and can switch back to adult cat
  ---
  duration_ms: 141.097301
  type: 'test'
  ...
# Subtest: puppy preview uses isolated storage and the real third stage
ok 120 - puppy preview uses isolated storage and the real third stage
  ---
  duration_ms: 107.225455
  type: 'test'
  ...
# Subtest: wanpaku preview uses isolated storage and the real fourth stage
ok 121 - wanpaku preview uses isolated storage and the real fourth stage
  ---
  duration_ms: 98.280539
  type: 'test'
  ...
# Subtest: young dog preview uses isolated storage and the real fifth stage
ok 122 - young dog preview uses isolated storage and the real fifth stage
  ---
  duration_ms: 120.557594
  type: 'test'
  ...
# Subtest: calm dog preview uses isolated storage and the real seventh stage
ok 123 - calm dog preview uses isolated storage and the real seventh stage
  ---
  duration_ms: 107.271385
  type: 'test'
  ...
# Subtest: babyDog preview uses isolated storage and the correct age stage
ok 124 - babyDog preview uses isolated storage and the correct age stage
  ---
  duration_ms: 152.582496
  type: 'test'
  ...
# Subtest: toddlerDog preview uses isolated storage and the correct age stage
ok 125 - toddlerDog preview uses isolated storage and the correct age stage
  ---
  duration_ms: 185.990694
  type: 'test'
  ...
# Subtest: elderDog preview uses isolated storage and the correct age stage
ok 126 - elderDog preview uses isolated storage and the correct age stage
  ---
  duration_ms: 96.723201
  type: 'test'
  ...
# Subtest: man preview exposes every stage and never accesses real saves
ok 127 - man preview exposes every stage and never accesses real saves
  ---
  duration_ms: 896.568145
  type: 'test'
  ...
# Subtest: woman preview exposes every stage and never accesses real saves
ok 128 - woman preview exposes every stage and never accesses real saves
  ---
  duration_ms: 539.274027
  type: 'test'
  ...
# Subtest: penguin preview exposes every stage and never accesses real saves
ok 129 - penguin preview exposes every stage and never accesses real saves
  ---
  duration_ms: 466.139501
  type: 'test'
  ...
# Subtest: turtle preview exposes every stage and never accesses real saves
ok 130 - turtle preview exposes every stage and never accesses real saves
  ---
  duration_ms: 521.813559
  type: 'test'
  ...
# Subtest: frog preview exposes every stage and never accesses real saves
ok 131 - frog preview exposes every stage and never accesses real saves
  ---
  duration_ms: 504.599973
  type: 'test'
  ...
# Subtest: clownfish preview exposes every stage and never accesses real saves
ok 132 - clownfish preview exposes every stage and never accesses real saves
  ---
  duration_ms: 795.573574
  type: 'test'
  ...
# Subtest: salmon preview exposes every stage and never accesses real saves
ok 133 - salmon preview exposes every stage and never accesses real saves
  ---
  duration_ms: 475.002798
  type: 'test'
  ...
# Subtest: hermit_crab preview exposes every stage and never accesses real saves
ok 134 - hermit_crab preview exposes every stage and never accesses real saves
  ---
  duration_ms: 578.013659
  type: 'test'
  ...
# Subtest: jellyfish preview exposes every stage and never accesses real saves
ok 135 - jellyfish preview exposes every stage and never accesses real saves
  ---
  duration_ms: 582.054771
  type: 'test'
  ...
# Subtest: starfish preview exposes every stage and never accesses real saves
ok 136 - starfish preview exposes every stage and never accesses real saves
  ---
  duration_ms: 527.115884
  type: 'test'
  ...
# Subtest: coral preview exposes every stage and never accesses real saves
ok 137 - coral preview exposes every stage and never accesses real saves
  ---
  duration_ms: 514.300781
  type: 'test'
  ...
# Subtest: butterfly preview exposes every stage and never accesses real saves
ok 138 - butterfly preview exposes every stage and never accesses real saves
  ---
  duration_ms: 488.938158
  type: 'test'
  ...
# Subtest: beetle preview exposes every stage and never accesses real saves
ok 139 - beetle preview exposes every stage and never accesses real saves
  ---
  duration_ms: 477.186199
  type: 'test'
  ...
# Subtest: stagbeetle preview exposes every stage and never accesses real saves
ok 140 - stagbeetle preview exposes every stage and never accesses real saves
  ---
  duration_ms: 499.093792
  type: 'test'
  ...
# Subtest: cicada preview exposes every stage and never accesses real saves
ok 141 - cicada preview exposes every stage and never accesses real saves
  ---
  duration_ms: 493.668801
  type: 'test'
  ...
# Subtest: antlion preview exposes every stage and never accesses real saves
ok 142 - antlion preview exposes every stage and never accesses real saves
  ---
  duration_ms: 512.93039
  type: 'test'
  ...
# Subtest: dandelion preview exposes every stage and never accesses real saves
ok 143 - dandelion preview exposes every stage and never accesses real saves
  ---
  duration_ms: 449.232112
  type: 'test'
  ...
# Subtest: sakura preview exposes every stage and never accesses real saves
ok 144 - sakura preview exposes every stage and never accesses real saves
  ---
  duration_ms: 451.751161
  type: 'test'
  ...
# Subtest: venus_flytrap preview exposes every stage and never accesses real saves
ok 145 - venus_flytrap preview exposes every stage and never accesses real saves
  ---
  duration_ms: 457.995927
  type: 'test'
  ...
# Subtest: mushroom preview exposes every stage and never accesses real saves
ok 146 - mushroom preview exposes every stage and never accesses real saves
  ---
  duration_ms: 621.266532
  type: 'test'
  ...
# Subtest: dragon preview exposes every stage and never accesses real saves
ok 147 - dragon preview exposes every stage and never accesses real saves
  ---
  duration_ms: 604.359127
  type: 'test'
  ...
# Subtest: phoenix preview exposes every stage and never accesses real saves
ok 148 - phoenix preview exposes every stage and never accesses real saves
  ---
  duration_ms: 456.920876
  type: 'test'
  ...
# Subtest: god preview exposes every stage and never accesses real saves
ok 149 - god preview exposes every stage and never accesses real saves
  ---
  duration_ms: 468.806939
  type: 'test'
  ...
# Subtest: world_tree preview exposes every stage and never accesses real saves
ok 150 - world_tree preview exposes every stage and never accesses real saves
  ---
  duration_ms: 440.585123
  type: 'test'
  ...
# Subtest: ghost preview exposes every stage and never accesses real saves
ok 151 - ghost preview exposes every stage and never accesses real saves
  ---
  duration_ms: 433.324885
  type: 'test'
  ...
# Subtest: star preview exposes every stage and never accesses real saves
ok 152 - star preview exposes every stage and never accesses real saves
  ---
  duration_ms: 436.847546
  type: 'test'
  ...
# Subtest: plush preview exposes every stage and never accesses real saves
ok 153 - plush preview exposes every stage and never accesses real saves
  ---
  duration_ms: 493.094344
  type: 'test'
  ...
# Subtest: unknown preview exposes every stage and never accesses real saves
ok 154 - unknown preview exposes every stage and never accesses real saves
  ---
  duration_ms: 464.340014
  type: 'test'
  ...
# Subtest: ren preview exposes every stage and never accesses real saves
ok 155 - ren preview exposes every stage and never accesses real saves
  ---
  duration_ms: 564.748856
  type: 'test'
  ...
# Subtest: salmon preview uses all eight canonical stage names
ok 156 - salmon preview uses all eight canonical stage names
  ---
  duration_ms: 103.867368
  type: 'test'
  ...
# Subtest: hermit_crab preview uses all eight canonical stage names
ok 157 - hermit_crab preview uses all eight canonical stage names
  ---
  duration_ms: 111.874432
  type: 'test'
  ...
# Subtest: jellyfish preview uses all eight canonical stage names
ok 158 - jellyfish preview uses all eight canonical stage names
  ---
  duration_ms: 120.405366
  type: 'test'
  ...
# Subtest: starfish preview uses all eight canonical stage names
ok 159 - starfish preview uses all eight canonical stage names
  ---
  duration_ms: 113.702818
  type: 'test'
  ...
# Subtest: coral preview uses all eight canonical stage names
ok 160 - coral preview uses all eight canonical stage names
  ---
  duration_ms: 104.913335
  type: 'test'
  ...
# Subtest: butterfly preview uses all eight canonical stage names
ok 161 - butterfly preview uses all eight canonical stage names
  ---
  duration_ms: 101.890778
  type: 'test'
  ...
# Subtest: beetle preview uses all eight canonical stage names
ok 162 - beetle preview uses all eight canonical stage names
  ---
  duration_ms: 131.849734
  type: 'test'
  ...
# Subtest: stagbeetle preview uses all eight canonical stage names
ok 163 - stagbeetle preview uses all eight canonical stage names
  ---
  duration_ms: 110.980524
  type: 'test'
  ...
# Subtest: cicada preview uses all eight canonical stage names
ok 164 - cicada preview uses all eight canonical stage names
  ---
  duration_ms: 114.026397
  type: 'test'
  ...
# Subtest: antlion preview uses all eight canonical stage names
ok 165 - antlion preview uses all eight canonical stage names
  ---
  duration_ms: 109.441683
  type: 'test'
  ...
# Subtest: dandelion preview uses all eight canonical stage names
ok 166 - dandelion preview uses all eight canonical stage names
  ---
  duration_ms: 142.481786
  type: 'test'
  ...
# Subtest: sakura preview uses all eight canonical stage names
ok 167 - sakura preview uses all eight canonical stage names
  ---
  duration_ms: 104.020889
  type: 'test'
  ...
# Subtest: venus_flytrap preview uses all eight canonical stage names
ok 168 - venus_flytrap preview uses all eight canonical stage names
  ---
  duration_ms: 109.695891
  type: 'test'
  ...
# Subtest: mushroom preview uses all eight canonical stage names
ok 169 - mushroom preview uses all eight canonical stage names
  ---
  duration_ms: 118.957727
  type: 'test'
  ...
# Subtest: dragon preview uses all eight canonical stage names
ok 170 - dragon preview uses all eight canonical stage names
  ---
  duration_ms: 114.395056
  type: 'test'
  ...
# Subtest: phoenix preview uses all eight canonical stage names
ok 171 - phoenix preview uses all eight canonical stage names
  ---
  duration_ms: 107.524125
  type: 'test'
  ...
# Subtest: god preview uses all eight canonical stage names
ok 172 - god preview uses all eight canonical stage names
  ---
  duration_ms: 111.961997
  type: 'test'
  ...
# Subtest: world_tree preview uses all eight canonical stage names
ok 173 - world_tree preview uses all eight canonical stage names
  ---
  duration_ms: 139.746926
  type: 'test'
  ...
# Subtest: ghost preview uses all eight canonical stage names
ok 174 - ghost preview uses all eight canonical stage names
  ---
  duration_ms: 119.859998
  type: 'test'
  ...
# Subtest: star preview uses all eight canonical stage names
ok 175 - star preview uses all eight canonical stage names
  ---
  duration_ms: 111.218066
  type: 'test'
  ...
# Subtest: plush preview uses all eight canonical stage names
ok 176 - plush preview uses all eight canonical stage names
  ---
  duration_ms: 109.259562
  type: 'test'
  ...
# Subtest: unknown preview uses canonical punctuation and suppresses disposable rare achievement flashes
ok 177 - unknown preview uses canonical punctuation and suppresses disposable rare achievement flashes
  ---
  duration_ms: 108.605526
  type: 'test'
  ...
# Subtest: ren preview uses canonical secret names without a fabricated rare achievement
ok 178 - ren preview uses canonical secret names without a fabricated rare achievement
  ---
  duration_ms: 125.719243
  type: 'test'
  ...
# Subtest: clownfish gay keeps its targets through stages 7 and 8
ok 179 - clownfish gay keeps its targets through stages 7 and 8
  ---
  duration_ms: 157.5117
  type: 'test'
  ...
# Subtest: clownfish straight keeps its targets through stages 7 and 8
ok 180 - clownfish straight keeps its targets through stages 7 and 8
  ---
  duration_ms: 47.418288
  type: 'test'
  ...
# Subtest: new clownfish follow the pictured body stage while NB and other species keep their rules
ok 181 - new clownfish follow the pictured body stage while NB and other species keep their rules
  ---
  duration_ms: 16.166896
  type: 'test'
  ...
# Subtest: bi male/nonbinary survives sex change and reload without re-selection
ok 182 - bi male/nonbinary survives sex change and reload without re-selection
  ---
  duration_ms: 48.868783
  type: 'test'
  ...
# Subtest: bi female/nonbinary survives sex change and reload without re-selection
ok 183 - bi female/nonbinary survives sex change and reload without re-selection
  ---
  duration_ms: 60.104278
  type: 'test'
  ...
# Subtest: bi male/female survives sex change and reload without re-selection
ok 184 - bi male/female survives sex change and reload without re-selection
  ---
  duration_ms: 32.843451
  type: 'test'
  ...
# Subtest: bi male/female/nonbinary survives sex change and reload without re-selection
ok 185 - bi male/female/nonbinary survives sex change and reload without re-selection
  ---
  duration_ms: 50.340183
  type: 'test'
  ...
# Subtest: pan male/female/nonbinary survives sex change and reload without re-selection
ok 186 - pan male/female/nonbinary survives sex change and reload without re-selection
  ---
  duration_ms: 52.422384
  type: 'test'
  ...
# Subtest: aro  survives sex change and reload without re-selection
ok 187 - aro  survives sex change and reload without re-selection
  ---
  duration_ms: 50.774297
  type: 'test'
  ...
# Subtest: questioning male/female/nonbinary survives sex change and reload without re-selection
ok 188 - questioning male/female/nonbinary survives sex change and reload without re-selection
  ---
  duration_ms: 53.508157
  type: 'test'
  ...
# Subtest: NB identity remains NB while its clownfish body completes the transition
ok 189 - NB identity remains NB while its clownfish body completes the transition
  ---
  duration_ms: 19.269593
  type: 'test'
  ...
# Subtest: NB body-only change does not reopen an already reconciled relationship
ok 190 - NB body-only change does not reopen an already reconciled relationship
  ---
  duration_ms: 16.563844
  type: 'test'
  ...
# Subtest: a legacy sex-change notice cannot overwrite a primary save recovered from backup
ok 191 - a legacy sex-change notice cannot overwrite a primary save recovered from backup
  ---
  duration_ms: 39.395997
  type: 'test'
  ...
# Subtest: a partner whose targets no longer include us is retained as mismatched, including marriage
ok 192 - a partner whose targets no longer include us is retained as mismatched, including marriage
  ---
  duration_ms: 225.560133
  type: 'test'
  ...
# Subtest: compatible partners keep affection and a newly matching partner leaves mismatch
ok 193 - compatible partners keep affection and a newly matching partner leaves mismatch
  ---
  duration_ms: 34.153856
  type: 'test'
  ...
# Subtest: valid saved attraction overrides stale labels for self, partner, and guest
ok 194 - valid saved attraction overrides stale labels for self, partner, and guest
  ---
  duration_ms: 56.491891
  type: 'test'
  ...
# Subtest: legacy late-stage saves migrate once after age conversion; existing females never revert
ok 195 - legacy late-stage saves migrate once after age conversion; existing females never revert
  ---
  duration_ms: 100.419061
  type: 'test'
  ...
# Subtest: normal and infinite transformations use the selected form; returning restores the original life
ok 196 - normal and infinite transformations use the selected form; returning restores the original life
  ---
  duration_ms: 40.619402
  type: 'test'
  ...
# Subtest: guest codes preserve individual bi targets and canonical labels; old codes still load
ok 197 - guest codes preserve individual bi targets and canonical labels; old codes still load
  ---
  duration_ms: 16.283282
  type: 'test'
  ...
# Subtest: shared early-female clownfish keep a female stage name in profile and court
ok 198 - shared early-female clownfish keep a female stage name in profile and court
  ---
  duration_ms: 27.473818
  type: 'test'
  ...
# Subtest: a migrated infinite return snapshot gets the same identity repair before resuming
ok 199 - a migrated infinite return snapshot gets the same identity repair before resuming
  ---
  duration_ms: 32.582699
  type: 'test'
  ...
# Subtest: real court regression: male/straight against 18 identities
ok 200 - real court regression: male/straight against 18 identities
  ---
  duration_ms: 147.797609
  type: 'test'
  ...
# Subtest: real court regression: male/gay against 18 identities
ok 201 - real court regression: male/gay against 18 identities
  ---
  duration_ms: 110.667888
  type: 'test'
  ...
# Subtest: real court regression: male/bi against 18 identities
ok 202 - real court regression: male/bi against 18 identities
  ---
  duration_ms: 127.476261
  type: 'test'
  ...
# Subtest: real court regression: male/pan against 18 identities
ok 203 - real court regression: male/pan against 18 identities
  ---
  duration_ms: 158.264846
  type: 'test'
  ...
# Subtest: real court regression: male/aro against 18 identities
ok 204 - real court regression: male/aro against 18 identities
  ---
  duration_ms: 33.944952
  type: 'test'
  ...
# Subtest: real court regression: male/questioning against 18 identities
ok 205 - real court regression: male/questioning against 18 identities
  ---
  duration_ms: 182.06117
  type: 'test'
  ...
# Subtest: real court regression: female/straight against 18 identities
ok 206 - real court regression: female/straight against 18 identities
  ---
  duration_ms: 102.129652
  type: 'test'
  ...
# Subtest: real court regression: female/gay against 18 identities
ok 207 - real court regression: female/gay against 18 identities
  ---
  duration_ms: 84.844093
  type: 'test'
  ...
# Subtest: real court regression: female/bi against 18 identities
ok 208 - real court regression: female/bi against 18 identities
  ---
  duration_ms: 136.959602
  type: 'test'
  ...
# Subtest: real court regression: female/pan against 18 identities
ok 209 - real court regression: female/pan against 18 identities
  ---
  duration_ms: 175.537453
  type: 'test'
  ...
# Subtest: real court regression: female/aro against 18 identities
ok 210 - real court regression: female/aro against 18 identities
  ---
  duration_ms: 31.951751
  type: 'test'
  ...
# Subtest: real court regression: female/questioning against 18 identities
ok 211 - real court regression: female/questioning against 18 identities
  ---
  duration_ms: 171.640558
  type: 'test'
  ...
# Subtest: real court regression: nonbinary/straight against 18 identities
ok 212 - real court regression: nonbinary/straight against 18 identities
  ---
  duration_ms: 112.630985
  type: 'test'
  ...
# Subtest: real court regression: nonbinary/gay against 18 identities
ok 213 - real court regression: nonbinary/gay against 18 identities
  ---
  duration_ms: 86.992662
  type: 'test'
  ...
# Subtest: real court regression: nonbinary/bi against 18 identities
ok 214 - real court regression: nonbinary/bi against 18 identities
  ---
  duration_ms: 105.078588
  type: 'test'
  ...
# Subtest: real court regression: nonbinary/pan against 18 identities
ok 215 - real court regression: nonbinary/pan against 18 identities
  ---
  duration_ms: 151.309416
  type: 'test'
  ...
# Subtest: real court regression: nonbinary/aro against 18 identities
ok 216 - real court regression: nonbinary/aro against 18 identities
  ---
  duration_ms: 31.029231
  type: 'test'
  ...
# Subtest: real court regression: nonbinary/questioning against 18 identities
ok 217 - real court regression: nonbinary/questioning against 18 identities
  ---
  duration_ms: 155.104548
  type: 'test'
  ...
# Subtest: new court after a gay male becomes female uses both participants current genders
ok 218 - new court after a gay male becomes female uses both participants current genders
  ---
  duration_ms: 50.932727
  type: 'test'
  ...
# Subtest: completed relationships can reconcile and stay reconciled after save/load without changing targets
ok 219 - completed relationships can reconcile and stay reconciled after save/load without changing targets
  ---
  duration_ms: 62.830715
  type: 'test'
  ...
# Subtest: a normal tick crossing stage 8 completes once and a non-clownfish never changes gender
ok 220 - a normal tick crossing stage 8 completes once and a non-clownfish never changes gender
  ---
  duration_ms: 35.633712
  type: 'test'
  ...
# Subtest: finished lives retain the recorded identity when an old save is loaded
ok 221 - finished lives retain the recorded identity when an old save is loaded
  ---
  duration_ms: 68.873304
  type: 'test'
  ...
# Subtest: old compatibility cleanup cannot delete a partner before the clownfish migration makes them compatible
ok 222 - old compatibility cleanup cannot delete a partner before the clownfish migration makes them compatible
  ---
  duration_ms: 98.726532
  type: 'test'
  ...
# Subtest: sex change during a minigame is announced after returning to the home screen
ok 223 - sex change during a minigame is announced after returning to the home screen
  ---
  duration_ms: 20.399574
  type: 'test'
  ...
# Subtest: a same-tick elder achievement cannot replace the completed sex-change notice
ok 224 - a same-tick elder achievement cannot replace the completed sex-change notice
  ---
  duration_ms: 16.966208
  type: 'test'
  ...
# Subtest: stage-7 notice waits until finished minigame results have been readable
ok 225 - stage-7 notice waits until finished minigame results have been readable
  ---
  duration_ms: 19.029319
  type: 'test'
  ...
# Subtest: newborn clownfish hatch male for a binary roll and save that identity
ok 226 - newborn clownfish hatch male for a binary roll and save that identity
  ---
  duration_ms: 19.735755
  type: 'test'
  ...
# Subtest: a transition notice waits behind transformation choices and survives choosing to stay
ok 227 - a transition notice waits behind transformation choices and survives choosing to stay
  ---
  duration_ms: 27.432518
  type: 'test'
  ...
# Subtest: pre-v2 compatibility migration leaves finished clownfish relationships and logs unchanged
ok 228 - pre-v2 compatibility migration leaves finished clownfish relationships and logs unchanged
  ---
  duration_ms: 99.35572
  type: 'test'
  ...
# Subtest: pre-v2 infinite return relationship migration is complete before the first return
ok 229 - pre-v2 infinite return relationship migration is complete before the first return
  ---
  duration_ms: 139.347022
  type: 'test'
  ...
# Subtest: a same-tick marriage anniversary leaves the transition notice for after the movie
ok 230 - a same-tick marriage anniversary leaves the transition notice for after the movie
  ---
  duration_ms: 64.171408
  type: 'test'
  ...
# Subtest: comment text reuses matching illustrations and escapes arbitrary text
ok 231 - comment text reuses matching illustrations and escapes arbitrary text
  ---
  duration_ms: 105.691598
  type: 'test'
  ...
# Subtest: whole emoji sequences stay intact and unrelated food keeps its meaning
ok 232 - whole emoji sequences stay intact and unrelated food keeps its meaning
  ---
  duration_ms: 20.857667
  type: 'test'
  ...
# Subtest: speech shows the current actor illustration and leaves conversation and saves unchanged
ok 233 - speech shows the current actor illustration and leaves conversation and saves unchanged
  ---
  duration_ms: 27.228608
  type: 'test'
  ...
# Subtest: notices retain their scroll position until the actual message changes
ok 234 - notices retain their scroll position until the actual message changes
  ---
  duration_ms: 25.540354
  type: 'test'
  ...
# Subtest: event text, captions and birthday notices use the same inline presentation
ok 235 - event text, captions and birthday notices use the same inline presentation
  ---
  duration_ms: 20.990446
  type: 'test'
  ...
# Subtest: birthday and milestone symbols depict their own objects without unrelated atlas substitutes
ok 236 - birthday and milestone symbols depict their own objects without unrelated atlas substitutes
  ---
  duration_ms: 26.61251
  type: 'test'
  ...
# Subtest: all 26 companions and 18 partners keep their own speech portraits
ok 237 - all 26 companions and 18 partners keep their own speech portraits
  ---
  duration_ms: 235.921619
  type: 'test'
  ...
# Subtest: comment image failure stays local and works for newly inserted pictures
ok 238 - comment image failure stays local and works for newly inserted pictures
  ---
  duration_ms: 32.271029
  type: 'test'
  ...
# Subtest: pet reaction notices keep their words and identify the actual pet with its PNG
ok 239 - pet reaction notices keep their words and identify the actual pet with its PNG
  ---
  duration_ms: 17.68189
  type: 'test'
  ...
# Subtest: normal egg reserves an unraised species without changing this life or spending stock
ok 240 - normal egg reserves an unraised species without changing this life or spending stock
  ---
  duration_ms: 123.146054
  type: 'test'
  ...
# Subtest: normal egg blocks an exhausted pool and cannot borrow from the other pool
ok 241 - normal egg blocks an exhausted pool and cannot borrow from the other pool
  ---
  duration_ms: 19.386769
  type: 'test'
  ...
# Subtest: rare egg reserves an unraised species without changing this life or spending stock
ok 242 - rare egg reserves an unraised species without changing this life or spending stock
  ---
  duration_ms: 27.185864
  type: 'test'
  ...
# Subtest: rare egg blocks an exhausted pool and cannot borrow from the other pool
ok 243 - rare egg blocks an exhausted pool and cannot borrow from the other pool
  ---
  duration_ms: 22.467994
  type: 'test'
  ...
# Subtest: one reservation blocks all rerolls; cancellation never duplicates either stock
ok 244 - one reservation blocks all rerolls; cancellation never duplicates either stock
  ---
  duration_ms: 23.461071
  type: 'test'
  ...
# Subtest: reservation and unused stock survive reload, infinite return and next life; five taps consume once
ok 245 - reservation and unused stock survive reload, infinite return and next life; five taps consume once
  ---
  duration_ms: 119.340937
  type: 'test'
  ...
# Subtest: funded legacy reservation keeps an already raised species through migration and hatch
ok 246 - funded legacy reservation keeps an already raised species through migration and hatch
  ---
  duration_ms: 65.153356
  type: 'test'
  ...
# Subtest: old discovered species seed the unraised pool while new temporary discoveries do not
ok 247 - old discovered species seed the unraised pool while new temporary discoveries do not
  ---
  duration_ms: 78.886661
  type: 'test'
  ...
# Subtest: malformed or unfunded reservations never grant their species or negative stock
ok 248 - malformed or unfunded reservations never grant their species or negative stock
  ---
  duration_ms: 162.823636
  type: 'test'
  ...
# Subtest: infinite mode cannot reserve or hatch a funded egg
ok 249 - infinite mode cannot reserve or hatch a funded egg
  ---
  duration_ms: 13.403367
  type: 'test'
  ...
# Subtest: existing milestone egg grants use new stock once and never revive old dream fields
ok 250 - existing milestone egg grants use new stock once and never revive old dream fields
  ---
  duration_ms: 13.931083
  type: 'test'
  ...
# Subtest: normal purchase reserves secretly once; cancel/re-reserve/reload never refunds or clones
ok 251 - normal purchase reserves secretly once; cancel/re-reserve/reload never refunds or clones
  ---
  duration_ms: 46.803602
  type: 'test'
  ...
# Subtest: normal reserve without stock cannot purchase and unavailable purchase cannot charge
ok 252 - normal reserve without stock cannot purchase and unavailable purchase cannot charge
  ---
  duration_ms: 32.218093
  type: 'test'
  ...
# Subtest: rare purchase reserves secretly once; cancel/re-reserve/reload never refunds or clones
ok 253 - rare purchase reserves secretly once; cancel/re-reserve/reload never refunds or clones
  ---
  duration_ms: 35.067879
  type: 'test'
  ...
# Subtest: rare reserve without stock cannot purchase and unavailable purchase cannot charge
ok 254 - rare reserve without stock cannot purchase and unavailable purchase cannot charge
  ---
  duration_ms: 32.354888
  type: 'test'
  ...
# Subtest: central egg controls are removed from real HTML and runtime listeners
ok 255 - central egg controls are removed from real HTML and runtime listeners
  ---
  duration_ms: 6.473329
  type: 'test'
  ...
# Subtest: normal egg card has exactly one state-appropriate action and owned stock cannot be repurchased
ok 256 - normal egg card has exactly one state-appropriate action and owned stock cannot be repurchased
  ---
  duration_ms: 162.830376
  type: 'test'
  ...
# Subtest: rare egg card has exactly one state-appropriate action and owned stock cannot be repurchased
ok 257 - rare egg card has exactly one state-appropriate action and owned stock cannot be repurchased
  ---
  duration_ms: 192.488389
  type: 'test'
  ...
# Subtest: friend tickets list active-unjoined normal and rare companions without spending before confirmation
ok 258 - friend tickets list active-unjoined normal and rare companions without spending before confirmation
  ---
  duration_ms: 112.404543
  type: 'test'
  ...
# Subtest: confirming a companion ticket opens the normal invitation and stale confirmation does not spend
ok 259 - confirming a companion ticket opens the normal invitation and stale confirmation does not spend
  ---
  duration_ms: 25.51043
  type: 'test'
  ...
# Subtest: cancel and no candidate leave friend stock untouched
ok 260 - cancel and no candidate leave friend stock untouched
  ---
  duration_ms: 37.673487
  type: 'test'
  ...
# Subtest: match ticket lists exactly the mutually attracted candidates for male female and nonbinary pets, including seen candidates
ok 261 - match ticket lists exactly the mutually attracted candidates for male female and nonbinary pets, including seen candidates
  ---
  duration_ms: 17.78349
  type: 'test'
  ...
# Subtest: match confirmation calls one candidate to the current region without changing world tables or creating a partner
ok 262 - match confirmation calls one candidate to the current region without changing world tables or creating a partner
  ---
  duration_ms: 18.334822
  type: 'test'
  ...
# Subtest: match confirmation revalidates partner while calls survive introductions and clear on travel
ok 263 - match confirmation revalidates partner while calls survive introductions and clear on travel
  ---
  duration_ms: 151.872325
  type: 'test'
  ...
# Subtest: match confirmation revalidates stock and a local-home display transition keeps the paid call
ok 264 - match confirmation revalidates stock and a local-home display transition keeps the paid call
  ---
  duration_ms: 37.646446
  type: 'test'
  ...
# Subtest: a called match survives save reload in the same region
ok 265 - a called match survives save reload in the same region
  ---
  duration_ms: 33.631884
  type: 'test'
  ...
# Subtest: confirming either companion ticket leaves the shop so its invitation is reachable
ok 266 - confirming either companion ticket leaves the shop so its invitation is reachable
  ---
  duration_ms: 80.482827
  type: 'test'
  ...
# Subtest: time tickets change only the adjacent visual stage for five real minutes
ok 267 - time tickets change only the adjacent visual stage for five real minutes
  ---
  duration_ms: 210.14615
  type: 'test'
  ...
# Subtest: time tickets enforce the first and eighth actual-stage boundaries
ok 268 - time tickets enforce the first and eighth actual-stage boundaries
  ---
  duration_ms: 61.44825
  type: 'test'
  ...
# Subtest: a temporary form survives reload without extending and clears on a real stage change
ok 269 - a temporary form survives reload without extending and clears on a real stage change
  ---
  duration_ms: 44.126826
  type: 'test'
  ...
# Subtest: dex tickets offer exactly all ordinary and eight rare forms and stale choices do not spend
ok 270 - dex tickets offer exactly all ordinary and eight rare forms and stale choices do not spend
  ---
  duration_ms: 51.660454
  type: 'test'
  ...
# Subtest: transform tickets fund three legal candidates and favor species never raised
ok 271 - transform tickets fund three legal candidates and favor species never raised
  ---
  duration_ms: 35.242683
  type: 'test'
  ...
# Subtest: transform tickets supplement experienced candidates and reject stale or unavailable selections
ok 272 - transform tickets supplement experienced candidates and reject stale or unavailable selections
  ---
  duration_ms: 15.130611
  type: 'test'
  ...
# Subtest: legacy discovery seeds raised species once without later temporary discoveries
ok 273 - legacy discovery seeds raised species once without later temporary discoveries
  ---
  duration_ms: 58.74158
  type: 'test'
  ...
# Subtest: an actual transformation clears a temporary appearance
ok 274 - an actual transformation clears a temporary appearance
  ---
  duration_ms: 19.663124
  type: 'test'
  ...
# Subtest: ticket candidates cannot transform through the ordinary overlay without spending stock
ok 275 - ticket candidates cannot transform through the ordinary overlay without spending stock
  ---
  duration_ms: 16.501939
  type: 'test'
  ...
# Subtest: reloading an open transform ticket keeps stock and restores no ordinary offer
ok 276 - reloading an open transform ticket keeps stock and restores no ordinary offer
  ---
  duration_ms: 43.81084
  type: 'test'
  ...
# Subtest: dex picker hides every unknown form including markup and reveals only after selection
ok 277 - dex picker hides every unknown form including markup and reveals only after selection
  ---
  duration_ms: 57.769264
  type: 'test'
  ...
# Subtest: life medicine refills only life and can be used again after life falls
ok 278 - life medicine refills only life and can be used again after life falls
  ---
  duration_ms: 117.875501
  type: 'test'
  ...
# Subtest: life medicine at full life or outside a living finite life does not consume
ok 279 - life medicine at full life or outside a living finite life does not consume
  ---
  duration_ms: 84.187202
  type: 'test'
  ...
# Subtest: life charm automatically prevents actual death without changing its causes
ok 280 - life charm automatically prevents actual death without changing its causes
  ---
  duration_ms: 32.770345
  type: 'test'
  ...
# Subtest: a real dying tick spends one charm at the death boundary
ok 281 - a real dying tick spends one charm at the death boundary
  ---
  duration_ms: 24.109959
  type: 'test'
  ...
# Subtest: the tick reaching age one hundred enters farewell before charm consumption
ok 282 - the tick reaching age one hundred enters farewell before charm consumption
  ---
  duration_ms: 30.803072
  type: 'test'
  ...
# Subtest: life charm waits through grace and is never spent for farewell or infinity
ok 283 - life charm waits through grace and is never spent for farewell or infinity
  ---
  duration_ms: 15.205324
  type: 'test'
  ...
# Subtest: life charm is automatic and has no manual use control
ok 284 - life charm is automatic and has no manual use control
  ---
  duration_ms: 16.248497
  type: 'test'
  ...
# Subtest: retired consumables have no sale, use, or active-effect behavior
ok 285 - retired consumables have no sale, use, or active-effect behavior
  ---
  duration_ms: 38.285329
  type: 'test'
  ...
# Subtest: shop orders all twelve consumables by the approved catalog
ok 286 - shop orders all twelve consumables by the approved catalog
  ---
  duration_ms: 15.467088
  type: 'test'
  ...
# Subtest: final consumable catalog publishes exactly the twelve approved products
ok 287 - final consumable catalog publishes exactly the twelve approved products
  ---
  duration_ms: 2.378846
  type: 'test'
  ...
# Subtest: legacy stock converts or refunds once before retired IDs are filtered
ok 288 - legacy stock converts or refunds once before retired IDs are filtered
  ---
  duration_ms: 1.279209
  type: 'test'
  ...
# Subtest: every retired stock ID refunds its old unit price and purchase history adds nothing
ok 289 - every retired stock ID refunds its old unit price and purchase history adds nothing
  ---
  duration_ms: 0.792716
  type: 'test'
  ...
# Subtest: authoritative lifetime bag prevents live and snapshot copies from duplicating refunds
ok 290 - authoritative lifetime bag prevents live and snapshot copies from duplicating refunds
  ---
  duration_ms: 0.357679
  type: 'test'
  ...
# Subtest: invalid counts and unsafe sums cannot create unsafe money or stock
ok 291 - invalid counts and unsafe sums cannot create unsafe money or stock
  ---
  duration_ms: 0.257539
  type: 'test'
  ...
# Subtest: deduplicates prepaid reservations across live and infinite snapshots
ok 292 - deduplicates prepaid reservations across live and infinite snapshots
  ---
  duration_ms: 0.330237
  type: 'test'
  ...
# Subtest: separately paid small and great minigame reservations refund both once
ok 293 - separately paid small and great minigame reservations refund both once
  ---
  duration_ms: 1.508764
  type: 'test'
  ...
# Subtest: one logical minigame reservation refunds only its highest evidenced tier
ok 294 - one logical minigame reservation refunds only its highest evidenced tier
  ---
  duration_ms: 0.275545
  type: 'test'
  ...
# Subtest: pending funded reservations add no refund beyond their bag stock
ok 295 - pending funded reservations add no refund beyond their bag stock
  ---
  duration_ms: 0.492523
  type: 'test'
  ...
# Subtest: active and partly used effects end without refund while a fully unused sickness shield refunds once
ok 296 - active and partly used effects end without refund while a fully unused sickness shield refunds once
  ---
  duration_ms: 0.572433
  type: 'test'
  ...
# Subtest: a partially used sickness snapshot overrides a duplicate fully unused snapshot
ok 297 - a partially used sickness snapshot overrides a duplicate fully unused snapshot
  ---
  duration_ms: 0.304469
  type: 'test'
  ...
# Subtest: old court-big compatibility pays 350 once and is cleared even with flags
ok 298 - old court-big compatibility pays 350 once and is cleared even with flags
  ---
  duration_ms: 0.201384
  type: 'test'
  ...
# Subtest: reserved dream species survives conversion and reload-shaped normalization
ok 299 - reserved dream species survives conversion and reload-shaped normalization
  ---
  duration_ms: 0.23852
  type: 'test'
  ...
# Subtest: already migrated saves and return snapshots clear obsolete effects without credit
ok 300 - already migrated saves and return snapshots clear obsolete effects without credit
  ---
  duration_ms: 0.199391
  type: 'test'
  ...
# Subtest: a funded old Lucky pending item is cleared without duplicating its bag stock
ok 301 - a funded old Lucky pending item is cleared without duplicating its bag stock
  ---
  duration_ms: 0.150096
  type: 'test'
  ...
# Subtest: malformed migration markers cannot skip conversion
ok 302 - malformed migration markers cannot skip conversion
  ---
  duration_ms: 0.232891
  type: 'test'
  ...
# Subtest: registry sizes: species 31 (22 normal + 8 rare + 1 secret, 8 stages each = 248), companions 26, partners 18, legends 5
ok 303 - registry sizes: species 31 (22 normal + 8 rare + 1 secret, 8 stages each = 248), companions 26, partners 18, legends 5
  ---
  duration_ms: 115.226667
  type: 'test'
  ...
# Subtest: the secret species comes from master.playerSpecies.secret; the ren fallback is only for a missing master
ok 304 - the secret species comes from master.playerSpecies.secret; the ren fallback is only for a missing master
  ---
  duration_ms: 9.993547
  type: 'test'
  ...
# Subtest: every full registry table holds exactly the master ids (plus its pinned legacy rows)
ok 305 - every full registry table holds exactly the master ids (plus its pinned legacy rows)
  ---
  duration_ms: 250.433388
  type: 'test'
  ...
# Subtest: every intentionally partial table is exactly its audited subset
ok 306 - every intentionally partial table is exactly its audited subset
  ---
  duration_ms: 21.514575
  type: 'test'
  ...
# Subtest: legacy rows are pinned and never leak into the current canonical sets
ok 307 - legacy rows are pinned and never leak into the current canonical sets
  ---
  duration_ms: 3.796173
  type: 'test'
  ...
# Subtest: alias destinations are canonical, and alias keys are canonical or retired
ok 308 - alias destinations are canonical, and alias keys are canonical or retired
  ---
  duration_ms: 0.303047
  type: 'test'
  ...
# Subtest: species aliases: dex counts and the dex "found" display agree (raw → alias → registered)
ok 309 - species aliases: dex counts and the dex "found" display agree (raw → alias → registered)
  ---
  duration_ms: 17.55705
  type: 'test'
  ...
# Subtest: cast-bounds covers every current species stage, companion, partner, the author and egg frames
ok 310 - cast-bounds covers every current species stage, companion, partner, the author and egg frames
  ---
  duration_ms: 0.692925
  type: 'test'
  ...
# Subtest: images: every master species has 8 stages whose asset is <id>/01..08.png and whose label matches master
ok 311 - images: every master species has 8 stages whose asset is <id>/01..08.png and whose label matches master
  ---
  duration_ms: 0.900558
  type: 'test'
  ...
# Subtest: GOAL_TIER_IDS is the single tier map: id ↔ ordinal both ways, and every per-tier table follows it
ok 312 - GOAL_TIER_IDS is the single tier map: id ↔ ordinal both ways, and every per-tier table follows it
  ---
  duration_ms: 4.955871
  type: 'test'
  ...
# Subtest: ENDING_CELEBRATIONS still lacks the perfect tier: a known open gap, not the spec
ok 313 - ENDING_CELEBRATIONS still lacks the perfect tier: a known open gap, not the spec
  ---
  duration_ms: 4.516369
  type: 'test'
  ...
# Subtest: save ordinals are unchanged: endingTiersReached stays the ints 0..4 and the tier logic returns the same numbers
ok 314 - save ordinals are unchanged: endingTiersReached stays the ints 0..4 and the tier logic returns the same numbers
  ---
  duration_ms: 64.520232
  type: 'test'
  ...
# Subtest: remove-it: a species added to master but forgotten in one table is named with its table; typo, extra and retired ids too
ok 315 - remove-it: a species added to master but forgotten in one table is named with its table; typo, extra and retired ids too
  ---
  duration_ms: 147.137226
  type: 'test'
  ...
# Subtest: initial decoration preserves all text, existing elements and listeners
ok 316 - initial decoration preserves all text, existing elements and listeners
  ---
  duration_ms: 6.153137
  type: 'test'
  ...
# Subtest: token auditing keeps joined, modified, flag and keycap glyphs whole
ok 317 - token auditing keeps joined, modified, flag and keycap glyphs whole
  ---
  duration_ms: 1.278648
  type: 'test'
  ...
# Subtest: unknown whole sequences remain unchanged even when a component is known
ok 318 - unknown whole sequences remain unchanged even when a component is known
  ---
  duration_ms: 1.012427
  type: 'test'
  ...
# Subtest: editing controls and existing illustration subtrees remain untouched
ok 319 - editing controls and existing illustration subtrees remain untouched
  ---
  duration_ms: 1.297977
  type: 'test'
  ...
# Subtest: later added subtrees and character edits are decorated without rescanning unaffected text
ok 320 - later added subtrees and character edits are decorated without rescanning unaffected text
  ---
  duration_ms: 2.983738
  type: 'test'
  ...
# Subtest: nodes removed before observer delivery are ignored
ok 321 - nodes removed before observer delivery are ignored
  ---
  duration_ms: 0.859026
  type: 'test'
  ...
# Subtest: the current actor marker passes through the same display resolver
ok 322 - the current actor marker passes through the same display resolver
  ---
  duration_ms: 0.9415
  type: 'test'
  ...
# Subtest: daily and Lucky payouts stay independent with null
ok 323 - daily and Lucky payouts stay independent with null
  ---
  duration_ms: 137.62153
  type: 'test'
  ...
# Subtest: daily and Lucky payouts stay independent with star
ok 324 - daily and Lucky payouts stay independent with star
  ---
  duration_ms: 31.817999
  type: 'test'
  ...
# Subtest: Star does not multiply either side of a duel settlement
ok 325 - Star does not multiply either side of a duel settlement
  ---
  duration_ms: 36.109949
  type: 'test'
  ...
# Subtest: five warming taps show progressive egg art and hatch once at the existing boundary
ok 326 - five warming taps show progressive egg art and hatch once at the existing boundary
  ---
  duration_ms: 117.408377
  type: 'test'
  ...
# Subtest: each saved egg resumes its crack stage without replaying a touch reaction
ok 327 - each saved egg resumes its crack stage without replaying a touch reaction
  ---
  duration_ms: 250.580309
  type: 'test'
  ...
# Subtest: reload immediately after the fifth tap keeps the same newborn and one birth record
ok 328 - reload immediately after the fifth tap keeps the same newborn and one birth record
  ---
  duration_ms: 84.012441
  type: 'test'
  ...
# Subtest: reset during the hatch effect cannot alter or decorate the replacement egg
ok 329 - reset during the hatch effect cannot alter or decorate the replacement egg
  ---
  duration_ms: 46.96792
  type: 'test'
  ...
# Subtest: the egg itself can be warmed and newborn care remains available immediately
ok 330 - the egg itself can be warmed and newborn care remains available immediately
  ---
  duration_ms: 22.375754
  type: 'test'
  ...
# Subtest: all 30 legal dream species keep their stable identity and first-form artwork
ok 331 - all 30 legal dream species keep their stable identity and first-form artwork
  ---
  duration_ms: 829.173674
  type: 'test'
  ...
# Subtest: a failed egg image uses the existing emoji fallback and can still hatch
ok 332 - a failed egg image uses the existing emoji fallback and can still hatch
  ---
  duration_ms: 20.004359
  type: 'test'
  ...
# Subtest: finished reactions are removed and cannot replay when returning from a minigame
ok 333 - finished reactions are removed and cannot replay when returning from a minigame
  ---
  duration_ms: 50.190858
  type: 'test'
  ...
# Subtest: cancelled hatch animation is cleaned before an immediate minigame return
ok 334 - cancelled hatch animation is cleaned before an immediate minigame return
  ---
  duration_ms: 37.667989
  type: 'test'
  ...
# Subtest: reduced motion shows the correct egg and newborn without a pending reveal
ok 335 - reduced motion shows the correct egg and newborn without a pending reveal
  ---
  duration_ms: 19.727372
  type: 'test'
  ...
# Subtest: home derives emotion without adding saved emotion fields
ok 336 - home derives emotion without adding saved emotion fields
  ---
  duration_ms: 106.818442
  type: 'test'
  ...
# Subtest: rendering and running an emotion cue leave the serialized save unchanged
ok 337 - rendering and running an emotion cue leave the serialized save unchanged
  ---
  duration_ms: 18.111185
  type: 'test'
  ...
# Subtest: home emotion follows canonical priority and pet availability
ok 338 - home emotion follows canonical priority and pet availability
  ---
  duration_ms: 26.82381
  type: 'test'
  ...
# Subtest: persistent cue moves only the main pet and its accessory
ok 339 - persistent cue moves only the main pet and its accessory
  ---
  duration_ms: 23.290633
  type: 'test'
  ...
# Subtest: 26 companions stay still during the main pet hungry cue
ok 340 - 26 companions stay still during the main pet hungry cue
  ---
  duration_ms: 34.700695
  type: 'test'
  ...
# Subtest: 26 companions stay still during the main pet sulk cue
ok 341 - 26 companions stay still during the main pet sulk cue
  ---
  duration_ms: 24.143419
  type: 'test'
  ...
# Subtest: critical life cancels a running persistent cue and stays still
ok 342 - critical life cancels a running persistent cue and stays still
  ---
  duration_ms: 21.795108
  type: 'test'
  ...
# Subtest: critical life suppresses both ordinary idle sources while keeping critical UI
ok 343 - critical life suppresses both ordinary idle sources while keeping critical UI
  ---
  duration_ms: 22.050353
  type: 'test'
  ...
# Subtest: ordinary render does not interrupt a real care reaction
ok 344 - ordinary render does not interrupt a real care reaction
  ---
  duration_ms: 17.601827
  type: 'test'
  ...
# Subtest: real feed starts with munch
ok 345 - real feed starts with munch
  ---
  duration_ms: 49.115187
  type: 'test'
  ...
# Subtest: real wake keeps stretch for a sleepy randomized line
ok 346 - real wake keeps stretch for a sleepy randomized line
  ---
  duration_ms: 42.364749
  type: 'test'
  ...
# Subtest: real wrong medicine starts with shake
ok 347 - real wrong medicine starts with shake
  ---
  duration_ms: 18.152938
  type: 'test'
  ...
# Subtest: real annoyed play starts with settle
ok 348 - real annoyed play starts with settle
  ---
  duration_ms: 61.742805
  type: 'test'
  ...
# Subtest: feed adds one pet-only gentle bounce after munch when hunger is cleared
ok 349 - feed adds one pet-only gentle bounce after munch when hunger is cleared
  ---
  duration_ms: 19.415681
  type: 'test'
  ...
# Subtest: feed returns to the latest hungry profile without a happy afterglow
ok 350 - feed returns to the latest hungry profile without a happy afterglow
  ---
  duration_ms: 27.627431
  type: 'test'
  ...
# Subtest: feed afterglow rechecks raw hunger at callback time
ok 351 - feed afterglow rechecks raw hunger at callback time
  ---
  duration_ms: 29.291541
  type: 'test'
  ...
# Subtest: feed afterglow rechecks raw pet availability at callback time
ok 352 - feed afterglow rechecks raw pet availability at callback time
  ---
  duration_ms: 55.87509
  type: 'test'
  ...
# Subtest: cured medicine settles first and then adds one pet-only bounce
ok 353 - cured medicine settles first and then adds one pet-only bounce
  ---
  duration_ms: 33.173232
  type: 'test'
  ...
# Subtest: a newer care action invalidates the old feed afterglow
ok 354 - a newer care action invalidates the old feed afterglow
  ---
  duration_ms: 19.240578
  type: 'test'
  ...
# Subtest: a newer semantic event invalidates the old feed afterglow
ok 355 - a newer semantic event invalidates the old feed afterglow
  ---
  duration_ms: 17.458852
  type: 'test'
  ...
# Subtest: leaving home invalidates a feed afterglow even after returning
ok 356 - leaving home invalidates a feed afterglow even after returning
  ---
  duration_ms: 114.763497
  type: 'test'
  ...
# Subtest: feed afterglow waits for existing companion conversation beats
ok 357 - feed afterglow waits for existing companion conversation beats
  ---
  duration_ms: 23.792159
  type: 'test'
  ...
# Subtest: critical life and reduced motion suppress care afterglow movement
ok 358 - critical life and reduced motion suppress care afterglow movement
  ---
  duration_ms: 57.39491
  type: 'test'
  ...
# Subtest: critical life suppresses cured medicine afterglow
ok 359 - critical life suppresses cured medicine afterglow
  ---
  duration_ms: 16.939859
  type: 'test'
  ...
# Subtest: other semantic care reactions finish without an added happy afterglow
ok 360 - other semantic care reactions finish without an added happy afterglow
  ---
  duration_ms: 122.25876
  type: 'test'
  ...
# Subtest: normal state cancels the old profile timer before it can fire
ok 361 - normal state cancels the old profile timer before it can fire
  ---
  duration_ms: 15.396562
  type: 'test'
  ...
# Subtest: non-normal emotion excludes the pet from ordinary idle while companions continue
ok 362 - non-normal emotion excludes the pet from ordinary idle while companions continue
  ---
  duration_ms: 15.470073
  type: 'test'
  ...
# Subtest: non-normal emotion excludes autonomous pet greetings but keeps social greetings
ok 363 - non-normal emotion excludes autonomous pet greetings but keeps social greetings
  ---
  duration_ms: 49.713239
  type: 'test'
  ...
# Subtest: egg blocks a pending persistent cue
ok 364 - egg blocks a pending persistent cue
  ---
  duration_ms: 13.356186
  type: 'test'
  ...
# Subtest: farewell blocks a pending persistent cue
ok 365 - farewell blocks a pending persistent cue
  ---
  duration_ms: 33.55002
  type: 'test'
  ...
# Subtest: dead blocks a pending persistent cue
ok 366 - dead blocks a pending persistent cue
  ---
  duration_ms: 15.666068
  type: 'test'
  ...
# Subtest: sleeping blocks a pending persistent cue
ok 367 - sleeping blocks a pending persistent cue
  ---
  duration_ms: 15.237663
  type: 'test'
  ...
# Subtest: transform blocks a pending persistent cue
ok 368 - transform blocks a pending persistent cue
  ---
  duration_ms: 32.454509
  type: 'test'
  ...
# Subtest: menu blocks a pending persistent cue
ok 369 - menu blocks a pending persistent cue
  ---
  duration_ms: 16.278361
  type: 'test'
  ...
# Subtest: minigame blocks a pending persistent cue
ok 370 - minigame blocks a pending persistent cue
  ---
  duration_ms: 16.331692
  type: 'test'
  ...
# Subtest: story blocks a pending persistent cue
ok 371 - story blocks a pending persistent cue
  ---
  duration_ms: 33.515168
  type: 'test'
  ...
# Subtest: hidden tab blocks a pending persistent cue
ok 372 - hidden tab blocks a pending persistent cue
  ---
  duration_ms: 16.087244
  type: 'test'
  ...
# Subtest: story opening immediately cancels an active persistent cue
ok 373 - story opening immediately cancels an active persistent cue
  ---
  duration_ms: 31.264365
  type: 'test'
  ...
# Subtest: menu cancels an active persistent cue and the current state restarts after return
ok 374 - menu cancels an active persistent cue and the current state restarts after return
  ---
  duration_ms: 30.838162
  type: 'test'
  ...
# Subtest: story cancels an active persistent cue and the current state restarts after return
ok 375 - story cancels an active persistent cue and the current state restarts after return
  ---
  duration_ms: 15.864929
  type: 'test'
  ...
# Subtest: minigame cancels an active persistent cue and the current state restarts after return
ok 376 - minigame cancels an active persistent cue and the current state restarts after return
  ---
  duration_ms: 34.493152
  type: 'test'
  ...
# Subtest: hidden tab cancels an active persistent cue and the current state restarts after return
ok 377 - hidden tab cancels an active persistent cue and the current state restarts after return
  ---
  duration_ms: 27.859251
  type: 'test'
  ...
# Subtest: returning from a hidden tab schedules the current profile again
ok 378 - returning from a hidden tab schedules the current profile again
  ---
  duration_ms: 16.15139
  type: 'test'
  ...
# Subtest: reduced motion retains the derived state without starting a cue
ok 379 - reduced motion retains the derived state without starting a cue
  ---
  duration_ms: 36.757517
  type: 'test'
  ...
# Subtest: switching to reduced motion stops a running persistent cue
ok 380 - switching to reduced motion stops a running persistent cue
  ---
  duration_ms: 14.935657
  type: 'test'
  ...
# Subtest: reduced motion suppresses persistent and afterglow movement but retains the warning icon
ok 381 - reduced motion suppresses persistent and afterglow movement but retains the warning icon
  ---
  duration_ms: 31.961525
  type: 'test'
  ...
# Subtest: normal idle perk callback does not preempt a pending care afterglow
ok 382 - normal idle perk callback does not preempt a pending care afterglow
  ---
  duration_ms: 28.385835
  type: 'test'
  ...
# Subtest: normal idle perk callback does not preempt an active care afterglow
ok 383 - normal idle perk callback does not preempt an active care afterglow
  ---
  duration_ms: 15.867722
  type: 'test'
  ...
# Subtest: normal idle greeting callback does not preempt a pending care afterglow
ok 384 - normal idle greeting callback does not preempt a pending care afterglow
  ---
  duration_ms: 30.049182
  type: 'test'
  ...
# Subtest: normal idle greeting callback does not preempt an active care afterglow
ok 385 - normal idle greeting callback does not preempt an active care afterglow
  ---
  duration_ms: 17.077116
  type: 'test'
  ...
# Subtest: static script exposes the pure resolver on window
ok 386 - static script exposes the pure resolver on window
  ---
  duration_ms: 2.363874
  type: 'test'
  ...
# Subtest: resolve returns every approved emotion profile
ok 387 - resolve returns every approved emotion profile
  ---
  duration_ms: 0.492363
  type: 'test'
  ...
# Subtest: resolve follows the approved visible priority
ok 388 - resolve follows the approved visible priority
  ---
  duration_ms: 0.201734
  type: 'test'
  ...
# Subtest: worsening tiredness never increases cue cadence
ok 389 - worsening tiredness never increases cue cadence
  ---
  duration_ms: 0.152489
  type: 'test'
  ...
# Subtest: non-playable and sleeping signals resolve to normal
ok 390 - non-playable and sleeping signals resolve to normal
  ---
  duration_ms: 0.148944
  type: 'test'
  ...
# Subtest: resolve does not mutate its input or share returned profile objects
ok 391 - resolve does not mutate its input or share returned profile objects
  ---
  duration_ms: 1.626563
  type: 'test'
  ...
# Subtest: sodachi 20 to 100 costs 1,500-1,800 growth and 20 to 70 costs under 800
ok 392 - sodachi 20 to 100 costs 1,500-1,800 growth and 20 to 70 costs under 800
  ---
  duration_ms: 111.49436
  type: 'test'
  ...
# Subtest: sleeping from empty takes roughly 3-12 seconds of recovery steps
ok 393 - sleeping from empty takes roughly 3-12 seconds of recovery steps
  ---
  duration_ms: 43.972744
  type: 'test'
  ...
# Subtest: an S-rank result grants a growth boost that doubles growth and decays per tick
ok 394 - an S-rank result grants a growth boost that doubles growth and decays per tick
  ---
  duration_ms: 22.006618
  type: 'test'
  ...
# Subtest: game length: normal difficulty runs at face value, easy adds 20%, short mode trims games of 20s or more
ok 395 - game length: normal difficulty runs at face value, easy adds 20%, short mode trims games of 20s or more
  ---
  duration_ms: 23.635714
  type: 'test'
  ...
# Subtest: life recovers during ordinary care and faster when everything is above 60
ok 396 - life recovers during ordinary care and faster when everything is above 60
  ---
  duration_ms: 15.170371
  type: 'test'
  ...
# Subtest: a full transform meter opens the transform choice right after the game, with no lottery
ok 397 - a full transform meter opens the transform choice right after the game, with no lottery
  ---
  duration_ms: 24.213315
  type: 'test'
  ...
# Subtest: the same environment + seed + pinned clock gives the same time, weather, season and randomness on any host clock and TZ
ok 398 - the same environment + seed + pinned clock gives the same time, weather, season and randomness on any host clock and TZ
  ---
  duration_ms: 494.251051
  type: 'test'
  ...
# Subtest: with environment: 'auto' the result follows the host clock (the test detects the difference)
ok 399 - with environment: 'auto' the result follows the host clock (the test detects the difference)
  ---
  duration_ms: 864.664232
  type: 'test'
  ...
# Subtest: hostEnvironmentClock alone makes the time of day follow the harness clock instead of the host clock
ok 400 - hostEnvironmentClock alone makes the time of day follow the harness clock instead of the host clock
  ---
  duration_ms: 352.468551
  type: 'test'
  ...
# Subtest: the flaky "entering meguru" scene is reproducible with the options on any host clock and TZ
ok 401 - the flaky "entering meguru" scene is reproducible with the options on any host clock and TZ
  ---
  duration_ms: 3917.544767
  type: 'test'
  ...
# Subtest: one generator feeds the page Math.random (from boot) and meguru
ok 402 - one generator feeds the page Math.random (from boot) and meguru
  ---
  duration_ms: 271.211012
  type: 'test'
  ...
# Subtest: default harness(): fixed day/sunny environment (RH-6), native random, unpinned new Date(), harness Date.now()
ok 403 - default harness(): fixed day/sunny environment (RH-6), native random, unpinned new Date(), harness Date.now()
  ---
  duration_ms: 44.740531
  type: 'test'
  ...
# Subtest: a manual time/weather mode still wins over environment, and the undersea/starry regions keep no weather
ok 404 - a manual time/weather mode still wins over environment, and the undersea/starry regions keep no weather
  ---
  duration_ms: 16.762405
  type: 'test'
  ...
# Subtest: the deterministic preset pins environment, host clock, seed and date; explicit options win
ok 405 - the deterministic preset pins environment, host clock, seed and date; explicit options win
  ---
  duration_ms: 55.841379
  type: 'test'
  ...
# Subtest: the weather labels the harness returns match world-environment.js
ok 406 - the weather labels the harness returns match world-environment.js
  ---
  duration_ms: 0.662579
  type: 'test'
  ...
# Subtest: one-finger drags cannot pan the home, including a drag starting on a care button
ok 407 - one-finger drags cannot pan the home, including a drag starting on a care button
  ---
  duration_ms: 111.221269
  type: 'test'
  ...
# Subtest: long text can scroll in both directions but cannot drag the home past its edges
ok 408 - long text can scroll in both directions but cannot drag the home past its edges
  ---
  duration_ms: 20.465795
  type: 'test'
  ...
# Subtest: pinch zoom and panning an enlarged view remain available
ok 409 - pinch zoom and panning an enlarged view remain available
  ---
  duration_ms: 22.981368
  type: 'test'
  ...
# Subtest: menus, minigames and life records keep their gestures and returning home restores the lock
ok 410 - menus, minigames and life records keep their gestures and returning home restores the lock
  ---
  duration_ms: 39.732592
  type: 'test'
  ...
# Subtest: home touch setup leaves the home height available after the fun strip retirement
ok 411 - home touch setup leaves the home height available after the fun strip retirement
  ---
  duration_ms: 16.720749
  type: 'test'
  ...
# Subtest: approved hunger profile covers exactly 31 playable growth lines and all 248 stages
ok 412 - approved hunger profile covers exactly 31 playable growth lines and all 248 stages
  ---
  duration_ms: 1.884161
  type: 'test'
  ...
# Subtest: hunger category resolver does not silently fallback for unsupported or malformed assets
ok 413 - hunger category resolver does not silently fallback for unsupported or malformed assets
  ---
  duration_ms: 0.191519
  type: 'test'
  ...
# Subtest: all 248 hungry displays use the approved food artwork, including life-stage overrides
ok 414 - all 248 hungry displays use the approved food artwork, including life-stage overrides
  ---
  duration_ms: 5.589587
  type: 'test'
  ...
# Subtest: mushroom07 hunger bubble separates from spores without moving other state marks
ok 415 - mushroom07 hunger bubble separates from spores without moving other state marks
  ---
  duration_ms: 1.195943
  type: 'test'
  ...
# Subtest: every shipped UI/game emoji has an illustrated display definition
ok 416 - every shipped UI/game emoji has an illustrated display definition
  ---
  duration_ms: 169.950312
  type: 'test'
  ...
# Subtest: the exact actor and generic game props are separate, and saves stay untouched
ok 417 - the exact actor and generic game props are separate, and saves stay untouched
  ---
  duration_ms: 26.283966
  type: 'test'
  ...
# Subtest: every minigame maps to one of the intro demo kinds, and the kinds are varied
ok 418 - every minigame maps to one of the intro demo kinds, and the kinds are varied
  ---
  duration_ms: 100.336108
  type: 'test'
  ...
# Subtest: the intro card carries a demo canvas tagged with the demo kind
ok 419 - the intro card carries a demo canvas tagged with the demo kind
  ---
  duration_ms: 22.820324
  type: 'test'
  ...
# Subtest: swipe thresholds are unified through MG_SWIPE_MIN and hold timing through MG_HOLD_PROFILES
ok 420 - swipe thresholds are unified through MG_SWIPE_MIN and hold timing through MG_HOLD_PROFILES
  ---
  duration_ms: 30.357298
  type: 'test'
  ...
# Subtest: the result toast offers a retry button that restarts the same game
ok 421 - the result toast offers a retry button that restarts the same game
  ---
  duration_ms: 29.439874
  type: 'test'
  ...
# Subtest: the result toast has no retry button before any game was played
ok 422 - the result toast has no retry button before any game was played
  ---
  duration_ms: 14.936478
  type: 'test'
  ...
# Subtest: the intro card shows for the first three plays and the help overlay works any time
ok 423 - the intro card shows for the first three plays and the help overlay works any time
  ---
  duration_ms: 21.607035
  type: 'test'
  ...
# Subtest: steps pad fires the moment a direction is clear, once per flick, without waiting for release
ok 424 - steps pad fires the moment a direction is clear, once per flick, without waiting for release
  ---
  duration_ms: 33.666135
  type: 'test'
  ...
# Subtest: turn-based steps pad needs a longer drag for the second cell in the same direction
ok 425 - turn-based steps pad needs a longer drag for the second cell in the same direction
  ---
  duration_ms: 24.843985
  type: 'test'
  ...
# Subtest: delta pad glides at the pad edge while pushing outward and stops when the finger comes back
ok 426 - delta pad glides at the pad edge while pushing outward and stops when the finger comes back
  ---
  duration_ms: 34.691952
  type: 'test'
  ...
# Subtest: vector pad keeps the direction of the real movement, not the wobble when the finger stops
ok 427 - vector pad keeps the direction of the real movement, not the wobble when the finger stops
  ---
  duration_ms: 15.989797
  type: 'test'
  ...
# Subtest: the unified manifest gives every one of the 27 item identities a dedicated normalized PNG
ok 428 - the unified manifest gives every one of the 27 item identities a dedicated normalized PNG
  ---
  duration_ms: 302.000921
  type: 'test'
  ...
# Subtest: shop, home, consumables and item stickers use semantic unified art
ok 429 - shop, home, consumables and item stickers use semantic unified art
  ---
  duration_ms: 124.999689
  type: 'test'
  ...
# Subtest: a unified image failure reveals only its semantic fallback without changing state
ok 430 - a unified image failure reveals only its semantic fallback without changing state
  ---
  duration_ms: 22.102833
  type: 'test'
  ...
# Subtest: the unified shop art frame is 40px while the home accessory keeps its inherited frame
ok 431 - the unified shop art frame is 40px while the home accessory keeps its inherited frame
  ---
  duration_ms: 0.348646
  type: 'test'
  ...
# Subtest: retired hat uses the ordinary transform rate and needs four games
ok 432 - retired hat uses the ordinary transform rate and needs four games
  ---
  duration_ms: 129.127195
  type: 'test'
  ...
# Subtest: retired hat has no game effect in a start snapshot
ok 433 - retired hat has no game effect in a start snapshot
  ---
  duration_ms: 86.093296
  type: 'test'
  ...
# Subtest: retired energy1 has no game effect in a start snapshot
ok 434 - retired energy1 has no game effect in a start snapshot
  ---
  duration_ms: 111.530164
  type: 'test'
  ...
# Subtest: retired glasses has no game effect in a start snapshot
ok 435 - retired glasses has no game effect in a start snapshot
  ---
  duration_ms: 78.284463
  type: 'test'
  ...
# Subtest: retired crown has no game effect in a start snapshot
ok 436 - retired crown has no game effect in a start snapshot
  ---
  duration_ms: 117.926488
  type: 'test'
  ...
# Subtest: retired flower has no game effect in a start snapshot
ok 437 - retired flower has no game effect in a start snapshot
  ---
  duration_ms: 105.258137
  type: 'test'
  ...
# Subtest: retired crown cannot rescue zero health but the existing miracle still works
ok 438 - retired crown cannot rescue zero health but the existing miracle still works
  ---
  duration_ms: 13.543108
  type: 'test'
  ...
# Subtest: crown does not bypass normal two minute life warning or rescue life death
ok 439 - crown does not bypass normal two minute life warning or rescue life death
  ---
  duration_ms: 22.460362
  type: 'test'
  ...
# Subtest: retired crown snapshot cannot reduce failed-game life damage
ok 440 - retired crown snapshot cannot reduce failed-game life damage
  ---
  duration_ms: 15.102569
  type: 'test'
  ...
# Subtest: star pays ordinary success immediately and never adds a delayed set reward
ok 441 - star pays ordinary success immediately and never adds a delayed set reward
  ---
  duration_ms: 45.731315
  type: 'test'
  ...
# Subtest: star menu describes immediate ordinary-success coins without stamp or waiting UI
ok 442 - star menu describes immediate ordinary-success coins without stamp or waiting UI
  ---
  duration_ms: 38.312971
  type: 'test'
  ...
# Subtest: ordinary score 0, equipment null -> null pays 0
ok 443 - ordinary score 0, equipment null -> null pays 0
  ---
  duration_ms: 36.771998
  type: 'test'
  ...
# Subtest: ordinary score 0, equipment star -> null pays 0
ok 444 - ordinary score 0, equipment star -> null pays 0
  ---
  duration_ms: 14.258657
  type: 'test'
  ...
# Subtest: ordinary score 0, equipment null -> star pays 0
ok 445 - ordinary score 0, equipment null -> star pays 0
  ---
  duration_ms: 14.860484
  type: 'test'
  ...
# Subtest: ordinary score 29, equipment null -> null pays 0
ok 446 - ordinary score 29, equipment null -> null pays 0
  ---
  duration_ms: 28.227035
  type: 'test'
  ...
# Subtest: ordinary score 29, equipment star -> null pays 0
ok 447 - ordinary score 29, equipment star -> null pays 0
  ---
  duration_ms: 14.686832
  type: 'test'
  ...
# Subtest: ordinary score 29, equipment null -> star pays 0
ok 448 - ordinary score 29, equipment null -> star pays 0
  ---
  duration_ms: 18.434522
  type: 'test'
  ...
# Subtest: ordinary score 30, equipment null -> null pays 30
ok 449 - ordinary score 30, equipment null -> null pays 30
  ---
  duration_ms: 42.756691
  type: 'test'
  ...
# Subtest: ordinary score 30, equipment star -> null pays 90
ok 450 - ordinary score 30, equipment star -> null pays 90
  ---
  duration_ms: 45.173003
  type: 'test'
  ...
# Subtest: ordinary score 30, equipment null -> star pays 30
ok 451 - ordinary score 30, equipment null -> star pays 30
  ---
  duration_ms: 40.008637
  type: 'test'
  ...
# Subtest: ordinary score 69, equipment null -> null pays 30
ok 452 - ordinary score 69, equipment null -> null pays 30
  ---
  duration_ms: 34.67081
  type: 'test'
  ...
# Subtest: ordinary score 69, equipment star -> null pays 90
ok 453 - ordinary score 69, equipment star -> null pays 90
  ---
  duration_ms: 17.188353
  type: 'test'
  ...
# Subtest: ordinary score 69, equipment null -> star pays 30
ok 454 - ordinary score 69, equipment null -> star pays 30
  ---
  duration_ms: 34.676689
  type: 'test'
  ...
# Subtest: ordinary score 70, equipment null -> null pays 60
ok 455 - ordinary score 70, equipment null -> null pays 60
  ---
  duration_ms: 20.656172
  type: 'test'
  ...
# Subtest: ordinary score 70, equipment star -> null pays 180
ok 456 - ordinary score 70, equipment star -> null pays 180
  ---
  duration_ms: 28.055647
  type: 'test'
  ...
# Subtest: ordinary score 70, equipment null -> star pays 60
ok 457 - ordinary score 70, equipment null -> star pays 60
  ---
  duration_ms: 36.171233
  type: 'test'
  ...
# Subtest: ordinary score 100, equipment null -> null pays 60
ok 458 - ordinary score 100, equipment null -> null pays 60
  ---
  duration_ms: 17.919326
  type: 'test'
  ...
# Subtest: ordinary score 100, equipment star -> null pays 180
ok 459 - ordinary score 100, equipment star -> null pays 180
  ---
  duration_ms: 18.815977
  type: 'test'
  ...
# Subtest: ordinary score 100, equipment null -> star pays 60
ok 460 - ordinary score 100, equipment null -> star pays 60
  ---
  duration_ms: 27.856247
  type: 'test'
  ...
# Subtest: quick-run score 0 retains base 0 with null
ok 461 - quick-run score 0 retains base 0 with null
  ---
  duration_ms: 14.719462
  type: 'test'
  ...
# Subtest: quick-run score 0 retains base 0 with star
ok 462 - quick-run score 0 retains base 0 with star
  ---
  duration_ms: 36.470493
  type: 'test'
  ...
# Subtest: quick-run score 50 retains base 0 with null
ok 463 - quick-run score 50 retains base 0 with null
  ---
  duration_ms: 17.238619
  type: 'test'
  ...
# Subtest: quick-run score 50 retains base 0 with star
ok 464 - quick-run score 50 retains base 0 with star
  ---
  duration_ms: 26.257938
  type: 'test'
  ...
# Subtest: quick-run score 70 retains base 0 with null
ok 465 - quick-run score 70 retains base 0 with null
  ---
  duration_ms: 61.1218
  type: 'test'
  ...
# Subtest: quick-run score 70 retains base 0 with star
ok 466 - quick-run score 70 retains base 0 with star
  ---
  duration_ms: 15.978042
  type: 'test'
  ...
# Subtest: quick-solo score 0 retains base 0 with null
ok 467 - quick-solo score 0 retains base 0 with null
  ---
  duration_ms: 15.224657
  type: 'test'
  ...
# Subtest: quick-solo score 0 retains base 0 with star
ok 468 - quick-solo score 0 retains base 0 with star
  ---
  duration_ms: 35.06349
  type: 'test'
  ...
# Subtest: quick-solo score 50 retains base 0 with null
ok 469 - quick-solo score 50 retains base 0 with null
  ---
  duration_ms: 14.992426
  type: 'test'
  ...
# Subtest: quick-solo score 50 retains base 0 with star
ok 470 - quick-solo score 50 retains base 0 with star
  ---
  duration_ms: 15.264717
  type: 'test'
  ...
# Subtest: quick-solo score 70 retains base 0 with null
ok 471 - quick-solo score 70 retains base 0 with null
  ---
  duration_ms: 58.356723
  type: 'test'
  ...
# Subtest: quick-solo score 70 retains base 0 with star
ok 472 - quick-solo score 70 retains base 0 with star
  ---
  duration_ms: 17.904006
  type: 'test'
  ...
# Subtest: game pass applies exactly ordinary score-50 care and 30 coins without starting a game
ok 473 - game pass applies exactly ordinary score-50 care and 30 coins without starting a game
  ---
  duration_ms: 16.169671
  type: 'test'
  ...
# Subtest: game pass preserves all real-play records, consumable reservations and Lucky stock
ok 474 - game pass preserves all real-play records, consumable reservations and Lucky stock
  ---
  duration_ms: 15.367662
  type: 'test'
  ...
# Subtest: egg menu reserves random new stock, hides the species and consumes once across reload
ok 475 - egg menu reserves random new stock, hides the species and consumes once across reload
  ---
  duration_ms: 344.713138
  type: 'test'
  ...
# Subtest: invalid or unavailable hatch reservation clears without spending; growing pets can reserve
ok 476 - invalid or unavailable hatch reservation clears without spending; growing pets can reserve
  ---
  duration_ms: 31.173505
  type: 'test'
  ...
# Subtest: duplicate stickers stay as copies and stop at the nine-copy cap
ok 477 - duplicate stickers stay as copies and stop at the nine-copy cap
  ---
  duration_ms: 30.829807
  type: 'test'
  ...
# Subtest: theme costs 60 and draws only chosen category with the secret gate; ordinary stays 30/3
ok 478 - theme costs 60 and draws only chosen category with the secret gate; ordinary stays 30/3
  ---
  duration_ms: 113.31411
  type: 'test'
  ...
# Subtest: legacy sticker counts and positions merge idempotently without replacing character history
ok 479 - legacy sticker counts and positions merge idempotently without replacing character history
  ---
  duration_ms: 14.856751
  type: 'test'
  ...
# Subtest: sticker catalog offers all current items while retaining other collection categories
ok 480 - sticker catalog offers all current items while retaining other collection categories
  ---
  duration_ms: 23.346633
  type: 'test'
  ...
# Subtest: duel host win: both reserve, purchases cannot spend stake, settlement/reload/replay is exact once
ok 481 - duel host win: both reserve, purchases cannot spend stake, settlement/reload/replay is exact once
  ---
  duration_ms: 99.84532
  type: 'test'
  ...
# Subtest: duel guest win: both reserve, purchases cannot spend stake, settlement/reload/replay is exact once
ok 482 - duel guest win: both reserve, purchases cannot spend stake, settlement/reload/replay is exact once
  ---
  duration_ms: 120.886998
  type: 'test'
  ...
# Subtest: duel draw: both reserve, purchases cannot spend stake, settlement/reload/replay is exact once
ok 483 - duel draw: both reserve, purchases cannot spend stake, settlement/reload/replay is exact once
  ---
  duration_ms: 79.188634
  type: 'test'
  ...
# Subtest: unpublished cancel refunds once; published abandonment forfeits and close/new life preserve stake
ok 484 - unpublished cancel refunds once; published abandonment forfeits and close/new life preserve stake
  ---
  duration_ms: 36.429161
  type: 'test'
  ...
# Subtest: old unfunded progress terminates without minting while completed old matches retain money/statistics
ok 485 - old unfunded progress terminates without minting while completed old matches retain money/statistics
  ---
  duration_ms: 26.977034
  type: 'test'
  ...
# Subtest: repeated hatch callback does not change an already committed newborn
ok 486 - repeated hatch callback does not change an already committed newborn
  ---
  duration_ms: 27.128475
  type: 'test'
  ...
# Subtest: result-only close and rematch handlers cannot discard a reserved match
ok 487 - result-only close and rematch handlers cannot discard a reserved match
  ---
  duration_ms: 25.385327
  type: 'test'
  ...
# Subtest: infinite snapshot reload and return preserve live duel rather than resurrecting an earlier settlement
ok 488 - infinite snapshot reload and return preserve live duel rather than resurrecting an earlier settlement
  ---
  duration_ms: 68.111381
  type: 'test'
  ...
# Subtest: duel spends available coins normally and still settles backed stakes
ok 489 - duel spends available coins normally and still settles backed stakes
  ---
  duration_ms: 45.484984
  type: 'test'
  ...
# Subtest: different match IDs, old-format and duplicate-question codes never reserve or settle
ok 490 - different match IDs, old-format and duplicate-question codes never reserve or settle
  ---
  duration_ms: 95.899059
  type: 'test'
  ...
# Subtest: real sticker menu buys the selected category and has no point-exchange controls
ok 491 - real sticker menu buys the selected category and has no point-exchange controls
  ---
  duration_ms: 62.882567
  type: 'test'
  ...
# Subtest: maxed stickers are excluded from pack draws
ok 492 - maxed stickers are excluded from pack draws
  ---
  duration_ms: 48.018093
  type: 'test'
  ...
# Subtest: host ID generation remains usable at a zero random draw
ok 493 - host ID generation remains usable at a zero random draw
  ---
  duration_ms: 13.409139
  type: 'test'
  ...
# Subtest: completed legacy duels reopen as results, without a new unsupported settlement code
ok 494 - completed legacy duels reopen as results, without a new unsupported settlement code
  ---
  duration_ms: 50.652786
  type: 'test'
  ...
# Subtest: real duel create, join, publish and import controls use the reserved transaction
ok 495 - real duel create, join, publish and import controls use the reserved transaction
  ---
  duration_ms: 80.376046
  type: 'test'
  ...
# Subtest: guest abandonment and full wipe cannot return a published stake
ok 496 - guest abandonment and full wipe cannot return a published stake
  ---
  duration_ms: 71.19501
  type: 'test'
  ...
# Subtest: age stage transition keeps its story and life log without coins
ok 497 - age stage transition keeps its story and life log without coins
  ---
  duration_ms: 137.17695
  type: 'test'
  ...
# Subtest: birthday 41 keeps growth, decline relief and celebration without coins
ok 498 - birthday 41 keeps growth, decline relief and celebration without coins
  ---
  duration_ms: 22.443622
  type: 'test'
  ...
# Subtest: birthday 50 keeps growth, decline relief and celebration without coins
ok 499 - birthday 50 keeps growth, decline relief and celebration without coins
  ---
  duration_ms: 22.926119
  type: 'test'
  ...
# Subtest: birthday 90 keeps growth, decline relief and celebration without coins
ok 500 - birthday 90 keeps growth, decline relief and celebration without coins
  ---
  duration_ms: 23.103166
  type: 'test'
  ...
# Subtest: midlife 44 preserves its noncoin effect and one-time record
ok 501 - midlife 44 preserves its noncoin effect and one-time record
  ---
  duration_ms: 33.903331
  type: 'test'
  ...
# Subtest: midlife 50 preserves its noncoin effect and one-time record
ok 502 - midlife 50 preserves its noncoin effect and one-time record
  ---
  duration_ms: 27.232242
  type: 'test'
  ...
# Subtest: midlife 56 preserves its noncoin effect and one-time record
ok 503 - midlife 56 preserves its noncoin effect and one-time record
  ---
  duration_ms: 49.447041
  type: 'test'
  ...
# Subtest: midlife 62 preserves its noncoin effect and one-time record
ok 504 - midlife 62 preserves its noncoin effect and one-time record
  ---
  duration_ms: 15.438939
  type: 'test'
  ...
# Subtest: midlife 66 preserves its noncoin effect and one-time record
ok 505 - midlife 66 preserves its noncoin effect and one-time record
  ---
  duration_ms: 32.147731
  type: 'test'
  ...
# Subtest: sodachi 30 keeps milestone record and eggs, without coins
ok 506 - sodachi 30 keeps milestone record and eggs, without coins
  ---
  duration_ms: 14.55094
  type: 'test'
  ...
# Subtest: sodachi 40 keeps milestone record and eggs, without coins
ok 507 - sodachi 40 keeps milestone record and eggs, without coins
  ---
  duration_ms: 13.561819
  type: 'test'
  ...
# Subtest: sodachi 50 keeps milestone record and eggs, without coins
ok 508 - sodachi 50 keeps milestone record and eggs, without coins
  ---
  duration_ms: 31.248778
  type: 'test'
  ...
# Subtest: sodachi 60 keeps milestone record and eggs, without coins
ok 509 - sodachi 60 keeps milestone record and eggs, without coins
  ---
  duration_ms: 13.506135
  type: 'test'
  ...
# Subtest: sodachi 70 keeps milestone record and eggs, without coins
ok 510 - sodachi 70 keeps milestone record and eggs, without coins
  ---
  duration_ms: 14.816851
  type: 'test'
  ...
# Subtest: sodachi 80 keeps milestone record and eggs, without coins
ok 511 - sodachi 80 keeps milestone record and eggs, without coins
  ---
  duration_ms: 46.967169
  type: 'test'
  ...
# Subtest: sodachi 90 keeps milestone record and eggs, without coins
ok 512 - sodachi 90 keeps milestone record and eggs, without coins
  ---
  duration_ms: 22.78055
  type: 'test'
  ...
# Subtest: sodachi 100 keeps milestone record and eggs, without coins
ok 513 - sodachi 100 keeps milestone record and eggs, without coins
  ---
  duration_ms: 13.163558
  type: 'test'
  ...
# Subtest: home former coin moment still appears and records without paying
ok 514 - home former coin moment still appears and records without paying
  ---
  duration_ms: 18.011378
  type: 'test'
  ...
# Subtest: desert former coin moment still appears and records without paying
ok 515 - desert former coin moment still appears and records without paying
  ---
  duration_ms: 14.915239
  type: 'test'
  ...
# Subtest: star_stop former coin moment still appears and records without paying
ok 516 - star_stop former coin moment still appears and records without paying
  ---
  duration_ms: 26.810967
  type: 'test'
  ...
# Subtest: environment callbacks ignore a latent money field while preserving noncoin effects
ok 517 - environment callbacks ignore a latent money field while preserving noncoin effects
  ---
  duration_ms: 15.475515
  type: 'test'
  ...
# Subtest: memory lake still recalls life memories and recovers happiness without coins
ok 518 - memory lake still recalls life memories and recovers happiness without coins
  ---
  duration_ms: 32.23113
  type: 'test'
  ...
# Subtest: sticker tasks record completion once without points or coins
ok 519 - sticker tasks record completion once without points or coins
  ---
  duration_ms: 23.213512
  type: 'test'
  ...
# Subtest: offline 10 minutes preserves recovery and memory without money
ok 520 - offline 10 minutes preserves recovery and memory without money
  ---
  duration_ms: 27.138831
  type: 'test'
  ...
# Subtest: offline 60 minutes preserves recovery and memory without money
ok 521 - offline 60 minutes preserves recovery and memory without money
  ---
  duration_ms: 22.080113
  type: 'test'
  ...
# Subtest: offline 600 minutes preserves recovery and memory without money
ok 522 - offline 600 minutes preserves recovery and memory without money
  ---
  duration_ms: 12.99865
  type: 'test'
  ...
# Subtest: eligible gate legend keeps discovery, life log and movie without any care or coin reward
ok 523 - eligible gate legend keeps discovery, life log and movie without any care or coin reward
  ---
  duration_ms: 16.012555
  type: 'test'
  ...
# Subtest: eligible stairs legend keeps discovery, life log and movie without any care or coin reward
ok 524 - eligible stairs legend keeps discovery, life log and movie without any care or coin reward
  ---
  duration_ms: 42.991894
  type: 'test'
  ...
# Subtest: eligible boss legend keeps discovery, life log and movie without any care or coin reward
ok 525 - eligible boss legend keeps discovery, life log and movie without any care or coin reward
  ---
  duration_ms: 30.340338
  type: 'test'
  ...
# Subtest: eligible lamp legend keeps discovery, life log and movie without any care or coin reward
ok 526 - eligible lamp legend keeps discovery, life log and movie without any care or coin reward
  ---
  duration_ms: 45.83432
  type: 'test'
  ...
# Subtest: eligible mirror legend keeps discovery, life log and movie without any care or coin reward
ok 527 - eligible mirror legend keeps discovery, life log and movie without any care or coin reward
  ---
  duration_ms: 32.718757
  type: 'test'
  ...
# Subtest: repeated legend trigger cannot create a second encounter in one life
ok 528 - repeated legend trigger cannot create a second encounter in one life
  ---
  duration_ms: 38.760915
  type: 'test'
  ...
# Subtest: gate legend movie has no payout beat or footer
ok 529 - gate legend movie has no payout beat or footer
  ---
  duration_ms: 35.769442
  type: 'test'
  ...
# Subtest: stairs legend movie has no payout beat or footer
ok 530 - stairs legend movie has no payout beat or footer
  ---
  duration_ms: 41.237001
  type: 'test'
  ...
# Subtest: boss legend movie has no payout beat or footer
ok 531 - boss legend movie has no payout beat or footer
  ---
  duration_ms: 16.149101
  type: 'test'
  ...
# Subtest: lamp legend movie has no payout beat or footer
ok 532 - lamp legend movie has no payout beat or footer
  ---
  duration_ms: 16.478036
  type: 'test'
  ...
# Subtest: mirror legend movie has no payout beat or footer
ok 533 - mirror legend movie has no payout beat or footer
  ---
  duration_ms: 25.606268
  type: 'test'
  ...
# Subtest: old claimed save retains balances, inventory and event claims across reload without repeat grants
ok 534 - old claimed save retains balances, inventory and event claims across reload without repeat grants
  ---
  duration_ms: 32.804795
  type: 'test'
  ...
# Subtest: environment guidance keeps care coefficients but removes obsolete game coin modifiers
ok 535 - environment guidance keeps care coefficients but removes obsolete game coin modifiers
  ---
  duration_ms: 28.074672
  type: 'test'
  ...
# Subtest: retirement refunds stock and tool ownership exactly once, never history or duplicate reservations
ok 536 - retirement refunds stock and tool ownership exactly once, never history or duplicate reservations
  ---
  duration_ms: 1.619332
  type: 'test'
  ...
# Subtest: legacy tool use counts as ownership only before the original item migration
ok 537 - legacy tool use counts as ownership only before the original item migration
  ---
  duration_ms: 0.611622
  type: 'test'
  ...
# Subtest: retirement preserves shared memories and cooldowns while removing fun-only records and sticker placements
ok 538 - retirement preserves shared memories and cooldowns while removing fun-only records and sticker placements
  ---
  duration_ms: 1.0213
  type: 'test'
  ...
# Subtest: retired items cannot be bought, granted, used or selected as stickers; equipment completion ignores stale ids
ok 539 - retired items cannot be bought, granted, used or selected as stickers; equipment completion ignores stale ids
  ---
  duration_ms: 118.271915
  type: 'test'
  ...
# Subtest: refund survives reload, new lives and infinite return without reviving old reservations
ok 540 - refund survives reload, new lives and infinite return without reviving old reservations
  ---
  duration_ms: 55.517842
  type: 'test'
  ...
# Subtest: great games retain coins and offline visits retain recovery without granting retired items
ok 541 - great games retain coins and offline visits retain recovery without granting retired items
  ---
  duration_ms: 24.576157
  type: 'test'
  ...
# Subtest: infinite snapshots and retired achievement metadata are cleared without extra compensation
ok 542 - infinite snapshots and retired achievement metadata are cleared without extra compensation
  ---
  duration_ms: 0.421636
  type: 'test'
  ...
# Subtest: dedicated reward inventory is retired and legacy reward stock is discarded
ok 543 - dedicated reward inventory is retired and legacy reward stock is discarded
  ---
  duration_ms: 128.637154
  type: 'test'
  ...
# Subtest: milestone eggs are granted once even after spending, without coins
ok 544 - milestone eggs are granted once even after spending, without coins
  ---
  duration_ms: 24.354733
  type: 'test'
  ...
# Subtest: ordinary completion pays thirty coins
ok 545 - ordinary completion pays thirty coins
  ---
  duration_ms: 26.783816
  type: 'test'
  ...
# Subtest: daily completion adds one Lucky inventory without a reservation
ok 546 - daily completion adds one Lucky inventory without a reservation
  ---
  duration_ms: 22.304602
  type: 'test'
  ...
# Subtest: invalid stock cannot be spent and normalization does not create wealth
ok 547 - invalid stock cannot be spent and normalization does not create wealth
  ---
  duration_ms: 47.529617
  type: 'test'
  ...
# Subtest: module validates transactions and persists structured memories without retired cooldown APIs
ok 548 - module validates transactions and persists structured memories without retired cooldown APIs
  ---
  duration_ms: 22.574189
  type: 'test'
  ...
# Subtest: normal equipment catalog contains only the final ten products
ok 549 - normal equipment catalog contains only the final ten products
  ---
  duration_ms: 32.469309
  type: 'test'
  ...
# Subtest: normal equipment poop1 has its final catalog price and shop price
ok 550 - normal equipment poop1 has its final catalog price and shop price
  ---
  duration_ms: 18.515679
  type: 'test'
  ...
# Subtest: normal equipment poop1 has its final catalog and shop description
ok 551 - normal equipment poop1 has its final catalog and shop description
  ---
  duration_ms: 16.477295
  type: 'test'
  ...
# Subtest: normal equipment sleepboost1 has its final catalog price and shop price
ok 552 - normal equipment sleepboost1 has its final catalog price and shop price
  ---
  duration_ms: 33.55839
  type: 'test'
  ...
# Subtest: normal equipment sleepboost1 has its final catalog and shop description
ok 553 - normal equipment sleepboost1 has its final catalog and shop description
  ---
  duration_ms: 16.325696
  type: 'test'
  ...
# Subtest: normal equipment bowtie has its final catalog price and shop price
ok 554 - normal equipment bowtie has its final catalog price and shop price
  ---
  duration_ms: 67.332566
  type: 'test'
  ...
# Subtest: normal equipment bowtie has its final catalog and shop description
ok 555 - normal equipment bowtie has its final catalog and shop description
  ---
  duration_ms: 17.743084
  type: 'test'
  ...
# Subtest: normal equipment ribbon has its final catalog price and shop price
ok 556 - normal equipment ribbon has its final catalog price and shop price
  ---
  duration_ms: 16.16261
  type: 'test'
  ...
# Subtest: normal equipment ribbon has its final catalog and shop description
ok 557 - normal equipment ribbon has its final catalog and shop description
  ---
  duration_ms: 16.038213
  type: 'test'
  ...
# Subtest: normal equipment scarf has its final catalog price and shop price
ok 558 - normal equipment scarf has its final catalog price and shop price
  ---
  duration_ms: 24.406991
  type: 'test'
  ...
# Subtest: normal equipment scarf has its final catalog and shop description
ok 559 - normal equipment scarf has its final catalog and shop description
  ---
  duration_ms: 16.975697
  type: 'test'
  ...
# Subtest: normal equipment travel1 has its final catalog price and shop price
ok 560 - normal equipment travel1 has its final catalog price and shop price
  ---
  duration_ms: 29.162943
  type: 'test'
  ...
# Subtest: normal equipment travel1 has its final catalog and shop description
ok 561 - normal equipment travel1 has its final catalog and shop description
  ---
  duration_ms: 17.016608
  type: 'test'
  ...
# Subtest: normal equipment partner1 has its final catalog price and shop price
ok 562 - normal equipment partner1 has its final catalog price and shop price
  ---
  duration_ms: 17.505565
  type: 'test'
  ...
# Subtest: normal equipment partner1 has its final catalog and shop description
ok 563 - normal equipment partner1 has its final catalog and shop description
  ---
  duration_ms: 36.293274
  type: 'test'
  ...
# Subtest: normal equipment bond1 has its final catalog price and shop price
ok 564 - normal equipment bond1 has its final catalog price and shop price
  ---
  duration_ms: 27.717254
  type: 'test'
  ...
# Subtest: normal equipment bond1 has its final catalog and shop description
ok 565 - normal equipment bond1 has its final catalog and shop description
  ---
  duration_ms: 18.991215
  type: 'test'
  ...
# Subtest: normal equipment gamepass1 has its final catalog price and shop price
ok 566 - normal equipment gamepass1 has its final catalog price and shop price
  ---
  duration_ms: 26.676754
  type: 'test'
  ...
# Subtest: normal equipment gamepass1 has its final catalog and shop description
ok 567 - normal equipment gamepass1 has its final catalog and shop description
  ---
  duration_ms: 20.665981
  type: 'test'
  ...
# Subtest: normal equipment star has its final catalog price and shop price
ok 568 - normal equipment star has its final catalog price and shop price
  ---
  duration_ms: 40.855985
  type: 'test'
  ...
# Subtest: normal equipment star has its final catalog and shop description
ok 569 - normal equipment star has its final catalog and shop description
  ---
  duration_ms: 16.877479
  type: 'test'
  ...
# Subtest: normal equipment V2 retains all nine continuing IDs with no price difference charged
ok 570 - normal equipment V2 retains all nine continuing IDs with no price difference charged
  ---
  duration_ms: 183.419516
  type: 'test'
  ...
# Subtest: backpack removes travel hunger and energy costs but does not prevent fatigue
ok 571 - backpack removes travel hunger and energy costs but does not prevent fatigue
  ---
  duration_ms: 112.909279
  type: 'test'
  ...
# Subtest: retired lantern UI and stale clicks never create light scenes or cooldowns
ok 572 - retired lantern UI and stale clicks never create light scenes or cooldowns
  ---
  duration_ms: 22.813829
  type: 'test'
  ...
# Subtest: legacy light data is ignored safely: [{"key":"lantern:1","event":"lantern","text":"old light"}]
ok 573 - legacy light data is ignored safely: [{"key":"lantern:1","event":"lantern","text":"old light"}]
  ---
  duration_ms: 40.978119
  type: 'test'
  ...
# Subtest: legacy light data is ignored safely: null
ok 574 - legacy light data is ignored safely: null
  ---
  duration_ms: 32.082786
  type: 'test'
  ...
# Subtest: legacy light data is ignored safely: "broken"
ok 575 - legacy light data is ignored safely: "broken"
  ---
  duration_ms: 67.927173
  type: 'test'
  ...
# Subtest: equipment reactions only occur for actual eligible care and active protection
ok 576 - equipment reactions only occur for actual eligible care and active protection
  ---
  duration_ms: 21.201879
  type: 'test'
  ...
# Subtest: guest origin persists across appearance, reload and codes but differs for a new life
ok 577 - guest origin persists across appearance, reload and codes but differs for a new life
  ---
  duration_ms: 66.572881
  type: 'test'
  ...
# Subtest: court letters capture the real new partner and survive form changes and a new life
ok 578 - court letters capture the real new partner and survive form changes and a new life
  ---
  duration_ms: 61.394896
  type: 'test'
  ...
# Subtest: danger-triggered ribbon recovery delivers readable feedback in both motion modes
ok 579 - danger-triggered ribbon recovery delivers readable feedback in both motion modes
  ---
  duration_ms: 38.13425
  type: 'test'
  ...
# Subtest: retired flowers leave court dialogue and care feedback without bonus reactions
ok 580 - retired flowers leave court dialogue and care feedback without bonus reactions
  ---
  duration_ms: 181.415833
  type: 'test'
  ...
# Subtest: ineligible ribbon ticks and mismatched court do not claim equipment effects
ok 581 - ineligible ribbon ticks and mismatched court do not claim equipment effects
  ---
  duration_ms: 16.489423
  type: 'test'
  ...
# Subtest: V2 equipment feedback waits for an existing conversation and never replaces critical care
ok 582 - V2 equipment feedback waits for an existing conversation and never replaces critical care
  ---
  duration_ms: 17.670094
  type: 'test'
  ...
# Subtest: a pending equipment line does not follow a reset into another life
ok 583 - a pending equipment line does not follow a reset into another life
  ---
  duration_ms: 24.129864
  type: 'test'
  ...
# Subtest: game pass clears daily and companion context without completing either, including the next real game
ok 584 - game pass clears daily and companion context without completing either, including the next real game
  ---
  duration_ms: 24.245018
  type: 'test'
  ...
# Subtest: V2 paper clears every poop at the danger threshold without manual-care credit
ok 585 - V2 paper clears every poop at the danger threshold without manual-care credit
  ---
  duration_ms: 117.303985
  type: 'test'
  ...
# Subtest: V2 pillow makes sleep an immediate full-energy action
ok 586 - V2 pillow makes sleep an immediate full-energy action
  ---
  duration_ms: 48.562764
  type: 'test'
  ...
# Subtest: V2 bowtie automatically fills hunger when the normal danger band is reached
ok 587 - V2 bowtie automatically fills hunger when the normal danger band is reached
  ---
  duration_ms: 16.359808
  type: 'test'
  ...
# Subtest: V2 ribbon automatically fills happiness when the normal danger band is reached
ok 588 - V2 ribbon automatically fills happiness when the normal danger band is reached
  ---
  duration_ms: 35.380899
  type: 'test'
  ...
# Subtest: V2 disease equipment automatically cures sickness without pretending it was a manual medicine tap
ok 589 - V2 disease equipment automatically cures sickness without pretending it was a manual medicine tap
  ---
  duration_ms: 20.630487
  type: 'test'
  ...
# Subtest: V2 automation equipment no longer keeps the old passive percentage reductions
ok 590 - V2 automation equipment no longer keeps the old passive percentage reductions
  ---
  duration_ms: 137.540058
  type: 'test'
  ...
# Subtest: retired dedicated reward inventory has no production UI or runtime path
ok 591 - retired dedicated reward inventory has no production UI or runtime path
  ---
  duration_ms: 12.426867
  type: 'test'
  ...
# Subtest: V2 backpack makes ordinary travel cost zero hunger and zero energy while fatigue still applies
ok 592 - V2 backpack makes ordinary travel cost zero hunger and zero energy while fatigue still applies
  ---
  duration_ms: 117.664288
  type: 'test'
  ...
# Subtest: V2 star badge triples only the ordinary minigame success coin payout
ok 593 - V2 star badge triples only the ordinary minigame success coin payout
  ---
  duration_ms: 60.915303
  type: 'test'
  ...
# Subtest: V2 love letter restores partner affection to max at the danger threshold
ok 594 - V2 love letter restores partner affection to max at the danger threshold
  ---
  duration_ms: 25.463363
  type: 'test'
  ...
# Subtest: V2 friend badge restores companion bond to max at the danger threshold
ok 595 - V2 friend badge restores companion bond to max at the danger threshold
  ---
  duration_ms: 15.685291
  type: 'test'
  ...
# Subtest: retired star and reunion state is discarded without changing companion records
ok 596 - retired star and reunion state is discarded without changing companion records
  ---
  duration_ms: 15.871142
  type: 'test'
  ...
# Subtest: friend badge no longer offers a reunion game or retired lantern actions
ok 597 - friend badge no longer offers a reunion game or retired lantern actions
  ---
  duration_ms: 35.050691
  type: 'test'
  ...
# Subtest: social equipment preserves ordinary decay and does not automate relationship decisions or award records
ok 598 - social equipment preserves ordinary decay and does not automate relationship decisions or award records
  ---
  duration_ms: 113.490245
  type: 'test'
  ...
# Subtest: star badge triples great-result coins and leaves failed-result at zero
ok 599 - star badge triples great-result coins and leaves failed-result at zero
  ---
  duration_ms: 138.152602
  type: 'test'
  ...
# Subtest: retired energy1 does not soften ordinary care decay
ok 600 - retired energy1 does not soften ordinary care decay
  ---
  duration_ms: 83.204461
  type: 'test'
  ...
# Subtest: retired crown does not soften ordinary care decay
ok 601 - retired crown does not soften ordinary care decay
  ---
  duration_ms: 52.716738
  type: 'test'
  ...
# Subtest: life card and received life code show the recorded woman, not a system emoji
ok 602 - life card and received life code show the recorded woman, not a system emoji
  ---
  duration_ms: 115.906417
  type: 'test'
  ...
# Subtest: overlapping stage names and chosen infinite forms retain their recorded portraits
ok 603 - overlapping stage names and chosen infinite forms retain their recorded portraits
  ---
  duration_ms: 41.395187
  type: 'test'
  ...
# Subtest: leaving current location restores the home-region label after presentation caching
ok 604 - leaving current location restores the home-region label after presentation caching
  ---
  duration_ms: 39.021418
  type: 'test'
  ...
# Subtest: legacy life timeline resolves stage labels and keeps unrelated log strings escaped
ok 605 - legacy life timeline resolves stage labels and keeps unrelated log strings escaped
  ---
  duration_ms: 43.047018
  type: 'test'
  ...
# life-stage profiles: ok
# Subtest: tests/life-stage-profiles-test.cjs
ok 40 - tests/life-stage-profiles-test.cjs
  ---
  duration_ms: 48.228521
  type: 'test'
  ...
# Subtest: static script exposes the locality resolver on window
ok 607 - static script exposes the locality resolver on window
  ---
  duration_ms: 2.500099
  type: 'test'
  ...
# Subtest: known municipalities resolve to their curated scenery profiles
ok 608 - known municipalities resolve to their curated scenery profiles
  ---
  duration_ms: 0.987689
  type: 'test'
  ...
# Subtest: prefecture-aware matching does not confuse same-named wards or conflicting cities
ok 609 - prefecture-aware matching does not confuse same-named wards or conflicting cities
  ---
  duration_ms: 0.249055
  type: 'test'
  ...
# Subtest: explicit Osaka city wards are metropolitan without capturing other cities or bare wards
ok 610 - explicit Osaka city wards are metropolitan without capturing other cities or bare wards
  ---
  duration_ms: 0.166781
  type: 'test'
  ...
# Subtest: unknown municipalities use a general town image without claiming local geography
ok 611 - unknown municipalities use a general town image without claiming local geography
  ---
  duration_ms: 0.322756
  type: 'test'
  ...
# Subtest: sanitizeLocality rejects malformed values and removes unapproved saved fields
ok 612 - sanitizeLocality rejects malformed values and removes unapproved saved fields
  ---
  duration_ms: 0.210928
  type: 'test'
  ...
# Subtest: reload restores saved municipal scenery without requesting GPS
ok 613 - reload restores saved municipal scenery without requesting GPS
  ---
  duration_ms: 119.265082
  type: 'test'
  ...
# Subtest: unknown saved municipalities describe the neutral generated town image
ok 614 - unknown saved municipalities describe the neutral generated town image
  ---
  duration_ms: 20.626331
  type: 'test'
  ...
# Subtest: malformed saved locality is discarded and cannot activate current-location scenery
ok 615 - malformed saved locality is discarded and cannot activate current-location scenery
  ---
  duration_ms: 24.391858
  type: 'test'
  ...
# Subtest: a successful selection saves only display-safe locality fields
ok 616 - a successful selection saves only display-safe locality fields
  ---
  duration_ms: 41.063417
  type: 'test'
  ...
# Subtest: failed refresh keeps saved scenery selected and a later explicit retry can replace it
ok 617 - failed refresh keeps saved scenery selected and a later explicit retry can replace it
  ---
  duration_ms: 28.480114
  type: 'test'
  ...
# Subtest: an observed municipality is offered for selection when another region remains displayed
ok 618 - an observed municipality is offered for selection when another region remains displayed
  ---
  duration_ms: 42.021894
  type: 'test'
  ...
# Subtest: an invalid live municipality falls back to the sanitized saved selection
ok 619 - an invalid live municipality falls back to the sanitized saved selection
  ---
  duration_ms: 21.446188
  type: 'test'
  ...
# Subtest: manual refresh of a selected locality persists and reloads the new municipality
ok 620 - manual refresh of a selected locality persists and reloads the new municipality
  ---
  duration_ms: 54.505295
  type: 'test'
  ...
# Subtest: a canceled manual refresh cannot replace or render over the selected locality
ok 621 - a canceled manual refresh cannot replace or render over the selected locality
  ---
  duration_ms: 18.226934
  type: 'test'
  ...
# Subtest: explicit home selection clears only the current-location presentation
ok 622 - explicit home selection clears only the current-location presentation
  ---
  duration_ms: 18.709281
  type: 'test'
  ...
# Subtest: pending current-location selection cannot override a later travel choice
ok 623 - pending current-location selection cannot override a later travel choice
  ---
  duration_ms: 38.500773
  type: 'test'
  ...
# Subtest: Lucky catalog and shop offer 300 coin immediate roulette
ok 624 - Lucky catalog and shop offer 300 coin immediate roulette
  ---
  duration_ms: 166.811355
  type: 'test'
  ...
# Subtest: roulette draw 0 immediately pays 10
ok 625 - roulette draw 0 immediately pays 10
  ---
  duration_ms: 19.692484
  type: 'test'
  ...
# Subtest: roulette draw 0.14999999999999977 immediately pays 10
ok 626 - roulette draw 0.14999999999999977 immediately pays 10
  ---
  duration_ms: 27.278401
  type: 'test'
  ...
# Subtest: roulette draw 0.15 immediately pays 20
ok 627 - roulette draw 0.15 immediately pays 20
  ---
  duration_ms: 25.864339
  type: 'test'
  ...
# Subtest: roulette draw 0.34999999999999976 immediately pays 20
ok 628 - roulette draw 0.34999999999999976 immediately pays 20
  ---
  duration_ms: 17.562201
  type: 'test'
  ...
# Subtest: roulette draw 0.35 immediately pays 50
ok 629 - roulette draw 0.35 immediately pays 50
  ---
  duration_ms: 19.709518
  type: 'test'
  ...
# Subtest: roulette draw 0.5999999999999998 immediately pays 50
ok 630 - roulette draw 0.5999999999999998 immediately pays 50
  ---
  duration_ms: 32.638454
  type: 'test'
  ...
# Subtest: roulette draw 0.6 immediately pays 100
ok 631 - roulette draw 0.6 immediately pays 100
  ---
  duration_ms: 43.061199
  type: 'test'
  ...
# Subtest: roulette draw 0.7999999999999998 immediately pays 100
ok 632 - roulette draw 0.7999999999999998 immediately pays 100
  ---
  duration_ms: 16.670947
  type: 'test'
  ...
# Subtest: roulette draw 0.8 immediately pays 500
ok 633 - roulette draw 0.8 immediately pays 500
  ---
  duration_ms: 15.303444
  type: 'test'
  ...
# Subtest: roulette draw 0.9199999999999998 immediately pays 500
ok 634 - roulette draw 0.9199999999999998 immediately pays 500
  ---
  duration_ms: 26.515672
  type: 'test'
  ...
# Subtest: roulette draw 0.92 immediately pays 1000
ok 635 - roulette draw 0.92 immediately pays 1000
  ---
  duration_ms: 16.061548
  type: 'test'
  ...
# Subtest: roulette draw 0.9899999999999998 immediately pays 1000
ok 636 - roulette draw 0.9899999999999998 immediately pays 1000
  ---
  duration_ms: 16.146175
  type: 'test'
  ...
# Subtest: roulette draw 0.99 immediately pays 10000
ok 637 - roulette draw 0.99 immediately pays 10000
  ---
  duration_ms: 41.401507
  type: 'test'
  ...
# Subtest: roulette draw 0.9999999999999998 immediately pays 10000
ok 638 - roulette draw 0.9999999999999998 immediately pays 10000
  ---
  duration_ms: 16.816667
  type: 'test'
  ...
# Subtest: roulette independent of equipment null
ok 639 - roulette independent of equipment null
  ---
  duration_ms: 14.24546
  type: 'test'
  ...
# Subtest: roulette independent of equipment poop1
ok 640 - roulette independent of equipment poop1
  ---
  duration_ms: 17.015357
  type: 'test'
  ...
# Subtest: roulette independent of equipment sleepboost1
ok 641 - roulette independent of equipment sleepboost1
  ---
  duration_ms: 23.003656
  type: 'test'
  ...
# Subtest: roulette independent of equipment bowtie
ok 642 - roulette independent of equipment bowtie
  ---
  duration_ms: 18.479234
  type: 'test'
  ...
# Subtest: roulette independent of equipment ribbon
ok 643 - roulette independent of equipment ribbon
  ---
  duration_ms: 33.136766
  type: 'test'
  ...
# Subtest: roulette independent of equipment scarf
ok 644 - roulette independent of equipment scarf
  ---
  duration_ms: 16.111534
  type: 'test'
  ...
# Subtest: roulette independent of equipment travel1
ok 645 - roulette independent of equipment travel1
  ---
  duration_ms: 24.251157
  type: 'test'
  ...
# Subtest: roulette independent of equipment partner1
ok 646 - roulette independent of equipment partner1
  ---
  duration_ms: 15.188021
  type: 'test'
  ...
# Subtest: roulette independent of equipment bond1
ok 647 - roulette independent of equipment bond1
  ---
  duration_ms: 15.336745
  type: 'test'
  ...
# Subtest: roulette independent of equipment gamepass1
ok 648 - roulette independent of equipment gamepass1
  ---
  duration_ms: 23.174744
  type: 'test'
  ...
# Subtest: roulette independent of equipment star
ok 649 - roulette independent of equipment star
  ---
  duration_ms: 20.676617
  type: 'test'
  ...
# Subtest: legacy reservation migration false,false is once across reload reset infinite return
ok 650 - legacy reservation migration false,false is once across reload reset infinite return
  ---
  duration_ms: 95.611627
  type: 'test'
  ...
# Subtest: legacy reservation migration true,false is once across reload reset infinite return
ok 651 - legacy reservation migration true,false is once across reload reset infinite return
  ---
  duration_ms: 72.443903
  type: 'test'
  ...
# Subtest: legacy reservation migration false,true is once across reload reset infinite return
ok 652 - legacy reservation migration false,true is once across reload reset infinite return
  ---
  duration_ms: 71.665329
  type: 'test'
  ...
# Subtest: legacy reservation migration true,true is once across reload reset infinite return
ok 653 - legacy reservation migration true,true is once across reload reset infinite return
  ---
  duration_ms: 98.16053
  type: 'test'
  ...
# Subtest: ordinary result 0 never spends Lucky stock or boosts reward
ok 654 - ordinary result 0 never spends Lucky stock or boosts reward
  ---
  duration_ms: 67.665238
  type: 'test'
  ...
# Subtest: ordinary result 50 never spends Lucky stock or boosts reward
ok 655 - ordinary result 50 never spends Lucky stock or boosts reward
  ---
  duration_ms: 34.780123
  type: 'test'
  ...
# Subtest: ordinary result 95 never spends Lucky stock or boosts reward
ok 656 - ordinary result 95 never spends Lucky stock or boosts reward
  ---
  duration_ms: 92.672204
  type: 'test'
  ...
# Subtest: runtime has no Lucky reservation or doubled-reward code
ok 657 - runtime has no Lucky reservation or doubled-reward code
  ---
  duration_ms: 17.565305
  type: 'test'
  ...
# Subtest: Quick mixed never spends stock or changes Lucky payout
ok 658 - Quick mixed never spends stock or changes Lucky payout
  ---
  duration_ms: 18.281195
  type: 'test'
  ...
# Subtest: Quick knock never spends stock or changes Lucky payout
ok 659 - Quick knock never spends stock or changes Lucky payout
  ---
  duration_ms: 25.948786
  type: 'test'
  ...
# Subtest: Quick tickle never spends stock or changes Lucky payout
ok 660 - Quick tickle never spends stock or changes Lucky payout
  ---
  duration_ms: 16.998962
  type: 'test'
  ...
# Subtest: duel settlement and Lucky payout are independent
ok 661 - duel settlement and Lucky payout are independent
  ---
  duration_ms: 43.924901
  type: 'test'
  ...
# Subtest: spent reservation recovery never reappears after save and return
ok 662 - spent reservation recovery never reappears after save and return
  ---
  duration_ms: 69.095165
  type: 'test'
  ...
# (node:2694) [MODULE_TYPELESS_PACKAGE_JSON] Warning: Module type of file:///home/runner/work/naotocchi/naotocchi/vendor/three-0.170.0/three.module.min.js is not specified and it doesn't parse as CommonJS.
# Reparsing as ES module because module syntax was detected. This incurs a performance overhead.
# To eliminate this warning, add "type": "module" to /home/runner/work/naotocchi/naotocchi/package.json.
# (Use `node --trace-warnings ...` to show where the warning was created)
# Subtest: AD-1. scene dressing の 契約: 3D だけ・あたり なし・ふんで とおれる・群生(2〜8)・道 / spot / かたい 物 / 水 には おかない
ok 663 - AD-1. scene dressing の 契約: 3D だけ・あたり なし・ふんで とおれる・群生(2〜8)・道 / spot / かたい 物 / 水 には おかない
  ---
  duration_ms: 11739.223801
  type: 'test'
  ...
# Subtest: AD-2. 配置は「空いた ところに 均一に 置く」では なく 群生 + 意図した 余白: 道ばたの 帯(roadside)と ます目(grid)の 両方・余白が ある
ok 664 - AD-2. 配置は「空いた ところに 均一に 置く」では なく 群生 + 意図した 余白: 道ばたの 帯(roadside)と ます目(grid)の 両方・余白が ある
  ---
  duration_ms: 1.319079
  type: 'test'
  ...
# Subtest: AD-3. remove-it: 2D の world と corridor には dressing が ない(3D だけ)。cover を 外した profile では 群生 0
ok 665 - AD-3. remove-it: 2D の world と corridor には dressing が ない(3D だけ)。cover を 外した profile では 群生 0
  ---
  duration_ms: 641.743591
  type: 'test'
  ...
# Subtest: AD-4. 花は 地域に あった いろ・場所: home / forest / jungle / countryside に 花の 群生、しんかい / ゆき には 花 なし、さばくは オアシスの まわり だけ
ok 666 - AD-4. 花は 地域に あった いろ・場所: home / forest / jungle / countryside に 花の 群生、しんかい / ゆき には 花 なし、さばくは オアシスの まわり だけ
  ---
  duration_ms: 1.248553
  type: 'test'
  ...
# Subtest: AD-5. Tree v3: 針葉樹 4〜5 段(明暗・下ほど ひろい)、広葉樹は かたまり 2〜5(明 / 中 / 暗)、ヤシは は 5〜8(はばは 長さに 比例)
ok 667 - AD-5. Tree v3: 針葉樹 4〜5 段(明暗・下ほど ひろい)、広葉樹は かたまり 2〜5(明 / 中 / 暗)、ヤシは は 5〜8(はばは 長さに 比例)
  ---
  duration_ms: 1.895288
  type: 'test'
  ...
# Subtest: AD-6. gate: もり と ジャングルは 1 まいの 絵で 見わけが つく(葉の palette・きりの いろ・ジャングル だけ 大きな は / つる / 根もとの 下草 / lowPoly)
ok 668 - AD-6. gate: もり と ジャングルは 1 まいの 絵で 見わけが つく(葉の palette・きりの いろ・ジャングル だけ 大きな は / つる / 根もとの 下草 / lowPoly)
  ---
  duration_ms: 1.833796
  type: 'test'
  ...
# Subtest: AD-7. Building v4: family ごとの かたまり・屋根の かたち(切妻 / 寄棟 / 平ら)・のき・土台・入口 と まど・かたまりの 足し(ポーチ / 出窓 / 縁側 / はなれ / ベランダ / 煙突 / ひさし)・シルエット 高さ / はば ≤ 1.5
ok 669 - AD-7. Building v4: family ごとの かたまり・屋根の かたち(切妻 / 寄棟 / 平ら)・のき・土台・入口 と まど・かたまりの 足し(ポーチ / 出窓 / 縁側 / はなれ / ベランダ / 煙突 / ひさし)・シルエット 高さ / はば ≤ 1.5
  ---
  duration_ms: 9.459975
  type: 'test'
  ...
# Subtest: AD-8. city scene: 低層 / 中層 / 高層の まざり・灰 だけで ない いろ・みせ(ガラス + ひさし + 看板 + たて看板)・路地の かべも 正面を もつ・高さは 床の 5.5 倍まで
ok 670 - AD-8. city scene: 低層 / 中層 / 高層の まざり・灰 だけで ない いろ・みせ(ガラス + ひさし + 看板 + たて看板)・路地の かべも 正面を もつ・高さは 床の 5.5 倍まで
  ---
  duration_ms: 11.658931
  type: 'test'
  ...
# Subtest: AD-9. city の 小物: 自転車・自販機は 3D の かたち(unresolved なし)。街路樹・信号・横断歩道・電柱は そのまま
ok 671 - AD-9. city の 小物: 自転車・自販機は 3D の かたち(unresolved なし)。街路樹・信号・横断歩道・電柱は そのまま
  ---
  duration_ms: 0.922611
  type: 'test'
  ...
# Subtest: AD-10. いけがき は 箱では なく まるい しげみの れつ(あたりの 箱の なか・あたまより 下)
ok 672 - AD-10. いけがき は 箱では なく まるい しげみの れつ(あたりの 箱の なか・あたまより 下)
  ---
  duration_ms: 0.633566
  type: 'test'
  ...
# Subtest: AD-11. 水の 統合: 川は なめらかに 曲がり はばが ゆれる(riverCurve・pure)。見た目の 水は あたりの 帯の 内がわ。川岸に 石 / あし / 草 / 花の 帯
ok 673 - AD-11. 水の 統合: 川は なめらかに 曲がり はばが ゆれる(riverCurve・pure)。見た目の 水は あたりの 帯の 内がわ。川岸に 石 / あし / 草 / 花の 帯
  ---
  duration_ms: 51.227039
  type: 'test'
  ...
# Subtest: AD-12. Bridge v4: 交わりに かかる(ながさ ≥ 水の はば)・床の 上面は 水面より 上・床より 下から ささえる 橋脚 / 橋台・種類で かたちが ちがう
ok 674 - AD-12. Bridge v4: 交わりに かかる(ながさ ≥ 水の はば)・床の 上面は 水面より 上・床より 下から ささえる 橋脚 / 橋台・種類で かたちが ちがう
  ---
  duration_ms: 1.072548
  type: 'test'
  ...
# Subtest: AD-13. さばくの サボテンは 大きく 4 種(柱・枝分かれ・まる・むれ)。オアシスの まわりは 花 で 対比
ok 675 - AD-13. さばくの サボテンは 大きく 4 種(柱・枝分かれ・まる・むれ)。オアシスの まわりは 花 で 対比
  ---
  duration_ms: 0.448246
  type: 'test'
  ...
# Subtest: AD-14. 光: 明るい fill と 方向光で 面を 分ける・岩 / がけの 明るさ と 地域 palette を 保つ
ok 676 - AD-14. 光: 明るい fill と 方向光で 面を 分ける・岩 / がけの 明るさ と 地域 palette を 保つ
  ---
  duration_ms: 0.296508
  type: 'test'
  ...
# Subtest: AD-15. 箱庭の 比率: ビルは 床の 5.5 倍まで、大木の 幹は あたりより ほそい、花 / しげみ / 街の 小物は 見える 大きさ、まど / 入口は 家に 対して 小さい
ok 677 - AD-15. 箱庭の 比率: ビルは 床の 5.5 倍まで、大木の 幹は あたりより ほそい、花 / しげみ / 街の 小物は 見える 大きさ、まど / 入口は 家に 対して 小さい
  ---
  duration_ms: 1.903861
  type: 'test'
  ...
# Subtest: AD-16. density gate: 代表 spot(各地域 最初の ひろば)から 前景(〜250)/ 中景(250〜700)/ 遠景(700〜1800)の それぞれに 意味の ある 物が 1 つ いじょう。道の 方向は 読める(道の 上に 物 なし)
ok 678 - AD-16. density gate: 代表 spot(各地域 最初の ひろば)から 前景(〜250)/ 中景(250〜700)/ 遠景(700〜1800)の それぞれに 意味の ある 物が 1 つ いじょう。道の 方向は 読める(道の 上に 物 なし)
  ---
  duration_ms: 83.650495
  type: 'test'
  ...
# Subtest: AD-17. Human QA gate の 記録: 13 地域 × 7 条件(ひと目で 地域・さびしく ない・箱っぽく ない・いろ・歩きたい・見どころ・前景 / 中景 / 遠景)が status doc に ある。main merge / Ready は しない
ok 679 - AD-17. Human QA gate の 記録: 13 地域 × 7 条件(ひと目で 地域・さびしく ない・箱っぽく ない・いろ・歩きたい・見どころ・前景 / 中景 / 遠景)が status doc に ある。main merge / Ready は しない
  ---
  duration_ms: 0.638393
  type: 'test'
  ...
# Subtest: AD-18. 原則だけ: Nintendo / どうぶつの森 固有の 名まえ・asset・模様は code にも doc にも 出てこない
ok 680 - AD-18. 原則だけ: Nintendo / どうぶつの森 固有の 名まえ・asset・模様は code にも doc にも 出てこない
  ---
  duration_ms: 3.300487
  type: 'test'
  ...
# (node:2701) [MODULE_TYPELESS_PACKAGE_JSON] Warning: Module type of file:///home/runner/work/naotocchi/naotocchi/vendor/three-0.170.0/three.module.min.js is not specified and it doesn't parse as CommonJS.
# Reparsing as ES module because module syntax was detected. This incurs a performance overhead.
# To eliminate this warning, add "type": "module" to /home/runner/work/naotocchi/naotocchi/package.json.
# (Use `node --trace-warnings ...` to show where the warning was created)
# Subtest: v2-1. player の 絵は きりで 消えない: キャラの material は fog なし・frustum culling なし・きりの 遠端は player + 900 より 遠く
ok 681 - v2-1. player の 絵は きりで 消えない: キャラの material は fog なし・frustum culling なし・きりの 遠端は player + 900 より 遠く
  ---
  duration_ms: 1.209494
  type: 'test'
  ...
# Subtest: v2-2. billboardVisible: 座標に いる のに 描かれない 状態(hidden / scale NaN / texture なし / きりの むこう)を 1 つの 判定で 見つける
ok 682 - v2-2. billboardVisible: 座標に いる のに 描かれない 状態(hidden / scale NaN / texture なし / きりの むこう)を 1 つの 判定で 見つける
  ---
  duration_ms: 41.720197
  type: 'test'
  ...
# Subtest: v2-3. すかしは 見た目の 半径(えだはり)で 判定し、線分より 低い 物は すかさない。あたりの 半径 だけの 旧 判定も そのまま 通る
ok 683 - v2-3. すかしは 見た目の 半径(えだはり)で 判定し、線分より 低い 物は すかさない。あたりの 半径 だけの 旧 判定も そのまま 通る
  ---
  duration_ms: 0.581737
  type: 'test'
  ...
# Subtest: v2-4. ghost pool の 契約: 使った ものだけ visible、使わなかった ものは その frame で hidden、1 frame 使わなければ scene から はずす、pool は つかいまわす
ok 684 - v2-4. ghost pool の 契約: 使った ものだけ visible、使わなかった ものは その frame で hidden、1 frame 使わなければ scene から はずす、pool は つかいまわす
  ---
  duration_ms: 1.434003
  type: 'test'
  ...
# Subtest: v2-5. レンダラーの 切りかえで ghost が のこらない: scene の 捨て(地域 / corridor)・3D → 2D(fallback / 2D の 地域)で clear、stats に ghost と player
ok 685 - v2-5. レンダラーの 切りかえで ghost が のこらない: scene の 捨て(地域 / corridor)・3D → 2D(fallback / 2D の 地域)で clear、stats に ghost と player
  ---
  duration_ms: 0.459853
  type: 'test'
  ...
# Subtest: v2-6. corridor(地域の あいだの 道)は 3D で 描く: 10 本 × 2 方向 ぜんぶ 3D の 対象。飾りは ぜんぶ 意味の 表で 解決し(unresolved 0)、はしの いし だけ かたい
ok 686 - v2-6. corridor(地域の あいだの 道)は 3D で 描く: 10 本 × 2 方向 ぜんぶ 3D の 対象。飾りは ぜんぶ 意味の 表で 解決し(unresolved 0)、はしの いし だけ かたい
  ---
  duration_ms: 144.907837
  type: 'test'
  ...
# Subtest: v2-7. corridor の gameplay は かわらない: 帯の 左右と はしの いし の あたり、着く / もどる、party の 受けわたし、セーブ なし
ok 687 - v2-7. corridor の gameplay は かわらない: 帯の 左右と はしの いし の あたり、着く / もどる、party の 受けわたし、セーブ なし
  ---
  duration_ms: 108.959282
  type: 'test'
  ...
# Subtest: v2-8. しらせ: ふつうの spot と 地区は toast なし、ランドマークは quiet(左上の 静かな 強調)、ひみつ だけ toast。きろくは かわらない
ok 688 - v2-8. しらせ: ふつうの spot と 地区は toast なし、ランドマークは quiet(左上の 静かな 強調)、ひみつ だけ toast。きろくは かわらない
  ---
  duration_ms: 1575.680475
  type: 'test'
  ...
# Subtest: v2-9. ちずの 表示 filter: ふつうの 池・休憩所・小さな 橋・通過点は 出さず、現在地・つながり・gate・ランドマーク・ひみつ・hub / ひろば は 出す。きろくと 分母は かわらない
ok 689 - v2-9. ちずの 表示 filter: ふつうの 池・休憩所・小さな 橋・通過点は 出さず、現在地・つながり・gate・ランドマーク・ひみつ・hub / ひろば は 出す。きろくと 分母は かわらない
  ---
  duration_ms: 1684.99665
  type: 'test'
  ...
# Subtest: v2-10. 帯(strip)の geometry は 1 まいに つながる: frame × lane の 頂点を 共有し、となりの frame と 面で つながる(池の ならび では ない)
ok 690 - v2-10. 帯(strip)の geometry は 1 まいに つながる: frame × lane の 頂点を 共有し、となりの frame と 面で つながる(池の ならび では ない)
  ---
  duration_ms: 1.430887
  type: 'test'
  ...
# Subtest: v2-11. 川(river_lake)= terrain.pts からの 1 本の 帯(岸つき)。帯に かくれる 池は おかない。しんかいの 谷も 1 本の 帯
ok 691 - v2-11. 川(river_lake)= terrain.pts からの 1 本の 帯(岸つき)。帯に かくれる 池は おかない。しんかいの 谷も 1 本の 帯
  ---
  duration_ms: 1783.929567
  type: 'test'
  ...
# Subtest: v2-12. 海(sea)/ 湖(memory_lake)= 岸線から 水平線まで 1 まいの 面(ぬれた 砂 → 浅瀬 → 沖)+ 岸の あわ。岸の むこうの 池は おかない
ok 692 - v2-12. 海(sea)/ 湖(memory_lake)= 岸線から 水平線まで 1 まいの 面(ぬれた 砂 → 浅瀬 → 沖)+ 岸の あわ。岸の むこうの 池は おかない
  ---
  duration_ms: 813.903207
  type: 'test'
  ...
# Subtest: v2-13. 水の 見た目は あたり(walkability)を かえない: 岸の clamp・池の あたり・橋は 2D と 同じ。水の 面は あたりを もたない
ok 693 - v2-13. 水の 見た目は あたり(walkability)を かえない: 岸の clamp・池の あたり・橋は 2D と 同じ。水の 面は あたりを もたない
  ---
  duration_ms: 2883.30842
  type: 'test'
  ...
# Subtest: v2-14. Kit v2 の 原型: 昆布は 曲がった は(木 / 柱では ない)、遺跡は くずれた かべ、はしは いみ ごと、たてものは body + 屋根 + 入口 + まど
ok 694 - v2-14. Kit v2 の 原型: 昆布は 曲がった は(木 / 柱では ない)、遺跡は くずれた かべ、はしは いみ ごと、たてものは body + 屋根 + 入口 + まど
  ---
  duration_ms: 13877.950168
  type: 'test'
  ...
# Subtest: v2-15. Region Profile v2: 13 地域 ぜんぶに family(terrain / veg / arch / water / density / landmark / sky)。まちは palette で ビルの いろ と 階数が ばらつき、電柱が ある
ok 695 - v2-15. Region Profile v2: 13 地域 ぜんぶに family(terrain / veg / arch / water / density / landmark / sky)。まちは palette で ビルの いろ と 階数が ばらつき、電柱が ある
  ---
  duration_ms: 4936.878661
  type: 'test'
  ...
# (node:2708) [MODULE_TYPELESS_PACKAGE_JSON] Warning: Module type of file:///home/runner/work/naotocchi/naotocchi/vendor/three-0.170.0/three.module.min.js is not specified and it doesn't parse as CommonJS.
# Reparsing as ES module because module syntax was detected. This incurs a performance overhead.
# To eliminate this warning, add "type": "module" to /home/runner/work/naotocchi/naotocchi/package.json.
# (Use `node --trace-warnings ...` to show where the warning was created)
# Subtest: GA-1. 接地: 地面に つく parts は 足もとの いちばん ひくい 地面まで(斜面で 岩 / 盛り土 / 根 / 岸の 花が 浮かない)。13 地域
ok 696 - GA-1. 接地: 地面に つく parts は 足もとの いちばん ひくい 地面まで(斜面で 岩 / 盛り土 / 根 / 岸の 花が 浮かない)。13 地域
  ---
  duration_ms: 14448.214129
  type: 'test'
  ...
# Subtest: GA-2. 小川 / 川 の 交わり: 橋の 交わり には 橋(床 > 水面・ながさ ≥ 水の はば)、そのほかは 飛び石。ランドマークの 橋は 交わりの 上に ある とき だけ うけもつ
ok 697 - GA-2. 小川 / 川 の 交わり: 橋の 交わり には 橋(床 > 水面・ながさ ≥ 水の はば)、そのほかは 飛び石。ランドマークの 橋は 交わりの 上に ある とき だけ うけもつ
  ---
  duration_ms: 0.435947
  type: 'test'
  ...
# Subtest: GA-3. 小川と 池を わける: ながれの 帯の 中に 池の 円盤(水の 小物)を おかない
ok 698 - GA-3. 小川と 池を わける: ながれの 帯の 中に 池の 円盤(水の 小物)を おかない
  ---
  duration_ms: 0.196306
  type: 'test'
  ...
# Subtest: GA-4. Building v4: 塔の ような 家 なし(シルエット 高さ / いちばん ひろい はば ≤ 1.6、看板 / 屋根の はりだし を ふくむ)
ok 699 - GA-4. Building v4: 塔の ような 家 なし(シルエット 高さ / いちばん ひろい はば ≤ 1.6、看板 / 屋根の はりだし を ふくむ)
  ---
  duration_ms: 0.314574
  type: 'test'
  ...
# Subtest: GA-5. 小物の 読みやすさ(props gate): 車 = 車輪・望遠鏡 = 3 本 足 + かたむいた 筒・像 = だい + からだ + あたま・かまくら = いりぐち・箱の 小物 = ひさし + 窓。絵文字の 立て看板 は のこって いない
ok 700 - GA-5. 小物の 読みやすさ(props gate): 車 = 車輪・望遠鏡 = 3 本 足 + かたむいた 筒・像 = だい + からだ + あたま・かまくら = いりぐち・箱の 小物 = ひさし + 窓。絵文字の 立て看板 は のこって いない
  ---
  duration_ms: 11959.821798
  type: 'test'
  ...
# Subtest: GA-6. 季節 / 天気 は 2D の 正本に あわせる: 針葉樹の 雪 = ゆき の 地域 か 冬、山の 頂の 雪 = それ + 雪の 日、deepsea / star_stop は 地表の 季節 なし
ok 701 - GA-6. 季節 / 天気 は 2D の 正本に あわせる: 針葉樹の 雪 = ゆき の 地域 か 冬、山の 頂の 雪 = それ + 雪の 日、deepsea / star_stop は 地表の 季節 なし
  ---
  duration_ms: 6.546919
  type: 'test'
  ...
# Subtest: GA-7. 地域の 識別性(数で): いえ ≠ いなか(いなかは ひらけ +0.1 いじょう・構成の cosine < 0.75)、もり ≠ ジャングル(ジャングルは 見とおし せまく・高い 層・cosine < 0.6)
ok 702 - GA-7. 地域の 識別性(数で): いえ ≠ いなか(いなかは ひらけ +0.1 いじょう・構成の cosine < 0.75)、もり ≠ ジャングル(ジャングルは 見とおし せまく・高い 層・cosine < 0.6)
  ---
  duration_ms: 4535.168099
  type: 'test'
  ...
# (node:2716) [MODULE_TYPELESS_PACKAGE_JSON] Warning: Module type of file:///home/runner/work/naotocchi/naotocchi/vendor/three-0.170.0/three.module.min.js is not specified and it doesn't parse as CommonJS.
# Reparsing as ES module because module syntax was detected. This incurs a performance overhead.
# To eliminate this warning, add "type": "module" to /home/runner/work/naotocchi/naotocchi/package.json.
# (Use `node --trace-warnings ...` to show where the warning was created)
# Subtest: GT-1. runtime P0(HQ-1 / HQ-2 / HQ-3): すかしは ray で ほんとうに 隠す 物 だけ・もとの いろ・大きな 物は うすく・ちらつかない・変わった instance だけ 送る
ok 703 - GT-1. runtime P0(HQ-1 / HQ-2 / HQ-3): すかしは ray で ほんとうに 隠す 物 だけ・もとの いろ・大きな 物は うすく・ちらつかない・変わった instance だけ 送る
  ---
  duration_ms: 39.541188
  type: 'test'
  ...
# Subtest: GT-2. ray の 格子(pure): 線分が とおる ます目の instance だけ が 候補
ok 704 - GT-2. ray の 格子(pure): 線分が とおる ます目の instance だけ が 候補
  ---
  duration_ms: 0.652033
  type: 'test'
  ...
# Subtest: GT-3. 予算(HQ-4): うすい 板は 1 まい・幹は ふたなし・mound は 下半分 なし・花の まんなか 8 三角形。透明 fade で けさない
ok 705 - GT-3. 予算(HQ-4): うすい 板は 1 まい・幹は ふたなし・mound は 下半分 なし・花の まんなか 8 三角形。透明 fade で けさない
  ---
  duration_ms: 0.199641
  type: 'test'
  ...
# Subtest: GT-4. Terrain v1(HQ-5): 意味の ある 起伏。道 / spot は 平ら、ひらけた ところ に 丘、小川は 谷、池は くぼ地、海は 水へ ひくく。ランダムな こぶ だけ では ない
ok 706 - GT-4. Terrain v1(HQ-5): 意味の ある 起伏。道 / spot は 平ら、ひらけた ところ に 丘、小川は 谷、池は くぼ地、海は 水へ ひくく。ランダムな こぶ だけ では ない
  ---
  duration_ms: 8011.548621
  type: 'test'
  ...
# Subtest: GT-5. Creek / River v3(HQ-6): 小川は spot の 円盤の ならび では なく 1 本の ながれ。橋の spot の 下を とおり、道を 横切る ところは 橋 か 飛び石。道 / かたい 物 の 上を ながれない
ok 707 - GT-5. Creek / River v3(HQ-6): 小川は spot の 円盤の ならび では なく 1 本の ながれ。橋の spot の 下を とおり、道を 横切る ところは 橋 か 飛び石。道 / かたい 物 の 上を ながれない
  ---
  duration_ms: 1307.37687
  type: 'test'
  ...
# Subtest: GT-6. Water(HQ-7): 海 / 川 / 池 で 水の 面を かえる(海 = 浅瀬 → 沖 → 水平線、川 = 谷の 中の ながれる 面、池 = しずかな くぼ地の 面)
ok 708 - GT-6. Water(HQ-7): 海 / 川 / 池 で 水の 面を かえる(海 = 浅瀬 → 沖 → 水平線、川 = 谷の 中の ながれる 面、池 = しずかな くぼ地の 面)
  ---
  duration_ms: 0.642479
  type: 'test'
  ...
# Subtest: GT-7. home と countryside(HQ-10): いえ = 家ごとの 庭(花だん・ポスト・ひくい さく・飛び石)、いなか = ひろい 畑 と 用水路 と 板の はし(庭 なし)
ok 709 - GT-7. home と countryside(HQ-10): いえ = 家ごとの 庭(花だん・ポスト・ひくい さく・飛び石)、いなか = ひろい 畑 と 用水路 と 板の はし(庭 なし)
  ---
  duration_ms: 0.491752
  type: 'test'
  ...
# Subtest: GT-8. forest と jungle(HQ-11): もり = つめたい みどり・たおれた 丸太・しだ・きのこ・見とおし ほどほど。ジャングル = 多層(大きな は の 下草・ヤシ・canopy の つる)・しめった もや
ok 710 - GT-8. forest と jungle(HQ-11): もり = つめたい みどり・たおれた 丸太・しだ・きのこ・見とおし ほどほど。ジャングル = 多層(大きな は の 下草・ヤシ・canopy の つる)・しめった もや
  ---
  duration_ms: 287.479121
  type: 'test'
  ...
# Subtest: GT-9. Tree v4(HQ-12): 根もとの はり・2 だんの 幹(すこし かたむく)・かんむりへ のびる 枝・白っぽい ほそい 木(すずしい 地域)
ok 711 - GT-9. Tree v4(HQ-12): 根もとの はり・2 だんの 幹(すこし かたむく)・かんむりへ のびる 枝・白っぽい ほそい 木(すずしい 地域)
  ---
  duration_ms: 1.16071
  type: 'test'
  ...
# Subtest: GT-10. props gate(HQ-13): ラベル なしで わかる。自転車は 立って いる、水車 / 観覧車の わ は たて
ok 712 - GT-10. props gate(HQ-13): ラベル なしで わかる。自転車は 立って いる、水車 / 観覧車の わ は たて
  ---
  duration_ms: 3252.20344
  type: 'test'
  ...
# Subtest: GT-11. 13 地域の grammar(HQ-14): 背景の 絵 なしで 3D だけで 地域が わかる きまり
ok 713 - GT-11. 13 地域の grammar(HQ-14): 背景の 絵 なしで 3D だけで 地域が わかる きまり
  ---
  duration_ms: 0.449638
  type: 'test'
  ...
# Subtest: GT-12. 季節 / 天気(HQ-15): 山は 夏(高原の みどり)と 冬(雪)で 地面が かわる・大木も 季節の いろ・3D でも 雨 / 雪
ok 714 - GT-12. 季節 / 天気(HQ-15): 山は 夏(高原の みどり)と 冬(雪)で 地面が かわる・大木も 季節の いろ・3D でも 雨 / 雪
  ---
  duration_ms: 0.523589
  type: 'test'
  ...
# Subtest: GT-13. Human QA の 記録 と status: 未承認・main merge しない・Ready に しない・production Pages を かえない。特定の 作品の 名まえは 出さない
ok 715 - GT-13. Human QA の 記録 と status: 未承認・main merge しない・Ready に しない・production Pages を かえない。特定の 作品の 名まえは 出さない
  ---
  duration_ms: 2.446108
  type: 'test'
  ...
# (node:2725) [MODULE_TYPELESS_PACKAGE_JSON] Warning: Module type of file:///home/runner/work/naotocchi/naotocchi/vendor/three-0.170.0/three.module.min.js is not specified and it doesn't parse as CommonJS.
# Reparsing as ES module because module syntax was detected. This incurs a performance overhead.
# To eliminate this warning, add "type": "module" to /home/runner/work/naotocchi/naotocchi/package.json.
# (Use `node --trace-warnings ...` to show where the warning was created)
# Subtest: 1. フラグなし: forest の world は いまの 2D の まま(props・あたり・3D の しるし なし)
ok 716 - 1. フラグなし: forest の world は いまの 2D の まま(props・あたり・3D の しるし なし)
  ---
  duration_ms: 0.967319
  type: 'test'
  ...
# Subtest: 2. 3D モード: 道の うえの かたい 物は 見た目ごと 道の そとへ(約 1.5 × 大きさ まで)。おけない ものは 3D では おかない
ok 717 - 2. 3D モード: 道の うえの かたい 物は 見た目ごと 道の そとへ(約 1.5 × 大きさ まで)。おけない ものは 3D では おかない
  ---
  duration_ms: 4.317611
  type: 'test'
  ...
# Subtest: 3. 3D の かたい 物は かならず あたりが あり、あたまより 下の 見た目は あたり + 10 まで(とおれる 木・見えない かべ なし)
ok 718 - 3. 3D の かたい 物は かならず あたりが あり、あたまより 下の 見た目は あたり + 10 まで(とおれる 木・見えない かべ なし)
  ---
  duration_ms: 6.514925
  type: 'test'
  ...
# Subtest: 3b. ランドマーク(3D だけ): spot から 見た むきを たもって おく(±30 度)。たきは がけ = あたりの 箱 で、たきつぼ・あわ と いっしょ
ok 719 - 3b. ランドマーク(3D だけ): spot から 見た むきを たもって おく(±30 度)。たきは がけ = あたりの 箱 で、たきつぼ・あわ と いっしょ
  ---
  duration_ms: 4.587178
  type: 'test'
  ...
# Subtest: 3c. せかいは 3D・キャラだけ 2D: けしきの 物に 立て看板・意味の ちがう 置きかえ・なぞの placeholder は ない
ok 720 - 3c. せかいは 3D・キャラだけ 2D: けしきの 物に 立て看板・意味の ちがう 置きかえ・なぞの placeholder は ない
  ---
  duration_ms: 3.11044
  type: 'test'
  ...
# Subtest: 3d. すかし(occlusion)は カメラ → player の あいだに ある かたい 物 だけ。とおい から すける こと は ない
ok 721 - 3d. すかし(occlusion)は カメラ → player の あいだに ある かたい 物 だけ。とおい から すける こと は ない
  ---
  duration_ms: 51.52459
  type: 'test'
  ...
# Subtest: 3e. たき は うしろ・よこ からも 岩の おか: がけの うしろに 岩の かたまり(あたり つき)が あり、見た目 = あたり
ok 722 - 3e. たき は うしろ・よこ からも 岩の おか: がけの うしろに 岩の かたまり(あたり つき)が あり、見た目 = あたり
  ---
  duration_ms: 9.84057
  type: 'test'
  ...
# Subtest: 4. 3D モードでも 道は ふさがない: 道はばの 3/4 の なか・spot の まんなか は あいて いる
ok 723 - 4. 3D モードでも 道は ふさがない: 道はばの 3/4 の なか・spot の まんなか は あいて いる
  ---
  duration_ms: 2615.573698
  type: 'test'
  ...
# Subtest: 5. 3D モードの forest: 50 の spot に ぜんぶ あるいて 行ける
ok 724 - 5. 3D モードの forest: 50 の spot に ぜんぶ あるいて 行ける
  ---
  duration_ms: 1801.368227
  type: 'test'
  ...
# Subtest: 6. 3D モードの forest: 27 にんの なかまも player も かたい 物に めりこまない
ok 725 - 6. 3D モードの forest: 27 にんの なかまも player も かたい 物に めりこまない
  ---
  duration_ms: 2091.447551
  type: 'test'
  ...
# Subtest: 7. レンダラー: WebGL が ない ところでは すぐ 2D(こわれない・この あいだ ずっと 2D)
ok 726 - 7. レンダラー: WebGL が ない ところでは すぐ 2D(こわれない・この あいだ ずっと 2D)
  ---
  duration_ms: 1.614754
  type: 'test'
  ...
# Subtest: 8. フラグは URL だけ・セーブに のこさない。Three.js は version 固定で repo の なか。ふだんは よみこまない
ok 727 - 8. フラグは URL だけ・セーブに のこさない。Three.js は version 固定で repo の なか。ふだんは よみこまない
  ---
  duration_ms: 9.103115
  type: 'test'
  ...
# Subtest: 9. 全地域: 3D profile が あり、意味の 表で ぜんぶ 解決し(unresolved 0・立て看板 0)、かくす ものは きまった しるし だけ、2D(フラグなし)は かわらない
ok 728 - 9. 全地域: 3D profile が あり、意味の 表で ぜんぶ 解決し(unresolved 0・立て看板 0)、かくす ものは きまった しるし だけ、2D(フラグなし)は かわらない
  ---
  duration_ms: 13650.66644
  type: 'test'
  ...
# Subtest: 10. はっけんの しらせ(全地域): ランドマーク / ひみつ だけ「みつけた！」、その ばしょ だけの もの は かるく「が ある」、ふつうの 池・通過点は しずか。きろく は かわらない
ok 729 - 10. はっけんの しらせ(全地域): ランドマーク / ひみつ だけ「みつけた！」、その ばしょ だけの もの は かるく「が ある」、ふつうの 池・通過点は しずか。きろく は かわらない
  ---
  duration_ms: 1763.786735
  type: 'test'
  ...
# Subtest: 11. 全地域(registry から): 3D モードで ぜんぶの spot と gate に 道に そって あるいて 行ける(とじこめ なし)
ok 730 - 11. 全地域(registry から): 3D モードで ぜんぶの spot と gate に 道に そって あるいて 行ける(とじこめ なし)
  ---
  duration_ms: 13820.232003
  type: 'test'
  ...
# (node:2733) [MODULE_TYPELESS_PACKAGE_JSON] Warning: Module type of file:///home/runner/work/naotocchi/naotocchi/vendor/three-0.170.0/three.module.min.js is not specified and it doesn't parse as CommonJS.
# Reparsing as ES module because module syntax was detected. This incurs a performance overhead.
# To eliminate this warning, add "type": "module" to /home/runner/work/naotocchi/naotocchi/package.json.
# (Use `node --trace-warnings ...` to show where the warning was created)
# Subtest: VQ-9 residential porch supports meet roof slopes within canonical lots
ok 731 - VQ-9 residential porch supports meet roof slopes within canonical lots
  ---
  duration_ms: 11847.869428
  type: 'test'
  ...
# Subtest: VQ-8 farmhouse veranda posts meet a canopy contained over the existing deck
ok 732 - VQ-8 farmhouse veranda posts meet a canopy contained over the existing deck
  ---
  duration_ms: 1123.902472
  type: 'test'
  ...
# Subtest: VQ-6 cottage rooflines include both gable orientations within the residential family
ok 733 - VQ-6 cottage rooflines include both gable orientations within the residential family
  ---
  duration_ms: 236.384214
  type: 'test'
  ...
# Subtest: VQ-5 garden stepping stones connect the actual front door to its finite road segment
ok 734 - VQ-5 garden stepping stones connect the actual front door to its finite road segment
  ---
  duration_ms: 231.910986
  type: 'test'
  ...
# Subtest: VQ-1 contact footprints follow trunks and foundations without mutating objects
ok 735 - VQ-1 contact footprints follow trunks and foundations without mutating objects
  ---
  duration_ms: 36.451851
  type: 'test'
  ...
# Subtest: VQ-2 contact field excludes actors, water, bridges and tiny dressing; finite bounded support
ok 736 - VQ-2 contact field excludes actors, water, bridges and tiny dressing; finite bounded support
  ---
  duration_ms: 1.017395
  type: 'test'
  ...
# Subtest: VQ-3 outer-bank variation leaves water lanes and triangle topology unchanged
ok 737 - VQ-3 outer-bank variation leaves water lanes and triangle topology unchanged
  ---
  duration_ms: 3.904268
  type: 'test'
  ...
# Subtest: VQ-4 residential main roofs retain above-head clearance with canonical colliders
ok 738 - VQ-4 residential main roofs retain above-head clearance with canonical colliders
  ---
  duration_ms: 11059.275177
  type: 'test'
  ...
# Subtest: VQ-7 garden beds retain their planting group outside canonical road and obstacle footprints
ok 739 - VQ-7 garden beds retain their planting group outside canonical road and obstacle footprints
  ---
  duration_ms: 246.478652
  type: 'test'
  ...
# Subtest: VQ-10 barn entrances read as broad paired doors within the wall
ok 740 - VQ-10 barn entrances read as broad paired doors within the wall
  ---
  duration_ms: 1267.788617
  type: 'test'
  ...
# Subtest: 1. the same discoveredStages key twice still gives one resident
ok 741 - 1. the same discoveredStages key twice still gives one resident
  ---
  duration_ms: 1645.896894
  type: 'test'
  ...
# Subtest: 2. the same partnersRecorded id twice still gives one resident
ok 742 - 2. the same partnersRecorded id twice still gives one resident
  ---
  duration_ms: 1433.048325
  type: 'test'
  ...
# Subtest: 3. companion aliases collapse to one canonical resident
ok 743 - 3. companion aliases collapse to one canonical resident
  ---
  duration_ms: 24.785941
  type: 'test'
  ...
# Subtest: 4. the current pet is never an ordinary resident
ok 744 - 4. the current pet is never an ordinary resident
  ---
  duration_ms: 2917.585336
  type: 'test'
  ...
# Subtest: 5. the current companion and partner walk with the player only, never as region residents
ok 745 - 5. the current companion and partner walk with the player only, never as region residents
  ---
  duration_ms: 2966.486315
  type: 'test'
  ...
# Subtest: 6. legacy species left in an old save (bird:*) never become residents, but the save keeps them
ok 746 - 6. legacy species left in an old save (bird:*) never become residents, but the save keeps them
  ---
  duration_ms: 1558.576096
  type: 'test'
  ...
# Subtest: 7. current-dex forms such as woman よちよち and the cicada appear once discovered
ok 747 - 7. current-dex forms such as woman よちよち and the cicada appear once discovered
  ---
  duration_ms: 2775.043779
  type: 'test'
  ...
# Subtest: 8. the city 🐈 scenery never resolves to the cat resident asset (the display resolver would)
ok 748 - 8. the city 🐈 scenery never resolves to the cat resident asset (the display resolver would)
  ---
  duration_ms: 27.874214
  type: 'test'
  ...
# Subtest: 9. the forest 🍄 scenery never resolves to the mushroom resident asset
ok 749 - 9. the forest 🍄 scenery never resolves to the mushroom resident asset
  ---
  duration_ms: 18.482422
  type: 'test'
  ...
# Subtest: 10. every scenery emoji in every region (prop/lane/wall/hint/spot.prop/flavour/landmark fallbacks) stays scenery
ok 750 - 10. every scenery emoji in every region (prop/lane/wall/hint/spot.prop/flavour/landmark fallbacks) stays scenery
  ---
  duration_ms: 31.972024
  type: 'test'
  ...
# Subtest: registry audit reports rows and every issue class (duplicate, legacy, undiscovered, pet, follower, shared asset)
ok 751 - registry audit reports rows and every issue class (duplicate, legacy, undiscovered, pet, follower, shared asset)
  ---
  duration_ms: 2831.200027
  type: 'test'
  ...
# Subtest: canvas path: 🐈 scenery is drawn as a native emoji, not the cat picture and not a placeholder tile
ok 752 - canvas path: 🐈 scenery is drawn as a native emoji, not the cat picture and not a placeholder tile
  ---
  duration_ms: 18.890658
  type: 'test'
  ...
# Subtest: canvas path: 🍄 scenery is a native emoji too
ok 753 - canvas path: 🍄 scenery is a native emoji too
  ---
  duration_ms: 21.807636
  type: 'test'
  ...
# Subtest: canvas path: all 17 character-colliding scenery emoji become native emoji (no character asset, no placeholder), U+E000 is never scenery
ok 754 - canvas path: all 17 character-colliding scenery emoji become native emoji (no character asset, no placeholder), U+E000 is never scenery
  ---
  duration_ms: 25.179111
  type: 'test'
  ...
# Subtest: canvas path: scenery with dedicated art (🌳 🌲 🌴 🌵 🐚) goes through the scenery wrapper, never native text and never a character
ok 755 - canvas path: scenery with dedicated art (🌳 🌲 🌴 🌵 🐚) goes through the scenery wrapper, never native text and never a character
  ---
  duration_ms: 20.345631
  type: 'test'
  ...
# Subtest: canvas path: every scenery emoji of every region either has scenery art or falls back to a native emoji, never a character or a placeholder
ok 756 - canvas path: every scenery emoji of every region either has scenery art or falls back to a native emoji, never a character or a placeholder
  ---
  duration_ms: 35.134563
  type: 'test'
  ...
# Subtest: the number of residents is pinned to the dex, not to a round figure
ok 757 - the number of residents is pinned to the dex, not to a round figure
  ---
  duration_ms: 2885.488489
  type: 'test'
  ...
# Subtest: the collider table is world-space data: shape, half sizes, angle and role, never canvas pixels
ok 758 - the collider table is world-space data: shape, half sizes, angle and role, never canvas pixels
  ---
  duration_ms: 6.96262
  type: 'test'
  ...
# Subtest: a tree stops you at the trunk, not at a leaf: the collider is a small part of the drawing
ok 759 - a tree stops you at the trunk, not at a leaf: the collider is a small part of the drawing
  ---
  duration_ms: 0.23881
  type: 'test'
  ...
# Subtest: buildings, walls and fences are boxes with a facing, and a fence is a thin line not a slab
ok 760 - buildings, walls and fences are boxes with a facing, and a fence is a thin line not a slab
  ---
  duration_ms: 0.192189
  type: 'test'
  ...
# Subtest: grass, leaves, small mushrooms, ground detail and bridges have no collider at all
ok 761 - grass, leaves, small mushrooms, ground detail and bridges have no collider at all
  ---
  duration_ms: 3.294829
  type: 'test'
  ...
# Subtest: every path corridor and every spot centre is free of colliders in all 13 regions
ok 762 - every path corridor and every spot centre is free of colliders in all 13 regions
  ---
  duration_ms: 76.918778
  type: 'test'
  ...
# Subtest: walking for real, every spot in every region is still reachable, secret ones included
ok 763 - walking for real, every spot in every region is still reachable, secret ones included
  ---
  duration_ms: 7676.077821
  type: 'test'
  ...
# Subtest: you cannot walk into a big tree, a building, a rock or a fence
ok 764 - you cannot walk into a big tree, a building, a rock or a fence
  ---
  duration_ms: 12562.596673
  type: 'test'
  ...
# Subtest: a diagonal bump slides along the wall instead of stopping dead
ok 765 - a diagonal bump slides along the wall instead of stopping dead
  ---
  duration_ms: 3038.18152
  type: 'test'
  ...
# Subtest: water: the sea you may not enter is the only no-go water, and every water spot is still walkable
ok 766 - water: the sea you may not enter is the only no-go water, and every water spot is still walkable
  ---
  duration_ms: 1.853064
  type: 'test'
  ...
# Subtest: collision cost does not grow with the size of the world: the grid keeps each lookup tiny
ok 767 - collision cost does not grow with the size of the world: the grid keeps each lookup tiny
  ---
  duration_ms: 0.84909
  type: 'test'
  ...
# Subtest: residents are held by the same colliders as the player, so nobody walks through a wall
ok 768 - residents are held by the same colliders as the player, so nobody walks through a wall
  ---
  duration_ms: 230.093454
  type: 'test'
  ...
# Subtest: the role layers hand the same shapes to a Three.js renderer
ok 769 - the role layers hand the same shapes to a Three.js renderer
  ---
  duration_ms: 4.462699
  type: 'test'
  ...
# Subtest: the shared meguru denominators match a fresh count of WORLDS and the world map
ok 770 - the shared meguru denominators match a fresh count of WORLDS and the world map
  ---
  duration_ms: 97.084335
  type: 'test'
  ...
# Subtest: ①-1 ふつうの ばしょ: toast は 出さない。左上の 名まえが かわり、ちず と セーブには きろくされる
ok 771 - ①-1 ふつうの ばしょ: toast は 出さない。左上の 名まえが かわり、ちず と セーブには きろくされる
  ---
  duration_ms: 1098.313802
  type: 'test'
  ...
# Subtest: ①-2 おおきな めじるし(landmark)は toast では なく 左上の 名まえの 静かな 強調。きろくは のこる
ok 772 - ①-2 おおきな めじるし(landmark)は toast では なく 左上の 名まえの 静かな 強調。きろくは のこる
  ---
  duration_ms: 1017.453497
  type: 'test'
  ...
# Subtest: ①-3 ひみつは せんようの しらせ。なまえは 見つけた あとに そえる だけ
ok 773 - ①-3 ひみつは せんようの しらせ。なまえは 見つけた あとに そえる だけ
  ---
  duration_ms: 1708.52233
  type: 'test'
  ...
# Subtest: ①-4 地区(zone)に 入っても toast は 出さない(2026-10-01 v2)。ちずの 地区は ひろがり、中の id は どこにも 出ない
ok 774 - ①-4 地区(zone)に 入っても toast は 出さない(2026-10-01 v2)。ちずの 地区は ひろがり、中の id は どこにも 出ない
  ---
  duration_ms: 1020.683462
  type: 'test'
  ...
# Subtest: ②-1 おなじ ばしょへ もどっても もう「みつけた」と 出さない
ok 775 - ②-1 おなじ ばしょへ もどっても もう「みつけた」と 出さない
  ---
  duration_ms: 1920.75573
  type: 'test'
  ...
# Subtest: ②-2 セーブに のこした きろくを よみなおしても 2かいめ は 出ない(セーブ互換)
ok 776 - ②-2 セーブに のこした きろくを よみなおしても 2かいめ は 出ない(セーブ互換)
  ---
  duration_ms: 1941.861846
  type: 'test'
  ...
# Subtest: ②-3 めじるしは しらせない。ちずの ボタンも 2かいめ は ひからない
ok 777 - ②-3 めじるしは しらせない。ちずの ボタンも 2かいめ は ひからない
  ---
  duration_ms: 2007.055214
  type: 'test'
  ...
# Subtest: ③-1 1フレームに いくつ 見つけても 出すのは 1つ。つよい ものから
ok 778 - ③-1 1フレームに いくつ 見つけても 出すのは 1つ。つよい ものから
  ---
  duration_ms: 1483.578035
  type: 'test'
  ...
# Subtest: ③-2 じゅんばんは region → secret → landmark → みち → zone → ふつうの spot
ok 779 - ③-2 じゅんばんは region → secret → landmark → みち → zone → ふつうの spot
  ---
  duration_ms: 2806.635794
  type: 'test'
  ...
# Subtest: ③-3 地域の はっけんと 二重に 出さない(はじめての 地域では 着いた ばしょの しらせを かさねない)
ok 780 - ③-3 地域の はっけんと 二重に 出さない(はじめての 地域では 着いた ばしょの しらせを かさねない)
  ---
  duration_ms: 2501.550677
  type: 'test'
  ...
# Subtest: ④-1 住民に ちかづいた ことは はっけんに しない(「はなす」だけ)
ok 781 - ④-1 住民に ちかづいた ことは はっけんに しない(「はなす」だけ)
  ---
  duration_ms: 2389.345634
  type: 'test'
  ...
# Subtest: ④-2 しらせは あるくのを とめない(ボタンも おおいも 出さない)
ok 782 - ④-2 しらせは あるくのを とめない(ボタンも おおいも 出さない)
  ---
  duration_ms: 1027.196449
  type: 'test'
  ...
# Subtest: ④-3 しらせの あいだ、した の そうさ せつめいは よわめる(ふたつが まざらない)
ok 783 - ④-3 しらせの あいだ、した の そうさ せつめいは よわめる(ふたつが まざらない)
  ---
  duration_ms: 1476.76622
  type: 'test'
  ...
# Subtest: ⑤-1「ちずに きろくした」と 出た ものは その とき ちずに ある
ok 784 - ⑤-1「ちずに きろくした」と 出た ものは その とき ちずに ある
  ---
  duration_ms: 1700.685993
  type: 'test'
  ...
# Subtest: ⑤-2 こえて いる あいだ に 見つけた めじるしも ちずに のこる
ok 785 - ⑤-2 こえて いる あいだ に 見つけた めじるしも ちずに のこる
  ---
  duration_ms: 2326.122216
  type: 'test'
  ...
# Subtest: ⑤-3 たんさく率の けいさんは 1つも かえて いない
ok 786 - ⑤-3 たんさく率の けいさんは 1つも かえて いない
  ---
  duration_ms: 2615.029629
  type: 'test'
  ...
# Subtest: ⑤-4 みちの はっけんは 出かたが かわる だけ。ひらく じょうけんは そのまま
ok 787 - ⑤-4 みちの はっけんは 出かたが かわる だけ。ひらく じょうけんは そのまま
  ---
  duration_ms: 1416.702936
  type: 'test'
  ...
# Subtest: ⑥-1 travelToRegion() と その ばの ボタンは 1つも かえて いない
ok 788 - ⑥-1 travelToRegion() と その ばの ボタンは 1つも かえて いない
  ---
  duration_ms: 1095.016507
  type: 'test'
  ...
# Subtest: ⑥-2 たんさくを とじると しらせも のこらない
ok 789 - ⑥-2 たんさくを とじると しらせも のこらない
  ---
  duration_ms: 961.345863
  type: 'test'
  ...
# Subtest: ⑦-1 レベルは buildWorld() が ほんとうに おく ものから きまる
ok 790 - ⑦-1 レベルは buildWorld() が ほんとうに おく ものから きまる
  ---
  duration_ms: 16.541324
  type: 'test'
  ...
# Subtest: ⑦-2 目じるしの ない 通過点では しらせない。でも きろくは のこる(探索率は かわらない)
ok 791 - ⑦-2 目じるしの ない 通過点では しらせない。でも きろくは のこる(探索率は かわらない)
  ---
  duration_ms: 923.121061
  type: 'test'
  ...
# Subtest: ⑦-3 目じるしの ある ばしょ(L2)も toast は 出さない(2026-10-01 v2)。左上の 名まえ と きろく だけ
ok 792 - ⑦-3 目じるしの ある ばしょ(L2)も toast は 出さない(2026-10-01 v2)。左上の 名まえ と きろく だけ
  ---
  duration_ms: 905.249317
  type: 'test'
  ...
# Subtest: ⑦-4「ちずに きろくした」は はじめの うちだけ(なんども くりかえさない)
ok 793 - ⑦-4「ちずに きろくした」は はじめの うちだけ(なんども くりかえさない)
  ---
  duration_ms: 1044.912147
  type: 'test'
  ...
# Subtest: ⑦-5 はじめて あそぶ ひとには「ちずに きろくした」を そえる
ok 794 - ⑦-5 はじめて あそぶ ひとには「ちずに きろくした」を そえる
  ---
  duration_ms: 1510.429275
  type: 'test'
  ...
# Subtest: ⑦-6 レベルは セーブに 何も 足さない(旧セーブでも そのまま 動く)
ok 795 - ⑦-6 レベルは セーブに 何も 足さない(旧セーブでも そのまま 動く)
  ---
  duration_ms: 1633.530165
  type: 'test'
  ...
# Subtest: ⑦-7 監査の けっかと 実装が そろって いる
ok 796 - ⑦-7 監査の けっかと 実装が そろって いる
  ---
  duration_ms: 19.246713
  type: 'test'
  ...
# Subtest: ⑧-1 4つの みはらしに、その ばしょ だけの けしきが ある
ok 797 - ⑧-1 4つの みはらしに、その ばしょ だけの けしきが ある
  ---
  duration_ms: 683.952716
  type: 'test'
  ...
# Subtest: ⑧-2 主役は 地域ごとに ちがう(どこにも おなじ てすりを 置かない)
ok 798 - ⑧-2 主役は 地域ごとに ちがう(どこにも おなじ てすりを 置かない)
  ---
  duration_ms: 716.632955
  type: 'test'
  ...
# Subtest: ⑧-3 けしきは あたりはんていを 1つも ふやさない(みち・出口・住民を ふさがない)
ok 799 - ⑧-3 けしきは あたりはんていを 1つも ふやさない(みち・出口・住民を ふさがない)
  ---
  duration_ms: 670.755606
  type: 'test'
  ...
# Subtest: ⑧-4 gate の 発火は 1つも かわらない(connection に さわって いない)
ok 800 - ⑧-4 gate の 発火は 1つも かわらない(connection に さわって いない)
  ---
  duration_ms: 664.224287
  type: 'test'
  ...
# Subtest: ⑧-5 4つとも L2。toast は 出さず(2026-10-01 v2)、左上の 名まえ と きろく だけ
ok 801 - ⑧-5 4つとも L2。toast は 出さず(2026-10-01 v2)、左上の 名まえ と きろく だけ
  ---
  duration_ms: 863.271681
  type: 'test'
  ...
# Subtest: ⑧-6 2かいめ は 出さない。旧セーブで もう 見つけて いれば けしきだけ 見える
ok 802 - ⑧-6 2かいめ は 出さない。旧セーブで もう 見つけて いれば けしきだけ 見える
  ---
  duration_ms: 968.513675
  type: 'test'
  ...
# Subtest: ⑧-7 spot / path / zone / secret の かずは 1つも ふえて いない
ok 803 - ⑧-7 spot / path / zone / secret の かずは 1つも ふえて いない
  ---
  duration_ms: 16.351426
  type: 'test'
  ...
# Subtest: A1. うごく ボタンしか 出さない: なにも ない ときは その ばの ボタンが 1つも ない
ok 804 - A1. うごく ボタンしか 出さない: なにも ない ときは その ばの ボタンが 1つも ない
  ---
  duration_ms: 515.824145
  type: 'test'
  ...
# Subtest: A2. その ばの ボタンは 1 枠。住民が ちかいと「はなす」、のりばに 立つと「のる/もぐる」
ok 805 - A2. その ばの ボタンは 1 枠。住民が ちかいと「はなす」、のりばに 立つと「のる/もぐる」
  ---
  duration_ms: 590.190426
  type: 'test'
  ...
# Subtest: A3. こえて いる あいだ、右がわの ボタンは ぜんぶ ロックされる
ok 806 - A3. こえて いる あいだ、右がわの ボタンは ぜんぶ ロックされる
  ---
  duration_ms: 2008.621559
  type: 'test'
  ...
# Subtest: A7. hidden を つけた ボタンは ほんとうに きえる(CSS の きまりが ある)
ok 807 - A7. hidden を つけた ボタンは ほんとうに きえる(CSS の きまりが ある)
  ---
  duration_ms: 0.973938
  type: 'test'
  ...
# Subtest: A8. のりばでは、なにが おきるのかを ボタンの した にも 出す
ok 808 - A8. のりばでは、なにが おきるのかを ボタンの した にも 出す
  ---
  duration_ms: 301.145196
  type: 'test'
  ...
# Subtest: A4. めぐる中の「たび」が はたらく。openExclusiveMenu では はじかれて いた
ok 809 - A4. めぐる中の「たび」が はたらく。openExclusiveMenu では はじかれて いた
  ---
  duration_ms: 321.044211
  type: 'test'
  ...
# Subtest: A5. たびが かぶさって いる あいだ せかいは とまり、とじると つづきから うごく
ok 810 - A5. たびが かぶさって いる あいだ せかいは とまり、とじると つづきから うごく
  ---
  duration_ms: 537.044259
  type: 'test'
  ...
# Subtest: A6. たびから 地域を えらぶと、これまで どおり travelToRegion が はしり めぐるも ついて いく
ok 811 - A6. たびから 地域を えらぶと、これまで どおり travelToRegion が はしり めぐるも ついて いく
  ---
  duration_ms: 473.021003
  type: 'test'
  ...
# Subtest: B1. 見つけた 地域の まわり だけが 紙に のる。0% → 100% で だんだん ひろがる
ok 812 - B1. 見つけた 地域の まわり だけが 紙に のる。0% → 100% で だんだん ひろがる
  ---
  duration_ms: 21.430795
  type: 'test'
  ...
# Subtest: B2. 50% では、まだ 行って いない ところの かたちが はっきり のこって いる
ok 813 - B2. 50% では、まだ 行って いない ところの かたちが はっきり のこって いる
  ---
  duration_ms: 18.467927
  type: 'test'
  ...
# Subtest: B3. 見つけて いない 特殊層(ほしぞら・しんかい・きおく)は 1 文字も もれない
ok 814 - B3. 見つけて いない 特殊層(ほしぞら・しんかい・きおく)は 1 文字も もれない
  ---
  duration_ms: 27.088165
  type: 'test'
  ...
# Subtest: B4. 探索率の しきは ひとつも かわって いない(471 spot / 654 path / 118 zone / 107 ひみつ)
ok 815 - B4. 探索率の しきは ひとつも かわって いない(471 spot / 654 path / 118 zone / 107 ひみつ)
  ---
  duration_ms: 17.892229
  type: 'test'
  ...
# Subtest: C1. ジャングルは 南西の 外洋に うかぶ しま。本土の どの 地域とも 陸つづきに 見えない
ok 816 - C1. ジャングルは 南西の 外洋に うかぶ しま。本土の どの 地域とも 陸つづきに 見えない
  ---
  duration_ms: 28.949532
  type: 'test'
  ...
# Subtest: C2. かいがんせん(本土)は しまに さわらない。しまは べつの 地形として もつ
ok 817 - C2. かいがんせん(本土)は しまに さわらない。しまは べつの 地形として もつ
  ---
  duration_ms: 18.306303
  type: 'test'
  ...
# Subtest: C3. しまは ジャングルを 見つける まで 1 てんも 出ない(なまえも かたちも)
ok 818 - C3. しまは ジャングルを 見つける まで 1 てんも 出ない(なまえも かたちも)
  ---
  duration_ms: 18.216207
  type: 'test'
  ...
# Subtest: C4. ジャングルの なかみ(spot / path / zone / ひみつ)は 1つも かわって いない
ok 819 - C4. ジャングルの なかみ(spot / path / zone / ひみつ)は 1つも かわって いない
  ---
  duration_ms: 331.852759
  type: 'test'
  ...
# Subtest: C5. しまに した あとの みちの かず・つなぎ
ok 820 - C5. しまに した あとの みちの かず・つなぎ
  ---
  duration_ms: 30.187078
  type: 'test'
  ...
# Subtest: D1. 地形には ぜんぶ「あるいて いる ときの けしき」の いみが ついて いる
ok 821 - D1. 地形には ぜんぶ「あるいて いる ときの けしき」の いみが ついて いる
  ---
  duration_ms: 28.095674
  type: 'test'
  ...
# Subtest: D2. 地形の いみは 世界地図の データに 1文字も まざらない
ok 822 - D2. 地形の いみは 世界地図の データに 1文字も まざらない
  ---
  duration_ms: 21.672069
  type: 'test'
  ...
# Subtest: the fauna classifier flags birds, fish, mammals, reptiles and bugs but not plants, shells, paw prints or coral
ok 823 - the fauna classifier flags birds, fish, mammals, reptiles and bugs but not plants, shells, paw prints or coral
  ---
  duration_ms: 117.147483
  type: 'test'
  ...
# Subtest: the jungle random props / lane / hint contain no parrot or snake
ok 824 - the jungle random props / lane / hint contain no parrot or snake
  ---
  duration_ms: 21.62027
  type: 'test'
  ...
# Subtest: no random scenery pool in any region contains living fauna (props, lane, wall, hint, zone lanes, spot props, local flavor)
ok 825 - no random scenery pool in any region contains living fauna (props, lane, wall, hint, zone lanes, spot props, local flavor)
  ---
  duration_ms: 32.763283
  type: 'test'
  ...
# Subtest: the built worlds place no fauna as scenery: every living creature on screen is a registry resident
ok 826 - the built worlds place no fauna as scenery: every living creature on screen is a registry resident
  ---
  duration_ms: 1623.670948
  type: 'test'
  ...
# Subtest: the fauna cleanup does not change the resident registry or the resident placement per region
ok 827 - the fauna cleanup does not change the resident registry or the resident placement per region
  ---
  duration_ms: 3012.269755
  type: 'test'
  ...
# Subtest: scenery is kept rich, but as space rather than scattered trinkets: pools, ground areas and framing all stay in place
ok 828 - scenery is kept rich, but as space rather than scattered trinkets: pools, ground areas and framing all stay in place
  ---
  duration_ms: 1608.384487
  type: 'test'
  ...
# Subtest: the snow world no longer scatters the snowman partner: no ⛄ in props, lane, hint or spot props, density unchanged
ok 829 - the snow world no longer scatters the snowman partner: no ⛄ in props, lane, hint or spot props, density unchanged
  ---
  duration_ms: 20.349985
  type: 'test'
  ...
# Subtest: companion, rare companion and partner emoji are known to the audit, including the ☃️/⛄ alias of the snowman
ok 830 - companion, rare companion and partner emoji are known to the audit, including the ☃️/⛄ alias of the snowman
  ---
  duration_ms: 28.317599
  type: 'test'
  ...
# Subtest: no random scenery pool (props / lane / wall / hint / zone lanes / local flavor) contains a companion, partner or character-asset emoji
ok 831 - no random scenery pool (props / lane / wall / hint / zone lanes / local flavor) contains a companion, partner or character-asset emoji
  ---
  duration_ms: 24.722659
  type: 'test'
  ...
# Subtest: a character emoji sneaking back into a random pool or a second statue spot is reported by the audit
ok 832 - a character emoji sneaking back into a random pool or a second statue spot is reported by the audit
  ---
  duration_ms: 34.731428
  type: 'test'
  ...
# Subtest: every spot says what can be done there, and the list comes from the world, not from a hand-written table
ok 833 - every spot says what can be done there, and the list comes from the world, not from a hand-written table
  ---
  duration_ms: 1710.218791
  type: 'test'
  ...
# Subtest: the 13 regions do not share one set of AI numbers
ok 834 - the 13 regions do not share one set of AI numbers
  ---
  duration_ms: 0.405902
  type: 'test'
  ...
# Subtest: a resident picks an activity, walks there along the paths and does it, rather than drifting at random
ok 835 - a resident picks an activity, walks there along the paths and does it, rather than drifting at random
  ---
  duration_ms: 1554.441174
  type: 'test'
  ...
# Subtest: residents are held by the same world-space colliders as the player and never enter the sea you may not walk in
ok 836 - residents are held by the same world-space colliders as the player and never enter the sea you may not walk in
  ---
  duration_ms: 21192.438853
  type: 'test'
  ...
# Subtest: every way a resident is placed puts them somewhere they can actually stand
ok 837 - every way a resident is placed puts them somewhere they can actually stand
  ---
  duration_ms: 18833.412794
  type: 'test'
  ...
# Subtest: the same seed replays the same life, so this suite cannot pass by luck
ok 838 - the same seed replays the same life, so this suite cannot pass by luck
  ---
  duration_ms: 1741.783121
  type: 'test'
  ...
# Subtest: talking starts by two residents coming together and facing each other, never at a distance
ok 839 - talking starts by two residents coming together and facing each other, never at a distance
  ---
  duration_ms: 7362.378578
  type: 'test'
  ...
# Subtest: nobody is asked to talk by three people at once: an interaction is reserved before it starts
ok 840 - nobody is asked to talk by three people at once: an interaction is reserved before it starts
  ---
  duration_ms: 4811.066357
  type: 'test'
  ...
# Subtest: a gathering forms as a few residents arriving at the same place, and stays small
ok 841 - a gathering forms as a few residents arriving at the same place, and stays small
  ---
  duration_ms: 8098.306449
  type: 'test'
  ...
# Subtest: the time of day changes what residents do, and not everybody changes at the same moment
ok 842 - the time of day changes what residents do, and not everybody changes at the same moment
  ---
  duration_ms: 10171.89001
  type: 'test'
  ...
# Subtest: the weather changes where residents are: rain moves them under a roof, but not all of them
ok 843 - the weather changes where residents are: rain moves them under a roof, but not all of them
  ---
  duration_ms: 13126.653316
  type: 'test'
  ...
# Subtest: a quiet district stays quiet and a busy one does not: the district crowd figure reaches the life AI
ok 844 - a quiet district stays quiet and a busy one does not: the district crowd figure reaches the life AI
  ---
  duration_ms: 4701.563967
  type: 'test'
  ...
# Subtest: behaviour and emotion are two different things
ok 845 - behaviour and emotion are two different things
  ---
  duration_ms: 12471.722235
  type: 'test'
  ...
# Subtest: far-away residents drop to the cheap update, and the cost does not grow with the size of the world
ok 846 - far-away residents drop to the cheap update, and the cost does not grow with the size of the world
  ---
  duration_ms: 6196.711425
  type: 'test'
  ...
# Subtest: nobody is duplicated, the ones walking with you stay out of the resident life, and Naoto keeps the special place
ok 847 - nobody is duplicated, the ones walking with you stay out of the resident life, and Naoto keeps the special place
  ---
  duration_ms: 9964.92955
  type: 'test'
  ...
# Subtest: the life AI leaks nothing to the map: living residents do not discover spots, districts or paths for you
ok 848 - the life AI leaks nothing to the map: living residents do not discover spots, districts or paths for you
  ---
  duration_ms: 13276.690569
  type: 'test'
  ...
# Subtest: you can still talk to a resident whatever they are doing, and they go back to their life afterwards
ok 849 - you can still talk to a resident whatever they are doing, and they go back to their life afterwards
  ---
  duration_ms: 1788.61481
  type: 'test'
  ...
# Subtest: the renderer can read what a resident is doing and feeling through one stable door
ok 850 - the renderer can read what a resident is doing and feeling through one stable door
  ---
  duration_ms: 674.993307
  type: 'test'
  ...
# Subtest: running a whole day through, nobody freezes, nobody is held in an interaction for ever and nobody vanishes
ok 851 - running a whole day through, nobody freezes, nobody is held in an interaction for ever and nobody vanishes
  ---
  duration_ms: 15231.919474
  type: 'test'
  ...
# Subtest: じかんは ハーネスの とけい だけから くる(決定性の みはり)
ok 852 - じかんは ハーネスの とけい だけから くる(決定性の みはり)
  ---
  duration_ms: 6670.44982
  type: 'test'
  ...
# Subtest: a region you have never walked shows no paths, no spots and no landmarks: only the shape of the map
ok 853 - a region you have never walked shows no paths, no spots and no landmarks: only the shape of the map
  ---
  duration_ms: 1728.867275
  type: 'test'
  ...
# Subtest: walking into a district records it, and only the neighbours reachable by an ordinary path are hinted at
ok 854 - walking into a district records it, and only the neighbours reachable by an ordinary path are hinted at
  ---
  duration_ms: 445.717416
  type: 'test'
  ...
# Subtest: a spot appears on the map only once you have stood in it, and its name comes with it
ok 855 - a spot appears on the map only once you have stood in it, and its name comes with it
  ---
  duration_ms: 185.939623
  type: 'test'
  ...
# Subtest: an undiscovered secret leaks nothing: not its place, not its name, not the path to it, not even a marker
ok 856 - an undiscovered secret leaks nothing: not its place, not its name, not the path to it, not even a marker
  ---
  duration_ms: 1562.915043
  type: 'test'
  ...
# Subtest: a secret is added to the map the moment you find it, and not before
ok 857 - a secret is added to the map the moment you find it, and not before
  ---
  duration_ms: 340.615865
  type: 'test'
  ...
# Subtest: landmarks keep their three tiers, and are drawn only when the place they mark is known
ok 858 - landmarks keep their three tiers, and are drawn only when the place they mark is known
  ---
  duration_ms: 1410.555396
  type: 'test'
  ...
# Subtest: an old save that only knows spots is turned into a map without losing anything
ok 859 - an old save that only knows spots is turned into a map without losing anything
  ---
  duration_ms: 343.590512
  type: 'test'
  ...
# Subtest: the map save stays small: ids only, no coordinates, and it fits in the existing save shape
ok 860 - the map save stays small: ids only, no coordinates, and it fits in the existing save shape
  ---
  duration_ms: 1882.818014
  type: 'test'
  ...
# Subtest: opening the map pauses the walk and closing it puts you back where you stood
ok 861 - opening the map pauses the walk and closing it puts you back where you stood
  ---
  duration_ms: 517.315014
  type: 'test'
  ...
# Subtest: with the map closed there is no map work at all: it is built on open and thrown away on close
ok 862 - with the map closed there is no map work at all: it is built on open and thrown away on close
  ---
  duration_ms: 1284.051804
  type: 'test'
  ...
# Subtest: every one of the 13 regions can be drawn from mapData alone, and the progress never counts hidden secrets
ok 863 - every one of the 13 regions can be drawn from mapData alone, and the progress never counts hidden secrets
  ---
  duration_ms: 1513.676494
  type: 'test'
  ...
# Subtest: the map changes nothing about the scenery: the fauna and character audits still come back clean
ok 864 - the map changes nothing about the scenery: the fauna and character audits still come back clean
  ---
  duration_ms: 1528.849548
  type: 'test'
  ...
# Subtest: every region has its own wind, and every district says what moves there
ok 865 - every region has its own wind, and every district says what moves there
  ---
  duration_ms: 2310.152883
  type: 'test'
  ...
# Subtest: worldLayers hands a 3D renderer the air, the districts and the camera, without reading any drawing code
ok 866 - worldLayers hands a 3D renderer the air, the districts and the camera, without reading any drawing code
  ---
  duration_ms: 1603.808366
  type: 'test'
  ...
# Subtest: the camera keeps the rig and only adds a few percent: bob, pull back with speed, open districts, a glance at landmarks
ok 867 - the camera keeps the rig and only adds a few percent: bob, pull back with speed, open districts, a glance at landmarks
  ---
  duration_ms: 238.803785
  type: 'test'
  ...
# Subtest: parallax is a canvas-only layer trick: sky moves least, the foreground most, and no world coordinate changes
ok 868 - parallax is a canvas-only layer trick: sky moves least, the foreground most, and no world coordinate changes
  ---
  duration_ms: 160.795529
  type: 'test'
  ...
# Subtest: only what actually covers you goes see-through, and never too far
ok 869 - only what actually covers you goes see-through, and never too far
  ---
  duration_ms: 34.461714
  type: 'test'
  ...
# Subtest: the environment animation never adds creatures, and it thins out instead of stopping on a slow phone
ok 870 - the environment animation never adds creatures, and it thins out instead of stopping on a slow phone
  ---
  duration_ms: 1608.874838
  type: 'test'
  ...
# Subtest: transition: 27 companions never stand inside an obstacle after arriving (all 20 walk directions: on placement, after 1.5 s idle, and after walking)
ok 871 - transition: 27 companions never stand inside an obstacle after arriving (all 20 walk directions: on placement, after 1.5 s idle, and after walking)
  ---
  duration_ms: 7408.569928
  type: 'test'
  ...
# Subtest: corridor: 27 companions never stand inside an obstacle after arriving (all 20 walk directions: on placement, after 1.5 s idle, and after walking)
ok 872 - corridor: 27 companions never stand inside an obstacle after arriving (all 20 walk directions: on placement, after 1.5 s idle, and after walking)
  ---
  duration_ms: 4641.719884
  type: 'test'
  ...
# Subtest: 1. いまの ゲームで いっしょに あるける いちばん おおい 人数は 27(なかま 26 + こいびと 1)。コードから もとめる
ok 873 - 1. いまの ゲームで いっしょに あるける いちばん おおい 人数は 27(なかま 26 + こいびと 1)。コードから もとめる
  ---
  duration_ms: 132.536459
  type: 'test'
  ...
# Subtest: 2. かたち: 1〜2 は ななめ うしろ、3〜4 は ちいさな V、5 いじょうは 半円〜おうぎ。まえへ 出ない・横 1 列に ならない
ok 874 - 2. かたち: 1〜2 は ななめ うしろ、3〜4 は ちいさな V、5 いじょうは 半円〜おうぎ。まえへ 出ない・横 1 列に ならない
  ---
  duration_ms: 21.417069
  type: 'test'
  ...
# Subtest: 3. せまい ところ(corridor の 帯)は ほそく する。はばは 帯から(px ではなく world)。せまくても 1 本の 線に しない
ok 875 - 3. せまい ところ(corridor の 帯)は ほそく する。はばは 帯から(px ではなく world)。せまくても 1 本の 線に しない
  ---
  duration_ms: 25.054642
  type: 'test'
  ...
# Subtest: 4. 決定論・並び順が かわらない・らんすうを つかわない・O(n)
ok 876 - 4. 決定論・並び順が かわらない・らんすうを つかわない・O(n)
  ---
  duration_ms: 215.131206
  type: 'test'
  ...
# Subtest: 5. region: 1 / 2 / 4 / 8 / 16 / 27 にんで あるいた あと、うしろに ゆるく あつまる(まえへ 出ない・横 1 列に ならない・同じ ばしょに かさならない)
ok 877 - 5. region: 1 / 2 / 4 / 8 / 16 / 27 にんで あるいた あと、うしろに ゆるく あつまる(まえへ 出ない・横 1 列に ならない・同じ ばしょに かさならない)
  ---
  duration_ms: 1252.847181
  type: 'test'
  ...
# Subtest: 6. region に 入った とき、なかまは その ならびに いる(とおくから かけよらない・1 列に ならない)。当たり判定は ふやさない
ok 878 - 6. region に 入った とき、なかまは その ならびに いる(とおくから かけよらない・1 列に ならない)。当たり判定は ふやさない
  ---
  duration_ms: 314.896632
  type: 'test'
  ...
# Subtest: 7. corridor: 27 にんでも 帯の なか・帯が せまい 段では ほそく・引き返しでも 曲がりでも 段の さかいでも とばない
ok 879 - 7. corridor: 27 にんでも 帯の なか・帯が せまい 段では ほそく・引き返しでも 曲がりでも 段の さかいでも とばない
  ---
  duration_ms: 1396.226742
  type: 'test'
  ...
# Subtest: 8. start(): 27 にんで home → forest を あるいて 着いた とき、なかまは ならびの まま(1 列に ならない・ふえない)。セーブに ならびは のこらない
ok 880 - 8. start(): 27 にんで home → forest を あるいて 着いた とき、なかまは ならびの まま(1 列に ならない・ふえない)。セーブに ならびは のこらない
  ---
  duration_ms: 1363.244012
  type: 'test'
  ...
# Subtest: 1. partyLod: ちかい なかまは full、見かけの 大きさで medium / light。さかいで ぱたぱた しない・決定的
ok 881 - 1. partyLod: ちかい なかまは full、見かけの 大きさで medium / light。さかいで ぱたぱた しない・決定的
  ---
  duration_ms: 190.853203
  type: 'test'
  ...
# Subtest: 2. 1 / 4 / 8 / 16 / 27 にん: 全員 えがく・filter を まいかい つかわない・うしろの なかまほど かるい。16 にん いじょうは 命令 1 にん 2 いか
ok 882 - 2. 1 / 4 / 8 / 16 / 27 にん: 全員 えがく・filter を まいかい つかわない・うしろの なかまほど かるい。16 にん いじょうは 命令 1 にん 2 いか
  ---
  duration_ms: 987.209365
  type: 'test'
  ...
# Subtest: 3. え の したく: 1 回 作って つかいまわす(つぎの frame は 作らない)。おなじ え は おなじ もの。destroy で すてる
ok 883 - 3. え の したく: 1 回 作って つかいまわす(つぎの frame は 作らない)。おなじ え は おなじ もの。destroy で すてる
  ---
  duration_ms: 260.736098
  type: 'test'
  ...
# Subtest: 4. したくが できない(canvas が 作れない / こける)ときは もとの えがきかた へ。こわれない・全員 えがく
ok 884 - 4. したくが できない(canvas が 作れない / こける)ときは もとの えがきかた へ。こわれない・全員 えがく
  ---
  duration_ms: 533.232441
  type: 'test'
  ...
# Subtest: 5. 暗転の こさで 道の え を えがくか きめる: 0.95 いじょう は えがかない
ok 885 - 5. 暗転の こさで 道の え を えがくか きめる: 0.95 いじょう は えがかない
  ---
  duration_ms: 17.802907
  type: 'test'
  ...
# Subtest: 6. 27 にんで home → forest → home: 暗転の こい frame は 道を えがかない。組むのは 1 回(二重 build なし)。なかまは 27 のまま
ok 886 - 6. 27 にんで home → forest → home: 暗転の こい frame は 道を えがかない。組むのは 1 回(二重 build なし)。なかまは 27 のまま
  ---
  duration_ms: 2304.907194
  type: 'test'
  ...
# Subtest: 7. 27 にん: 着く まえに 引き返す(組んだ ものを すてる)・とちゅうで reload・reduced motion は transition
ok 887 - 7. 27 にん: 着く まえに 引き返す(組んだ ものを すてる)・とちゅうで reload・reduced motion は transition
  ---
  duration_ms: 3308.973531
  type: 'test'
  ...
# Subtest: 8. ほかの 出口・special は いまの まま(連続で あるくのは 許可リストの 5 本だけ。Phase 4E-4A)
ok 888 - 8. ほかの 出口・special は いまの まま(連続で あるくのは 許可リストの 5 本だけ。Phase 4E-4A)
  ---
  duration_ms: 1665.190568
  type: 'test'
  ...
# Subtest: 1. 27 にんの なかまは forest / mountain / city で あるいても とまっても 障害物に めりこまない(player と おなじ あたり)
ok 889 - 1. 27 にんの なかまは forest / mountain / city で あるいても とまっても 障害物に めりこまない(player と おなじ あたり)
  ---
  duration_ms: 3511.973592
  type: 'test'
  ...
# Subtest: 2. player も まえと おなじ あたりで とまる(めりこまない)。なかまが いても player の あるく みちは かわらない
ok 890 - 2. player も まえと おなじ あたりで とまる(めりこまない)。なかまが いても player の あるく みちは かわらない
  ---
  duration_ms: 1308.319286
  type: 'test'
  ...
# Subtest: 3. かたく 見える 物には あたりが ある: fore の 岩・見はり小屋・柵、切り株・丸太・大岩、道ばたの 木と 建物
ok 891 - 3. かたく 見える 物には あたりが ある: fore の 岩・見はり小屋・柵、切り株・丸太・大岩、道ばたの 木と 建物
  ---
  duration_ms: 808.352305
  type: 'test'
  ...
# Subtest: 4. 道の 面は あいて いる: 道はばの 3/4 の なかは どこでも player(半径 22)が 立てる。はし(±half)の かすりは main(12)より ふえない(13 地域)
ok 892 - 4. 道の 面は あいて いる: 道はばの 3/4 の なかは どこでも player(半径 22)が 立てる。はし(±half)の かすりは main(12)より ふえない(13 地域)
  ---
  duration_ms: 15701.666848
  type: 'test'
  ...
# Subtest: 5. 道の そばの かたい 物: 絵の 中心部に player が 立てる 数が main の 半分 いか(道の 面の うえの 物は のぞく)
ok 893 - 5. 道の そばの かたい 物: 絵の 中心部に player が 立てる 数が main の 半分 いか(道の 面の うえの 物は のぞく)
  ---
  duration_ms: 843.158292
  type: 'test'
  ...
# Subtest: 6. corridor: なかまも player と おなじ corridorBody で はしの いしを よける。帯の そとへ 出ない・1 frame で とばない
ok 894 - 6. corridor: なかまも player と おなじ corridorBody で はしの いしを よける。帯の そとへ 出ない・1 frame で とばない
  ---
  duration_ms: 2236.798505
  type: 'test'
  ...
# Subtest: 7. まわりこみ: 生け垣の むこうに 取り残されない(ならびの 点は player から 行ける ところ)。つまりの きろくは セーブに のこらない
ok 895 - 7. まわりこみ: 生け垣の むこうに 取り残されない(ならびの 点は player から 行ける ところ)。つまりの きろくは セーブに のこらない
  ---
  duration_ms: 353.710974
  type: 'test'
  ...
# Subtest: 8. たて看板(建物・がけ)の あたりは もとの あたりの なかで 道がわを けずる だけ(見る むきで 見えない かべに ならない)
ok 896 - 8. たて看板(建物・がけ)の あたりは もとの あたりの なかで 道がわを けずる だけ(見る むきで 見えない かべに ならない)
  ---
  duration_ms: 774.083566
  type: 'test'
  ...
# Subtest: 1. connection は 14 本。b あり 13 / gate 13 / 未実装 0 / special 2
ok 897 - 1. connection は 14 本。b あり 13 / gate 13 / 未実装 0 / special 2
  ---
  duration_ms: 114.553458
  type: 'test'
  ...
# Subtest: 2. gate の 端点は ぜんぶで 26。出口を 1 つも もたない 地域は 1 つだけ
ok 898 - 2. gate の 端点は ぜんぶで 26。出口を 1 つも もたない 地域は 1 つだけ
  ---
  duration_ms: 18.653718
  type: 'test'
  ...
# Subtest: 3. 未実装 connection は 0 本(ぜんぶの みちが 通れる)
ok 899 - 3. 未実装 connection は 0 本(ぜんぶの みちが 通れる)
  ---
  duration_ms: 33.374896
  type: 'test'
  ...
# Subtest: 4. mouths の spot は ぜんぶ じっさいに あって、ひみつでは ない
ok 900 - 4. mouths の spot は ぜんぶ じっさいに あって、ひみつでは ない
  ---
  duration_ms: 17.616865
  type: 'test'
  ...
# Subtest: 5. anchor 候補は ぜんぶ 既存の spot で たりる(新しい spot は いらない)
ok 901 - 5. anchor 候補は ぜんぶ 既存の spot で たりる(新しい spot は いらない)
  ---
  duration_ms: 27.950217
  type: 'test'
  ...
# Subtest: 6. **よその 地域を つらぬいて いる みちは 1 本も ない**
ok 902 - 6. **よその 地域を つらぬいて いる みちは 1 本も ない**
  ---
  duration_ms: 38.579184
  type: 'test'
  ...
# Subtest: 7. 分水界の 点列は にしのやまちの 南はし 4 点と おなじ
ok 903 - 7. 分水界の 点列は にしのやまちの 南はし 4 点と おなじ
  ---
  duration_ms: 23.140404
  type: 'test'
  ...
# Subtest: 8. home の 2 本は どちらも おおきなき。いまの sim は 1 spot 1 gate しか ひろえない
ok 904 - 8. home の 2 本は どちらも おおきなき。いまの sim は 1 spot 1 gate しか ひろえない
  ---
  duration_ms: 15.363747
  type: 'test'
  ...
# Subtest: 9. 通常 11 地域の 次数。一本道では なく、わが 1 つ ある
ok 905 - 9. 通常 11 地域の 次数。一本道では なく、わが 1 つ ある
  ---
  duration_ms: 25.917362
  type: 'test'
  ...
# Subtest: 10. 探索率の 分母(region 11 / link 13 / tier1 17 / zone 103)
ok 906 - 10. 探索率の 分母(region 11 / link 13 / tier1 17 / zone 103)
  ---
  duration_ms: 16.929268
  type: 'test'
  ...
# Subtest: 11. 地域の かずと 世界の 中みは 1 つも 動いて いない
ok 907 - 11. 地域の かずと 世界の 中みは 1 つも 動いて いない
  ---
  duration_ms: 24.333794
  type: 'test'
  ...
# Subtest: 12. 「たび」は 無変更。まだ あるいて 行けない 地域へも たびでは 行ける
ok 908 - 12. 「たび」は 無変更。まだ あるいて 行けない 地域へも たびでは 行ける
  ---
  duration_ms: 26.843027
  type: 'test'
  ...
# Subtest: 1. 正本から きえた。connection 15 → 14 / 未実装 0
ok 909 - 1. 正本から きえた。connection 15 → 14 / 未実装 0
  ---
  duration_ms: 104.115678
  type: 'test'
  ...
# Subtest: 2. 探索率の link 分母が 13 → 12。**かずを たもつ ための 代わりは 足して いない**
ok 910 - 2. 探索率の link 分母が 13 → 12。**かずを たもつ ための 代わりは 足して いない**
  ---
  duration_ms: 18.406666
  type: 'test'
  ...
# Subtest: 3. worldLinksFrom(): 両はしの spot を ぜんぶ 見つけても もう 出て こない
ok 911 - 3. worldLinksFrom(): 両はしの spot を ぜんぶ 見つけても もう 出て こない
  ---
  duration_ms: 27.158593
  type: 'test'
  ...
# Subtest: 4. 世界地図に ゴーストの 線が 出ない(100% でも)
ok 912 - 4. 世界地図に ゴーストの 線が 出ない(100% でも)
  ---
  duration_ms: 18.594158
  type: 'test'
  ...
# Subtest: 5. **ふるい セーブに きろくが のこって いても 無害**(エラー / 水増し / 線の 復活 なし)
ok 913 - 5. **ふるい セーブに きろくが のこって いても 無害**(エラー / 水増し / 線の 復活 なし)
  ---
  duration_ms: 34.739064
  type: 'test'
  ...
# Subtest: 6. 連結性: いなか ⇄ みずべ は **もり けいゆ**でも **にしまわり**でも 行ける
ok 914 - 6. 連結性: いなか ⇄ みずべ は **もり けいゆ**でも **にしまわり**でも 行ける
  ---
  duration_ms: 18.483732
  type: 'test'
  ...
# Subtest: 7. 通常世界は ひとつの まま。あるいて 9 地域 / のりもの こみで 12 地域
ok 915 - 7. 通常世界は ひとつの まま。あるいて 9 地域 / のりもの こみで 12 地域
  ---
  duration_ms: 33.854349
  type: 'test'
  ...
# Subtest: 8. 既存の 13 gate が ぜんぶ 健在。出口の 組み合わせも 変わって いない
ok 916 - 8. 既存の 13 gate が ぜんぶ 健在。出口の 組み合わせも 変わって いない
  ---
  duration_ms: 1152.241028
  type: 'test'
  ...
# Subtest: 9. **spot は けして いない。**かわぞい も かわぎし も そのまま はたらく
ok 917 - 9. **spot は けして いない。**かわぞい も かわぎし も そのまま はたらく
  ---
  duration_ms: 16.782637
  type: 'test'
  ...
# Subtest: 10. region の なかみ・たび・なかま・住民は 1 つも 変わって いない
ok 918 - 10. region の なかみ・たび・なかま・住民は 1 つも 変わって いない
  ---
  duration_ms: 404.728879
  type: 'test'
  ...
# Subtest: 11. **よその region を 貫通する 線が 1 本も なくなった**(けした いちばんの りゆう)
ok 919 - 11. **よその region を 貫通する 線が 1 本も なくなった**(けした いちばんの りゆう)
  ---
  duration_ms: 22.698518
  type: 'test'
  ...
# Subtest: A1. forest|snow は 正本・地図・みちの はっけん の どこにも のこって いない
ok 920 - A1. forest|snow は 正本・地図・みちの はっけん の どこにも のこって いない
  ---
  duration_ms: 102.195132
  type: 'test'
  ...
# Subtest: A2. もり → やま → ゆきぐに が 正式な みちに なる。ゆきぐには やま だけ
ok 921 - A2. もり → やま → ゆきぐに が 正式な みちに なる。ゆきぐには やま だけ
  ---
  duration_ms: 28.614368
  type: 'test'
  ...
# Subtest: A3. 探索率の link ぶんぼは 正本から 13。ふるい セーブに のこって いても こわれない
ok 922 - A3. 探索率の link ぶんぼは 正本から 13。ふるい セーブに のこって いても こわれない
  ---
  duration_ms: 23.017018
  type: 'test'
  ...
# Subtest: A4. みちを けしても region の なかみは 1 つも かわって いない
ok 923 - A4. みちを けしても region の なかみは 1 つも かわって いない
  ---
  duration_ms: 17.718969
  type: 'test'
  ...
# Subtest: B1. regionGates は priority → id の きまった じゅんで かえす(データの じゅんに よらない)
ok 924 - B1. regionGates は priority → id の きまった じゅんで かえす(データの じゅんに よらない)
  ---
  duration_ms: 35.565911
  type: 'test'
  ...
# Subtest: B2. 1 つの spot に 出口が 2 つ あっても、両方 もてる
ok 925 - B2. 1 つの spot に 出口が 2 つ あっても、両方 もてる
  ---
  duration_ms: 75.338395
  type: 'test'
  ...
# Subtest: B3. どちらへ 出るかは いち と むきで きまる。**配列の じゅんばんに よらない**
ok 926 - B3. どちらへ 出るかは いち と むきで きまる。**配列の じゅんばんに よらない**
  ---
  duration_ms: 16.45976
  type: 'test'
  ...
# Subtest: B4. むきでも priority でも きまらない ときは わざと えらばない
ok 927 - B4. むきでも priority でも きまらない ときは わざと えらばない
  ---
  duration_ms: 40.450133
  type: 'test'
  ...
# Subtest: B5. 出口が 1 つの ときは これまでどおり。bearing が なくても うごく
ok 928 - B5. 出口が 1 つの ときは これまでどおり。bearing が なくても うごく
  ---
  duration_ms: 15.642748
  type: 'test'
  ...
# Subtest: B6. じっさいに あるいて、にしなら もり・ひがしなら かわへ 出る
ok 929 - B6. じっさいに あるいて、にしなら もり・ひがしなら かわへ 出る
  ---
  duration_ms: 134.030026
  type: 'test'
  ...
# Subtest: B7. 1 かいの よこぎりで gate は 1 どだけ(演出の 二じゅう はじまり なし)
ok 930 - B7. 1 かいの よこぎりで gate は 1 どだけ(演出の 二じゅう はじまり なし)
  ---
  duration_ms: 115.741518
  type: 'test'
  ...
# Subtest: B8. ride の 出口は 1 つの spot に 1 本まで(ボタンを ふやさない ための ルール)
ok 931 - B8. ride の 出口は 1 つの spot に 1 本まで(ボタンを ふやさない ための ルール)
  ---
  duration_ms: 49.065918
  type: 'test'
  ...
# Subtest: C1. これまでの 出口は そのまま。おうち → もり → いなか が あるける
ok 932 - C1. これまでの 出口は そのまま。おうち → もり → いなか が あるける
  ---
  duration_ms: 334.899132
  type: 'test'
  ...
# Subtest: C2. きめられた 出口 いがいからは 外へ 出られない(おうち ぜんぶの spot)
ok 933 - C2. きめられた 出口 いがいからは 外へ 出られない(おうち ぜんぶの spot)
  ---
  duration_ms: 299.331609
  type: 'test'
  ...
# Subtest: C3. 「たび」は 無変更。けした みちの さきへも たびでは 行ける
ok 934 - C3. 「たび」は 無変更。けした みちの さきへも たびでは 行ける
  ---
  duration_ms: 22.824307
  type: 'test'
  ...
# Subtest: C4. Fog: 見つけて いない 地域・みち・特殊移動は 1 つも もれない
ok 935 - C4. Fog: 見つけて いない 地域・みち・特殊移動は 1 つも もれない
  ---
  duration_ms: 14.508578
  type: 'test'
  ...
# Subtest: C5. なかまは ついてくる。住民は だぶらない
ok 936 - C5. なかまは ついてくる。住民は だぶらない
  ---
  duration_ms: 77.879426
  type: 'test'
  ...
# Subtest: 1. この PR の 2 本に あるく 出口が ある。connection は ふえて いない
ok 937 - 1. この PR の 2 本に あるく 出口が ある。connection は ふえて いない
  ---
  duration_ms: 109.602913
  type: 'test'
  ...
# Subtest: 2. anchor は ぜんぶ 既存の 非秘密 spot。**新しい spot は 1 つも つくって いない**
ok 938 - 2. anchor は ぜんぶ 既存の 非秘密 spot。**新しい spot は 1 つも つくって いない**
  ---
  duration_ms: 18.085761
  type: 'test'
  ...
# Subtest: 3. かわ・みずうみ の 2 つの 入口は かさならない。かわぎし は いなか用に あいて いる
ok 939 - 3. かわ・みずうみ の 2 つの 入口は かさならない。かわぎし は いなか用に あいて いる
  ---
  duration_ms: 184.915257
  type: 'test'
  ...
# Subtest: 4. おおきなきに 出口が 2 つ。にしなら もり・ひがしなら かわ
ok 940 - 4. おおきなきに 出口が 2 つ。にしなら もり・ひがしなら かわ
  ---
  duration_ms: 87.011747
  type: 'test'
  ...
# Subtest: 5. **とりちがえない**。にしへ よって かわに 出る / ひがしへ よって もりに 出る ことは ない
ok 941 - 5. **とりちがえない**。にしへ よって かわに 出る / ひがしへ よって もりに 出る ことは ない
  ---
  duration_ms: 310.122189
  type: 'test'
  ...
# Subtest: 6. まっすぐ あるいた ときは これまでどおり もり(既存の たいけんを かえない)
ok 942 - 6. まっすぐ あるいた ときは これまでどおり もり(既存の たいけんを かえない)
  ---
  duration_ms: 43.763692
  type: 'test'
  ...
# Subtest: 7. 1 かいの よこぎりで gate は 1 どだけ(演出の 二じゅう はじまり なし)
ok 943 - 7. 1 かいの よこぎりで gate は 1 どだけ(演出の 二じゅう はじまり なし)
  ---
  duration_ms: 161.488474
  type: 'test'
  ...
# Subtest: 8. おうち ⇄ かわ・みずうみ を 行って もどれる
ok 944 - 8. おうち ⇄ かわ・みずうみ を 行って もどれる
  ---
  duration_ms: 208.493549
  type: 'test'
  ...
# Subtest: 9. やま ⇄ かわ・みずうみ を 行って もどれる
ok 945 - 9. やま ⇄ かわ・みずうみ を 行って もどれる
  ---
  duration_ms: 343.936479
  type: 'test'
  ...
# Subtest: 10. たにの 川すじが あるいて つながる: やま → かわ → おうち → もり
ok 946 - 10. たにの 川すじが あるいて つながる: やま → かわ → おうち → もり
  ---
  duration_ms: 334.295332
  type: 'test'
  ...
# Subtest: 11. Phase 2.1 の しくみを そのまま つかう(あたらしい engine を つくって いない)
ok 947 - 11. Phase 2.1 の しくみを そのまま つかう(あたらしい engine を つくって いない)
  ---
  duration_ms: 311.388635
  type: 'test'
  ...
# Subtest: 12. non-region terrain: どの 出口も あいだの ちけいを もつ(いきなり ワープ しない)
ok 948 - 12. non-region terrain: どの 出口も あいだの ちけいを もつ(いきなり ワープ しない)
  ---
  duration_ms: 15.427303
  type: 'test'
  ...
# Subtest: 13. UI は ふえて いない。あるく 出口では context action を 出さない
ok 949 - 13. UI は ふえて いない。あるく 出口では context action を 出さない
  ---
  duration_ms: 425.261324
  type: 'test'
  ...
# Subtest: 14. 探索率の ぶんぼは 1 つも 動いて いない(gate を つけただけ)
ok 950 - 14. 探索率の ぶんぼは 1 つも 動いて いない(gate を つけただけ)
  ---
  duration_ms: 15.019157
  type: 'test'
  ...
# Subtest: 15. きめられた 出口 いがいからは 外へ 出られない(かわ・やま ぜんぶの spot)
ok 951 - 15. きめられた 出口 いがいからは 外へ 出られない(かわ・やま ぜんぶの spot)
  ---
  duration_ms: 1939.381379
  type: 'test'
  ...
# Subtest: 16. Fog: gate を つけても 見つけて いない ものは もれない
ok 952 - 16. Fog: gate を つけても 見つけて いない ものは もれない
  ---
  duration_ms: 23.425503
  type: 'test'
  ...
# Subtest: 17. 「たび」は 無変更。なかまは ついてくる。住民は だぶらない
ok 953 - 17. 「たび」は 無変更。なかまは ついてくる。住民は だぶらない
  ---
  duration_ms: 318.29362
  type: 'test'
  ...
# Subtest: 1. この PR の 2 本に あるく 出口が ある。connection は ふえて いない
ok 954 - 1. この PR の 2 本に あるく 出口が ある。connection は ふえて いない
  ---
  duration_ms: 110.570047
  type: 'test'
  ...
# Subtest: 2. forest|snow の ちょくつうろは 復活して いない。もり → やま → ゆきぐに
ok 955 - 2. forest|snow の ちょくつうろは 復活して いない。もり → やま → ゆきぐに
  ---
  duration_ms: 19.340844
  type: 'test'
  ...
# Subtest: 3. anchor は ぜんぶ 既存の 非秘密 spot。**新しい spot は 1 つも つくって いない**
ok 956 - 3. anchor は ぜんぶ 既存の 非秘密 spot。**新しい spot は 1 つも つくって いない**
  ---
  duration_ms: 29.04738
  type: 'test'
  ...
# Subtest: 4. やまの 出口は 4 つ。foot / ひがしの てんぼう / ちょうじょう / かぜのきれめ に やくわりが ぶんさん
ok 957 - 4. やまの 出口は 4 つ。foot / ひがしの てんぼう / ちょうじょう / かぜのきれめ に やくわりが ぶんさん
  ---
  duration_ms: 245.021764
  type: 'test'
  ...
# Subtest: 5. **やまの なかから かわ・みずうみへ もどれる**(もりの 出口が じゃまして いない)
ok 958 - 5. **やまの なかから かわ・みずうみへ もどれる**(もりの 出口が じゃまして いない)
  ---
  duration_ms: 11842.911509
  type: 'test'
  ...
# Subtest: 6. ひがしの てんぼうからは もりへ 出る(よこに ずれた ばしょだけ)
ok 959 - 6. ひがしの てんぼうからは もりへ 出る(よこに ずれた ばしょだけ)
  ---
  duration_ms: 197.195037
  type: 'test'
  ...
# Subtest: 7. もり ⇄ やま を 行って もどれる
ok 960 - 7. もり ⇄ やま を 行って もどれる
  ---
  duration_ms: 454.393511
  type: 'test'
  ...
# Subtest: 8. やま ⇄ ゆきぐに を 行って もどれる。どちらも おくが みね
ok 961 - 8. やま ⇄ ゆきぐに を 行って もどれる。どちらも おくが みね
  ---
  duration_ms: 304.89795
  type: 'test'
  ...
# Subtest: 9. にしの 大山塊が あるいて つながる: もり → やま → ゆきぐに → やま → かわ
ok 962 - 9. にしの 大山塊が あるいて つながる: もり → やま → ゆきぐに → やま → かわ
  ---
  duration_ms: 642.808279
  type: 'test'
  ...
# Subtest: 10. 1 かいの よこぎりで gate は 1 どだけ(演出の 二じゅう はじまり なし)
ok 963 - 10. 1 かいの よこぎりで gate は 1 どだけ(演出の 二じゅう はじまり なし)
  ---
  duration_ms: 970.379481
  type: 'test'
  ...
# Subtest: 11. Phase 2.1 の しくみを そのまま つかう(あたらしい engine を つくって いない)
ok 964 - 11. Phase 2.1 の しくみを そのまま つかう(あたらしい engine を つくって いない)
  ---
  duration_ms: 529.843216
  type: 'test'
  ...
# Subtest: 12. non-region terrain: どの 出口も あいだの ちけいを もつ(いきなり ワープ しない)
ok 965 - 12. non-region terrain: どの 出口も あいだの ちけいを もつ(いきなり ワープ しない)
  ---
  duration_ms: 15.769908
  type: 'test'
  ...
# Subtest: 13. UI は ふえて いない。あるく 出口では context action を 出さない
ok 966 - 13. UI は ふえて いない。あるく 出口では context action を 出さない
  ---
  duration_ms: 782.903949
  type: 'test'
  ...
# Subtest: 14. 探索率の ぶんぼは 1 つも 動いて いない(gate を つけただけ)
ok 967 - 14. 探索率の ぶんぼは 1 つも 動いて いない(gate を つけただけ)
  ---
  duration_ms: 15.795056
  type: 'test'
  ...
# Subtest: 15. きめられた 出口 いがいからは 外へ 出られない(もり・やま・ゆきぐに ぜんぶの spot)
ok 968 - 15. きめられた 出口 いがいからは 外へ 出られない(もり・やま・ゆきぐに ぜんぶの spot)
  ---
  duration_ms: 3482.12234
  type: 'test'
  ...
# Subtest: 16. Fog: もりを 知った だけで ゆきぐにの ばしょも そんざいも わからない
ok 969 - 16. Fog: もりを 知った だけで ゆきぐにの ばしょも そんざいも わからない
  ---
  duration_ms: 17.21037
  type: 'test'
  ...
# Subtest: 17. 「たび」は 無変更。なかまは ついてくる。住民は だぶらない
ok 970 - 17. 「たび」は 無変更。なかまは ついてくる。住民は だぶらない
  ---
  duration_ms: 660.701968
  type: 'test'
  ...
# Subtest: 18. 4 つの anchor は entry から **みちを たどって** 行ける(じっさいに あそべる)
ok 971 - 18. 4 つの anchor は entry から **みちを たどって** 行ける(じっさいに あそべる)
  ---
  duration_ms: 21.140286
  type: 'test'
  ...
# Subtest: 1. 2 本に あるく 出口が ついた。connection は ふえて いない
ok 972 - 1. 2 本に あるく 出口が ついた。connection は ふえて いない
  ---
  duration_ms: 104.621146
  type: 'test'
  ...
# Subtest: 2. anchor は ぜんぶ 既存の 非秘密 spot。**新しい spot は 1 つも つくって いない**
ok 973 - 2. anchor は ぜんぶ 既存の 非秘密 spot。**新しい spot は 1 つも つくって いない**
  ---
  duration_ms: 17.423713
  type: 'test'
  ...
# Subtest: 3. うみ: あるく(みなと) / ふね(ぼうはてい) / もぐる(どうくつ) が 混線しない
ok 974 - 3. うみ: あるく(みなと) / ふね(ぼうはてい) / もぐる(どうくつ) が 混線しない
  ---
  duration_ms: 176.835257
  type: 'test'
  ...
# Subtest: 4. **うみで あるいて ふね・もぐるへ 出て しまう ことが ない**(8 むき 実測)
ok 975 - 4. **うみで あるいて ふね・もぐるへ 出て しまう ことが ない**(8 むき 実測)
  ---
  duration_ms: 52304.439434
  type: 'test'
  ...
# Subtest: 5. ride ボタンは ぼうはてい / かいしょくどうくつ でしか 出ない
ok 976 - 5. ride ボタンは ぼうはてい / かいしょくどうくつ でしか 出ない
  ---
  duration_ms: 747.023839
  type: 'test'
  ...
# Subtest: 6. まち: 山ごえ(おおどおりのはし) / 河口(ふなつきば) / キャラバン(やたい) が 誤発火しない
ok 977 - 6. まち: 山ごえ(おおどおりのはし) / 河口(ふなつきば) / キャラバン(やたい) が 誤発火しない
  ---
  duration_ms: 113345.415096
  type: 'test'
  ...
# Subtest: 7. いなか: たなだのてんぼう(まち) / ちんじゅのもり(もり) / そらのりば(ほしぞら) が じゃましあわない
ok 978 - 7. いなか: たなだのてんぼう(まち) / ちんじゅのもり(もり) / そらのりば(ほしぞら) が じゃましあわない
  ---
  duration_ms: 83430.028594
  type: 'test'
  ...
# Subtest: 8. まち ⇄ いなか を 行って もどれる
ok 979 - 8. まち ⇄ いなか を 行って もどれる
  ---
  duration_ms: 487.000345
  type: 'test'
  ...
# Subtest: 9. まち ⇄ うみ を 行って もどれる
ok 980 - 9. まち ⇄ うみ を 行って もどれる
  ---
  duration_ms: 321.901914
  type: 'test'
  ...
# Subtest: 10. **あるいて せかいが 1 つに つながる**: おうち → もり → いなか → まち → うみ
ok 981 - 10. **あるいて せかいが 1 つに つながる**: おうち → もり → いなか → まち → うみ
  ---
  duration_ms: 647.001341
  type: 'test'
  ...
# Subtest: 11. 1 かいの よこぎりで gate は 1 どだけ(演出の 二じゅう はじまり なし)
ok 982 - 11. 1 かいの よこぎりで gate は 1 どだけ(演出の 二じゅう はじまり なし)
  ---
  duration_ms: 988.066722
  type: 'test'
  ...
# Subtest: 12. Phase 2.1 の しくみを そのまま つかう。gate 解決は 配列順に よらない
ok 983 - 12. Phase 2.1 の しくみを そのまま つかう。gate 解決は 配列順に よらない
  ---
  duration_ms: 559.140042
  type: 'test'
  ...
# Subtest: 13. non-region terrain: 両がわ 6 段階。みやこがわは たにの おおかわと べつ水系
ok 984 - 13. non-region terrain: 両がわ 6 段階。みやこがわは たにの おおかわと べつ水系
  ---
  duration_ms: 14.485532
  type: 'test'
  ...
# Subtest: 14. 探索率の ぶんぼは 1 つも 動いて いない(gate を つけただけ)
ok 985 - 14. 探索率の ぶんぼは 1 つも 動いて いない(gate を つけただけ)
  ---
  duration_ms: 15.077926
  type: 'test'
  ...
# Subtest: 15. きめられた 出口 いがいからは 外へ 出られない(まち・いなか・うみ ぜんぶの spot)
ok 986 - 15. きめられた 出口 いがいからは 外へ 出られない(まち・いなか・うみ ぜんぶの spot)
  ---
  duration_ms: 3631.445629
  type: 'test'
  ...
# Subtest: 16. Fog: いなかを 知った だけで まち・うみは もれない
ok 987 - 16. Fog: いなかを 知った だけで まち・うみは もれない
  ---
  duration_ms: 21.249722
  type: 'test'
  ...
# Subtest: 17. anchor は entry から みちを たどって 行ける。たび・なかま・住民も そのまま
ok 988 - 17. anchor は entry から みちを たどって 行ける。たび・なかま・住民も そのまま
  ---
  duration_ms: 566.061475
  type: 'test'
  ...
# Subtest: 1. 2 本に あるく 出口が ついた。connection は ふえて いない
ok 989 - 1. 2 本に あるく 出口が ついた。connection は ふえて いない
  ---
  duration_ms: 106.804999
  type: 'test'
  ...
# Subtest: 2. anchor は ぜんぶ 既存の 非秘密 spot。**新しい spot は 1 つも つくって いない**
ok 990 - 2. anchor は ぜんぶ 既存の 非秘密 spot。**新しい spot は 1 つも つくって いない**
  ---
  duration_ms: 17.28236
  type: 'test'
  ...
# Subtest: 3. さばくの 2 つの 入口は だんごに ならない(まちがわと やまがわが はなれて いる)
ok 991 - 3. さばくの 2 つの 入口は だんごに ならない(まちがわと やまがわが はなれて いる)
  ---
  duration_ms: 26.731187
  type: 'test'
  ...
# Subtest: 4. **さばく: あるいて まち・やま いがいへ 出て しまう ことが ない**(ぜんぶの spot x 8 むき 実測)
ok 992 - 4. **さばく: あるいて まち・やま いがいへ 出て しまう ことが ない**(ぜんぶの spot x 8 むき 実測)
  ---
  duration_ms: 142113.473655
  type: 'test'
  ...
# Subtest: 5. まち: やたい(さばく) / おおどおり(いなか) / ふなつきば(うみ) が 混線しない
ok 993 - 5. まち: やたい(さばく) / おおどおり(いなか) / ふなつきば(うみ) が 混線しない
  ---
  duration_ms: 250064.657828
  type: 'test'
  ...
# Subtest: 6. **やまの 4 つの 出口が たがいを ふさがない**(かわ / もり / ゆきぐに / さばく)
ok 994 - 6. **やまの 4 つの 出口が たがいを ふさがない**(かわ / もり / ゆきぐに / さばく)
  ---
  duration_ms: 112976.286962
  type: 'test'
  ...
# Subtest: 7. まち ⇄ さばく を 行って もどれる
ok 995 - 7. まち ⇄ さばく を 行って もどれる
  ---
  duration_ms: 216.080872
  type: 'test'
  ...
# Subtest: 8. さばく ⇄ やま を 行って もどれる
ok 996 - 8. さばく ⇄ やま を 行って もどれる
  ---
  duration_ms: 147.25742
  type: 'test'
  ...
# Subtest: 9. **さばくの こりつが とけた**: あるいて せかいが ひとつに つながる
ok 997 - 9. **さばくの こりつが とけた**: あるいて せかいが ひとつに つながる
  ---
  duration_ms: 10.340392
  type: 'test'
  ...
# Subtest: 10. わ に なって いる: city → desert → mountain → … → city
ok 998 - 10. わ に なって いる: city → desert → mountain → … → city
  ---
  duration_ms: 9.484352
  type: 'test'
  ...
# Subtest: 11. ジャングルとは つながない。desert|jungle は 復活して いない
ok 999 - 11. ジャングルとは つながない。desert|jungle は 復活して いない
  ---
  duration_ms: 74.240468
  type: 'test'
  ...
# Subtest: 12. のりものを ふやして いない。あたらしい 2 本は どちらも あるき
ok 1000 - 12. のりものを ふやして いない。あたらしい 2 本は どちらも あるき
  ---
  duration_ms: 248.594751
  type: 'test'
  ...
# Subtest: 13. Phase 2.1 の しくみを そのまま つかう。gate 解決は 配列順に よらない
ok 1001 - 13. Phase 2.1 の しくみを そのまま つかう。gate 解決は 配列順に よらない
  ---
  duration_ms: 277.495402
  type: 'test'
  ...
# Subtest: 14. 1 かいの よこぎりで gate は 1 どだけ(演出の 二じゅう はじまり なし)
ok 1002 - 14. 1 かいの よこぎりで gate は 1 どだけ(演出の 二じゅう はじまり なし)
  ---
  duration_ms: 373.705427
  type: 'test'
  ...
# Subtest: 15. non-region terrain: 両がわ 6 段。まちの となりが いきなり すなの せかいでは ない
ok 1003 - 15. non-region terrain: 両がわ 6 段。まちの となりが いきなり すなの せかいでは ない
  ---
  duration_ms: 12.962867
  type: 'test'
  ...
# Subtest: 16. きめられた 出口 いがいからは 外へ 出られない(まち・さばく・やま ぜんぶの spot)
ok 1004 - 16. きめられた 出口 いがいからは 外へ 出られない(まち・さばく・やま ぜんぶの spot)
  ---
  duration_ms: 1962.747063
  type: 'test'
  ...
# Subtest: 17. 探索率の ぶんぼは 1 つも 動いて いない(gate を つけただけ)
ok 1005 - 17. 探索率の ぶんぼは 1 つも 動いて いない(gate を つけただけ)
  ---
  duration_ms: 11.195763
  type: 'test'
  ...
# Subtest: 18. Fog: まちを 知った だけで さばく・やまは もれない
ok 1006 - 18. Fog: まちを 知った だけで さばく・やまは もれない
  ---
  duration_ms: 10.157767
  type: 'test'
  ...
# Subtest: 19. anchor は entry から みちを たどって 行ける。たび・なかま・住民も そのまま
ok 1007 - 19. anchor は entry から みちを たどって 行ける。たび・なかま・住民も そのまま
  ---
  duration_ms: 287.447339
  type: 'test'
  ...
# Subtest: 20. countryside|river_lake は Phase 3B-Final で けした。この PR の 2 本は のこる
ok 1008 - 20. countryside|river_lake は Phase 3B-Final で けした。この PR の 2 本は のこる
  ---
  duration_ms: 162.416852
  type: 'test'
  ...
# Subtest: 1. REGION_FRAME を もつのは 12 地域。きおくのみずうみ だけ もたない
ok 1009 - 1. REGION_FRAME を もつのは 12 地域。きおくのみずうみ だけ もたない
  ---
  duration_ms: 109.819991
  type: 'test'
  ...
# Subtest: 2. frame の 値は ぜんぶ 有限。yaw は **まるめて いない** 自由な 実数
ok 1010 - 2. frame の 値は ぜんぶ 有限。yaw は **まるめて いない** 自由な 実数
  ---
  duration_ms: 21.413769
  type: 'test'
  ...
# Subtest: 3. toGlobal → toLocal の 往復が 一致する(471 spot ぜんぶ)
ok 1011 - 3. toGlobal → toLocal の 往復が 一致する(471 spot ぜんぶ)
  ---
  duration_ms: 28.633605
  type: 'test'
  ...
# Subtest: 4. むき(dir)の 往復が 一致する。いちは 足さない
ok 1012 - 4. むき(dir)の 往復が 一致する。いちは 足さない
  ---
  duration_ms: 20.650928
  type: 'test'
  ...
# Subtest: 5. yaw の 往復が 一致する
ok 1013 - 5. yaw の 往復が 一致する
  ---
  duration_ms: 34.755325
  type: 'test'
  ...
# Subtest: 6. walk connection 10 本の closure が 目標(< 400)に おさまる
ok 1014 - 6. walk connection 10 本の closure が 目標(< 400)に おさまる
  ---
  duration_ms: 18.223598
  type: 'test'
  ...
# Subtest: 7. special connection は closure を しばらない。layer の 上下だけ しばる
ok 1015 - 7. special connection は closure を しばらない。layer の 上下だけ しばる
  ---
  duration_ms: 33.622598
  type: 'test'
  ...
# Subtest: 8. きおくのみずうみ は 通常 global 地理の そと。逆引きの かんすうは ない
ok 1016 - 8. きおくのみずうみ は 通常 global 地理の そと。逆引きの かんすうは ない
  ---
  duration_ms: 22.605796
  type: 'test'
  ...
# Subtest: 9. special layer(そら / ちじょう / うみのそこ)が 区別できる
ok 1017 - 9. special layer(そら / ちじょう / うみのそこ)が 区別できる
  ---
  duration_ms: 31.478224
  type: 'test'
  ...
# Subtest: 10. REGION_FRAME は mapX / mapY を つかって いない(世界地図とは べつの そう)
ok 1018 - 10. REGION_FRAME は mapX / mapY を つかって いない(世界地図とは べつの そう)
  ---
  duration_ms: 16.208049
  type: 'test'
  ...
# Subtest: 11. **消しても うごきが 変わらない**(まだ だれにも つかわれて いない)
ok 1019 - 11. **消しても うごきが 変わらない**(まだ だれにも つかわれて いない)
  ---
  duration_ms: 3839.739518
  type: 'test'
  ...
# Subtest: 12. 分母・spot・たび・セーブの かたちは 1 つも 動いて いない
ok 1020 - 12. 分母・spot・たび・セーブの かたちは 1 つも 動いて いない
  ---
  duration_ms: 28.710662
  type: 'test'
  ...
# Subtest: 1. corridor は 13 本 = gate を もつ connection ぜんぶ。きおくのみずうみ は 入らない
ok 1021 - 1. corridor は 13 本 = gate を もつ connection ぜんぶ。きおくのみずうみ は 入らない
  ---
  duration_ms: 102.460067
  type: 'test'
  ...
# Subtest: 2. walk / sea / vertical の わけかた と のりもの は 正本の gate / ride から
ok 1022 - 2. walk / sea / vertical の わけかた と のりもの は 正本の gate / ride から
  ---
  duration_ms: 20.065879
  type: 'test'
  ...
# Subtest: 3. こえかた(way)は むきごと。regionGates() と 1 本も ずれない
ok 1023 - 3. こえかた(way)は むきごと。regionGates() と 1 本も ずれない
  ---
  duration_ms: 3023.258142
  type: 'test'
  ...
# Subtest: 4. りょうはしは gate の 出口 spot を toGlobal した もの。ぜんぶ 有限
ok 1024 - 4. りょうはしは gate の 出口 spot を toGlobal した もの。ぜんぶ 有限
  ---
  duration_ms: 17.196572
  type: 'test'
  ...
# Subtest: 5. physicalGap と travelLength は べつもの。special は gap を しばらない
ok 1025 - 5. physicalGap と travelLength は べつもの。special は gap を しばらない
  ---
  duration_ms: 39.593426
  type: 'test'
  ...
# Subtest: 6. 段(terrain)は 正本の gate land / stages / transition を そのまま つかう。手で うつして いない
ok 1026 - 6. 段(terrain)は 正本の gate land / stages / transition を そのまま つかう。手で うつして いない
  ---
  duration_ms: 18.974634
  type: 'test'
  ...
# Subtest: 7. 方角は gate を 出る むき(leave)を global に うつした もの。8 方位
ok 1027 - 7. 方角は gate を 出る むき(leave)を global に うつした もの。8 方位
  ---
  duration_ms: 14.8946
  type: 'test'
  ...
# Subtest: 8. compassLabel: 8 方位の さかいめ
ok 1028 - 8. compassLabel: 8 方位の さかいめ
  ---
  duration_ms: 29.385792
  type: 'test'
  ...
# Subtest: 9. 方角に mapX / mapY も chart の 中心も つかって いない
ok 1029 - 9. 方角に mapX / mapY も chart の 中心も つかって いない
  ---
  duration_ms: 46.556335
  type: 'test'
  ...
# Subtest: 10. いき と かえり の つじつま
ok 1030 - 10. いき と かえり の つじつま
  ---
  duration_ms: 16.11438
  type: 'test'
  ...
# Subtest: 11. graph は 12 地域 ひとつながり。きおくのみずうみ は そと。逆引きは ない
ok 1031 - 11. graph は 12 地域 ひとつながり。きおくのみずうみ は そと。逆引きは ない
  ---
  duration_ms: 1428.739695
  type: 'test'
  ...
# Subtest: 12. findRegionRoute: だいひょうの みち
ok 1032 - 12. findRegionRoute: だいひょうの みち
  ---
  duration_ms: 26.50575
  type: 'test'
  ...
# Subtest: 13. はじめて よんだ ときに 1 どだけ つくる(毎フレーム つくらない)
ok 1033 - 13. はじめて よんだ ときに 1 どだけ つくる(毎フレーム つくらない)
  ---
  duration_ms: 25.134011
  type: 'test'
  ...
# Subtest: 14. **消しても うごきが 変わらない**(まだ だれにも つかわれて いない)
ok 1034 - 14. **消しても うごきが 変わらない**(まだ だれにも つかわれて いない)
  ---
  duration_ms: 4187.929307
  type: 'test'
  ...
# Subtest: 15. 分母・spot・たび・セーブ・REGION_FRAME は 1 つも 動いて いない
ok 1035 - 15. 分母・spot・たび・セーブ・REGION_FRAME は 1 つも 動いて いない
  ---
  duration_ms: 24.691242
  type: 'test'
  ...
# Subtest: 1. 遠景は 37 個。12 地域 すべてに ある。きおくのみずうみ は 入らない
ok 1036 - 1. 遠景は 37 個。12 地域 すべてに ある。きおくのみずうみ は 入らない
  ---
  duration_ms: 106.75031
  type: 'test'
  ...
# Subtest: 2. 行き先と 経路は graph / corridor に 実在する
ok 1037 - 2. 行き先と 経路は graph / corridor に 実在する
  ---
  duration_ms: 23.15792
  type: 'test'
  ...
# Subtest: 3. 方角は corridor の 出口の 向き。REGION_FRAME の 原点どうしは つかわない
ok 1038 - 3. 方角は corridor の 出口の 向き。REGION_FRAME の 原点どうしは つかわない
  ---
  duration_ms: 29.914729
  type: 'test'
  ...
# Subtest: 4. 分類・順位・LOD の 値が 正しい
ok 1039 - 4. 分類・順位・LOD の 値が 正しい
  ---
  duration_ms: 19.256357
  type: 'test'
  ...
# Subtest: 5. px を もたない(renderer に よらない いみデータ)
ok 1040 - 5. px を もたない(renderer に よらない いみデータ)
  ---
  duration_ms: 27.997017
  type: 'test'
  ...
# Subtest: 6. 見える 条件は 決定的。実時刻を 読まない
ok 1041 - 6. 見える 条件は 決定的。実時刻を 読まない
  ---
  duration_ms: 103.619428
  type: 'test'
  ...
# Subtest: 7. 街の 光は 夜だけ(夕方は うすく)。昼は 出ない
ok 1042 - 7. 街の 光は 夜だけ(夕方は うすく)。昼は 出ない
  ---
  duration_ms: 24.456899
  type: 'test'
  ...
# Subtest: 8. しま は うみ から だけ。道を 見つける まで 出ない。夜と 雨も 出ない
ok 1043 - 8. しま は うみ から だけ。道を 見つける まで 出ない。夜と 雨も 出ない
  ---
  duration_ms: 16.756708
  type: 'test'
  ...
# Subtest: 9. ほしぞら は 地上の 遠景では なく 上の 光。見つける まで 出ない
ok 1044 - 9. ほしぞら は 地上の 遠景では なく 上の 光。見つける まで 出ない
  ---
  duration_ms: 26.222581
  type: 'test'
  ...
# Subtest: 10. 1 画面に 出るのは 3 つ まで(順位で しぼる)
ok 1045 - 10. 1 画面に 出るのは 3 つ まで(順位で しぼる)
  ---
  duration_ms: 22.144531
  type: 'test'
  ...
# Subtest: 11. 1 どだけ 組み立てて freeze(毎フレーム つくらない)
ok 1046 - 11. 1 どだけ 組み立てて freeze(毎フレーム つくらない)
  ---
  duration_ms: 40.143823
  type: 'test'
  ...
# Subtest: 12. mapX / mapY を つかって いない
ok 1047 - 12. mapX / mapY を つかって いない
  ---
  duration_ms: 33.98734
  type: 'test'
  ...
# Subtest: 13. **消しても うごきが 変わらない**(つかうのは Phase 4D-2 の 遠景 PoC だけ)
ok 1048 - 13. **消しても うごきが 変わらない**(つかうのは Phase 4D-2 の 遠景 PoC だけ)
  ---
  duration_ms: 4396.514986
  type: 'test'
  ...
# Subtest: 14. 分母・spot・たび・セーブ・世界地図・corridor は 1 つも 動いて いない
ok 1049 - 14. 分母・spot・たび・セーブ・世界地図・corridor は 1 つも 動いて いない
  ---
  duration_ms: 173.653282
  type: 'test'
  ...
# Subtest: 1. start() は 遠景を もつ 地域に データを わたす(きおくのみずうみ には わたさない)
ok 1050 - 1. start() は 遠景を もつ 地域に データを わたす(きおくのみずうみ には わたさない)
  ---
  duration_ms: 1336.580057
  type: 'test'
  ...
# Subtest: 2. 方角固定: yaw 0〜315 で 画面の x は 方角 + カメラの 向き + 視野 だけで きまる(home / sea)
ok 1051 - 2. 方角固定: yaw 0〜315 で 画面の x は 方角 + カメラの 向き + 視野 だけで きまる(home / sea)
  ---
  duration_ms: 474.301011
  type: 'test'
  ...
# Subtest: 3. 見える 条件: 島は 見つけてから、街の 灯は 夕方・夜 だけ、しんかいは 地平線でなく たての 位置
ok 1052 - 3. 見える 条件: 島は 見つけてから、街の 灯は 夕方・夜 だけ、しんかいは 地平線でなく たての 位置
  ---
  duration_ms: 790.406299
  type: 'test'
  ...
# Subtest: 4. 性能 tier: 1 画面 3 / 2 / 1。lod.maxTier より おもい tier では 出さない
ok 1053 - 4. 性能 tier: 1 画面 3 / 2 / 1。lod.maxTier より おもい tier では 出さない
  ---
  duration_ms: 394.608783
  type: 'test'
  ...
# Subtest: 5. よいやすい せってい: 位置は おなじ、よこの ずれは よわく、ちらつかない。あらわれる ときは fade
ok 1054 - 5. よいやすい せってい: 位置は おなじ、よこの ずれは よわく、ちらつかない。あらわれる ときは fade
  ---
  duration_ms: 839.549264
  type: 'test'
  ...
# Subtest: 6. 2D 命令は 1 フレーム +30 いか(home / sea の いちばん おおい ばめん)
ok 1055 - 6. 2D 命令は 1 フレーム +30 いか(home / sea の いちばん おおい ばめん)
  ---
  duration_ms: 1930.063853
  type: 'test'
  ...
# Subtest: 7. renderer contract: データは よむ だけ。view・セーブ・地図の 座標・buildWorld は つかわない
ok 1056 - 7. renderer contract: データは よむ だけ。view・セーブ・地図の 座標・buildWorld は つかわない
  ---
  duration_ms: 266.697004
  type: 'test'
  ...
# Subtest: 8. **消しても うごきが 変わらない**: 4D-2 を 消した meguru.js と sim の 指紋が おなじ。ほかの 地域の え も おなじ
ok 1057 - 8. **消しても うごきが 変わらない**: 4D-2 を 消した meguru.js と sim の 指紋が おなじ。ほかの 地域の え も おなじ
  ---
  duration_ms: 3541.573861
  type: 'test'
  ...
# Subtest: 9. 分母・spot・たび・世界地図・corridor・DistantFeature の かずは 動いて いない
ok 1058 - 9. 分母・spot・たび・世界地図・corridor・DistantFeature の かずは 動いて いない
  ---
  duration_ms: 21.9578
  type: 'test'
  ...
# Subtest: 1. 12 地域 ぜんぶで 同じ パイプラインが うごく(start() から renderer へ)。きおくのみずうみ は 出さない
ok 1059 - 1. 12 地域 ぜんぶで 同じ パイプラインが うごく(start() から renderer へ)。きおくのみずうみ は 出さない
  ---
  duration_ms: 2648.772048
  type: 'test'
  ...
# Subtest: 2. よこは 方角固定: 12 地域の 代表 1 つずつ、yaw 0〜315 で 正しい がわへ うごく
ok 1060 - 2. よこは 方角固定: 12 地域の 代表 1 つずつ、yaw 0〜315 で 正しい がわへ うごく
  ---
  duration_ms: 3396.385244
  type: 'test'
  ...
# Subtest: 3. どの 地域も 遠景が じっさいに 画面に 出る。kind 11 種 ぜんぶ 描ける
ok 1061 - 3. どの 地域も 遠景が じっさいに 画面に 出る。kind 11 種 ぜんぶ 描ける
  ---
  duration_ms: 3878.226453
  type: 'test'
  ...
# Subtest: 4. たて: 方位を もたず、意味の 位置(上 / 中央上 / 中央下 / 水ぎわ)に 出る。カメラが まわっても うごかない
ok 1062 - 4. たて: 方位を もたず、意味の 位置(上 / 中央上 / 中央下 / 水ぎわ)に 出る。カメラが まわっても うごかない
  ---
  duration_ms: 874.602399
  type: 'test'
  ...
# Subtest: 5. 1 画面は たても ふくめて 3 / 2 / 1。同じ 方角は 2 まで、山影は 1 まい。低 tier は mid だけ
ok 1063 - 5. 1 画面は たても ふくめて 3 / 2 / 1。同じ 方角は 2 まで、山影は 1 まい。低 tier は mid だけ
  ---
  duration_ms: 25282.707533
  type: 'test'
  ...
# Subtest: 6. 見える 条件は visibleDistant の まま: ほしぞら・島は 見つけてから、下の 暗さは 出口の ちかく、街の 灯は 夕夜
ok 1064 - 6. 見える 条件は visibleDistant の まま: ほしぞら・島は 見つけてから、下の 暗さは 出口の ちかく、街の 灯は 夕夜
  ---
  duration_ms: 2323.871403
  type: 'test'
  ...
# Subtest: 7. 地域の みとおし(view)で こさを おさえる: 森・ジャングルは うすい。高い ところ(やまなみ)から 見る 山は ひくい
ok 1065 - 7. 地域の みとおし(view)で こさを おさえる: 森・ジャングルは うすい。高い ところ(やまなみ)から 見る 山は ひくい
  ---
  duration_ms: 605.394679
  type: 'test'
  ...
# Subtest: 8. よいやすい せってい: 12 地域 ぜんぶ 位置は おなじ・よこの ずれは 3 わり・ちらつかない
ok 1066 - 8. よいやすい せってい: 12 地域 ぜんぶ 位置は おなじ・よこの ずれは 3 わり・ちらつかない
  ---
  duration_ms: 3205.521451
  type: 'test'
  ...
# Subtest: 9. 2D 命令: 12 地域・ぜんぶの 向き・ぜんぶの tier の 最悪でも +30 いか
ok 1067 - 9. 2D 命令: 12 地域・ぜんぶの 向き・ぜんぶの tier の 最悪でも +30 いか
  ---
  duration_ms: 36109.685879
  type: 'test'
  ...
# Subtest: 10. renderer contract と 不変: 地域名で わけない・buildWorld / mapX を つかわない・セーブ / 当たり判定 / 住民 は そのまま
ok 1068 - 10. renderer contract と 不変: 地域名で わけない・buildWorld / mapX を つかわない・セーブ / 当たり判定 / 住民 は そのまま
  ---
  duration_ms: 1746.329576
  type: 'test'
  ...
# Subtest: 1. どの backdrop の どの そうも、右へ まわると 左へ ながれる(逆向き 0)。1 周 2° きざみ
ok 1069 - 1. どの backdrop の どの そうも、右へ まわると 左へ ながれる(逆向き 0)。1 周 2° きざみ
  ---
  duration_ms: 7362.486503
  type: 'test'
  ...
# Subtest: 2. 速さ: C だった 5 種は 角度どおりの 0.6〜1.2 倍、ほかは これまでの 速さ(0.1〜0.7 倍)の まま
ok 1070 - 2. 速さ: C だった 5 種は 角度どおりの 0.6〜1.2 倍、ほかは これまでの 速さ(0.1〜0.7 倍)の まま
  ---
  duration_ms: 2335.397121
  type: 'test'
  ...
# Subtest: 3. じっさいの 波の 形も 左へ ながれる(描いた 点で たしかめる)
ok 1071 - 3. じっさいの 波の 形も 左へ ながれる(描いた 点で たしかめる)
  ---
  duration_ms: 611.138559
  type: 'test'
  ...
# Subtest: 4. 1 周で 模様が つながる: 0° / 360° と ±180° の 前後で ずれが とばない
ok 1072 - 4. 1 周で 模様が つながる: 0° / 360° と ±180° の 前後で ずれが とばない
  ---
  duration_ms: 1578.599021
  type: 'test'
  ...
# Subtest: 5. 形は かえない: yaw 0・よこ 0 では どの そうも ずれ 0。描く 命令の かずは 向きで かわらない
ok 1073 - 5. 形は かえない: yaw 0・よこ 0 では どの そうも ずれ 0。描く 命令の かずは 向きで かわらない
  ---
  duration_ms: 2395.095703
  type: 'test'
  ...
# Subtest: 6. よいやすい せってい: 回転の 向きは おなじ(左へ)、歩いた ぶんの よこの ずれは 3 わり
ok 1074 - 6. よいやすい せってい: 回転の 向きは おなじ(左へ)、歩いた ぶんの よこの ずれは 3 わり
  ---
  duration_ms: 1354.728238
  type: 'test'
  ...
# Subtest: 7. 実時刻・地図の 座標を つかわない。遠景レイヤー(方角固定)は そのまま
ok 1075 - 7. 実時刻・地図の 座標を つかわない。遠景レイヤー(方角固定)は そのまま
  ---
  duration_ms: 32.786318
  type: 'test'
  ...
# Subtest: 8. セーブ・当たり判定・住民・たび・分母・DistantFeature は 動かない
ok 1076 - 8. セーブ・当たり判定・住民・たび・分母・DistantFeature は 動かない
  ---
  duration_ms: 2830.938842
  type: 'test'
  ...
# Subtest: 1. spec は walk の 10 本。Phase 4C の walk corridor と 1 対 1。special と きおくのみずうみ は 入らない
ok 1077 - 1. spec は walk の 10 本。Phase 4C の walk corridor と 1 対 1。special と きおくのみずうみ は 入らない
  ---
  duration_ms: 109.963289
  type: 'test'
  ...
# Subtest: 2. はし は gate の 出口 spot と 一致。むきも gate と あう
ok 1078 - 2. はし は gate の 出口 spot と 一致。むきも gate と あう
  ---
  duration_ms: 2605.023439
  type: 'test'
  ...
# Subtest: 3. 段の かずは land と おなじ。ことばは gate の land から(むきごと)。地面は 11 種
ok 1079 - 3. 段の かずは land と おなじ。ことばは gate の land から(むきごと)。地面は 11 種
  ---
  duration_ms: 53.398302
  type: 'test'
  ...
# Subtest: 4. walkLength = 段 × 450。初回 8.7〜10.4 秒、再訪は 1.4 倍の はやさ(かたちは 同じ)
ok 1080 - 4. walkLength = 段 × 450。初回 8.7〜10.4 秒、再訪は 1.4 倍の はやさ(かたちは 同じ)
  ---
  duration_ms: 17.164651
  type: 'test'
  ...
# Subtest: 5. むきは a の 出口 → b へ 入る むき へ なめらかに。はじめと おわりの 半段は まっすぐ
ok 1081 - 5. むきは a の 出口 → b へ 入る むき へ なめらかに。はじめと おわりの 半段は まっすぐ
  ---
  duration_ms: 25.119789
  type: 'test'
  ...
# Subtest: 6. 曲がる はやさ(260/s): めやす 30°/s。こえる ものには しるし。U ターン寄りは countryside|forest
ok 1082 - 6. 曲がる はやさ(260/s): めやす 30°/s。こえる ものには しるし。U ターン寄りは countryside|forest
  ---
  duration_ms: 85.431197
  type: 'test'
  ...
# Subtest: 7. 幅は いみの クラス(narrow / normal / wide)。world たんいの 幅と よこずれの 上限を みちびける
ok 1083 - 7. 幅は いみの クラス(narrow / normal / wide)。world たんいの 幅と よこずれの 上限を みちびける
  ---
  duration_ms: 24.254826
  type: 'test'
  ...
# Subtest: 8. 当たり判定は いみだけ。region の collider を もちこまない。障害物の 上限 24
ok 1084 - 8. 当たり判定は いみだけ。region の collider を もちこまない。障害物の 上限 24
  ---
  duration_ms: 20.780836
  type: 'test'
  ...
# Subtest: 9. いきと かえり: かたち・長さ・幅は 1 つを 共有、むきだけ さかさ
ok 1085 - 9. いきと かえり: かたち・長さ・幅は 1 つを 共有、むきだけ さかさ
  ---
  duration_ms: 18.093574
  type: 'test'
  ...
# Subtest: 10. handoff: 出口の pose ↔ s / u ↔ 入口の pose。むきの とびは 0.5° 未満、位置は spot の なか
ok 1086 - 10. handoff: 出口の pose ↔ s / u ↔ 入口の pose。むきの とびは 0.5° 未満、位置は spot の なか
  ---
  duration_ms: 28.125002
  type: 'test'
  ...
# Subtest: 11. closure の のこりを もちこまない: はしは spot の local 座標 そのもの。global の 位置では きめない
ok 1087 - 11. closure の のこりを もちこまない: はしは spot の local 座標 そのもの。global の 位置では きめない
  ---
  duration_ms: 29.048174
  type: 'test'
  ...
# Subtest: 12. fallback: reduced motion・perfTier 2・失敗・許可リスト外 は いまの transition
ok 1088 - 12. fallback: reduced motion・perfTier 2・失敗・許可リスト外 は いまの transition
  ---
  duration_ms: 21.226889
  type: 'test'
  ...
# Subtest: 13. CorridorState の かたち。s は 0〜walkLength の world 距離、u は よこの world 距離
ok 1089 - 13. CorridorState の かたち。s は 0〜walkLength の world 距離、u は よこの world 距離
  ---
  duration_ms: 17.107257
  type: 'test'
  ...
# Subtest: 14. 1 どだけ 組み立てて freeze。生成は かるい
ok 1090 - 14. 1 どだけ 組み立てて freeze。生成は かるい
  ---
  duration_ms: 38.010328
  type: 'test'
  ...
# Subtest: 15. まだ だれも つかって いない: simulation / renderer / UI / script.js から よばない
ok 1091 - 15. まだ だれも つかって いない: simulation / renderer / UI / script.js から よばない
  ---
  duration_ms: 29.643842
  type: 'test'
  ...
# Subtest: 16. **消しても うごきが 変わらない**: 4E-1 を 消した meguru.js と ゲームの 指紋が おなじ
ok 1092 - 16. **消しても うごきが 変わらない**: 4E-1 を 消した meguru.js と ゲームの 指紋が おなじ
  ---
  duration_ms: 4745.401494
  type: 'test'
  ...
# Subtest: 17. 分母・spot・たび・セーブ・世界地図・corridor・遠景・transition は 1 つも 動いて いない
ok 1093 - 17. 分母・spot・たび・セーブ・世界地図・corridor・遠景・transition は 1 つも 動いて いない
  ---
  duration_ms: 66.061607
  type: 'test'
  ...
# Subtest: 1. corridor を あるくのは 許可リストの 5 本(行きと 帰り)だけ。ほかの 出口は いまの transition(Phase 4E-4A で LOW 4 本を たした)
ok 1094 - 1. corridor を あるくのは 許可リストの 5 本(行きと 帰り)だけ。ほかの 出口は いまの transition(Phase 4E-4A で LOW 4 本を たした)
  ---
  duration_ms: 1595.070289
  type: 'test'
  ...
# Subtest: 2. fallback: よいやすい せってい・perfTier 2・しっぱいした・おもい・形が あわない → transition。perfTier 0 / 1 は corridor
ok 1095 - 2. fallback: よいやすい せってい・perfTier 2・しっぱいした・おもい・形が あわない → transition。perfTier 0 / 1 は corridor
  ---
  duration_ms: 54.890188
  type: 'test'
  ...
# Subtest: 3. home → forest: 長さは spec の まま、初回 10.4 秒 / 再訪 7.4 秒、段は 0 → 5、着く がわは forest の 入口
ok 1096 - 3. home → forest: 長さは spec の まま、初回 10.4 秒 / 再訪 7.4 秒、段は 0 → 5、着く がわは forest の 入口
  ---
  duration_ms: 97.464947
  type: 'test'
  ...
# Subtest: 4. forest → home も おなじ 形を さかさに つかう(長さ・段・幅は おなじ、ことばは forest がわ)
ok 1097 - 4. forest → home も おなじ 形を さかさに つかう(長さ・段・幅は おなじ、ことばは forest がわ)
  ---
  duration_ms: 51.368939
  type: 'test'
  ...
# Subtest: 5. s / u: 左右に あるけるが 帯の そとへは 出ない(幅クラスから)。レールでは ない
ok 1098 - 5. s / u: 左右に あるけるが 帯の そとへは 出ない(幅クラスから)。レールでは ない
  ---
  duration_ms: 80.558253
  type: 'test'
  ...
# Subtest: 6. むき: 入る しゅんかんに カメラは うごかない。曲がる はやさは spec どおり(初回 10.9°/s)、着く ときの ずれは 1° 未満
ok 1099 - 6. むき: 入る しゅんかんに カメラは うごかない。曲がる はやさは spec どおり(初回 10.9°/s)、着く ときの ずれは 1° 未満
  ---
  duration_ms: 133.788379
  type: 'test'
  ...
# Subtest: 7. 当たり判定: 帯の はしの いし だけ(1 段 1 こ・24 こ いない)。いしに めりこまない。region の 当たり判定は もたない
ok 1100 - 7. 当たり判定: 帯の はしの いし だけ(1 段 1 こ・24 こ いない)。いしに めりこまない。region の 当たり判定は もたない
  ---
  duration_ms: 57.546494
  type: 'test'
  ...
# Subtest: 8. なかまは ついてくる(帯の なか・じぶんの ちかく・かずは おなじ)。住民は 0
ok 1101 - 8. なかまは ついてくる(帯の なか・じぶんの ちかく・かずは おなじ)。住民は 0
  ---
  duration_ms: 91.728747
  type: 'test'
  ...
# Subtest: 9. 引き返し: とちゅうで もどると 出発 地域の 同じ 出口へ(commit しない)
ok 1102 - 9. 引き返し: とちゅうで もどると 出発 地域の 同じ 出口へ(commit しない)
  ---
  duration_ms: 44.297796
  type: 'test'
  ...
# Subtest: 10. け しき: 飾りは 150 こ いない、段の 地面の 種類で かわり、となりの 段と なめらかに まざる。地面の いろは 出発 → 到着 へ とばずに。背景は まんなかで 1 回だけ(Phase 4E-4A)。遠景は すすみぐあいで まざる
ok 1103 - 10. け しき: 飾りは 150 こ いない、段の 地面の 種類で かわり、となりの 段と なめらかに まざる。地面の いろは 出発 → 到着 へ とばずに。背景は まんなかで 1 回だけ(Phase 4E-4A)。遠景は すすみぐあいで まざる
  ---
  duration_ms: 56.791316
  type: 'test'
  ...
# Subtest: 11. start(): home → forest を あるく。とちゅうの セーブは home の まま、着いた ときだけ forest。corridor の あとかたは のこらない
ok 1104 - 11. start(): home → forest を あるく。とちゅうの セーブは home の まま、着いた ときだけ forest。corridor の あとかたは のこらない
  ---
  duration_ms: 472.32095
  type: 'test'
  ...
# Subtest: 12. とちゅうで reload(もどる → もう いちど start)すると 出発 地域から。セーブの かたちは かわらない
ok 1105 - 12. とちゅうで reload(もどる → もう いちど start)すると 出発 地域から。セーブの かたちは かわらない
  ---
  duration_ms: 106.089542
  type: 'test'
  ...
# Subtest: 13. とちゅうで 引き返すと home の 大きな 木へ。地域も セーブも かわらない
ok 1106 - 13. とちゅうで 引き返すと home の 大きな 木へ。地域も セーブも かわらない
  ---
  duration_ms: 77.317667
  type: 'test'
  ...
# Subtest: 20. corridor の あいだ、しらせ・その ばの ボタン(はなす / のる)は 出ない(こえた frame に 出た ものも のこらない)
ok 1107 - 20. corridor の あいだ、しらせ・その ばの ボタン(はなす / のる)は 出ない(こえた frame に 出た ものも のこらない)
  ---
  duration_ms: 994.025714
  type: 'test'
  ...
# Subtest: 21. 着く まえに 1 かい だけ 組み(prepare)、着いた ときに それを そのまま つかう(buildWorld を 2 かい よばない)。帰りも おなじ しくみ
ok 1108 - 21. 着く まえに 1 かい だけ 組み(prepare)、着いた ときに それを そのまま つかう(buildWorld を 2 かい よばない)。帰りも おなじ しくみ
  ---
  duration_ms: 452.070998
  type: 'test'
  ...
# Subtest: 22. commit で しっぱい: 地域が かわる まえ でも かわった あと でも、出発 地域へ もどる。セーブは home、corridor の あとかたなし、つぎは transition
ok 1109 - 22. commit で しっぱい: 地域が かわる まえ でも かわった あと でも、出発 地域へ もどる。セーブは home、corridor の あとかたなし、つぎは transition
  ---
  duration_ms: 1117.635956
  type: 'test'
  ...
# Subtest: 23. 終端 ちかくの 競合: 組んだ あとで 引き返す / もどる / reload / 暗く なりかけて 引き返す — どれも forest へ commit しない
ok 1110 - 23. 終端 ちかくの 競合: 組んだ あとで 引き返す / もどる / reload / 暗く なりかけて 引き返す — どれも forest へ commit しない
  ---
  duration_ms: 1111.87688
  type: 'test'
  ...
# Subtest: 24. けしきは はじめて でも 2 かいめ でも おなじ(はやさ だけ かわる)。いしは まっすぐ あるく 道の うえに ない
ok 1111 - 24. けしきは はじめて でも 2 かいめ でも おなじ(はやさ だけ かわる)。いしは まっすぐ あるく 道の うえに ない
  ---
  duration_ms: 24.881085
  type: 'test'
  ...
# Subtest: 25. なかまは 段の さかいでも とばない・きえない(ずっと 同じ かず、1 frame の うごきは ちいさい)
ok 1112 - 25. なかまは 段の さかいでも とばない・きえない(ずっと 同じ かず、1 frame の うごきは ちいさい)
  ---
  duration_ms: 372.955246
  type: 'test'
  ...
# Subtest: 14. よいやすい せってい・perfTier 2 は いまの transition(corridor は つかわない)。地域の いどうは できる
ok 1113 - 14. よいやすい せってい・perfTier 2 は いまの transition(corridor は つかわない)。地域の いどうは できる
  ---
  duration_ms: 641.994222
  type: 'test'
  ...
# Subtest: 15. home.bigtree の 2 つの 出口を とりちがえない: かわ(river_lake)の むきは home|river_lake、もりの むきは home|forest(Phase 4E-4A から どちらも corridor)
ok 1114 - 15. home.bigtree の 2 つの 出口を とりちがえない: かわ(river_lake)の むきは home|river_lake、もりの むきは home|forest(Phase 4E-4A から どちらも corridor)
  ---
  duration_ms: 568.796875
  type: 'test'
  ...
# Subtest: 16. 着く がわが 組み立てられない とき: home の 出口へ もどる。セーブは home、つぎからは transition
ok 1115 - 16. 着く がわが 組み立てられない とき: home の 出口へ もどる。セーブは home、つぎからは transition
  ---
  duration_ms: 347.374919
  type: 'test'
  ...
# Subtest: 17. walk で ない 出口(例: countryside の ゴンドラ)は いまの transition の まま(Phase 4E-4C で walk は 10 本 ぜんぶ corridor)
ok 1116 - 17. walk で ない 出口(例: countryside の ゴンドラ)は いまの transition の まま(Phase 4E-4C で walk は 10 本 ぜんぶ corridor)
  ---
  duration_ms: 204.035084
  type: 'test'
  ...
# Subtest: 18. 4E-2 の コードは 印の ついた ところ だけ。simulation・renderer・セーブ・たび は かえて いない
ok 1117 - 18. 4E-2 の コードは 印の ついた ところ だけ。simulation・renderer・セーブ・たび は かえて いない
  ---
  duration_ms: 15.236449
  type: 'test'
  ...
# Subtest: 19. 分母・spot・たび・セーブ・世界地図・corridor の かずは うごいて いない
ok 1118 - 19. 分母・spot・たび・セーブ・世界地図・corridor の かずは うごいて いない
  ---
  duration_ms: 25.09593
  type: 'test'
  ...
# Subtest: 1. じょうたいの きまり: 道の のこり 810 で 組みはじめ、のこり 1485 より もどったら すてる(あそび)。こけた あと・着いた あとは なにも しない(Phase 4E-4A で 割合 → のこり きょり)
ok 1119 - 1. じょうたいの きまり: 道の のこり 810 で 組みはじめ、のこり 1485 より もどったら すてる(あそび)。こけた あと・着いた あとは なにも しない(Phase 4E-4A で 割合 → のこり きょり)
  ---
  duration_ms: 107.888655
  type: 'test'
  ...
# Subtest: 2. buildWorldSteps: くぎって 組んでも・とちゅうで ほかの ことを しても、buildWorld と おなじ world(13 地域)
ok 1120 - 2. buildWorldSteps: くぎって 組んでも・とちゅうで ほかの ことを しても、buildWorld と おなじ world(13 地域)
  ---
  duration_ms: 9925.131827
  type: 'test'
  ...
# Subtest: 3. home → forest: 0.70 から 組みはじめ、着く まえに ready。組んで いる あいだ 正本は home。着いた ときに その world を つかう(二重 build なし)
ok 1121 - 3. home → forest: 0.70 から 組みはじめ、着く まえに ready。組んで いる あいだ 正本は home。着いた ときに その world を つかう(二重 build なし)
  ---
  duration_ms: 360.729281
  type: 'test'
  ...
# Subtest: 4. 帰り(forest → home)も 同じ しくみ。2 かいめ(はやあし 1.4 倍)でも 着く まえに ready
ok 1122 - 4. 帰り(forest → home)も 同じ しくみ。2 かいめ(はやあし 1.4 倍)でも 着く まえに ready
  ---
  duration_ms: 683.836004
  type: 'test'
  ...
# Subtest: 5. まにあわない(組みかけ で 着いた): のこりを その場で 組んで つかう。二重 build なし
ok 1123 - 5. まにあわない(組みかけ で 着いた): のこりを その場で 組んで つかう。二重 build なし
  ---
  duration_ms: 368.139075
  type: 'test'
  ...
# Subtest: 6. こける(台帳 / 組む とちゅう / 絵の したく / 着く ときの たしかめ): 歩きつづけ、着いた ときに 4E-2 の 着き方で forest へ。その 旅では 組みなおさない
ok 1124 - 6. こける(台帳 / 組む とちゅう / 絵の したく / 着く ときの たしかめ): 歩きつづけ、着いた ときに 4E-2 の 着き方で forest へ。その 旅では 組みなおさない
  ---
  duration_ms: 1752.470576
  type: 'test'
  ...
# Subtest: 7. 引き返し: 組む まえ / 組みかけ / ready の あと。0.45 より もどったら すてる。もどりきれば home。また すすめば 組みなおす
ok 1125 - 7. 引き返し: 組む まえ / 組みかけ / ready の あと。0.45 より もどったら すてる。もどりきれば home。また すすめば 組みなおす
  ---
  duration_ms: 878.505432
  type: 'test'
  ...
# Subtest: 8. reload(組みかけ / ready で やめる): 組んだ ものは すて、セーブは home。つぎは home から
ok 1126 - 8. reload(組みかけ / ready で やめる): 組んだ ものは すて、セーブは home。つぎは home から
  ---
  duration_ms: 572.620751
  type: 'test'
  ...
# Subtest: 9. 10 往復しても たまらない(組んだ world・わたす もの・ログ)。まいかい 組んで 1 回 つかう
ok 1127 - 9. 10 往復しても たまらない(組んだ world・わたす もの・ログ)。まいかい 組んで 1 回 つかう
  ---
  duration_ms: 2742.953506
  type: 'test'
  ...
# Subtest: 10. 27 にんでも 組んで 着く(ならびは そのまま)。セーブに あたらしい key は ない
ok 1128 - 10. 27 にんでも 組んで 着く(ならびは そのまま)。セーブに あたらしい key は ない
  ---
  duration_ms: 2011.436243
  type: 'test'
  ...
# Subtest: 11. reduced motion・perfTier 2 は いまの transition(preload も しない)。ほかの 出口・special も そのまま
ok 1129 - 11. reduced motion・perfTier 2 は いまの transition(preload も しない)。ほかの 出口・special も そのまま
  ---
  duration_ms: 2081.324667
  type: 'test'
  ...
# Subtest: 1. 許可リストは 5 本(かさならない)。のこり 5 本と special・memory_lake は いまの transition。LOW 4 本は 形が そろって いる
ok 1130 - 1. 許可リストは 5 本(かさならない)。のこり 5 本と special・memory_lake は いまの transition。LOW 4 本は 形が そろって いる
  ---
  duration_ms: 2617.643202
  type: 'test'
  ...
# Subtest: 2. 組みはじめ は 道の のこり 810(6 段 = 0.70)。5 本とも 曲がる はやさは 初回 / 2 かいめ 30°/s いか
ok 1131 - 2. 組みはじめ は 道の のこり 810(6 段 = 0.70)。5 本とも 曲がる はやさは 初回 / 2 かいめ 30°/s いか
  ---
  duration_ms: 17.615037
  type: 'test'
  ...
# Subtest: 3. 5 本 × 行きと 帰り(27 にん): 0.70 から 組み、着く まえに ready、組んだ world を 1 回 つかう。正本は 着く まで 出発 地域。はっけん・セーブの key・なかま
ok 1132 - 3. 5 本 × 行きと 帰り(27 にん): 0.70 から 組み、着く まえに ready、組んだ world を 1 回 つかう。正本は 着く まで 出発 地域。はっけん・セーブの key・なかま
  ---
  duration_ms: 67825.110665
  type: 'test'
  ...
# Subtest: 4. reload(組みかけ / ready で やめる): セーブは 出発 地域、組んだ ものは のこらない(home|forest いがい の 9 本)
ok 1133 - 4. reload(組みかけ / ready で やめる): セーブは 出発 地域、組んだ ものは のこらない(home|forest いがい の 9 本)
  ---
  duration_ms: 8466.591897
  type: 'test'
  ...
# Subtest: 5. しっぱい: 組む とちゅう / 絵の デコード / 着く ときの たしかめ で こけても 移動は とまらない(5 本)
ok 1134 - 5. しっぱい: 組む とちゅう / 絵の デコード / 着く ときの たしかめ で こけても 移動は とまらない(5 本)
  ---
  duration_ms: 9255.976837
  type: 'test'
  ...
# Subtest: 6. 絵の さきどり デコード: あるける 出口に ちかづくと その corridor の 段と 両端の ことば だけを 1 回(4E-4B: 道 ぜんぶの 段)。セーブ・地域は かわらない
ok 1135 - 6. 絵の さきどり デコード: あるける 出口に ちかづくと その corridor の 段と 両端の ことば だけを 1 回(4E-4B: 道 ぜんぶの 段)。セーブ・地域は かわらない
  ---
  duration_ms: 2751.011762
  type: 'test'
  ...
# Subtest: 7. 景色(5 本 × 行きと 帰り): 背景は まんなかで 1 回だけ 出発 → 到着。はしは 端の 地域の いろ。いろは とばない
ok 1136 - 7. 景色(5 本 × 行きと 帰り): 背景は まんなかで 1 回だけ 出発 → 到着。はしは 端の 地域の いろ。いろは とばない
  ---
  duration_ms: 251.367485
  type: 'test'
  ...
# Subtest: 8. home.bigtree の 2 出口: むきで 1 つに きまる(もり / かわ を とりちがえない)。city の 3 出口・mountain の 4 出口も とりちがえない
ok 1137 - 8. home.bigtree の 2 出口: むきで 1 つに きまる(もり / かわ を とりちがえない)。city の 3 出口・mountain の 4 出口も とりちがえない
  ---
  duration_ms: 4642.744001
  type: 'test'
  ...
# Subtest: 1. 曲がる はやさ: 8 本 × 行き / 帰り × 初回 / 2 かいめ を はかる。MEDIUM 3 本は 2 かいめでも 28°/s いか、4E-4A の 5 本は かわらない
ok 1138 - 1. 曲がる はやさ: 8 本 × 行き / 帰り × 初回 / 2 かいめ を はかる。MEDIUM 3 本は 2 かいめでも 28°/s いか、4E-4A の 5 本は かわらない
  ---
  duration_ms: 355.205731
  type: 'test'
  ...
# Subtest: 2. 曲がる 量 と 両はしの むきは 4C / 4E-1 の まま(ひろげる だけ)。むきの 積分 = 出口の むき、行きと 帰りは 同じ かたちを さかさに
ok 1139 - 2. 曲がる 量 と 両はしの むきは 4C / 4E-1 の まま(ひろげる だけ)。むきの 積分 = 出口の むき、行きと 帰りは 同じ かたちを さかさに
  ---
  duration_ms: 97.074367
  type: 'test'
  ...
# Subtest: 3. カメラ・なかま 27 にん・帯: MEDIUM 3 本 × 行き / 帰り(2 かいめ 1.4 倍)で なめらかに ついて いく。帯の そとへ 出ない
ok 1140 - 3. カメラ・なかま 27 にん・帯: MEDIUM 3 本 × 行き / 帰り(2 かいめ 1.4 倍)で なめらかに ついて いく。帯の そとへ 出ない
  ---
  duration_ms: 5057.561784
  type: 'test'
  ...
# Subtest: 4. 景色(MEDIUM 3 本): 森 → 岩 → 山、山 → 川 → 湖(海に ならない)、まち → 運河 / 港 → 海(深い 海・ジャングル・ふね を まぜない)
ok 1141 - 4. 景色(MEDIUM 3 本): 森 → 岩 → 山、山 → 川 → 湖(海に ならない)、まち → 運河 / 港 → 海(深い 海・ジャングル・ふね を まぜない)
  ---
  duration_ms: 199.254003
  type: 'test'
  ...
# Subtest: 5. city の 3 出口: desert・sea・countryside とも corridor(4E-4C)。special(ふね・ゴンドラ・もぐる)は 許可リストに ない
ok 1142 - 5. city の 3 出口: desert・sea・countryside とも corridor(4E-4C)。special(ふね・ゴンドラ・もぐる)は 許可リストに ない
  ---
  duration_ms: 469.693798
  type: 'test'
  ...
# Subtest: 1. 曲がりの 表(10 本): どれも 2 かいめ 30°/s いか・倍率 1.4(cap なし)。HIGH 2 本は city|countryside = level 2、countryside|forest = 一定 曲率(level 3)
ok 1143 - 1. 曲がりの 表(10 本): どれも 2 かいめ 30°/s いか・倍率 1.4(cap なし)。HIGH 2 本は city|countryside = level 2、countryside|forest = 一定 曲率(level 3)
  ---
  duration_ms: 104.399684
  type: 'test'
  ...
# Subtest: 2. countryside|forest の 一定 曲率: 行き / 帰り とも 道 ぜんぶ おなじ はやさで 曲がる。曲がる 量・両はし の むき・ぎゃく むき は 4E-1 の まま
ok 1144 - 2. countryside|forest の 一定 曲率: 行き / 帰り とも 道 ぜんぶ おなじ はやさで 曲がる。曲がる 量・両はし の むき・ぎゃく むき は 4E-1 の まま
  ---
  duration_ms: 56.884596
  type: 'test'
  ...
# Subtest: 3. カメラ・なかま 27 にん(HIGH 2 本 × 行き / 帰り、2 かいめ 1.4 倍 + とちゅうの U ターン): カメラは 上限 いか、なかまは とばない・ひろがらない
ok 1145 - 3. カメラ・なかま 27 にん(HIGH 2 本 × 行き / 帰り、2 かいめ 1.4 倍 + とちゅうの U ターン): カメラは 上限 いか、なかまは とばない・ひろがらない
  ---
  duration_ms: 6231.704883
  type: 'test'
  ...
# Subtest: 4. 景色 city|countryside: まち(灰 / ネオン) → 道・畑 → 村。いろは ひとつの むき、背景は 1 回、home の いえ・海 を まぜない
ok 1146 - 4. 景色 city|countryside: まち(灰 / ネオン) → 道・畑 → 村。いろは ひとつの むき、背景は 1 回、home の いえ・海 を まぜない
  ---
  duration_ms: 37.724885
  type: 'test'
  ...
# Subtest: 5. 景色 countryside|forest: 村・畑 → 雑木林 → 深い 森。村の はしは countryside の いろ(home の いえなみ・いろ で ない)。背景は 1 回、星の ことば なし
ok 1147 - 5. 景色 countryside|forest: 村・畑 → 雑木林 → 深い 森。村の はしは countryside の いろ(home の いえなみ・いろ で ない)。背景は 1 回、星の ことば なし
  ---
  duration_ms: 33.293773
  type: 'test'
  ...
# Subtest: 6. HIGH 2 本 × 行き / 帰り(start): あるく あいだ たび・ちず は つかえない / もどる・パッド は つかえる、着くと もとどおり。遠景に ゴンドラ(星の とまりば)の ひかり は 出ない。はっけんは 1 回
ok 1148 - 6. HIGH 2 本 × 行き / 帰り(start): あるく あいだ たび・ちず は つかえない / もどる・パッド は つかえる、着くと もとどおり。遠景に ゴンドラ(星の とまりば)の ひかり は 出ない。はっけんは 1 回
  ---
  duration_ms: 1764.822302
  type: 'test'
  ...
# Subtest: 7. HIGH 2 本 の fallback(start): よいやすい せってい・perfTier 2 は corridor を つかわず いまの transition で 着く
ok 1149 - 7. HIGH 2 本 の fallback(start): よいやすい せってい・perfTier 2 は corridor を つかわず いまの transition で 着く
  ---
  duration_ms: 2156.160483
  type: 'test'
  ...
# Subtest: 8. gate の 表(13 地域 × 出口): 地域 × spot × connection × mode。walk 10 本 × 2 = 20 出口 は corridor、special 5 出口 は transition、memory_lake は 出口 なし
ok 1150 - 8. gate の 表(13 地域 × 出口): 地域 × spot × connection × mode。walk 10 本 × 2 = 20 出口 は corridor、special 5 出口 は transition、memory_lake は 出口 なし
  ---
  duration_ms: 1436.420791
  type: 'test'
  ...
# Subtest: 9. special の 表(ふね・ゴンドラ・もぐる): 許可リストに いれても walk で ない ので transition。corridor の spec も ない
ok 1151 - 9. special の 表(ふね・ゴンドラ・もぐる): 許可リストに いれても walk で ない ので transition。corridor の spec も ない
  ---
  duration_ms: 603.50784
  type: 'test'
  ...
# Subtest: 10. 端の いろ の きまり(地形 × 地域 の きまり で、本ごと で ない): 10 本 の 端の 段を ほかの 地域の いろの 地形に かえても、道の はしは 端の 地域の いろ
ok 1152 - 10. 端の いろ の きまり(地形 × 地域 の きまり で、本ごと で ない): 10 本 の 端の 段を ほかの 地域の いろの 地形に かえても、道の はしは 端の 地域の いろ
  ---
  duration_ms: 96.865303
  type: 'test'
  ...
# Subtest: every region carries its own look: colours, backdrop, air, view distance, ground layers and structures all differ
ok 1153 - every region carries its own look: colours, backdrop, air, view distance, ground layers and structures all differ
  ---
  duration_ms: 110.905646
  type: 'test'
  ...
# Subtest: density follows the plan: the jungle and forest are dense, the desert and the memory lake are open
ok 1154 - density follows the plan: the jungle and forest are dense, the desert and the memory lake are open
  ---
  duration_ms: 2756.560587
  type: 'test'
  ...
# Subtest: the ground is never a big empty space: detail is generated from the world grid anywhere you stand
ok 1155 - the ground is never a big empty space: detail is generated from the world grid anywhere you stand
  ---
  duration_ms: 1535.584343
  type: 'test'
  ...
# Subtest: structures are canvas shapes with a region, never emoji, and never a living creature
ok 1156 - structures are canvas shapes with a region, never emoji, and never a living creature
  ---
  duration_ms: 2669.735164
  type: 'test'
  ...
# Subtest: water regions have real terrain and nobody can walk into the water
ok 1157 - water regions have real terrain and nobody can walk into the water
  ---
  duration_ms: 419.071279
  type: 'test'
  ...
# Subtest: the world layer still works with no canvas at all (the renderer stays swappable)
ok 1158 - the world layer still works with no canvas at all (the renderer stays swappable)
  ---
  duration_ms: 1603.588649
  type: 'test'
  ...
# Subtest: weather and time reach the regions that should have them: no rain under the sea or in the sky stop
ok 1159 - weather and time reach the regions that should have them: no rain under the sea or in the sky stop
  ---
  duration_ms: 14.852487
  type: 'test'
  ...
# Subtest: forest: drawing goes to the raw context; only text (emoji → illustration) goes through the wrapped context
ok 1160 - forest: drawing goes to the raw context; only text (emoji → illustration) goes through the wrapped context
  ---
  duration_ms: 463.207433
  type: 'test'
  ...
# Subtest: mountain: drawing goes to the raw context; only text (emoji → illustration) goes through the wrapped context
ok 1161 - mountain: drawing goes to the raw context; only text (emoji → illustration) goes through the wrapped context
  ---
  duration_ms: 218.289001
  type: 'test'
  ...
# Subtest: city: drawing goes to the raw context; only text (emoji → illustration) goes through the wrapped context
ok 1162 - city: drawing goes to the raw context; only text (emoji → illustration) goes through the wrapped context
  ---
  duration_ms: 275.897404
  type: 'test'
  ...
# Subtest: ground details: the per-cell memo returns exactly what a fresh world computes, across many queries and all regions
ok 1163 - ground details: the per-cell memo returns exactly what a fresh world computes, across many queries and all regions
  ---
  duration_ms: 26762.130497
  type: 'test'
  ...
# Subtest: city: ばらつき は city の 🏢 / 🏬 だけ。ほか の 地域 と 絵 は そのまま
ok 1164 - city: ばらつき は city の 🏢 / 🏬 だけ。ほか の 地域 と 絵 は そのまま
  ---
  duration_ms: 110.320213
  type: 'test'
  ...
# Subtest: city: おなじ いち は いつも おなじ 大きさ(決定的)。はば と たかさ は きめた はんい の なか
ok 1165 - city: おなじ いち は いつも おなじ 大きさ(決定的)。はば と たかさ は きめた はんい の なか
  ---
  duration_ms: 358.092819
  type: 'test'
  ...
# Subtest: city: 絵文字 を えがく ところ で ばらつき を わたす(ほか の 絵文字 は いままで どおり)
ok 1166 - city: 絵文字 を えがく ところ で ばらつき を わたす(ほか の 絵文字 は いままで どおり)
  ---
  duration_ms: 4.590231
  type: 'test'
  ...
# Subtest: city: 1 フレーム で えがく ビル の たて よこ の ひ が ばらける
ok 1167 - city: 1 フレーム で えがく ビル の たて よこ の ひ が ばらける
  ---
  duration_ms: 1501.123894
  type: 'test'
  ...
# Subtest: city: props・当たり判定 は そのまま(えがく とき だけ)
ok 1168 - city: props・当たり判定 は そのまま(えがく とき だけ)
  ---
  duration_ms: 390.216075
  type: 'test'
  ...
# Subtest: river_lake(night): もや は ふち を ぼかした 1 まい。かたい おび は ない
ok 1169 - river_lake(night): もや は ふち を ぼかした 1 まい。かたい おび は ない
  ---
  duration_ms: 1231.484425
  type: 'test'
  ...
# Subtest: river_lake(morning): もや は ふち を ぼかした 1 まい。かたい おび は ない
ok 1170 - river_lake(morning): もや は ふち を ぼかした 1 まい。かたい おび は ない
  ---
  duration_ms: 1213.982294
  type: 'test'
  ...
# Subtest: river_lake(day): 昼 は もや を えがかない(いままで どおり)
ok 1171 - river_lake(day): 昼 は もや を えがかない(いままで どおり)
  ---
  duration_ms: 1111.516998
  type: 'test'
  ...
# Subtest: river_lake: もや の とまり は 3 つ の やま(もと の 3 本 の おび の まんなか)
ok 1172 - river_lake: もや の とまり は 3 つ の やま(もと の 3 本 の おび の まんなか)
  ---
  duration_ms: 20.364708
  type: 'test'
  ...
# Subtest: counts: spot / path / zone / secret / 分母 / 遠景 / 発見レベル は 1 つも かわらない
ok 1173 - counts: spot / path / zone / secret / 分母 / 遠景 / 発見レベル は 1 つも かわらない
  ---
  duration_ms: 46.440938
  type: 'test'
  ...
# Subtest: river_lake: props・当たり判定 は そのまま
ok 1174 - river_lake: props・当たり判定 は そのまま
  ---
  duration_ms: 225.469576
  type: 'test'
  ...
# Subtest: save: 形 は かわらない(ばらつき・もや は セーブ しない)
ok 1175 - save: 形 は かわらない(ばらつき・もや は セーブ しない)
  ---
  duration_ms: 1135.206458
  type: 'test'
  ...
# Subtest: arch: drawStructure が しって いる 1 つ の かたち。地形 として えがく
ok 1176 - arch: drawStructure が しって いる 1 つ の かたち。地形 として えがく
  ---
  duration_ms: 126.603235
  type: 'test'
  ...
# Subtest: arch: いわのアーチ は rock、ほねのアーチ は bone。1 つ の かたち を ぬりわける
ok 1177 - arch: いわのアーチ は rock、ほねのアーチ は bone。1 つ の かたち を ぬりわける
  ---
  duration_ms: 233.343519
  type: 'test'
  ...
# Subtest: arch: rock は 穴を くりぬいた 岩、bone は 線 の ほね。えがきかた が ちがう
ok 1178 - arch: rock は 穴を くりぬいた 岩、bone は 線 の ほね。えがきかた が ちがう
  ---
  duration_ms: 2132.115509
  type: 'test'
  ...
# Subtest: arch: 1 フレーム の よびだし の ふえかた は ちいさい(2 か所 だけ)
ok 1179 - arch: 1 フレーム の よびだし の ふえかた は ちいさい(2 か所 だけ)
  ---
  duration_ms: 2184.158836
  type: 'test'
  ...
# Subtest: deco: 7 か所 とも deco で、view に して いない。しらせ の レベル は そのまま
ok 1180 - deco: 7 か所 とも deco で、view に して いない。しらせ の レベル は そのまま
  ---
  duration_ms: 836.592838
  type: 'test'
  ...
# Subtest: deco: solid に しない。当たり判定 に も 地図 に も のらない。カメラ も ふりむかない
ok 1181 - deco: solid に しない。当たり判定 に も 地図 に も のらない。カメラ も ふりむかない
  ---
  duration_ms: 1462.331148
  type: 'test'
  ...
# Subtest: deco: \#319 の view 4 か所 は keep を もたず、いち も かわらない ルール の まま
ok 1182 - deco: \#319 の view 4 か所 は keep を もたず、いち も かわらない ルール の まま
  ---
  duration_ms: 695.452573
  type: 'test'
  ...
# Subtest: counts: spot / path / zone / secret / 分母 / 遠景 / 発見レベル は 1 つも かわらない
ok 1183 - counts: spot / path / zone / secret / 分母 / 遠景 / 発見レベル は 1 つも かわらない
  ---
  duration_ms: 23.441961
  type: 'test'
  ...
# Subtest: counts: props が ふえる の は deco を もつ 6 地域 だけ(その かず だけ)
ok 1184 - counts: props が ふえる の は deco を もつ 6 地域 だけ(その かず だけ)
  ---
  duration_ms: 1400.161902
  type: 'test'
  ...
# Subtest: save: 形 は かわらない(deco は セーブ しない)
ok 1185 - save: 形 は かわらない(deco は セーブ しない)
  ---
  duration_ms: 1024.122858
  type: 'test'
  ...
# Subtest: snow: じめん の いろ は そのまま(世界地図・地域地図・corridor が つかう)
ok 1186 - snow: じめん の いろ は そのまま(世界地図・地域地図・corridor が つかう)
  ---
  duration_ms: 145.841324
  type: 'test'
  ...
# Subtest: snow: みち は 圧雪 の 青灰。雪面 から 読める が、青く しすぎない
ok 1187 - snow: みち は 圧雪 の 青灰。雪面 から 読める が、青く しすぎない
  ---
  duration_ms: 28.838385
  type: 'test'
  ...
# Subtest: snow: 雪面 の 起伏 と 足あと は 白 で なく 青灰〜薄紫。きらきら と 氷 は そのまま
ok 1188 - snow: 雪面 の 起伏 と 足あと は 白 で なく 青灰〜薄紫。きらきら と 氷 は そのまま
  ---
  duration_ms: 172.939736
  type: 'test'
  ...
# Subtest: memory_lake: 霧 は memory_lake の 木 と 草 だけ。ほか の 地域 と あかり は うすく しない
ok 1189 - memory_lake: 霧 は memory_lake の 木 と 草 だけ。ほか の 地域 と あかり は うすく しない
  ---
  duration_ms: 17.942376
  type: 'test'
  ...
# Subtest: memory_lake: ちかく は くっきり、とおく ほど 霧 に しずむ(ゆうれい に しない)
ok 1190 - memory_lake: ちかく は くっきり、とおく ほど 霧 に しずむ(ゆうれい に しない)
  ---
  duration_ms: 20.961568
  type: 'test'
  ...
# Subtest: memory_lake: 絵文字 の fade に 霧 を かける(描く 命令 は ふやさない)
ok 1191 - memory_lake: 絵文字 の fade に 霧 を かける(描く 命令 は ふやさない)
  ---
  duration_ms: 5.267933
  type: 'test'
  ...
# Subtest: memory_lake: props・木 の 壁・当たり判定 は そのまま(霧 は 見た目 だけ)
ok 1192 - memory_lake: props・木 の 壁・当たり判定 は そのまま(霧 は 見た目 だけ)
  ---
  duration_ms: 70.460998
  type: 'test'
  ...
# Subtest: star_stop(day): 地平線 を またぐ 霞 の おび が ある。地上 は 霞 の むこう
ok 1193 - star_stop(day): 地平線 を またぐ 霞 の おび が ある。地上 は 霞 の むこう
  ---
  duration_ms: 1210.43507
  type: 'test'
  ...
# Subtest: star_stop(night): 地平線 を またぐ 霞 の おび が ある。地上 は 霞 の むこう
ok 1194 - star_stop(night): 地平線 を またぐ 霞 の おび が ある。地上 は 霞 の むこう
  ---
  duration_ms: 1088.525514
  type: 'test'
  ...
# Subtest: star_stop: 遠景 は 1 つ(land_below)の まま。ほか の 地域 に 地平線 の した の 遠景 は ない
ok 1195 - star_stop: 遠景 は 1 つ(land_below)の まま。ほか の 地域 に 地平線 の した の 遠景 は ない
  ---
  duration_ms: 28.513185
  type: 'test'
  ...
# Subtest: counts: spot / path / zone / secret / 分母 / 遠景 / 発見レベル は 1 つも かわらない
ok 1196 - counts: spot / path / zone / secret / 分母 / 遠景 / 発見レベル は 1 つも かわらない
  ---
  duration_ms: 27.517093
  type: 'test'
  ...
# Subtest: snow / star_stop / memory_lake: props・当たり判定 は そのまま(いろ と 霞 と 霧 だけ)
ok 1197 - snow / star_stop / memory_lake: props・当たり判定 は そのまま(いろ と 霞 と 霧 だけ)
  ---
  duration_ms: 360.692414
  type: 'test'
  ...
# Subtest: save: 形 は かわらない(霧 や 霞 は セーブ しない)
ok 1198 - save: 形 は かわらない(霧 や 霞 は セーブ しない)
  ---
  duration_ms: 880.454672
  type: 'test'
  ...
# Subtest: 1. さばく ↔ ジャングルの 徒歩の みちは もう ない
ok 1199 - 1. さばく ↔ ジャングルの 徒歩の みちは もう ない
  ---
  duration_ms: 121.363673
  type: 'test'
  ...
# Subtest: 2. jungle|sea は special sea connection。ふつうの 徒歩の みちでは ない
ok 1200 - 2. jungle|sea は special sea connection。ふつうの 徒歩の みちでは ない
  ---
  duration_ms: 27.841021
  type: 'test'
  ...
# Subtest: 3. 出発と 上陸は、どちらも 実在する 非秘密の spot
ok 1201 - 3. 出発と 上陸は、どちらも 実在する 非秘密の spot
  ---
  duration_ms: 23.167465
  type: 'test'
  ...
# Subtest: 4. 外洋は region では ない。non-region geography として もって いる
ok 1202 - 4. 外洋は region では ない。non-region geography として もって いる
  ---
  duration_ms: 18.828492
  type: 'test'
  ...
# Subtest: 5. 海路は Phase 2.1 の transition 正本に そのまま のって いる
ok 1203 - 5. 海路は Phase 2.1 の transition 正本に そのまま のって いる
  ---
  duration_ms: 184.554229
  type: 'test'
  ...
# Subtest: 6. 初回は すこし ながく、2 かいめ からは みじかい。よいやすい せっていも きく
ok 1204 - 6. 初回は すこし ながく、2 かいめ からは みじかい。よいやすい せっていも きく
  ---
  duration_ms: 129.266109
  type: 'test'
  ...
# Subtest: 7. 音は sim/world がわ。え の がわは 音を 鳴らさない
ok 1205 - 7. 音は sim/world がわ。え の がわは 音を 鳴らさない
  ---
  duration_ms: 7.284715
  type: 'test'
  ...
# Subtest: 8. うみ → ふね → ジャングル。もどりも おなじ しくみで わたれる
ok 1206 - 8. うみ → ふね → ジャングル。もどりも おなじ しくみで わたれる
  ---
  duration_ms: 3701.103674
  type: 'test'
  ...
# Subtest: 9. なかまは いっしょに わたる。住民は のせない。二重に 出ない
ok 1207 - 9. なかまは いっしょに わたる。住民は のせない。二重に 出ない
  ---
  duration_ms: 2300.10529
  type: 'test'
  ...
# Subtest: 10. わたって いる あいだ、二重に はじまらない。ボタンも ぜんぶ ロックされる
ok 1208 - 10. わたって いる あいだ、二重に はじまらない。ボタンも ぜんぶ ロックされる
  ---
  duration_ms: 2259.110972
  type: 'test'
  ...
# Subtest: 11. 「たび」は これまで どおり。あるいて 行けなくても たびでは 行ける
ok 1209 - 11. 「たび」は これまで どおり。あるいて 行けなくても たびでは 行ける
  ---
  duration_ms: 427.53692
  type: 'test'
  ...
# Subtest: 12. 海路を 見つける まで、島も 航路も 1 つも もれない
ok 1210 - 12. 海路を 見つける まで、島も 航路も 1 つも もれない
  ---
  duration_ms: 20.906595
  type: 'test'
  ...
# Subtest: 13. 海路の はっけんは、りょうがわの 入口を どちらも 見つけた ときだけ
ok 1211 - 13. 海路の はっけんは、りょうがわの 入口を どちらも 見つけた ときだけ
  ---
  duration_ms: 20.634595
  type: 'test'
  ...
# Subtest: 14. 世界地図の 海路は 徒歩の みちと おなじ 線に しない
ok 1212 - 14. 世界地図の 海路は 徒歩の みちと おなじ 線に しない
  ---
  duration_ms: 4.093092
  type: 'test'
  ...
# Subtest: 15. 探索率: 通常 link の ぶんぼに ひみつも ゴンドラも 入って いない
ok 1213 - 15. 探索率: 通常 link の ぶんぼに ひみつも ゴンドラも 入って いない
  ---
  duration_ms: 16.054939
  type: 'test'
  ...
# Subtest: 16. 地域の なかみは 1 つも かわって いない
ok 1214 - 16. 地域の なかみは 1 つも かわって いない
  ---
  duration_ms: 16.290424
  type: 'test'
  ...
# Subtest: 17. ひみつは 1 つも 世界地図へ もれない(海路を 足した あとも)
ok 1215 - 17. ひみつは 1 つも 世界地図へ もれない(海路を 足した あとも)
  ---
  duration_ms: 26.137793
  type: 'test'
  ...
# Subtest: every dex entry becomes exactly one inhabitant somewhere; the current pet, companions and partner are not duplicated
ok 1216 - every dex entry becomes exactly one inhabitant somewhere; the current pet, companions and partner are not duplicated
  ---
  duration_ms: 1552.034366
  type: 'test'
  ...
# Subtest: Naoto never appears before the secret is unlocked, and afterwards waits at the far end of the memory lake
ok 1217 - Naoto never appears before the secret is unlocked, and afterwards waits at the far end of the memory lake
  ---
  duration_ms: 1597.932761
  type: 'test'
  ...
# Subtest: entering めぐる from the travel screen switches to the field, inhabitants live, talking works, and returning restores home
ok 1218 - entering めぐる from the travel screen switches to the field, inhabitants live, talking works, and returning restores home
  ---
  duration_ms: 474.757855
  type: 'test'
  ...
# Subtest: げんざいち keeps the home world and only changes its flavour; sleeping blocks entry
ok 1219 - げんざいち keeps the home world and only changes its flavour; sleeping blocks entry
  ---
  duration_ms: 53.004776
  type: 'test'
  ...
# Subtest: the simulation runs with no renderer or DOM: world coordinates, movement, obstacles, meeting and talking
ok 1220 - the simulation runs with no renderer or DOM: world coordinates, movement, obstacles, meeting and talking
  ---
  duration_ms: 1040.44461
  type: 'test'
  ...
# Subtest: the renderer is swappable: a custom renderer receives sim.view() and the world is never given screen coordinates
ok 1221 - the renderer is swappable: a custom renderer receives sim.view() and the world is never given screen coordinates
  ---
  duration_ms: 321.442552
  type: 'test'
  ...
# Subtest: every region is a spot graph: all spots reachable from the entrance, at least one loop and one secret place, crowds uneven
ok 1222 - every region is a spot graph: all spots reachable from the entrance, at least one loop and one secret place, crowds uneven
  ---
  duration_ms: 315.563777
  type: 'test'
  ...
# Subtest: camera-relative input, a camera that turns toward the walk direction, spot discovery events and facing
ok 1223 - camera-relative input, a camera that turns toward the walk direction, spot discovery events and facing
  ---
  duration_ms: 305.534284
  type: 'test'
  ...
# Subtest: spot discoveries are saved per region and survive re-entering
ok 1224 - spot discoveries are saved per region and survive re-entering
  ---
  duration_ms: 501.622855
  type: 'test'
  ...
# Subtest: holding one pad direction never spins the camera: the input frame is locked while the finger stays down
ok 1225 - holding one pad direction never spins the camera: the input frame is locked while the finger stays down
  ---
  duration_ms: 426.390573
  type: 'test'
  ...
# Subtest: regions differ in size and structure; zones give a mood that changes with depth; the forest is the maze
ok 1226 - regions differ in size and structure; zones give a mood that changes with depth; the forest is the maze
  ---
  duration_ms: 557.548024
  type: 'test'
  ...
# Subtest: こえかたは 4つの あいだ(approach → cross → arrive → settle)で できて いる
ok 1227 - こえかたは 4つの あいだ(approach → cross → arrive → settle)で できて いる
  ---
  duration_ms: 1.520693
  type: 'test'
  ...
# Subtest: のぼり / くだりは connection では なく layer の さ から きまる(かえりは 逆)
ok 1228 - のぼり / くだりは connection では なく layer の さ から きまる(かえりは 逆)
  ---
  duration_ms: 813.233812
  type: 'test'
  ...
# Subtest: 入れかえの しゅんかんは ぜったいに すけない(cross の あいだは ずっと 1)
ok 1229 - 入れかえの しゅんかんは ぜったいに すけない(cross の あいだは ずっと 1)
  ---
  duration_ms: 0.797182
  type: 'test'
  ...
# Subtest: settle が あり、操作は settle の あたまで もどる(ながく うばわない)
ok 1230 - settle が あり、操作は settle の あたまで もどる(ながく うばわない)
  ---
  duration_ms: 0.196736
  type: 'test'
  ...
# Subtest: 2かいめ は みじかく、よいやすい せっていは もっと みじかい(なくしはしない)
ok 1231 - 2かいめ は みじかく、よいやすい せっていは もっと みじかい(なくしはしない)
  ---
  duration_ms: 0.264469
  type: 'test'
  ...
# Subtest: 端末の おもさで つぶの かずを へらす(えの がわが よむ 1つの すう字)
ok 1232 - 端末の おもさで つぶの かずを へらす(えの がわが よむ 1つの すう字)
  ---
  duration_ms: 0.164228
  type: 'test'
  ...
# Subtest: 音は いみの がわ(cue)に あり、え の かんすうからは 鳴らさない
ok 1233 - 音は いみの がわ(cue)に あり、え の かんすうからは 鳴らさない
  ---
  duration_ms: 4.216038
  type: 'test'
  ...
# Subtest: plan は 3D 化に そのまま つかえる いみ だけ を もつ
ok 1234 - plan は 3D 化に そのまま つかえる いみ だけ を もつ
  ---
  duration_ms: 122.873931
  type: 'test'
  ...
# Subtest: こえた ときに カメラが とばない(出るときの むきを ひきついで ゆっくり もどす)
ok 1235 - こえた ときに カメラが とばない(出るときの むきを ひきついで ゆっくり もどす)
  ---
  duration_ms: 225.053148
  type: 'test'
  ...
# Subtest: ひきつぎが ない とき(たび)は これまでどおり
ok 1236 - ひきつぎが ない とき(たび)は これまでどおり
  ---
  duration_ms: 101.211857
  type: 'test'
  ...
# Subtest: 鳥居・山道・のりば・どうくつには その ばしょ だけの きぶんが ある
ok 1237 - 鳥居・山道・のりば・どうくつには その ばしょ だけの きぶんが ある
  ---
  duration_ms: 769.790263
  type: 'test'
  ...
# Subtest: えんしゅつを 足しても 地理正本・データの かずは 1つも かわらない
ok 1238 - えんしゅつを 足しても 地理正本・データの かずは 1つも かわらない
  ---
  duration_ms: 0.528227
  type: 'test'
  ...
# Subtest: こえる ための データに ひみつは 出て こない
ok 1239 - こえる ための データに ひみつは 出て こない
  ---
  duration_ms: 1265.425229
  type: 'test'
  ...
# Subtest: 1. 代表ルートが 出口の いみデータを もつ(あるく 10・たてじく 2・海路 1)
ok 1240 - 1. 代表ルートが 出口の いみデータを もつ(あるく 10・たてじく 2・海路 1)
  ---
  duration_ms: 104.473725
  type: 'test'
  ...
# Subtest: 2. きめられた 出口 いがいから region の 外へ 出られない
ok 1241 - 2. きめられた 出口 いがいから region の 外へ 出られない
  ---
  duration_ms: 1525.35935
  type: 'test'
  ...
# Subtest: 3. あるいて こえる: おうち → もり → いなか。むきも ひきつぐ
ok 1242 - 3. あるいて こえる: おうち → もり → いなか。むきも ひきつぐ
  ---
  duration_ms: 922.095604
  type: 'test'
  ...
# Subtest: 4. 入った しゅんかんに もどされない。はなれれば また こえられる
ok 1243 - 4. 入った しゅんかんに もどされない。はなれれば また こえられる
  ---
  duration_ms: 349.143604
  type: 'test'
  ...
# Subtest: 5. ゴンドラは たてじくの 上、もぐるは 下。どちらも あるいては 出ない
ok 1244 - 5. ゴンドラは たてじくの 上、もぐるは 下。どちらも あるいては 出ない
  ---
  duration_ms: 607.100784
  type: 'test'
  ...
# Subtest: 6. 鳥居 → 山道 → のりば。鳥居と のりばは 直結して いない
ok 1245 - 6. 鳥居 → 山道 → のりば。鳥居と のりばは 直結して いない
  ---
  duration_ms: 18.455008
  type: 'test'
  ...
# Subtest: 7. 住民は region を こえない。なかまは ついてくるし 二重に 出ない
ok 1246 - 7. 住民は region を こえない。なかまは ついてくるし 二重に 出ない
  ---
  duration_ms: 211.168196
  type: 'test'
  ...
# Subtest: 8. あるいて こえても「たび」の ひようが かからない
ok 1247 - 8. あるいて こえても「たび」の ひようが かからない
  ---
  duration_ms: 25.57238
  type: 'test'
  ...
# Subtest: 9. はじめて きた ことは のこる。region はっけんと みちの はっけんが すすむ
ok 1248 - 9. はじめて きた ことは のこる。region はっけんと みちの はっけんが すすむ
  ---
  duration_ms: 19.148213
  type: 'test'
  ...
# Subtest: 10. みちの はっけんは これまでどおり「両がわの 入口を 見つけた とき」だけ
ok 1249 - 10. みちの はっけんは これまでどおり「両がわの 入口を 見つけた とき」だけ
  ---
  duration_ms: 24.370037
  type: 'test'
  ...
# Subtest: 11. 出口を ふやしても ひみつは もれない
ok 1250 - 11. 出口を ふやしても ひみつは もれない
  ---
  duration_ms: 795.032569
  type: 'test'
  ...
# Subtest: 12. region-local な せかいは こわれて いない
ok 1251 - 12. region-local な せかいは こわれて いない
  ---
  duration_ms: 1567.530422
  type: 'test'
  ...
# Subtest: 13. 往復しても こわれない: おうち → いなか → もり → いなか → おうち
ok 1252 - 13. 往復しても こわれない: おうち → いなか → もり → いなか → おうち
  ---
  duration_ms: 2282.945868
  type: 'test'
  ...
# Subtest: 14. たてじくは 3D 化に つかえる いみデータ
ok 1253 - 14. たてじくは 3D 化に つかえる いみデータ
  ---
  duration_ms: 18.41681
  type: 'test'
  ...
# Subtest: occlusion: ランドマーク を ふさぐ 木 は すける。地形(がけ・岩)は すけない
ok 1254 - occlusion: ランドマーク を ふさぐ 木 は すける。地形(がけ・岩)は すけない
  ---
  duration_ms: 119.168126
  type: 'test'
  ...
# Subtest: たきのみはらし: みき は solid の まま、いち も かわらない(すけるのは えがく とき だけ)
ok 1255 - たきのみはらし: みき は solid の まま、いち も かわらない(すけるのは えがく とき だけ)
  ---
  duration_ms: 297.333808
  type: 'test'
  ...
# Subtest: landmarkNearAlpha: ふつう に ながめる 大きさ は そのまま、レンズ の なか は えがかない
ok 1256 - landmarkNearAlpha: ふつう に ながめる 大きさ は そのまま、レンズ の なか は えがかない
  ---
  duration_ms: 20.481324
  type: 'test'
  ...
# Subtest: OCCLUDER_SHIFT: かたがわ に はりだす かたち だけ。side の ほう へ ずらす
ok 1257 - OCCLUDER_SHIFT: かたがわ に はりだす かたち だけ。side の ほう へ ずらす
  ---
  duration_ms: 18.963185
  type: 'test'
  ...
# Subtest: ちいさな 絵文字: みちばた の もの は、じぶん より ある ていど おおきい とき だけ すける
ok 1258 - ちいさな 絵文字: みちばた の もの は、じぶん より ある ていど おおきい とき だけ すける
  ---
  duration_ms: 20.95
  type: 'test'
  ...
# Subtest: jungle 夜: もちあげ は jungle だけ。floor と mul は ひかえめ
ok 1259 - jungle 夜: もちあげ は jungle だけ。floor と mul は ひかえめ
  ---
  duration_ms: 19.11956
  type: 'test'
  ...
# Subtest: jungle 夜: みき の あいだ の もや を ぬる。ぬれた は の ひかり は 1 かい の fill
ok 1260 - jungle 夜: みき の あいだ の もや を ぬる。ぬれた は の ひかり は 1 かい の fill
  ---
  duration_ms: 1551.237001
  type: 'test'
  ...
# Subtest: jungle 昼: もや も ひかり も えがかない
ok 1261 - jungle 昼: もや も ひかり も えがかない
  ---
  duration_ms: 1489.761435
  type: 'test'
  ...
# Subtest: star_stop: 霞 は 地平線 で いちばん こく、地上 の こい ところ でも 0.7 のこる
ok 1262 - star_stop: 霞 は 地平線 で いちばん こく、地上 の こい ところ でも 0.7 のこる
  ---
  duration_ms: 68.410405
  type: 'test'
  ...
# Subtest: deco: くぼちのみはらし に しだ、つりばし に つりばし。見た目 だけ
ok 1263 - deco: くぼちのみはらし に しだ、つりばし に つりばし。見た目 だけ
  ---
  duration_ms: 509.855152
  type: 'test'
  ...
# Subtest: counts: spot / path / zone / secret / 分母 / 遠景 / 発見レベル は かわらない
ok 1264 - counts: spot / path / zone / secret / 分母 / 遠景 / 発見レベル は かわらない
  ---
  duration_ms: 19.520645
  type: 'test'
  ...
# Subtest: collision: forest / jungle の 障害物 は main と おなじ かず(deco は solid で ない)
ok 1265 - collision: forest / jungle の 障害物 は main と おなじ かず(deco は solid で ない)
  ---
  duration_ms: 757.633734
  type: 'test'
  ...
# Subtest: save: 形 は かわらない
ok 1266 - save: 形 は かわらない
  ---
  duration_ms: 1092.182577
  type: 'test'
  ...
# Subtest: worldLayers: every region can be read by meaning, and every drawn structure has a role
ok 1267 - worldLayers: every region can be read by meaning, and every drawn structure has a role
  ---
  duration_ms: 1967.626042
  type: 'test'
  ...
# Subtest: no giant "material" illustration stands in for a landmark: waves, ice cubes, stars, wheat become canvas shapes or nothing
ok 1268 - no giant "material" illustration stands in for a landmark: waves, ice cubes, stars, wheat become canvas shapes or nothing
  ---
  duration_ms: 1705.694567
  type: 'test'
  ...
# Subtest: composition changes inside a region: zones swap the framing kind, the plant pool and place one hero
ok 1269 - composition changes inside a region: zones swap the framing kind, the plant pool and place one hero
  ---
  duration_ms: 1301.006991
  type: 'test'
  ...
# Subtest: fallen logs and rocks lie at different angles and gather instead of lining up
ok 1270 - fallen logs and rocks lie at different angles and gather instead of lining up
  ---
  duration_ms: 244.426102
  type: 'test'
  ...
# Subtest: the world is still data only: layers, heroes and zone composition need no canvas, and PR \#277 stays intact
ok 1271 - the world is still data only: layers, heroes and zone composition need no canvas, and PR \#277 stays intact
  ---
  duration_ms: 1629.946071
  type: 'test'
  ...
# Subtest: 1. 正式地理 v2(D2): 13地域が 1回ずつ、地上10・水面下1・上空1・記憶1
ok 1272 - 1. 正式地理 v2(D2): 13地域が 1回ずつ、地上10・水面下1・上空1・記憶1
  ---
  duration_ms: 102.119715
  type: 'test'
  ...
# Subtest: 2. 接続表が 正本の 14本と ぴったり あう。入口の spot も ぜんぶ 実在して、ひみつでは ない
ok 1273 - 2. 接続表が 正本の 14本と ぴったり あう。入口の spot も ぜんぶ 実在して、ひみつでは ない
  ---
  duration_ms: 24.55748
  type: 'test'
  ...
# Subtest: 3. 二つの水系。たにの おおかわと みやこがわは べつの 川で、上流で つながって いない
ok 1274 - 3. 二つの水系。たにの おおかわと みやこがわは べつの 川で、上流で つながって いない
  ---
  duration_ms: 17.877727
  type: 'test'
  ...
# Subtest: 4/5. たてじくは 2か所。ほしぞらは いなかの 山の上、しんかいは うみの 外洋の下
ok 1275 - 4/5. たてじくは 2か所。ほしぞらは いなかの 山の上、しんかいは うみの 外洋の下
  ---
  duration_ms: 17.937527
  type: 'test'
  ...
# Subtest: 6/7/8. まだ 見つけて いない 地域・みち・大めじるしは、なまえも かたちも 出ない
ok 1276 - 6/7/8. まだ 見つけて いない 地域・みち・大めじるしは、なまえも かたちも 出ない
  ---
  duration_ms: 31.837437
  type: 'test'
  ...
# Subtest: 9. ひみつ spot・ひみつ path・ひみつ zone が せかいのちずへ 1つも もれない
ok 1277 - 9. ひみつ spot・ひみつ path・ひみつ zone が せかいのちずへ 1つも もれない
  ---
  duration_ms: 17.712008
  type: 'test'
  ...
# Subtest: 10. 旧セーブの 訪問ずみ 地域が、そのまま 見つけた ことに なる。でも みちは ひらかない
ok 1278 - 10. 旧セーブの 訪問ずみ 地域が、そのまま 見つけた ことに なる。でも みちは ひらかない
  ---
  duration_ms: 26.255
  type: 'test'
  ...
# Subtest: 11. みちは りょうがわの 入口 spot を どちらも 見つけた ときだけ ひらく
ok 1279 - 11. みちは りょうがわの 入口 spot を どちらも 見つけた ときだけ ひらく
  ---
  duration_ms: 21.664598
  type: 'test'
  ...
# Subtest: 12. せかい たんさくりつ: ぶんぼに ひみつが 1つも 入って いない
ok 1280 - 12. せかい たんさくりつ: ぶんぼに ひみつが 1つも 入って いない
  ---
  duration_ms: 29.359862
  type: 'test'
  ...
# Subtest: 13. たんさくりつから のこりの ひみつの かずが ぎゃくさんできない
ok 1281 - 13. たんさくりつから のこりの ひみつの かずが ぎゃくさんできない
  ---
  duration_ms: 16.005775
  type: 'test'
  ...
# Subtest: 14. 図上の おおきさ: おうちが 点に ならず、さばくの ひろさも のこる
ok 1282 - 14. 図上の おおきさ: おうちが 点に ならず、さばくの ひろさも のこる
  ---
  duration_ms: 26.967954
  type: 'test'
  ...
# Subtest: 15. GEO_AREA は 実際の world から 測った 値と あう(halfW では なく 実 box)
ok 1283 - 15. GEO_AREA は 実際の world から 測った 値と あう(halfW では なく 実 box)
  ---
  duration_ms: 1551.837833
  type: 'test'
  ...
# Subtest: 16. せかいのちずから 地域の ちずへ 入れて、もどれる。開いただけでは 発見状態が かわらない
ok 1284 - 16. せかいのちずから 地域の ちずへ 入れて、もどれる。開いただけでは 発見状態が かわらない
  ---
  duration_ms: 617.411544
  type: 'test'
  ...
# Subtest: 17. せかいのちずを とじて いる あいだ、たんさくの けいさんは 1フレームも ふえない
ok 1285 - 17. せかいのちずを とじて いる あいだ、たんさくの けいさんは 1フレームも ふえない
  ---
  duration_ms: 1059.956335
  type: 'test'
  ...
# Subtest: 18. せかいのちずの セーブは id だけ。地域の はっけんと みちの はっけんを べつに もつ
ok 1286 - 18. せかいのちずの セーブは id だけ。地域の はっけんと みちの はっけんを べつに もつ
  ---
  duration_ms: 308.187609
  type: 'test'
  ...
# Subtest: 19. 旧セーブ(せかいの きろくが ない)でも こわれない
ok 1287 - 19. 旧セーブ(せかいの きろくが ない)でも こわれない
  ---
  duration_ms: 298.039616
  type: 'test'
  ...
# Subtest: 20. 地域の ちずは これまでどおり。せかいのちずの ために 1つも かわって いない
ok 1288 - 20. 地域の ちずは これまでどおり。せかいのちずの ために 1つも かわって いない
  ---
  duration_ms: 413.061121
  type: 'test'
  ...
# Subtest: 21. D2 へ かえても、地域の なかみは 1つも うごいて いない
ok 1289 - 21. D2 へ かえても、地域の なかみは 1つも うごいて いない
  ---
  duration_ms: 2662.827642
  type: 'test'
  ...
# Subtest: 22. 地理正本 v1: 山は 3 つの モチーフ。にしは あるける 山地、ひがしは region では ない 巨大山地
ok 1290 - 22. 地理正本 v1: 山は 3 つの モチーフ。にしは あるける 山地、ひがしは region では ない 巨大山地
  ---
  duration_ms: 15.825994
  type: 'test'
  ...
# Subtest: 23. 地理正本 v1: おうちの すぐ近くを 天竜川型が ながれ、とかいへは ながれない
ok 1291 - 23. 地理正本 v1: おうちの すぐ近くを 天竜川型が ながれ、とかいへは ながれない
  ---
  duration_ms: 16.421813
  type: 'test'
  ...
# Subtest: 24. 地理正本 v1: 分水界が 正式な 地形。2 水系を 図の うえで 分ける
ok 1292 - 24. 地理正本 v1: 分水界が 正式な 地形。2 水系を 図の うえで 分ける
  ---
  duration_ms: 26.099786
  type: 'test'
  ...
# Subtest: 25. 地理正本 v1: 源の湖は ふつうの 地形。きおくのみずうみ では ない
ok 1293 - 25. 地理正本 v1: 源の湖は ふつうの 地形。きおくのみずうみ では ない
  ---
  duration_ms: 17.347672
  type: 'test'
  ...
# Subtest: 26. 地理正本 v1: 北西に さばく、南西に ジャングル
ok 1294 - 26. 地理正本 v1: 北西に さばく、南西に ジャングル
  ---
  duration_ms: 16.349654
  type: 'test'
  ...
# Subtest: 27. 地理正本 v1: 生活圏の 三角と、おうち ↔ とかい を 持たない こと
ok 1295 - 27. 地理正本 v1: 生活圏の 三角と、おうち ↔ とかい を 持たない こと
  ---
  duration_ms: 25.852803
  type: 'test'
  ...
# Subtest: 28. 地理正本 v1: もりは「やま と おうちの あいだ」ではなく「おうち → いなか の とちゅう」
ok 1296 - 28. 地理正本 v1: もりは「やま と おうちの あいだ」ではなく「おうち → いなか の とちゅう」
  ---
  duration_ms: 15.038136
  type: 'test'
  ...
# Subtest: 29. 地理正本 v1: 南アルプス型は ひがしの 巨大山地。やまは にしの 中央アルプス型がわ
ok 1297 - 29. 地理正本 v1: 南アルプス型は ひがしの 巨大山地。やまは にしの 中央アルプス型がわ
  ---
  duration_ms: 26.385467
  type: 'test'
  ...
# Subtest: 30. 地理正本 v1: ほしぞらへは **特殊たてじく接続**。ふつうの 徒歩の みちでは ない
ok 1298 - 30. 地理正本 v1: ほしぞらへは **特殊たてじく接続**。ふつうの 徒歩の みちでは ない
  ---
  duration_ms: 17.301559
  type: 'test'
  ...
# Subtest: 31. 地理正本 v1: ゴンドラは 見つけるまで ばれない。探索率も 1 つも かわらない
ok 1299 - 31. 地理正本 v1: ゴンドラは 見つけるまで ばれない。探索率も 1 つも かわらない
  ---
  duration_ms: 31.232716
  type: 'test'
  ...
# Subtest: story pools exist for everyday care, travel, courtship and waking
ok 1300 - story pools exist for everyday care, travel, courtship and waking
  ---
  duration_ms: 91.268462
  type: 'test'
  ...
# Subtest: each midlife event fires once at its age and records a life-log line
ok 1301 - each midlife event fires once at its age and records a life-log line
  ---
  duration_ms: 17.419928
  type: 'test'
  ...
# Subtest: a birthday at a midlife age triggers the event through onAgeChanged
ok 1302 - a birthday at a midlife age triggers the event through onAgeChanged
  ---
  duration_ms: 20.979976
  type: 'test'
  ...
# Subtest: a fresh save is schemaVersion 5 and survives a save/load round trip unchanged
ok 1303 - a fresh save is schemaVersion 5 and survives a save/load round trip unchanged
  ---
  duration_ms: 149.357214
  type: 'test'
  ...
# Subtest: a schemaVersion 3 save keeps its displayed age (18 -> 20 ticks per year)
ok 1304 - a schemaVersion 3 save keeps its displayed age (18 -> 20 ticks per year)
  ---
  duration_ms: 30.056241
  type: 'test'
  ...
# Subtest: a pre-schema save converts the old age scale, stage names, and freePlay
ok 1305 - a pre-schema save converts the old age scale, stage names, and freePlay
  ---
  duration_ms: 29.358249
  type: 'test'
  ...
# Subtest: schemaVersion 5 heals wrong shapes without touching valid values
ok 1306 - schemaVersion 5 heals wrong shapes without touching valid values
  ---
  duration_ms: 50.081537
  type: 'test'
  ...
# Subtest: normalizeStateShape is idempotent on a fresh state
ok 1307 - normalizeStateShape is idempotent on a fresh state
  ---
  duration_ms: 12.923588
  type: 'test'
  ...
# Subtest: the infinite-world return snapshot is normalized with the save
ok 1308 - the infinite-world return snapshot is normalized with the save
  ---
  duration_ms: 41.504564
  type: 'test'
  ...
# Subtest: normal equipment V2 refunds all five owned retired IDs before catalog filtering
ok 1309 - normal equipment V2 refunds all five owned retired IDs before catalog filtering
  ---
  duration_ms: 14.249136
  type: 'test'
  ...
# Subtest: normal equipment V2 refunds flower once and unequips it
ok 1310 - normal equipment V2 refunds flower once and unequips it
  ---
  duration_ms: 13.659277
  type: 'test'
  ...
# Subtest: normal equipment V2 refunds energy1 once and unequips it
ok 1311 - normal equipment V2 refunds energy1 once and unequips it
  ---
  duration_ms: 52.77632
  type: 'test'
  ...
# Subtest: normal equipment V2 refunds hat once and unequips it
ok 1312 - normal equipment V2 refunds hat once and unequips it
  ---
  duration_ms: 12.713661
  type: 'test'
  ...
# Subtest: normal equipment V2 refunds crown once and unequips it
ok 1313 - normal equipment V2 refunds crown once and unequips it
  ---
  duration_ms: 12.171163
  type: 'test'
  ...
# Subtest: normal equipment V2 refunds glasses once and unequips it
ok 1314 - normal equipment V2 refunds glasses once and unequips it
  ---
  duration_ms: 13.247095
  type: 'test'
  ...
# Subtest: normal equipment V2 ignores purchase history without actual ownership
ok 1315 - normal equipment V2 ignores purchase history without actual ownership
  ---
  duration_ms: 19.740937
  type: 'test'
  ...
# Subtest: normal equipment V2 marked saves remove stale retired equipment without refunding again
ok 1316 - normal equipment V2 marked saves remove stale retired equipment without refunding again
  ---
  duration_ms: 12.151823
  type: 'test'
  ...
# Subtest: normal equipment V2 heals malformed migration marker null
ok 1317 - normal equipment V2 heals malformed migration marker null
  ---
  duration_ms: 12.273207
  type: 'test'
  ...
# Subtest: normal equipment V2 heals malformed migration marker []
ok 1318 - normal equipment V2 heals malformed migration marker []
  ---
  duration_ms: 25.505379
  type: 'test'
  ...
# Subtest: normal equipment V2 heals malformed migration marker "bad"
ok 1319 - normal equipment V2 heals malformed migration marker "bad"
  ---
  duration_ms: 12.28851
  type: 'test'
  ...
# Subtest: normal equipment V2 heals malformed migration marker {"normalEquipmentV2":"false"}
ok 1320 - normal equipment V2 heals malformed migration marker {"normalEquipmentV2":"false"}
  ---
  duration_ms: 12.005102
  type: 'test'
  ...
# Subtest: normal equipment V2 heals malformed migration marker {"normalEquipmentV2":1}
ok 1321 - normal equipment V2 heals malformed migration marker {"normalEquipmentV2":1}
  ---
  duration_ms: 24.409787
  type: 'test'
  ...
# Subtest: normal equipment V2 heals malformed migration marker {"normalEquipmentV2":{}}
ok 1322 - normal equipment V2 heals malformed migration marker {"normalEquipmentV2":{}}
  ---
  duration_ms: 12.120988
  type: 'test'
  ...
# Subtest: normal equipment V2 heals malformed money and ownership without creating unowned refunds
ok 1323 - normal equipment V2 heals malformed money and ownership without creating unowned refunds
  ---
  duration_ms: 33.19878
  type: 'test'
  ...
# Subtest: normal equipment V2 refunds survive save/load, repeated normalization and the next life
ok 1324 - normal equipment V2 refunds survive save/load, repeated normalization and the next life
  ---
  duration_ms: 54.751809
  type: 'test'
  ...
# Subtest: normal equipment V2 infinite return never credits its snapshot into the live balance
ok 1325 - normal equipment V2 infinite return never credits its snapshot into the live balance
  ---
  duration_ms: 27.783194
  type: 'test'
  ...
# Subtest: normal equipment V2 does not repay an old infinite snapshot when the live save is marked
ok 1326 - normal equipment V2 does not repay an old infinite snapshot when the live save is marked
  ---
  duration_ms: 30.240289
  type: 'test'
  ...
# Subtest: normal equipment V2 canonicalizes tier aliases and refunds each retired base only once
ok 1327 - normal equipment V2 canonicalizes tier aliases and refunds each retired base only once
  ---
  duration_ms: 13.439926
  type: 'test'
  ...
# Subtest: stack-harvest uses the existing atlas crop within the original block decoration box
ok 1328 - stack-harvest uses the existing atlas crop within the original block decoration box
  ---
  duration_ms: 99.39073
  type: 'test'
  ...
# Subtest: stack-sakura uses the existing atlas crop within the original block decoration box
ok 1329 - stack-sakura uses the existing atlas crop within the original block decoration box
  ---
  duration_ms: 15.033198
  type: 'test'
  ...
# Subtest: stack-leaves uses the existing atlas crop within the original block decoration box
ok 1330 - stack-leaves uses the existing atlas crop within the original block decoration box
  ---
  duration_ms: 21.69974
  type: 'test'
  ...
# Subtest: pending, failed, wrong-size and drawing-error atlases retain the original emoji and recover on load
ok 1331 - pending, failed, wrong-size and drawing-error atlases retain the original emoji and recover on load
  ---
  duration_ms: 20.873224
  type: 'test'
  ...
# Subtest: unmapped stack themes keep their own symbols instead of a different illustration
ok 1332 - unmapped stack themes keep their own symbols instead of a different illustration
  ---
  duration_ms: 54.19516
  type: 'test'
  ...
# Subtest: illustrated play keeps all other Canvas commands, score, rewards and timing identical to emoji fallback
ok 1333 - illustrated play keeps all other Canvas commands, score, rewards and timing identical to emoji fallback
  ---
  duration_ms: 721.015989
  type: 'test'
  ...
# Subtest: reduced motion and lightweight mode retain the motif; retirement prevents late image work
ok 1334 - reduced motion and lightweight mode retain the motif; retirement prevents late image work
  ---
  duration_ms: 29.297788
  type: 'test'
  ...
# [naotocchi] minigame Error: boom
#     at frame (/home/runner/work/naotocchi/naotocchi/tests/minigame-lifecycle-test.cjs:220:60)
#     at mgRunTagged (evalmachine.<anonymous>:38625:17)
#     at evalmachine.<anonymous>:38670:9
#     at /home/runner/work/naotocchi/naotocchi/tests/helpers/runtime-harness.cjs:233:49
#     at Object.fn (/home/runner/work/naotocchi/naotocchi/tests/helpers/runtime-harness.cjs:207:82)
#     at Object.advance (/home/runner/work/naotocchi/naotocchi/tests/helpers/runtime-harness.cjs:322:57)
#     at TestContext.<anonymous> (/home/runner/work/naotocchi/naotocchi/tests/minigame-lifecycle-test.cjs:224:5)
#     at Test.runInAsyncScope (node:async_hooks:214:14)
#     at Test.run (node:internal/test_runner/test:1047:25)
#     at Test.processPendingSubtests (node:internal/test_runner/test:744:18)
# [naotocchi] minigame Error: start boom
#     at Object.start (/home/runner/work/naotocchi/naotocchi/tests/minigame-lifecycle-test.cjs:237:59)
#     at evalmachine.<anonymous>:39001:39
#     at mgRunTagged (evalmachine.<anonymous>:38625:17)
#     at launch (evalmachine.<anonymous>:39001:7)
#     at Object.startMinigame (evalmachine.<anonymous>:39006:10)
#     at TestContext.<anonymous> (/home/runner/work/naotocchi/naotocchi/tests/minigame-lifecycle-test.cjs:237:9)
#     at Test.runInAsyncScope (node:async_hooks:214:14)
#     at Test.run (node:internal/test_runner/test:1047:25)
#     at Test.processPendingSubtests (node:internal/test_runner/test:744:18)
#     at Test.postRun (node:internal/test_runner/test:1173:19)
# Subtest: score 10 keeps results readable before the reaction begins
ok 1335 - score 10 keeps results readable before the reaction begins
  ---
  duration_ms: 100.374964
  type: 'test'
  ...
# Subtest: score 90 keeps results readable before the reaction begins
ok 1336 - score 90 keeps results readable before the reaction begins
  ---
  duration_ms: 18.472314
  type: 'test'
  ...
# Subtest: a new care conversation replaces results and cancels the delayed game reaction
ok 1337 - a new care conversation replaces results and cancels the delayed game reaction
  ---
  duration_ms: 33.082114
  type: 'test'
  ...
# Subtest: replaying cancels the delayed reaction and old result controls
ok 1338 - replaying cancels the delayed reaction and old result controls
  ---
  duration_ms: 24.02709
  type: 'test'
  ...
# Subtest: retire clears a held key before the next game
ok 1339 - retire clears a held key before the next game
  ---
  duration_ms: 19.155404
  type: 'test'
  ...
# Subtest: complete clears a held key before the next game
ok 1340 - complete clears a held key before the next game
  ---
  duration_ms: 15.46485
  type: 'test'
  ...
# Subtest: blur releases keyboard steering and allows a new press
ok 1341 - blur releases keyboard steering and allows a new press
  ---
  duration_ms: 33.615018
  type: 'test'
  ...
# Subtest: hidden releases keyboard steering and allows a new press
ok 1342 - hidden releases keyboard steering and allows a new press
  ---
  duration_ms: 21.315091
  type: 'test'
  ...
# Subtest: a background switch stops repeating button input without ending the game
ok 1343 - a background switch stops repeating button input without ending the game
  ---
  duration_ms: 30.077473
  type: 'test'
  ...
# Subtest: a background switch releases a touch-held control without a pointerup
ok 1344 - a background switch releases a touch-held control without a pointerup
  ---
  duration_ms: 13.453287
  type: 'test'
  ...
# Subtest: input scope is restored when an event never bubbles to window
ok 1345 - input scope is restored when an event never bubbles to window
  ---
  duration_ms: 14.327935
  type: 'test'
  ...
# Subtest: all 100 registered games can retire without delayed rewards or repopulating the screen
ok 1346 - all 100 registered games can retire without delayed rewards or repopulating the screen
  ---
  duration_ms: 265.896611
  type: 'test'
  ...
# Subtest: first-play instructions include each dynamic goal needed to finish the game
    # Subtest: tilt-maze-3d
    ok 1 - tilt-maze-3d
      ---
      duration_ms: 5.211618
      type: 'test'
      ...
    # Subtest: pingpong-3d
    ok 2 - pingpong-3d
      ---
      duration_ms: 1.240741
      type: 'test'
      ...
    # Subtest: sudoku-mini
    ok 3 - sudoku-mini
      ---
      duration_ms: 4.223749
      type: 'test'
      ...
    # Subtest: area-claim
    ok 4 - area-claim
      ---
      duration_ms: 1.009973
      type: 'test'
      ...
    # Subtest: beach-volley
    ok 5 - beach-volley
      ---
      duration_ms: 4.055295
      type: 'test'
      ...
    1..5
ok 1347 - first-play instructions include each dynamic goal needed to finish the game
  ---
  duration_ms: 35.332057
  type: 'test'
  ...
# Subtest: Sudoku instructions follow the actual 4×4 board
ok 1348 - Sudoku instructions follow the actual 4×4 board
  ---
  duration_ms: 30.243714
  type: 'test'
  ...
# Subtest: Sudoku instructions follow the actual 6×6 board
ok 1349 - Sudoku instructions follow the actual 6×6 board
  ---
  duration_ms: 27.901802
  type: 'test'
  ...
# Subtest: Mancala explains sowing toward the right-hand own store and follows that path
ok 1350 - Mancala explains sowing toward the right-hand own store and follows that path
  ---
  duration_ms: 15.008351
  type: 'test'
  ...
# Subtest: a game whose frame loop throws is closed without rewards and the next game works
ok 1351 - a game whose frame loop throws is closed without rewards and the next game works
  ---
  duration_ms: 32.672457
  type: 'test'
  ...
# Subtest: a game that throws while starting is closed cleanly
ok 1352 - a game that throws while starting is closed cleanly
  ---
  duration_ms: 15.663859
  type: 'test'
  ...
# Subtest: game pass five-second timer refreshes UI and respects null
ok 1353 - game pass five-second timer refreshes UI and respects null
  ---
  duration_ms: 35.716235
  type: 'test'
  ...
# Subtest: game pass five-second timer refreshes UI and respects sleep
ok 1354 - game pass five-second timer refreshes UI and respects sleep
  ---
  duration_ms: 19.676099
  type: 'test'
  ...
# Subtest: game pass five-second timer refreshes UI and respects dead
ok 1355 - game pass five-second timer refreshes UI and respects dead
  ---
  duration_ms: 19.177998
  type: 'test'
  ...
# Subtest: game pass five-second timer refreshes UI and respects transform
ok 1356 - game pass five-second timer refreshes UI and respects transform
  ---
  duration_ms: 23.587207
  type: 'test'
  ...
# Subtest: game pass reload retains only the unexpired part of its five-second deadline
ok 1357 - game pass reload retains only the unexpired part of its five-second deadline
  ---
  duration_ms: 64.417684
  type: 'test'
  ...
# Subtest: game pass infinite return preserves its remaining cooldown
ok 1358 - game pass infinite return preserves its remaining cooldown
  ---
  duration_ms: 29.470859
  type: 'test'
  ...
# Subtest: game pass infinite return preserves its remaining cooldown after reload
ok 1359 - game pass infinite return preserves its remaining cooldown after reload
  ---
  duration_ms: 55.625607
  type: 'test'
  ...
# Subtest: game pass infinite return without an old-life snapshot retains its deadline
ok 1360 - game pass infinite return without an old-life snapshot retains its deadline
  ---
  duration_ms: 20.410987
  type: 'test'
  ...
# Subtest: game pass infinite return never shortens a later saved normal-life deadline
ok 1361 - game pass infinite return never shortens a later saved normal-life deadline
  ---
  duration_ms: 37.206875
  type: 'test'
  ...
# Subtest: the observer legend stays abstract and does not alter the current life
ok 1362 - the observer legend stays abstract and does not alter the current life
  ---
  duration_ms: 104.105101
  type: 'test'
  ...
# Subtest: observer stories keep their clues ambiguous instead of identifying Naoto
ok 1363 - observer stories keep their clues ambiguous instead of identifying Naoto
  ---
  duration_ms: 33.916163
  type: 'test'
  ...
# Subtest: skipping then closing releases the movie and cancels all later scene changes
ok 1364 - skipping then closing releases the movie and cancels all later scene changes
  ---
  duration_ms: 18.549881
  type: 'test'
  ...
# Subtest: opening a different overlay cleans up cinema mode and a following date resets legend choreography
ok 1365 - opening a different overlay cleans up cinema mode and a following date resets legend choreography
  ---
  duration_ms: 29.810021
  type: 'test'
  ...
# Subtest: cinematic legend subtitles and titles contain no emoji
ok 1366 - cinematic legend subtitles and titles contain no emoji
  ---
  duration_ms: 14.820528
  type: 'test'
  ...
# Subtest: date dialogue identifies each speaker with their own portrait and escapes the saved name
ok 1367 - date dialogue identifies each speaker with their own portrait and escapes the saved name
  ---
  duration_ms: 27.861242
  type: 'test'
  ...
# Subtest: repeated dates rotate whole small stories before replaying one, even with the same random roll
ok 1368 - repeated dates rotate whole small stories before replaying one, even with the same random roll
  ---
  duration_ms: 80.871489
  type: 'test'
  ...
# Subtest: the 100-beyond voice stays unnamed and separate from the player
ok 1369 - the 100-beyond voice stays unnamed and separate from the player
  ---
  duration_ms: 18.515419
  type: 'test'
  ...
# Subtest: all 18 partners keep their own speech identity across complete dates and anniversaries
ok 1370 - all 18 partners keep their own speech identity across complete dates and anniversaries
  ---
  duration_ms: 1824.417965
  type: 'test'
  ...
# Subtest: four coherent stories per legend finish without rewards or explicit world answers
ok 1371 - four coherent stories per legend finish without rewards or explicit world answers
  ---
  duration_ms: 80.869293
  type: 'test'
  ...
# Subtest: guest and legacy partner speech keeps illustrated saved appearances without rewriting the relationship
ok 1372 - guest and legacy partner speech keeps illustrated saved appearances without rewriting the relationship
  ---
  duration_ms: 64.404786
  type: 'test'
  ...
# Subtest: underwater dates keep both character asides and the closing consistent with swimming
ok 1373 - underwater dates keep both character asides and the closing consistent with swimming
  ---
  duration_ms: 194.483163
  type: 'test'
  ...
# Subtest: game: only owned crown after dex completion doubles a relevant candidate
ok 1374 - game: only owned crown after dex completion doubles a relevant candidate
  ---
  duration_ms: 90.838306
  type: 'test'
  ...
# Subtest: game: achievement completion removes bias despite other unfinished achievements
ok 1375 - game: achievement completion removes bias despite other unfinished achievements
  ---
  duration_ms: 17.62011
  type: 'test'
  ...
# Subtest: sticker: only owned crown after dex completion doubles a relevant candidate
ok 1376 - sticker: only owned crown after dex completion doubles a relevant candidate
  ---
  duration_ms: 20.723098
  type: 'test'
  ...
# Subtest: sticker: achievement completion removes bias despite other unfinished achievements
ok 1377 - sticker: achievement completion removes bias despite other unfinished achievements
  ---
  duration_ms: 22.276721
  type: 'test'
  ...
# Subtest: moment: only owned crown after dex completion doubles a relevant candidate
ok 1378 - moment: only owned crown after dex completion doubles a relevant candidate
  ---
  duration_ms: 14.087072
  type: 'test'
  ...
# Subtest: moment: achievement completion removes bias despite other unfinished achievements
ok 1379 - moment: achievement completion removes bias despite other unfinished achievements
  ---
  duration_ms: 13.261427
  type: 'test'
  ...
# Subtest: unplayed and record targets form a union, never 4x, and ring ownership has no effect
ok 1380 - unplayed and record targets form a union, never 4x, and ring ownership has no effect
  ---
  duration_ms: 29.263276
  type: 'test'
  ...
# Subtest: actual achievement conditions stop bias before the next achievement notification
ok 1381 - actual achievement conditions stop bias before the next achievement notification
  ---
  duration_ms: 19.698914
  type: 'test'
  ...
# Subtest: danger, manual environment and ring pools never receive a crown multiplier
ok 1382 - danger, manual environment and ring pools never receive a crown multiplier
  ---
  duration_ms: 37.520497
  type: 'test'
  ...
# Subtest: all achievements complete disables every crown target, even with stale missing counters
ok 1383 - all achievements complete disables every crown target, even with stale missing counters
  ---
  duration_ms: 12.769265
  type: 'test'
  ...
# Subtest: unowned sticker bias ends at the collection threshold and never boosts an owned copy
ok 1384 - unowned sticker bias ends at the collection threshold and never boosts an owned copy
  ---
  duration_ms: 28.968863
  type: 'test'
  ...
# Subtest: task bias only fills a missing supply; enough unplaced copies require manual placement
ok 1385 - task bias only fills a missing supply; enough unplaced copies require manual placement
  ---
  duration_ms: 15.811983
  type: 'test'
  ...
# Subtest: sticker candidate weights preserve rarity mass while doubling only the target
ok 1386 - sticker candidate weights preserve rarity mass while doubling only the target
  ---
  duration_ms: 19.990183
  type: 'test'
  ...
# Subtest: environment joint lottery is 90:55 with all-safe candidates, not 90 percent
ok 1387 - environment joint lottery is 90:55 with all-safe candidates, not 90 percent
  ---
  duration_ms: 42.591143
  type: 'test'
  ...
# Subtest: mixed environment keeps negative raw weight and doubles safe weight only
ok 1388 - mixed environment keeps negative raw weight and doubles safe weight only
  ---
  duration_ms: 14.133412
  type: 'test'
  ...
# Subtest: inactive environment remains 45:55 and empty pools cannot produce events
ok 1389 - inactive environment remains 45:55 and empty pools cannot produce events
  ---
  duration_ms: 11.938723
  type: 'test'
  ...
# Subtest: real scheduled environment event uses crown odds and counts exactly once
ok 1390 - real scheduled environment event uses crown odds and counts exactly once
  ---
  duration_ms: 15.717921
  type: 'test'
  ...
# Subtest: legacy crown save reload preserves rewards/history and activates only with dex proof
ok 1391 - legacy crown save reload preserves rewards/history and activates only with dex proof
  ---
  duration_ms: 73.318117
  type: 'test'
  ...
# Subtest: queue crown ordering changes but candidate multiplicity and play count stay intact
ok 1392 - queue crown ordering changes but candidate multiplicity and play count stay intact
  ---
  duration_ms: 45.821634
  type: 'test'
  ...
# Subtest: movable copies on other pages already satisfy supply; rearrangement is manual
ok 1393 - movable copies on other pages already satisfy supply; rearrangement is manual
  ---
  duration_ms: 14.048834
  type: 'test'
  ...
# Subtest: 20th A record removes cached bias before notification without refilling consumed tickets
ok 1394 - 20th A record removes cached bias before notification without refilling consumed tickets
  ---
  duration_ms: 34.142805
  type: 'test'
  ...
# Subtest: actual game queue lottery applies exactly 2x, neither 1x nor 4x
ok 1395 - actual game queue lottery applies exactly 2x, neither 1x nor 4x
  ---
  duration_ms: 24.824383
  type: 'test'
  ...
# Subtest: lantern ownership false: positive growth
ok 1396 - lantern ownership false: positive growth
  ---
  duration_ms: 95.369909
  type: 'test'
  ...
# Subtest: lantern ownership true: positive growth
ok 1397 - lantern ownership true: positive growth
  ---
  duration_ms: 17.570816
  type: 'test'
  ...
# Subtest: lantern stacks once with existing boost, retaining fractional growth
ok 1398 - lantern stacks once with existing boost, retaining fractional growth
  ---
  duration_ms: 20.649571
  type: 'test'
  ...
# Subtest: lantern does not boost loss, decline, initial sodachi or zero
ok 1399 - lantern does not boost loss, decline, initial sodachi or zero
  ---
  duration_ms: 20.661887
  type: 'test'
  ...
# Subtest: lantern leaves eggs and infinite mode unchanged
ok 1400 - lantern leaves eggs and infinite mode unchanged
  ---
  duration_ms: 13.712547
  type: 'test'
  ...
# Subtest: lantern crosses the unchanged sodachi threshold with one level and a fraction
ok 1401 - lantern crosses the unchanged sodachi threshold with one level and a fraction
  ---
  duration_ms: 13.877556
  type: 'test'
  ...
# Subtest: normal game remains one real play and unchanged coins with lantern
ok 1402 - normal game remains one real play and unchanged coins with lantern
  ---
  duration_ms: 27.820719
  type: 'test'
  ...
# Subtest: ring species: unknown doubles; registered immediately restores base
ok 1403 - ring species: unknown doubles; registered immediately restores base
  ---
  duration_ms: 15.256646
  type: 'test'
  ...
# Subtest: ring companion: unknown doubles; registered immediately restores base
ok 1404 - ring companion: unknown doubles; registered immediately restores base
  ---
  duration_ms: 24.051337
  type: 'test'
  ...
# Subtest: ring partner: unknown doubles; registered immediately restores base
ok 1405 - ring partner: unknown doubles; registered immediately restores base
  ---
  duration_ms: 12.293698
  type: 'test'
  ...
# Subtest: ring species uses the actual form dex, including ticket registrations, not raised species
ok 1406 - ring species uses the actual form dex, including ticket registrations, not raised species
  ---
  duration_ms: 11.891321
  type: 'test'
  ...
# Subtest: rare companion registration use the same dex predicate
ok 1407 - rare companion registration use the same dex predicate
  ---
  duration_ms: 21.829307
  type: 'test'
  ...
# Subtest: ring never targets crown pools, risks, manual settings, or secret ren
ok 1408 - ring never targets crown pools, risks, manual settings, or secret ren
  ---
  duration_ms: 13.000664
  type: 'test'
  ...
# Subtest: ring does not promote romantically incompatible candidates
ok 1409 - ring does not promote romantically incompatible candidates
  ---
  duration_ms: 13.554259
  type: 'test'
  ...
# Subtest: ring and crown do not multiply one candidate to four
ok 1410 - ring and crown do not multiply one candidate to four
  ---
  duration_ms: 42.234666
  type: 'test'
  ...
# Subtest: weighted ring sampler doubles each unknown candidate and preserves known base mass
ok 1411 - weighted ring sampler doubles each unknown candidate and preserves known base mass
  ---
  duration_ms: 24.115994
  type: 'test'
  ...
# Subtest: normal companion draw retains regional 4:1 mass before ring bonus
ok 1412 - normal companion draw retains regional 4:1 mass before ring bonus
  ---
  duration_ms: 11.552
  type: 'test'
  ...
# Subtest: natural transform excludes current, excluded and locked rares, biases only legal choices
ok 1413 - natural transform excludes current, excluded and locked rares, biases only legal choices
  ---
  duration_ms: 15.752723
  type: 'test'
  ...
# Subtest: transform ticket output is identical with and without ring for the same random stream
ok 1414 - transform ticket output is identical with and without ring for the same random stream
  ---
  duration_ms: 20.910691
  type: 'test'
  ...
# Subtest: old save ownership restores passives without new save fields
ok 1415 - old save ownership restores passives without new save fields
  ---
  duration_ms: 26.628523
  type: 'test'
  ...
# Subtest: old save goal-history restores passives without new save fields
ok 1416 - old save goal-history restores passives without new save fields
  ---
  duration_ms: 35.415974
  type: 'test'
  ...
# Subtest: item-all counts consumables ever acquired: a held (never used) life charm counts, no near-death needed
ok 1417 - item-all counts consumables ever acquired: a held (never used) life charm counts, no near-death needed
  ---
  duration_ms: 110.98042
  type: 'test'
  ...
# Subtest: PERFECT and unlocked achievements are never revoked when the items or dex later change
ok 1418 - PERFECT and unlocked achievements are never revoked when the items or dex later change
  ---
  duration_ms: 19.054833
  type: 'test'
  ...
# Subtest: a reached PERFECT celebration is saved as pending and comes back after a reload until it is closed
ok 1419 - a reached PERFECT celebration is saved as pending and comes back after a reload until it is closed
  ---
  duration_ms: 53.860056
  type: 'test'
  ...
# Subtest: a pending celebration without the matching clear flag is dropped (never shown by itself)
ok 1420 - a pending celebration without the matching clear flag is dropped (never shown by itself)
  ---
  duration_ms: 37.999199
  type: 'test'
  ...
# Subtest: a panel pushes one history entry; back closes it; closing by UI removes the entry; home back does nothing
ok 1421 - a panel pushes one history entry; back closes it; closing by UI removes the entry; home back does nothing
  ---
  duration_ms: 44.383056
  type: 'test'
  ...
# Subtest: back during a minigame asks to quit instead of ending it, and stays in the layer
ok 1422 - back during a minigame asks to quit instead of ending it, and stays in the layer
  ---
  duration_ms: 16.649065
  type: 'test'
  ...
# Subtest: Escape closes the top panel through the same path
ok 1423 - Escape closes the top panel through the same path
  ---
  duration_ms: 15.631611
  type: 'test'
  ...
# Subtest: a critical notice (another tab) is not overwritten for 8 s; the latest ordinary notice follows it
ok 1424 - a critical notice (another tab) is not overwritten for 8 s; the latest ordinary notice follows it
  ---
  duration_ms: 21.265697
  type: 'test'
  ...
# Subtest: every overlay is a named modal dialog; story flash and birthday toast are live status regions
ok 1425 - every overlay is a named modal dialog; story flash and birthday toast are live status regions
  ---
  duration_ms: 0.920157
  type: 'test'
  ...
# Subtest: the home screen behind an open panel is inert, and becomes interactive again when it closes
ok 1426 - the home screen behind an open panel is inert, and becomes interactive again when it closes
  ---
  duration_ms: 18.308438
  type: 'test'
  ...
# Subtest: minigame screen shakes go through the reduced-motion guard (the random sequence is unchanged)
ok 1427 - minigame screen shakes go through the reduced-motion guard (the random sequence is unchanged)
  ---
  duration_ms: 3.217111
  type: 'test'
  ...
# Subtest: every achievement has an illustration without changing its definition or saved state
ok 1428 - every achievement has an illustration without changing its definition or saved state
  ---
  duration_ms: 100.475237
  type: 'test'
  ...
# Subtest: achievement grid, recent list, goals and unlock flash share artwork and preserve locks
ok 1429 - achievement grid, recent list, goals and unlock flash share artwork and preserve locks
  ---
  duration_ms: 21.288031
  type: 'test'
  ...
# Subtest: environment notices use matching whole animal PNGs and keep unknown birds intact
ok 1430 - environment notices use matching whole animal PNGs and keep unknown birds intact
  ---
  duration_ms: 17.976698
  type: 'test'
  ...
# Subtest: form-change notices and generic butterfly comments do not assume an adult growth stage
ok 1431 - form-change notices and generic butterfly comments do not assume an adult growth stage
  ---
  duration_ms: 33.77524
  type: 'test'
  ...
# Subtest: food illustrations distinguish onigiri and cooked egg from care rice and hatching egg
ok 1432 - food illustrations distinguish onigiri and cooked egg from care rice and hatching egg
  ---
  duration_ms: 15.488134
  type: 'test'
  ...
# Subtest: cake preserves order, retry and completion while the placed item keeps its illustration
ok 1433 - cake preserves order, retry and completion while the placed item keeps its illustration
  ---
  duration_ms: 24.381618
  type: 'test'
  ...
# Subtest: bento retains its preview interval and shows the actual food even in a wrong slot
ok 1434 - bento retains its preview interval and shows the actual food even in a wrong slot
  ---
  duration_ms: 26.583616
  type: 'test'
  ...
# Subtest: food decoration keeps timeout scoring and retires without late score changes
ok 1435 - food decoration keeps timeout scoring and retires without late score changes
  ---
  duration_ms: 98.514511
  type: 'test'
  ...
# Subtest: bento completion retains all food and text in normal, reduced-motion, low and fallback modes
ok 1436 - bento completion retains all food and text in normal, reduced-motion, low and fallback modes
  ---
  duration_ms: 165.20192
  type: 'test'
  ...
# Subtest: a short absence changes nothing
ok 1437 - a short absence changes nothing
  ---
  duration_ms: 90.909954
  type: 'test'
  ...
# Subtest: ten minutes away lowers stats gently without changing coins
ok 1438 - ten minutes away lowers stats gently without changing coins
  ---
  duration_ms: 21.741023
  type: 'test'
  ...
# Subtest: stats never drop below the floor even when the drift exceeds them
ok 1439 - stats never drop below the floor even when the drift exceeds them
  ---
  duration_ms: 18.732878
  type: 'test'
  ...
# Subtest: a long absence is capped at thirty minutes of drift and cannot endanger a low pet
ok 1440 - a long absence is capped at thirty minutes of drift and cannot endanger a low pet
  ---
  duration_ms: 23.969924
  type: 'test'
  ...
# Subtest: sleeping while away recovers energy instead of draining it
ok 1441 - sleeping while away recovers energy instead of draining it
  ---
  duration_ms: 15.25293
  type: 'test'
  ...
# Subtest: only one main overlay is open at a time
ok 1442 - only one main overlay is open at a time
  ---
  duration_ms: 97.921296
  type: 'test'
  ...
# Subtest: an unknown kind opens nothing and close buttons only close their own overlay
ok 1443 - an unknown kind opens nothing and close buttons only close their own overlay
  ---
  duration_ms: 18.64868
  type: 'test'
  ...
# Subtest: every overlay kind renders its own panel
ok 1444 - every overlay kind renders its own panel
  ---
  duration_ms: 39.996391
  type: 'test'
  ...
# Subtest: performance tiers step up on slow frames and back down after sustained fast frames
ok 1445 - performance tiers step up on slow frames and back down after sustained fast frames
  ---
  duration_ms: 13.418224
  type: 'test'
  ...
# Subtest: the original adult cat stays byte-identical to the approved master
ok 1446 - the original adult cat stays byte-identical to the approved master
  ---
  duration_ms: 10.48452
  type: 'test'
  ...
# Subtest: all ten expression assets are distinct approved transparent RGBA PNGs on the original bounds
ok 1447 - all ten expression assets are distinct approved transparent RGBA PNGs on the original bounds
  ---
  duration_ms: 44.826705
  type: 'test'
  ...
# Subtest: every runtime-allowlisted adult-cat expression path exists
ok 1448 - every runtime-allowlisted adult-cat expression path exists
  ---
  duration_ms: 0.388416
  type: 'test'
  ...
# Subtest: kitten expression assets retain the original small stage bounds and transparent canvas
ok 1449 - kitten expression assets retain the original small stage bounds and transparent canvas
  ---
  duration_ms: 13.544915
  type: 'test'
  ...
# Subtest: otemba expression assets retain the original small stage bounds and transparent canvas
ok 1450 - otemba expression assets retain the original small stage bounds and transparent canvas
  ---
  duration_ms: 5.909211
  type: 'test'
  ...
# Subtest: young expression assets retain the original small stage bounds and transparent canvas
ok 1451 - young expression assets retain the original small stage bounds and transparent canvas
  ---
  duration_ms: 6.333751
  type: 'test'
  ...
# Subtest: calm expression assets retain the original small stage bounds and transparent canvas
ok 1452 - calm expression assets retain the original small stage bounds and transparent canvas
  ---
  duration_ms: 7.308471
  type: 'test'
  ...
# Subtest: elder expression assets retain the original small stage bounds and transparent canvas
ok 1453 - elder expression assets retain the original small stage bounds and transparent canvas
  ---
  duration_ms: 7.564287
  type: 'test'
  ...
# Subtest: toddler expression assets retain the original small stage bounds and transparent canvas
ok 1454 - toddler expression assets retain the original small stage bounds and transparent canvas
  ---
  duration_ms: 7.030491
  type: 'test'
  ...
# Subtest: baby expression assets retain the original small stage bounds and transparent canvas
ok 1455 - baby expression assets retain the original small stage bounds and transparent canvas
  ---
  duration_ms: 7.428302
  type: 'test'
  ...
# Subtest: adult dog expressions are distinct transparent assets with original sprite bounds
ok 1456 - adult dog expressions are distinct transparent assets with original sprite bounds
  ---
  duration_ms: 6.500032
  type: 'test'
  ...
# Subtest: puppy expressions are distinct transparent assets with original sprite bounds
ok 1457 - puppy expressions are distinct transparent assets with original sprite bounds
  ---
  duration_ms: 5.820868
  type: 'test'
  ...
# Subtest: wanpaku expressions are distinct transparent assets with original sprite bounds
ok 1458 - wanpaku expressions are distinct transparent assets with original sprite bounds
  ---
  duration_ms: 6.019617
  type: 'test'
  ...
# Subtest: young dog expressions are distinct transparent assets with original sprite bounds
ok 1459 - young dog expressions are distinct transparent assets with original sprite bounds
  ---
  duration_ms: 5.737532
  type: 'test'
  ...
# Subtest: calm dog expressions are distinct transparent assets with original sprite bounds
ok 1460 - calm dog expressions are distinct transparent assets with original sprite bounds
  ---
  duration_ms: 5.898585
  type: 'test'
  ...
# Subtest: baby dog expressions are distinct transparent assets with original sprite bounds
ok 1461 - baby dog expressions are distinct transparent assets with original sprite bounds
  ---
  duration_ms: 4.993049
  type: 'test'
  ...
# Subtest: toddler dog expressions are distinct transparent assets with original sprite bounds
ok 1462 - toddler dog expressions are distinct transparent assets with original sprite bounds
  ---
  duration_ms: 8.318985
  type: 'test'
  ...
# Subtest: elder dog expressions are distinct transparent assets with original sprite bounds
ok 1463 - elder dog expressions are distinct transparent assets with original sprite bounds
  ---
  duration_ms: 8.190301
  type: 'test'
  ...
# Subtest: starfish/01 master is the exact approved candidate; normal routing uses it
ok 1464 - starfish/01 master is the exact approved candidate; normal routing uses it
  ---
  duration_ms: 1.356586
  type: 'test'
  ...
# Subtest: starfish/02 master is the exact approved candidate; normal routing uses it
ok 1465 - starfish/02 master is the exact approved candidate; normal routing uses it
  ---
  duration_ms: 0.927358
  type: 'test'
  ...
# Subtest: starfish/03 master is the exact approved candidate; normal routing uses it
ok 1466 - starfish/03 master is the exact approved candidate; normal routing uses it
  ---
  duration_ms: 0.725144
  type: 'test'
  ...
# Subtest: man/01 has ten distinct transparent expressions with original bounds
ok 1467 - man/01 has ten distinct transparent expressions with original bounds
  ---
  duration_ms: 7.873623
  type: 'test'
  ...
# Subtest: man/02 has ten distinct transparent expressions with original bounds
ok 1468 - man/02 has ten distinct transparent expressions with original bounds
  ---
  duration_ms: 8.305403
  type: 'test'
  ...
# Subtest: man/03 has ten distinct transparent expressions with original bounds
ok 1469 - man/03 has ten distinct transparent expressions with original bounds
  ---
  duration_ms: 6.559732
  type: 'test'
  ...
# Subtest: man/04 has ten distinct transparent expressions with original bounds
ok 1470 - man/04 has ten distinct transparent expressions with original bounds
  ---
  duration_ms: 7.99156
  type: 'test'
  ...
# Subtest: man/05 has ten distinct transparent expressions with original bounds
ok 1471 - man/05 has ten distinct transparent expressions with original bounds
  ---
  duration_ms: 5.731713
  type: 'test'
  ...
# Subtest: man/06 has ten distinct transparent expressions with original bounds
ok 1472 - man/06 has ten distinct transparent expressions with original bounds
  ---
  duration_ms: 6.711991
  type: 'test'
  ...
# Subtest: man/07 has ten distinct transparent expressions with original bounds
ok 1473 - man/07 has ten distinct transparent expressions with original bounds
  ---
  duration_ms: 5.905555
  type: 'test'
  ...
# Subtest: man/08 has ten distinct transparent expressions with original bounds
ok 1474 - man/08 has ten distinct transparent expressions with original bounds
  ---
  duration_ms: 5.547435
  type: 'test'
  ...
# Subtest: woman/01 has ten distinct transparent expressions with original bounds
ok 1475 - woman/01 has ten distinct transparent expressions with original bounds
  ---
  duration_ms: 5.076294
  type: 'test'
  ...
# Subtest: woman/02 has ten distinct transparent expressions with original bounds
ok 1476 - woman/02 has ten distinct transparent expressions with original bounds
  ---
  duration_ms: 5.622298
  type: 'test'
  ...
# Subtest: woman/03 has ten distinct transparent expressions with original bounds
ok 1477 - woman/03 has ten distinct transparent expressions with original bounds
  ---
  duration_ms: 5.923012
  type: 'test'
  ...
# Subtest: woman/04 has ten distinct transparent expressions with original bounds
ok 1478 - woman/04 has ten distinct transparent expressions with original bounds
  ---
  duration_ms: 5.837282
  type: 'test'
  ...
# Subtest: woman/05 has ten distinct transparent expressions with original bounds
ok 1479 - woman/05 has ten distinct transparent expressions with original bounds
  ---
  duration_ms: 6.214381
  type: 'test'
  ...
# Subtest: woman/06 has ten distinct transparent expressions with original bounds
ok 1480 - woman/06 has ten distinct transparent expressions with original bounds
  ---
  duration_ms: 6.462926
  type: 'test'
  ...
# Subtest: woman/07 has ten distinct transparent expressions with original bounds
ok 1481 - woman/07 has ten distinct transparent expressions with original bounds
  ---
  duration_ms: 6.196684
  type: 'test'
  ...
# Subtest: woman/08 has ten distinct transparent expressions with original bounds
ok 1482 - woman/08 has ten distinct transparent expressions with original bounds
  ---
  duration_ms: 6.277466
  type: 'test'
  ...
# Subtest: penguin/01 has ten distinct transparent expressions with original bounds
ok 1483 - penguin/01 has ten distinct transparent expressions with original bounds
  ---
  duration_ms: 5.792575
  type: 'test'
  ...
# Subtest: penguin/02 has ten distinct transparent expressions with original bounds
ok 1484 - penguin/02 has ten distinct transparent expressions with original bounds
  ---
  duration_ms: 6.213931
  type: 'test'
  ...
# Subtest: penguin/03 has ten distinct transparent expressions with original bounds
ok 1485 - penguin/03 has ten distinct transparent expressions with original bounds
  ---
  duration_ms: 8.531444
  type: 'test'
  ...
# Subtest: penguin/04 has ten distinct transparent expressions with original bounds
ok 1486 - penguin/04 has ten distinct transparent expressions with original bounds
  ---
  duration_ms: 6.458118
  type: 'test'
  ...
# Subtest: penguin/05 has ten distinct transparent expressions with original bounds
ok 1487 - penguin/05 has ten distinct transparent expressions with original bounds
  ---
  duration_ms: 5.119349
  type: 'test'
  ...
# Subtest: penguin/06 has ten distinct transparent expressions with original bounds
ok 1488 - penguin/06 has ten distinct transparent expressions with original bounds
  ---
  duration_ms: 6.067399
  type: 'test'
  ...
# Subtest: penguin/07 has ten distinct transparent expressions with original bounds
ok 1489 - penguin/07 has ten distinct transparent expressions with original bounds
  ---
  duration_ms: 5.340282
  type: 'test'
  ...
# Subtest: penguin/08 has ten distinct transparent expressions with original bounds
ok 1490 - penguin/08 has ten distinct transparent expressions with original bounds
  ---
  duration_ms: 5.388225
  type: 'test'
  ...
# Subtest: turtle/01 has ten distinct transparent expressions with original bounds
ok 1491 - turtle/01 has ten distinct transparent expressions with original bounds
  ---
  duration_ms: 4.64219
  type: 'test'
  ...
# Subtest: turtle/02 has ten distinct transparent expressions with original bounds
ok 1492 - turtle/02 has ten distinct transparent expressions with original bounds
  ---
  duration_ms: 4.888371
  type: 'test'
  ...
# Subtest: turtle/03 has ten distinct transparent expressions with original bounds
ok 1493 - turtle/03 has ten distinct transparent expressions with original bounds
  ---
  duration_ms: 4.961732
  type: 'test'
  ...
# Subtest: turtle/04 has ten distinct transparent expressions with original bounds
ok 1494 - turtle/04 has ten distinct transparent expressions with original bounds
  ---
  duration_ms: 5.125369
  type: 'test'
  ...
# Subtest: turtle/05 has ten distinct transparent expressions with original bounds
ok 1495 - turtle/05 has ten distinct transparent expressions with original bounds
  ---
  duration_ms: 9.391792
  type: 'test'
  ...
# Subtest: turtle/06 has ten distinct transparent expressions with original bounds
ok 1496 - turtle/06 has ten distinct transparent expressions with original bounds
  ---
  duration_ms: 10.137656
  type: 'test'
  ...
# Subtest: turtle/07 has ten distinct transparent expressions with original bounds
ok 1497 - turtle/07 has ten distinct transparent expressions with original bounds
  ---
  duration_ms: 13.694209
  type: 'test'
  ...
# Subtest: turtle/08 has ten distinct transparent expressions with original bounds
ok 1498 - turtle/08 has ten distinct transparent expressions with original bounds
  ---
  duration_ms: 5.556939
  type: 'test'
  ...
# Subtest: frog/01 has ten distinct transparent expressions with original bounds
ok 1499 - frog/01 has ten distinct transparent expressions with original bounds
  ---
  duration_ms: 4.607668
  type: 'test'
  ...
# Subtest: frog/02 has ten distinct transparent expressions with original bounds
ok 1500 - frog/02 has ten distinct transparent expressions with original bounds
  ---
  duration_ms: 4.656352
  type: 'test'
  ...
# Subtest: frog/03 has ten distinct transparent expressions with original bounds
ok 1501 - frog/03 has ten distinct transparent expressions with original bounds
  ---
  duration_ms: 4.76839
  type: 'test'
  ...
# Subtest: frog/04 has ten distinct transparent expressions with original bounds
ok 1502 - frog/04 has ten distinct transparent expressions with original bounds
  ---
  duration_ms: 4.95435
  type: 'test'
  ...
# Subtest: frog/05 has ten distinct transparent expressions with original bounds
ok 1503 - frog/05 has ten distinct transparent expressions with original bounds
  ---
  duration_ms: 7.316183
  type: 'test'
  ...
# Subtest: frog/06 has ten distinct transparent expressions with original bounds
ok 1504 - frog/06 has ten distinct transparent expressions with original bounds
  ---
  duration_ms: 5.139
  type: 'test'
  ...
# Subtest: frog/07 has ten distinct transparent expressions with original bounds
ok 1505 - frog/07 has ten distinct transparent expressions with original bounds
  ---
  duration_ms: 6.847846
  type: 'test'
  ...
# Subtest: frog/08 has ten distinct transparent expressions with original bounds
ok 1506 - frog/08 has ten distinct transparent expressions with original bounds
  ---
  duration_ms: 5.711121
  type: 'test'
  ...
# Subtest: clownfish/01 has ten distinct transparent expressions with original bounds
ok 1507 - clownfish/01 has ten distinct transparent expressions with original bounds
  ---
  duration_ms: 4.619225
  type: 'test'
  ...
# Subtest: clownfish/02 has ten distinct transparent expressions with original bounds
ok 1508 - clownfish/02 has ten distinct transparent expressions with original bounds
  ---
  duration_ms: 8.77377
  type: 'test'
  ...
# Subtest: clownfish/03 has ten distinct transparent expressions with original bounds
ok 1509 - clownfish/03 has ten distinct transparent expressions with original bounds
  ---
  duration_ms: 4.839047
  type: 'test'
  ...
# Subtest: clownfish/04 has ten distinct transparent expressions with original bounds
ok 1510 - clownfish/04 has ten distinct transparent expressions with original bounds
  ---
  duration_ms: 6.324677
  type: 'test'
  ...
# Subtest: clownfish/05 has ten distinct transparent expressions with original bounds
ok 1511 - clownfish/05 has ten distinct transparent expressions with original bounds
  ---
  duration_ms: 6.0612
  type: 'test'
  ...
# Subtest: clownfish/06 has ten distinct transparent expressions with original bounds
ok 1512 - clownfish/06 has ten distinct transparent expressions with original bounds
  ---
  duration_ms: 4.975483
  type: 'test'
  ...
# Subtest: clownfish/07 has ten distinct transparent expressions with original bounds
ok 1513 - clownfish/07 has ten distinct transparent expressions with original bounds
  ---
  duration_ms: 5.156215
  type: 'test'
  ...
# Subtest: clownfish/08 has ten distinct transparent expressions with original bounds
ok 1514 - clownfish/08 has ten distinct transparent expressions with original bounds
  ---
  duration_ms: 5.622719
  type: 'test'
  ...
# Subtest: salmon/01 has ten distinct transparent expressions with original bounds
ok 1515 - salmon/01 has ten distinct transparent expressions with original bounds
  ---
  duration_ms: 4.527087
  type: 'test'
  ...
# Subtest: salmon/02 has ten distinct transparent expressions with original bounds
ok 1516 - salmon/02 has ten distinct transparent expressions with original bounds
  ---
  duration_ms: 4.632365
  type: 'test'
  ...
# Subtest: salmon/03 has ten distinct transparent expressions with original bounds
ok 1517 - salmon/03 has ten distinct transparent expressions with original bounds
  ---
  duration_ms: 4.660017
  type: 'test'
  ...
# Subtest: salmon/04 has ten distinct transparent expressions with original bounds
ok 1518 - salmon/04 has ten distinct transparent expressions with original bounds
  ---
  duration_ms: 4.665165
  type: 'test'
  ...
# Subtest: salmon/05 has ten distinct transparent expressions with original bounds
ok 1519 - salmon/05 has ten distinct transparent expressions with original bounds
  ---
  duration_ms: 4.866027
  type: 'test'
  ...
# Subtest: salmon/06 has ten distinct transparent expressions with original bounds
ok 1520 - salmon/06 has ten distinct transparent expressions with original bounds
  ---
  duration_ms: 4.935001
  type: 'test'
  ...
# Subtest: salmon/07 has ten distinct transparent expressions with original bounds
ok 1521 - salmon/07 has ten distinct transparent expressions with original bounds
  ---
  duration_ms: 4.923023
  type: 'test'
  ...
# Subtest: salmon/08 has ten distinct transparent expressions with original bounds
ok 1522 - salmon/08 has ten distinct transparent expressions with original bounds
  ---
  duration_ms: 9.272041
  type: 'test'
  ...
# Subtest: hermit_crab/01 has ten distinct transparent expressions with original bounds
ok 1523 - hermit_crab/01 has ten distinct transparent expressions with original bounds
  ---
  duration_ms: 5.566944
  type: 'test'
  ...
# Subtest: hermit_crab/02 has ten distinct transparent expressions with original bounds
ok 1524 - hermit_crab/02 has ten distinct transparent expressions with original bounds
  ---
  duration_ms: 5.584881
  type: 'test'
  ...
# Subtest: hermit_crab/03 has ten distinct transparent expressions with original bounds
ok 1525 - hermit_crab/03 has ten distinct transparent expressions with original bounds
  ---
  duration_ms: 5.356818
  type: 'test'
  ...
# Subtest: hermit_crab/04 has ten distinct transparent expressions with original bounds
ok 1526 - hermit_crab/04 has ten distinct transparent expressions with original bounds
  ---
  duration_ms: 5.548526
  type: 'test'
  ...
# Subtest: hermit_crab/05 has ten distinct transparent expressions with original bounds
ok 1527 - hermit_crab/05 has ten distinct transparent expressions with original bounds
  ---
  duration_ms: 5.305681
  type: 'test'
  ...
# Subtest: hermit_crab/06 has ten distinct transparent expressions with original bounds
ok 1528 - hermit_crab/06 has ten distinct transparent expressions with original bounds
  ---
  duration_ms: 16.712611
  type: 'test'
  ...
# Subtest: hermit_crab/07 has ten distinct transparent expressions with original bounds
ok 1529 - hermit_crab/07 has ten distinct transparent expressions with original bounds
  ---
  duration_ms: 5.550329
  type: 'test'
  ...
# Subtest: hermit_crab/08 has ten distinct transparent expressions with original bounds
ok 1530 - hermit_crab/08 has ten distinct transparent expressions with original bounds
  ---
  duration_ms: 5.543989
  type: 'test'
  ...
# Subtest: jellyfish/01 has ten distinct transparent expressions with original bounds
ok 1531 - jellyfish/01 has ten distinct transparent expressions with original bounds
  ---
  duration_ms: 5.068383
  type: 'test'
  ...
# Subtest: jellyfish/02 has ten distinct transparent expressions with original bounds
ok 1532 - jellyfish/02 has ten distinct transparent expressions with original bounds
  ---
  duration_ms: 5.187432
  type: 'test'
  ...
# Subtest: jellyfish/03 has ten distinct transparent expressions with original bounds
ok 1533 - jellyfish/03 has ten distinct transparent expressions with original bounds
  ---
  duration_ms: 5.567966
  type: 'test'
  ...
# Subtest: jellyfish/04 has ten distinct transparent expressions with original bounds
ok 1534 - jellyfish/04 has ten distinct transparent expressions with original bounds
  ---
  duration_ms: 5.527294
  type: 'test'
  ...
# Subtest: jellyfish/05 has ten distinct transparent expressions with original bounds
ok 1535 - jellyfish/05 has ten distinct transparent expressions with original bounds
  ---
  duration_ms: 5.59719
  type: 'test'
  ...
# Subtest: jellyfish/06 has ten distinct transparent expressions with original bounds
ok 1536 - jellyfish/06 has ten distinct transparent expressions with original bounds
  ---
  duration_ms: 8.299505
  type: 'test'
  ...
# Subtest: jellyfish/07 has ten distinct transparent expressions with original bounds
ok 1537 - jellyfish/07 has ten distinct transparent expressions with original bounds
  ---
  duration_ms: 9.55674
  type: 'test'
  ...
# Subtest: jellyfish/08 has ten distinct transparent expressions with original bounds
ok 1538 - jellyfish/08 has ten distinct transparent expressions with original bounds
  ---
  duration_ms: 6.238528
  type: 'test'
  ...
# Subtest: starfish/01 has ten distinct transparent expressions with projected approved master bounds
ok 1539 - starfish/01 has ten distinct transparent expressions with projected approved master bounds
  ---
  duration_ms: 7.855565
  type: 'test'
  ...
# Subtest: starfish/02 has ten distinct transparent expressions with projected approved master bounds
ok 1540 - starfish/02 has ten distinct transparent expressions with projected approved master bounds
  ---
  duration_ms: 7.237714
  type: 'test'
  ...
# Subtest: starfish/03 has ten distinct transparent expressions with projected approved master bounds
ok 1541 - starfish/03 has ten distinct transparent expressions with projected approved master bounds
  ---
  duration_ms: 6.520092
  type: 'test'
  ...
# Subtest: starfish/04 has ten distinct transparent expressions with original bounds
ok 1542 - starfish/04 has ten distinct transparent expressions with original bounds
  ---
  duration_ms: 6.947657
  type: 'test'
  ...
# Subtest: starfish/05 has ten distinct transparent expressions with original bounds
ok 1543 - starfish/05 has ten distinct transparent expressions with original bounds
  ---
  duration_ms: 11.691009
  type: 'test'
  ...
# Subtest: starfish/06 has ten distinct transparent expressions with original bounds
ok 1544 - starfish/06 has ten distinct transparent expressions with original bounds
  ---
  duration_ms: 8.517614
  type: 'test'
  ...
# Subtest: starfish/07 has ten distinct transparent expressions with original bounds
ok 1545 - starfish/07 has ten distinct transparent expressions with original bounds
  ---
  duration_ms: 5.108302
  type: 'test'
  ...
# Subtest: starfish/08 has ten distinct transparent expressions with original bounds
ok 1546 - starfish/08 has ten distinct transparent expressions with original bounds
  ---
  duration_ms: 7.1221
  type: 'test'
  ...
# Subtest: coral/01 has ten distinct transparent expressions with original bounds
ok 1547 - coral/01 has ten distinct transparent expressions with original bounds
  ---
  duration_ms: 5.612583
  type: 'test'
  ...
# Subtest: coral/02 has ten distinct transparent expressions with original bounds
ok 1548 - coral/02 has ten distinct transparent expressions with original bounds
  ---
  duration_ms: 6.674134
  type: 'test'
  ...
# Subtest: coral/03 has ten distinct transparent expressions with original bounds
ok 1549 - coral/03 has ten distinct transparent expressions with original bounds
  ---
  duration_ms: 6.141361
  type: 'test'
  ...
# Subtest: coral/04 has ten distinct transparent expressions with original bounds
ok 1550 - coral/04 has ten distinct transparent expressions with original bounds
  ---
  duration_ms: 5.559282
  type: 'test'
  ...
# Subtest: coral/05 has ten distinct transparent expressions with original bounds
ok 1551 - coral/05 has ten distinct transparent expressions with original bounds
  ---
  duration_ms: 5.572192
  type: 'test'
  ...
# Subtest: coral/06 has ten distinct transparent expressions with original bounds
ok 1552 - coral/06 has ten distinct transparent expressions with original bounds
  ---
  duration_ms: 5.638843
  type: 'test'
  ...
# Subtest: coral/07 has ten distinct transparent expressions with original bounds
ok 1553 - coral/07 has ten distinct transparent expressions with original bounds
  ---
  duration_ms: 5.695818
  type: 'test'
  ...
# Subtest: coral/08 has ten distinct transparent expressions with original bounds
ok 1554 - coral/08 has ten distinct transparent expressions with original bounds
  ---
  duration_ms: 5.408325
  type: 'test'
  ...
# Subtest: butterfly/01 has ten distinct transparent expressions with original bounds
ok 1555 - butterfly/01 has ten distinct transparent expressions with original bounds
  ---
  duration_ms: 4.586175
  type: 'test'
  ...
# Subtest: butterfly/02 has ten distinct transparent expressions with original bounds
ok 1556 - butterfly/02 has ten distinct transparent expressions with original bounds
  ---
  duration_ms: 4.600787
  type: 'test'
  ...
# Subtest: butterfly/03 has ten distinct transparent expressions with original bounds
ok 1557 - butterfly/03 has ten distinct transparent expressions with original bounds
  ---
  duration_ms: 4.945107
  type: 'test'
  ...
# Subtest: butterfly/04 has ten distinct transparent expressions with original bounds
ok 1558 - butterfly/04 has ten distinct transparent expressions with original bounds
  ---
  duration_ms: 5.465691
  type: 'test'
  ...
# Subtest: butterfly/05 has ten distinct transparent expressions with original bounds
ok 1559 - butterfly/05 has ten distinct transparent expressions with original bounds
  ---
  duration_ms: 5.063435
  type: 'test'
  ...
# Subtest: butterfly/06 has ten distinct transparent expressions with original bounds
ok 1560 - butterfly/06 has ten distinct transparent expressions with original bounds
  ---
  duration_ms: 5.441285
  type: 'test'
  ...
# Subtest: butterfly/07 has ten distinct transparent expressions with original bounds
ok 1561 - butterfly/07 has ten distinct transparent expressions with original bounds
  ---
  duration_ms: 6.815407
  type: 'test'
  ...
# Subtest: butterfly/08 has ten distinct transparent expressions with original bounds
ok 1562 - butterfly/08 has ten distinct transparent expressions with original bounds
  ---
  duration_ms: 5.588637
  type: 'test'
  ...
# Subtest: beetle/01 has ten distinct transparent expressions with original bounds
ok 1563 - beetle/01 has ten distinct transparent expressions with original bounds
  ---
  duration_ms: 5.053059
  type: 'test'
  ...
# Subtest: beetle/02 has ten distinct transparent expressions with original bounds
ok 1564 - beetle/02 has ten distinct transparent expressions with original bounds
  ---
  duration_ms: 4.880409
  type: 'test'
  ...
# Subtest: beetle/03 has ten distinct transparent expressions with original bounds
ok 1565 - beetle/03 has ten distinct transparent expressions with original bounds
  ---
  duration_ms: 5.56435
  type: 'test'
  ...
# Subtest: beetle/04 has ten distinct transparent expressions with original bounds
ok 1566 - beetle/04 has ten distinct transparent expressions with original bounds
  ---
  duration_ms: 5.062784
  type: 'test'
  ...
# Subtest: beetle/05 has ten distinct transparent expressions with original bounds
ok 1567 - beetle/05 has ten distinct transparent expressions with original bounds
  ---
  duration_ms: 5.289396
  type: 'test'
  ...
# Subtest: beetle/06 has ten distinct transparent expressions with original bounds
ok 1568 - beetle/06 has ten distinct transparent expressions with original bounds
  ---
  duration_ms: 5.319481
  type: 'test'
  ...
# Subtest: beetle/07 has ten distinct transparent expressions with original bounds
ok 1569 - beetle/07 has ten distinct transparent expressions with original bounds
  ---
  duration_ms: 5.434906
  type: 'test'
  ...
# Subtest: beetle/08 has ten distinct transparent expressions with original bounds
ok 1570 - beetle/08 has ten distinct transparent expressions with original bounds
  ---
  duration_ms: 5.556438
  type: 'test'
  ...
# Subtest: stagbeetle/01 has ten distinct transparent expressions with original bounds
ok 1571 - stagbeetle/01 has ten distinct transparent expressions with original bounds
  ---
  duration_ms: 4.955532
  type: 'test'
  ...
# Subtest: stagbeetle/02 has ten distinct transparent expressions with original bounds
ok 1572 - stagbeetle/02 has ten distinct transparent expressions with original bounds
  ---
  duration_ms: 4.965407
  type: 'test'
  ...
# Subtest: stagbeetle/03 has ten distinct transparent expressions with original bounds
ok 1573 - stagbeetle/03 has ten distinct transparent expressions with original bounds
  ---
  duration_ms: 5.508697
  type: 'test'
  ...
# Subtest: stagbeetle/04 has ten distinct transparent expressions with original bounds
ok 1574 - stagbeetle/04 has ten distinct transparent expressions with original bounds
  ---
  duration_ms: 6.643448
  type: 'test'
  ...
# Subtest: stagbeetle/05 has ten distinct transparent expressions with original bounds
ok 1575 - stagbeetle/05 has ten distinct transparent expressions with original bounds
  ---
  duration_ms: 5.091597
  type: 'test'
  ...
# Subtest: stagbeetle/06 has ten distinct transparent expressions with original bounds
ok 1576 - stagbeetle/06 has ten distinct transparent expressions with original bounds
  ---
  duration_ms: 4.757684
  type: 'test'
  ...
# Subtest: stagbeetle/07 has ten distinct transparent expressions with original bounds
ok 1577 - stagbeetle/07 has ten distinct transparent expressions with original bounds
  ---
  duration_ms: 4.98008
  type: 'test'
  ...
# Subtest: stagbeetle/08 has ten distinct transparent expressions with original bounds
ok 1578 - stagbeetle/08 has ten distinct transparent expressions with original bounds
  ---
  duration_ms: 5.313622
  type: 'test'
  ...
# Subtest: cicada/01 has ten distinct transparent expressions with original bounds
ok 1579 - cicada/01 has ten distinct transparent expressions with original bounds
  ---
  duration_ms: 4.895281
  type: 'test'
  ...
# Subtest: cicada/02 has ten distinct transparent expressions with original bounds
ok 1580 - cicada/02 has ten distinct transparent expressions with original bounds
  ---
  duration_ms: 5.151428
  type: 'test'
  ...
# Subtest: cicada/03 has ten distinct transparent expressions with original bounds
ok 1581 - cicada/03 has ten distinct transparent expressions with original bounds
  ---
  duration_ms: 5.56433
  type: 'test'
  ...
# Subtest: cicada/04 has ten distinct transparent expressions with original bounds
ok 1582 - cicada/04 has ten distinct transparent expressions with original bounds
  ---
  duration_ms: 5.813987
  type: 'test'
  ...
# Subtest: cicada/05 has ten distinct transparent expressions with original bounds
ok 1583 - cicada/05 has ten distinct transparent expressions with original bounds
  ---
  duration_ms: 5.556909
  type: 'test'
  ...
# Subtest: cicada/06 has ten distinct transparent expressions with original bounds
ok 1584 - cicada/06 has ten distinct transparent expressions with original bounds
  ---
  duration_ms: 5.273742
  type: 'test'
  ...
# Subtest: cicada/07 has ten distinct transparent expressions with original bounds
ok 1585 - cicada/07 has ten distinct transparent expressions with original bounds
  ---
  duration_ms: 6.739833
  type: 'test'
  ...
# Subtest: cicada/08 has ten distinct transparent expressions with original bounds
ok 1586 - cicada/08 has ten distinct transparent expressions with original bounds
  ---
  duration_ms: 10.160361
  type: 'test'
  ...
# Subtest: antlion/01 has ten distinct transparent expressions with original bounds
ok 1587 - antlion/01 has ten distinct transparent expressions with original bounds
  ---
  duration_ms: 13.540888
  type: 'test'
  ...
# Subtest: antlion/02 has ten distinct transparent expressions with original bounds
ok 1588 - antlion/02 has ten distinct transparent expressions with original bounds
  ---
  duration_ms: 6.320742
  type: 'test'
  ...
# Subtest: antlion/03 has ten distinct transparent expressions with original bounds
ok 1589 - antlion/03 has ten distinct transparent expressions with original bounds
  ---
  duration_ms: 6.184606
  type: 'test'
  ...
# Subtest: antlion/04 has ten distinct transparent expressions with original bounds
ok 1590 - antlion/04 has ten distinct transparent expressions with original bounds
  ---
  duration_ms: 6.759703
  type: 'test'
  ...
# Subtest: antlion/05 has ten distinct transparent expressions with original bounds
ok 1591 - antlion/05 has ten distinct transparent expressions with original bounds
  ---
  duration_ms: 5.905766
  type: 'test'
  ...
# Subtest: antlion/06 has ten distinct transparent expressions with original bounds
ok 1592 - antlion/06 has ten distinct transparent expressions with original bounds
  ---
  duration_ms: 6.273389
  type: 'test'
  ...
# Subtest: antlion/07 has ten distinct transparent expressions with original bounds
ok 1593 - antlion/07 has ten distinct transparent expressions with original bounds
  ---
  duration_ms: 5.037186
  type: 'test'
  ...
# Subtest: antlion/08 has ten distinct transparent expressions with original bounds
ok 1594 - antlion/08 has ten distinct transparent expressions with original bounds
  ---
  duration_ms: 5.1396
  type: 'test'
  ...
# Subtest: dandelion/01 has ten distinct transparent expressions with original bounds
ok 1595 - dandelion/01 has ten distinct transparent expressions with original bounds
  ---
  duration_ms: 5.014682
  type: 'test'
  ...
# Subtest: dandelion/02 has ten distinct transparent expressions with original bounds
ok 1596 - dandelion/02 has ten distinct transparent expressions with original bounds
  ---
  duration_ms: 5.695208
  type: 'test'
  ...
# Subtest: dandelion/03 has ten distinct transparent expressions with original bounds
ok 1597 - dandelion/03 has ten distinct transparent expressions with original bounds
  ---
  duration_ms: 6.686663
  type: 'test'
  ...
# Subtest: dandelion/04 has ten distinct transparent expressions with original bounds
ok 1598 - dandelion/04 has ten distinct transparent expressions with original bounds
  ---
  duration_ms: 5.892776
  type: 'test'
  ...
# Subtest: dandelion/05 has ten distinct transparent expressions with original bounds
ok 1599 - dandelion/05 has ten distinct transparent expressions with original bounds
  ---
  duration_ms: 5.419853
  type: 'test'
  ...
# Subtest: dandelion/06 has ten distinct transparent expressions with original bounds
ok 1600 - dandelion/06 has ten distinct transparent expressions with original bounds
  ---
  duration_ms: 7.836517
  type: 'test'
  ...
# Subtest: dandelion/07 has ten distinct transparent expressions with original bounds
ok 1601 - dandelion/07 has ten distinct transparent expressions with original bounds
  ---
  duration_ms: 5.844403
  type: 'test'
  ...
# Subtest: dandelion/08 has ten distinct transparent expressions with original bounds
ok 1602 - dandelion/08 has ten distinct transparent expressions with original bounds
  ---
  duration_ms: 7.832891
  type: 'test'
  ...
# Subtest: sakura/01 has ten distinct transparent expressions with original bounds
ok 1603 - sakura/01 has ten distinct transparent expressions with original bounds
  ---
  duration_ms: 5.131307
  type: 'test'
  ...
# Subtest: sakura/02 has ten distinct transparent expressions with original bounds
ok 1604 - sakura/02 has ten distinct transparent expressions with original bounds
  ---
  duration_ms: 5.19228
  type: 'test'
  ...
# Subtest: sakura/03 has ten distinct transparent expressions with original bounds
ok 1605 - sakura/03 has ten distinct transparent expressions with original bounds
  ---
  duration_ms: 5.226471
  type: 'test'
  ...
# Subtest: sakura/04 has ten distinct transparent expressions with original bounds
ok 1606 - sakura/04 has ten distinct transparent expressions with original bounds
  ---
  duration_ms: 9.535118
  type: 'test'
  ...
# Subtest: sakura/05 has ten distinct transparent expressions with original bounds
ok 1607 - sakura/05 has ten distinct transparent expressions with original bounds
  ---
  duration_ms: 5.571001
  type: 'test'
  ...
# Subtest: sakura/06 has ten distinct transparent expressions with original bounds
ok 1608 - sakura/06 has ten distinct transparent expressions with original bounds
  ---
  duration_ms: 5.551311
  type: 'test'
  ...
# Subtest: sakura/07 has ten distinct transparent expressions with original bounds
ok 1609 - sakura/07 has ten distinct transparent expressions with original bounds
  ---
  duration_ms: 5.405631
  type: 'test'
  ...
# Subtest: sakura/08 has ten distinct transparent expressions with original bounds
ok 1610 - sakura/08 has ten distinct transparent expressions with original bounds
  ---
  duration_ms: 5.774247
  type: 'test'
  ...
# Subtest: venus_flytrap/01 has ten distinct transparent expressions with original bounds
ok 1611 - venus_flytrap/01 has ten distinct transparent expressions with original bounds
  ---
  duration_ms: 5.753295
  type: 'test'
  ...
# Subtest: venus_flytrap/02 has ten distinct transparent expressions with original bounds
ok 1612 - venus_flytrap/02 has ten distinct transparent expressions with original bounds
  ---
  duration_ms: 4.90079
  type: 'test'
  ...
# Subtest: venus_flytrap/03 has ten distinct transparent expressions with original bounds
ok 1613 - venus_flytrap/03 has ten distinct transparent expressions with original bounds
  ---
  duration_ms: 4.871856
  type: 'test'
  ...
# Subtest: venus_flytrap/04 has ten distinct transparent expressions with original bounds
ok 1614 - venus_flytrap/04 has ten distinct transparent expressions with original bounds
  ---
  duration_ms: 5.180581
  type: 'test'
  ...
# Subtest: venus_flytrap/05 has ten distinct transparent expressions with original bounds
ok 1615 - venus_flytrap/05 has ten distinct transparent expressions with original bounds
  ---
  duration_ms: 5.707446
  type: 'test'
  ...
# Subtest: venus_flytrap/06 has ten distinct transparent expressions with original bounds
ok 1616 - venus_flytrap/06 has ten distinct transparent expressions with original bounds
  ---
  duration_ms: 5.423368
  type: 'test'
  ...
# Subtest: venus_flytrap/07 has ten distinct transparent expressions with original bounds
ok 1617 - venus_flytrap/07 has ten distinct transparent expressions with original bounds
  ---
  duration_ms: 5.744012
  type: 'test'
  ...
# Subtest: venus_flytrap/08 has ten distinct transparent expressions with original bounds
ok 1618 - venus_flytrap/08 has ten distinct transparent expressions with original bounds
  ---
  duration_ms: 5.859295
  type: 'test'
  ...
# Subtest: mushroom/01 has ten distinct transparent expressions with original bounds
ok 1619 - mushroom/01 has ten distinct transparent expressions with original bounds
  ---
  duration_ms: 12.10763
  type: 'test'
  ...
# Subtest: mushroom/02 has ten distinct transparent expressions with original bounds
ok 1620 - mushroom/02 has ten distinct transparent expressions with original bounds
  ---
  duration_ms: 5.513353
  type: 'test'
  ...
# Subtest: mushroom/03 has ten distinct transparent expressions with original bounds
ok 1621 - mushroom/03 has ten distinct transparent expressions with original bounds
  ---
  duration_ms: 5.376467
  type: 'test'
  ...
# Subtest: mushroom/04 has ten distinct transparent expressions with original bounds
ok 1622 - mushroom/04 has ten distinct transparent expressions with original bounds
  ---
  duration_ms: 5.258149
  type: 'test'
  ...
# Subtest: mushroom/05 has ten distinct transparent expressions with original bounds
ok 1623 - mushroom/05 has ten distinct transparent expressions with original bounds
  ---
  duration_ms: 5.799766
  type: 'test'
  ...
# Subtest: mushroom/06 has ten distinct transparent expressions with original bounds
ok 1624 - mushroom/06 has ten distinct transparent expressions with original bounds
  ---
  duration_ms: 5.274934
  type: 'test'
  ...
# Subtest: mushroom/07 has ten distinct transparent expressions with original bounds
ok 1625 - mushroom/07 has ten distinct transparent expressions with original bounds
  ---
  duration_ms: 5.565241
  type: 'test'
  ...
# Subtest: mushroom/08 has ten distinct transparent expressions with original bounds
ok 1626 - mushroom/08 has ten distinct transparent expressions with original bounds
  ---
  duration_ms: 5.452562
  type: 'test'
  ...
# Subtest: dragon/01 has ten distinct transparent expressions with original bounds
ok 1627 - dragon/01 has ten distinct transparent expressions with original bounds
  ---
  duration_ms: 4.776973
  type: 'test'
  ...
# Subtest: dragon/02 has ten distinct transparent expressions with original bounds
ok 1628 - dragon/02 has ten distinct transparent expressions with original bounds
  ---
  duration_ms: 5.124438
  type: 'test'
  ...
# Subtest: dragon/03 has ten distinct transparent expressions with original bounds
ok 1629 - dragon/03 has ten distinct transparent expressions with original bounds
  ---
  duration_ms: 10.554716
  type: 'test'
  ...
# Subtest: dragon/04 has ten distinct transparent expressions with original bounds
ok 1630 - dragon/04 has ten distinct transparent expressions with original bounds
  ---
  duration_ms: 5.156646
  type: 'test'
  ...
# Subtest: dragon/05 has ten distinct transparent expressions with original bounds
ok 1631 - dragon/05 has ten distinct transparent expressions with original bounds
  ---
  duration_ms: 6.188852
  type: 'test'
  ...
# Subtest: dragon/06 has ten distinct transparent expressions with original bounds
ok 1632 - dragon/06 has ten distinct transparent expressions with original bounds
  ---
  duration_ms: 5.826195
  type: 'test'
  ...
# Subtest: dragon/07 has ten distinct transparent expressions with original bounds
ok 1633 - dragon/07 has ten distinct transparent expressions with original bounds
  ---
  duration_ms: 5.763641
  type: 'test'
  ...
# Subtest: dragon/08 has ten distinct transparent expressions with original bounds
ok 1634 - dragon/08 has ten distinct transparent expressions with original bounds
  ---
  duration_ms: 5.814849
  type: 'test'
  ...
# Subtest: phoenix/01 has ten distinct transparent expressions with original bounds
ok 1635 - phoenix/01 has ten distinct transparent expressions with original bounds
  ---
  duration_ms: 4.667548
  type: 'test'
  ...
# Subtest: phoenix/02 has ten distinct transparent expressions with original bounds
ok 1636 - phoenix/02 has ten distinct transparent expressions with original bounds
  ---
  duration_ms: 4.780218
  type: 'test'
  ...
# Subtest: phoenix/03 has ten distinct transparent expressions with original bounds
ok 1637 - phoenix/03 has ten distinct transparent expressions with original bounds
  ---
  duration_ms: 4.872998
  type: 'test'
  ...
# Subtest: phoenix/04 has ten distinct transparent expressions with original bounds
ok 1638 - phoenix/04 has ten distinct transparent expressions with original bounds
  ---
  duration_ms: 5.096555
  type: 'test'
  ...
# Subtest: phoenix/05 has ten distinct transparent expressions with original bounds
ok 1639 - phoenix/05 has ten distinct transparent expressions with original bounds
  ---
  duration_ms: 5.395987
  type: 'test'
  ...
# Subtest: phoenix/06 has ten distinct transparent expressions with original bounds
ok 1640 - phoenix/06 has ten distinct transparent expressions with original bounds
  ---
  duration_ms: 5.380013
  type: 'test'
  ...
# Subtest: phoenix/07 has ten distinct transparent expressions with original bounds
ok 1641 - phoenix/07 has ten distinct transparent expressions with original bounds
  ---
  duration_ms: 5.376107
  type: 'test'
  ...
# Subtest: phoenix/08 has ten distinct transparent expressions with original bounds
ok 1642 - phoenix/08 has ten distinct transparent expressions with original bounds
  ---
  duration_ms: 4.846778
  type: 'test'
  ...
# Subtest: god/01 has ten distinct transparent expressions with original bounds
ok 1643 - god/01 has ten distinct transparent expressions with original bounds
  ---
  duration_ms: 5.174793
  type: 'test'
  ...
# Subtest: god/02 has ten distinct transparent expressions with original bounds
ok 1644 - god/02 has ten distinct transparent expressions with original bounds
  ---
  duration_ms: 7.051764
  type: 'test'
  ...
# Subtest: god/03 has ten distinct transparent expressions with original bounds
ok 1645 - god/03 has ten distinct transparent expressions with original bounds
  ---
  duration_ms: 5.044627
  type: 'test'
  ...
# Subtest: god/04 has ten distinct transparent expressions with original bounds
ok 1646 - god/04 has ten distinct transparent expressions with original bounds
  ---
  duration_ms: 6.475745
  type: 'test'
  ...
# Subtest: god/05 has ten distinct transparent expressions with original bounds
ok 1647 - god/05 has ten distinct transparent expressions with original bounds
  ---
  duration_ms: 6.451168
  type: 'test'
  ...
# Subtest: god/06 has ten distinct transparent expressions with original bounds
ok 1648 - god/06 has ten distinct transparent expressions with original bounds
  ---
  duration_ms: 5.868549
  type: 'test'
  ...
# Subtest: god/07 has ten distinct transparent expressions with original bounds
ok 1649 - god/07 has ten distinct transparent expressions with original bounds
  ---
  duration_ms: 5.570019
  type: 'test'
  ...
# Subtest: god/08 has ten distinct transparent expressions with original bounds
ok 1650 - god/08 has ten distinct transparent expressions with original bounds
  ---
  duration_ms: 5.208844
  type: 'test'
  ...
# Subtest: world_tree/01 has ten distinct transparent expressions with original bounds
ok 1651 - world_tree/01 has ten distinct transparent expressions with original bounds
  ---
  duration_ms: 4.902082
  type: 'test'
  ...
# Subtest: world_tree/02 has ten distinct transparent expressions with original bounds
ok 1652 - world_tree/02 has ten distinct transparent expressions with original bounds
  ---
  duration_ms: 4.972919
  type: 'test'
  ...
# Subtest: world_tree/03 has ten distinct transparent expressions with original bounds
ok 1653 - world_tree/03 has ten distinct transparent expressions with original bounds
  ---
  duration_ms: 5.667767
  type: 'test'
  ...
# Subtest: world_tree/04 has ten distinct transparent expressions with original bounds
ok 1654 - world_tree/04 has ten distinct transparent expressions with original bounds
  ---
  duration_ms: 5.250727
  type: 'test'
  ...
# Subtest: world_tree/05 has ten distinct transparent expressions with original bounds
ok 1655 - world_tree/05 has ten distinct transparent expressions with original bounds
  ---
  duration_ms: 5.765534
  type: 'test'
  ...
# Subtest: world_tree/06 has ten distinct transparent expressions with original bounds
ok 1656 - world_tree/06 has ten distinct transparent expressions with original bounds
  ---
  duration_ms: 10.854187
  type: 'test'
  ...
# Subtest: world_tree/07 has ten distinct transparent expressions with original bounds
ok 1657 - world_tree/07 has ten distinct transparent expressions with original bounds
  ---
  duration_ms: 6.29383
  type: 'test'
  ...
# Subtest: world_tree/08 has ten distinct transparent expressions with original bounds
ok 1658 - world_tree/08 has ten distinct transparent expressions with original bounds
  ---
  duration_ms: 5.056945
  type: 'test'
  ...
# Subtest: ghost/01 has ten distinct transparent expressions with original bounds
ok 1659 - ghost/01 has ten distinct transparent expressions with original bounds
  ---
  duration_ms: 4.653417
  type: 'test'
  ...
# Subtest: ghost/02 has ten distinct transparent expressions with original bounds
ok 1660 - ghost/02 has ten distinct transparent expressions with original bounds
  ---
  duration_ms: 5.415476
  type: 'test'
  ...
# Subtest: ghost/03 has ten distinct transparent expressions with original bounds
ok 1661 - ghost/03 has ten distinct transparent expressions with original bounds
  ---
  duration_ms: 4.785747
  type: 'test'
  ...
# Subtest: ghost/04 has ten distinct transparent expressions with original bounds
ok 1662 - ghost/04 has ten distinct transparent expressions with original bounds
  ---
  duration_ms: 4.917445
  type: 'test'
  ...
# Subtest: ghost/05 has ten distinct transparent expressions with original bounds
ok 1663 - ghost/05 has ten distinct transparent expressions with original bounds
  ---
  duration_ms: 5.186681
  type: 'test'
  ...
# Subtest: ghost/06 has ten distinct transparent expressions with original bounds
ok 1664 - ghost/06 has ten distinct transparent expressions with original bounds
  ---
  duration_ms: 5.38517
  type: 'test'
  ...
# Subtest: ghost/07 has ten distinct transparent expressions with original bounds
ok 1665 - ghost/07 has ten distinct transparent expressions with original bounds
  ---
  duration_ms: 5.268474
  type: 'test'
  ...
# Subtest: ghost/08 has ten distinct transparent expressions with original bounds
ok 1666 - ghost/08 has ten distinct transparent expressions with original bounds
  ---
  duration_ms: 5.089154
  type: 'test'
  ...
# Subtest: star/01 has ten distinct transparent expressions with original bounds
ok 1667 - star/01 has ten distinct transparent expressions with original bounds
  ---
  duration_ms: 4.75476
  type: 'test'
  ...
# Subtest: star/02 has ten distinct transparent expressions with original bounds
ok 1668 - star/02 has ten distinct transparent expressions with original bounds
  ---
  duration_ms: 4.88785
  type: 'test'
  ...
# Subtest: star/03 has ten distinct transparent expressions with original bounds
ok 1669 - star/03 has ten distinct transparent expressions with original bounds
  ---
  duration_ms: 4.939068
  type: 'test'
  ...
# Subtest: star/04 has ten distinct transparent expressions with original bounds
ok 1670 - star/04 has ten distinct transparent expressions with original bounds
  ---
  duration_ms: 11.086655
  type: 'test'
  ...
# Subtest: star/05 has ten distinct transparent expressions with original bounds
ok 1671 - star/05 has ten distinct transparent expressions with original bounds
  ---
  duration_ms: 5.984164
  type: 'test'
  ...
# Subtest: star/06 has ten distinct transparent expressions with original bounds
ok 1672 - star/06 has ten distinct transparent expressions with original bounds
  ---
  duration_ms: 5.929762
  type: 'test'
  ...
# Subtest: star/07 has ten distinct transparent expressions with original bounds
ok 1673 - star/07 has ten distinct transparent expressions with original bounds
  ---
  duration_ms: 5.725935
  type: 'test'
  ...
# Subtest: star/08 has ten distinct transparent expressions with original bounds
ok 1674 - star/08 has ten distinct transparent expressions with original bounds
  ---
  duration_ms: 5.519322
  type: 'test'
  ...
# Subtest: plush/01 has ten distinct transparent expressions with original bounds
ok 1675 - plush/01 has ten distinct transparent expressions with original bounds
  ---
  duration_ms: 5.713255
  type: 'test'
  ...
# Subtest: plush/02 has ten distinct transparent expressions with original bounds
ok 1676 - plush/02 has ten distinct transparent expressions with original bounds
  ---
  duration_ms: 5.676119
  type: 'test'
  ...
# Subtest: plush/03 has ten distinct transparent expressions with original bounds
ok 1677 - plush/03 has ten distinct transparent expressions with original bounds
  ---
  duration_ms: 5.474976
  type: 'test'
  ...
# Subtest: plush/04 has ten distinct transparent expressions with original bounds
ok 1678 - plush/04 has ten distinct transparent expressions with original bounds
  ---
  duration_ms: 10.805183
  type: 'test'
  ...
# Subtest: plush/05 has ten distinct transparent expressions with original bounds
ok 1679 - plush/05 has ten distinct transparent expressions with original bounds
  ---
  duration_ms: 5.868068
  type: 'test'
  ...
# Subtest: plush/06 has ten distinct transparent expressions with original bounds
ok 1680 - plush/06 has ten distinct transparent expressions with original bounds
  ---
  duration_ms: 6.121681
  type: 'test'
  ...
# Subtest: plush/07 has ten distinct transparent expressions with original bounds
ok 1681 - plush/07 has ten distinct transparent expressions with original bounds
  ---
  duration_ms: 6.022251
  type: 'test'
  ...
# Subtest: plush/08 has ten distinct transparent expressions with original bounds
ok 1682 - plush/08 has ten distinct transparent expressions with original bounds
  ---
  duration_ms: 7.444416
  type: 'test'
  ...
# Subtest: unknown/01 has ten distinct transparent expressions with original bounds
ok 1683 - unknown/01 has ten distinct transparent expressions with original bounds
  ---
  duration_ms: 4.471382
  type: 'test'
  ...
# Subtest: unknown/02 has ten distinct transparent expressions with original bounds
ok 1684 - unknown/02 has ten distinct transparent expressions with original bounds
  ---
  duration_ms: 4.745336
  type: 'test'
  ...
# Subtest: unknown/03 has ten distinct transparent expressions with original bounds
ok 1685 - unknown/03 has ten distinct transparent expressions with original bounds
  ---
  duration_ms: 5.027421
  type: 'test'
  ...
# Subtest: unknown/04 has ten distinct transparent expressions with original bounds
ok 1686 - unknown/04 has ten distinct transparent expressions with original bounds
  ---
  duration_ms: 4.647097
  type: 'test'
  ...
# Subtest: unknown/05 has ten distinct transparent expressions with original bounds
ok 1687 - unknown/05 has ten distinct transparent expressions with original bounds
  ---
  duration_ms: 4.903494
  type: 'test'
  ...
# Subtest: unknown/06 has ten distinct transparent expressions with original bounds
ok 1688 - unknown/06 has ten distinct transparent expressions with original bounds
  ---
  duration_ms: 5.760957
  type: 'test'
  ...
# Subtest: unknown/07 has ten distinct transparent expressions with original bounds
ok 1689 - unknown/07 has ten distinct transparent expressions with original bounds
  ---
  duration_ms: 4.523732
  type: 'test'
  ...
# Subtest: unknown/08 has ten distinct transparent expressions with original bounds
ok 1690 - unknown/08 has ten distinct transparent expressions with original bounds
  ---
  duration_ms: 4.490351
  type: 'test'
  ...
# Subtest: ren/01 has ten distinct transparent expressions with original bounds
ok 1691 - ren/01 has ten distinct transparent expressions with original bounds
  ---
  duration_ms: 4.904025
  type: 'test'
  ...
# Subtest: ren/02 has ten distinct transparent expressions with original bounds
ok 1692 - ren/02 has ten distinct transparent expressions with original bounds
  ---
  duration_ms: 4.832376
  type: 'test'
  ...
# Subtest: ren/03 has ten distinct transparent expressions with original bounds
ok 1693 - ren/03 has ten distinct transparent expressions with original bounds
  ---
  duration_ms: 5.048853
  type: 'test'
  ...
# Subtest: ren/04 has ten distinct transparent expressions with original bounds
ok 1694 - ren/04 has ten distinct transparent expressions with original bounds
  ---
  duration_ms: 5.193942
  type: 'test'
  ...
# Subtest: ren/05 has ten distinct transparent expressions with original bounds
ok 1695 - ren/05 has ten distinct transparent expressions with original bounds
  ---
  duration_ms: 9.633607
  type: 'test'
  ...
# Subtest: ren/06 has ten distinct transparent expressions with original bounds
ok 1696 - ren/06 has ten distinct transparent expressions with original bounds
  ---
  duration_ms: 6.928898
  type: 'test'
  ...
# Subtest: ren/07 has ten distinct transparent expressions with original bounds
ok 1697 - ren/07 has ten distinct transparent expressions with original bounds
  ---
  duration_ms: 5.092529
  type: 'test'
  ...
# Subtest: ren/08 has ten distinct transparent expressions with original bounds
ok 1698 - ren/08 has ten distinct transparent expressions with original bounds
  ---
  duration_ms: 5.070796
  type: 'test'
  ...
# Subtest: normalization produces identical framing for high-resolution and projected masters
ok 1699 - normalization produces identical framing for high-resolution and projected masters
  ---
  duration_ms: 697.026333
  type: 'test'
  ...
# Subtest: starfish/02 left illness sweat and silver mark clear the new body at Home sizes
ok 1700 - starfish/02 left illness sweat and silver mark clear the new body at Home sizes
  ---
  duration_ms: 639.84571
  type: 'test'
  ...
# Subtest: starfish/03 left illness sweat and silver mark clear the new body at Home sizes
ok 1701 - starfish/03 left illness sweat and silver mark clear the new body at Home sizes
  ---
  duration_ms: 542.284676
  type: 'test'
  ...
# Subtest: real home emotion profiles select only the adult cat portrait
ok 1702 - real home emotion profiles select only the adult cat portrait
  ---
  duration_ms: 270.324745
  type: 'test'
  ...
# Subtest: adult-cat expressions append unique static accents inside the existing visual
ok 1703 - adult-cat expressions append unique static accents inside the existing visual
  ---
  duration_ms: 195.539699
  type: 'test'
  ...
# Subtest: real play and medicine outcomes use semantic temporary faces
ok 1704 - real play and medicine outcomes use semantic temporary faces
  ---
  duration_ms: 95.280394
  type: 'test'
  ...
# Subtest: feed afterglow starts happy only after the validated result and expires to latest state
ok 1705 - feed afterglow starts happy only after the validated result and expires to latest state
  ---
  duration_ms: 15.602177
  type: 'test'
  ...
# Subtest: a real cure receives the same validated happy afterglow
ok 1706 - a real cure receives the same validated happy afterglow
  ---
  duration_ms: 16.044864
  type: 'test'
  ...
# Subtest: reduced motion keeps the static happy afterglow for one second without animation
ok 1707 - reduced motion keeps the static happy afterglow for one second without animation
  ---
  duration_ms: 28.759157
  type: 'test'
  ...
# Subtest: only pet semantic speech starts a temporary face
ok 1708 - only pet semantic speech starts a temporary face
  ---
  duration_ms: 18.337731
  type: 'test'
  ...
# Subtest: critical state interrupts happy immediately and expiry cannot restore stale state
ok 1709 - critical state interrupts happy immediately and expiry cannot restore stale state
  ---
  duration_ms: 27.752578
  type: 'test'
  ...
# Subtest: a new life cancels the old face timer
ok 1710 - a new life cancels the old face timer
  ---
  duration_ms: 15.525932
  type: 'test'
  ...
# Subtest: sleep uses its own face, and waking shows normal before latest-state reevaluation
ok 1711 - sleep uses its own face, and waking shows normal before latest-state reevaluation
  ---
  duration_ms: 16.240459
  type: 'test'
  ...
# Subtest: form changes and blocked screens clear the temporary face and accent
ok 1712 - form changes and blocked screens clear the temporary face and accent
  ---
  duration_ms: 129.935872
  type: 'test'
  ...
# Subtest: expression rendering does not alter saves, cast geometry, or 26 companions
ok 1713 - expression rendering does not alter saves, cast geometry, or 26 companions
  ---
  duration_ms: 38.259121
  type: 'test'
  ...
# Subtest: a failed expression portrait retries the original before the emoji fallback
ok 1714 - a failed expression portrait retries the original before the emoji fallback
  ---
  duration_ms: 20.70568
  type: 'test'
  ...
# Subtest: home care colors follow existing mood and fatigue boundaries and reset after sleep/recovery
ok 1715 - home care colors follow existing mood and fatigue boundaries and reset after sleep/recovery
  ---
  duration_ms: 15.310908
  type: 'test'
  ...
# Subtest: progress meter colors vary with fill without altering game state or life direction
ok 1716 - progress meter colors vary with fill without altering game state or life direction
  ---
  duration_ms: 13.1176
  type: 'test'
  ...
# Subtest: overfeeding shows discomfort before a random story can replace it
ok 1717 - overfeeding shows discomfort before a random story can replace it
  ---
  duration_ms: 14.965546
  type: 'test'
  ...
# Subtest: a newer care action cancels an older delayed overfeeding story
ok 1718 - a newer care action cancels an older delayed overfeeding story
  ---
  duration_ms: 28.328948
  type: 'test'
  ...
# Subtest: kitten home uses its own portraits, care reactions and sleeping face without save changes
ok 1719 - kitten home uses its own portraits, care reactions and sleeping face without save changes
  ---
  duration_ms: 14.129426
  type: 'test'
  ...
# Subtest: otemba home uses its own portraits, care reactions and sleeping face without save changes
ok 1720 - otemba home uses its own portraits, care reactions and sleeping face without save changes
  ---
  duration_ms: 31.278315
  type: 'test'
  ...
# Subtest: young home uses its own portraits, care reactions and sleeping face without save changes
ok 1721 - young home uses its own portraits, care reactions and sleeping face without save changes
  ---
  duration_ms: 15.707636
  type: 'test'
  ...
# Subtest: calm home uses its own portraits, care reactions and sleeping face without save changes
ok 1722 - calm home uses its own portraits, care reactions and sleeping face without save changes
  ---
  duration_ms: 15.077997
  type: 'test'
  ...
# Subtest: elder home uses its own portraits, care reactions and sleeping face without save changes
ok 1723 - elder home uses its own portraits, care reactions and sleeping face without save changes
  ---
  duration_ms: 30.636096
  type: 'test'
  ...
# Subtest: toddler home uses its own portraits, care reactions and sleeping face without save changes
ok 1724 - toddler home uses its own portraits, care reactions and sleeping face without save changes
  ---
  duration_ms: 14.083977
  type: 'test'
  ...
# Subtest: baby home uses its own portraits, care reactions and sleeping face without save changes
ok 1725 - baby home uses its own portraits, care reactions and sleeping face without save changes
  ---
  duration_ms: 17.924559
  type: 'test'
  ...
# Subtest: adult dog shows all ten state and reaction faces without changing saved state
ok 1726 - adult dog shows all ten state and reaction faces without changing saved state
  ---
  duration_ms: 166.578776
  type: 'test'
  ...
# Subtest: puppy shows all ten state and reaction faces without changing saved state
ok 1727 - puppy shows all ten state and reaction faces without changing saved state
  ---
  duration_ms: 203.169981
  type: 'test'
  ...
# Subtest: wanpaku shows all ten state and reaction faces without changing saved state
ok 1728 - wanpaku shows all ten state and reaction faces without changing saved state
  ---
  duration_ms: 194.81947
  type: 'test'
  ...
# Subtest: young dog shows all ten state and reaction faces without changing saved state
ok 1729 - young dog shows all ten state and reaction faces without changing saved state
  ---
  duration_ms: 180.836215
  type: 'test'
  ...
# Subtest: young dog routing is limited to ages sixteen through twenty-one
ok 1730 - young dog routing is limited to ages sixteen through twenty-one
  ---
  duration_ms: 53.622779
  type: 'test'
  ...
# Subtest: calm dog shows all ten state and reaction faces without changing saved state
ok 1731 - calm dog shows all ten state and reaction faces without changing saved state
  ---
  duration_ms: 187.44549
  type: 'test'
  ...
# Subtest: calm dog routing is limited to ages forty through sixty-nine
ok 1732 - calm dog routing is limited to ages forty through sixty-nine
  ---
  duration_ms: 90.677724
  type: 'test'
  ...
# Subtest: baby dog shows all ten state and reaction faces without changing saved state
ok 1733 - baby dog shows all ten state and reaction faces without changing saved state
  ---
  duration_ms: 169.950409
  type: 'test'
  ...
# Subtest: toddler dog shows all ten state and reaction faces without changing saved state
ok 1734 - toddler dog shows all ten state and reaction faces without changing saved state
  ---
  duration_ms: 170.251063
  type: 'test'
  ...
# Subtest: elder dog shows all ten state and reaction faces without changing saved state
ok 1735 - elder dog shows all ten state and reaction faces without changing saved state
  ---
  duration_ms: 208.148409
  type: 'test'
  ...
# Subtest: remaining dog stage boundaries select their own portraits
ok 1736 - remaining dog stage boundaries select their own portraits
  ---
  duration_ms: 277.573125
  type: 'test'
  ...
# Subtest: man/01 renders all ten states and reactions without mutating saved state
ok 1737 - man/01 renders all ten states and reactions without mutating saved state
  ---
  duration_ms: 191.887159
  type: 'test'
  ...
# Subtest: man/02 renders all ten states and reactions without mutating saved state
ok 1738 - man/02 renders all ten states and reactions without mutating saved state
  ---
  duration_ms: 189.14986
  type: 'test'
  ...
# Subtest: man/03 renders all ten states and reactions without mutating saved state
ok 1739 - man/03 renders all ten states and reactions without mutating saved state
  ---
  duration_ms: 201.380283
  type: 'test'
  ...
# Subtest: man/04 renders all ten states and reactions without mutating saved state
ok 1740 - man/04 renders all ten states and reactions without mutating saved state
  ---
  duration_ms: 237.425215
  type: 'test'
  ...
# Subtest: man/05 renders all ten states and reactions without mutating saved state
ok 1741 - man/05 renders all ten states and reactions without mutating saved state
  ---
  duration_ms: 211.723059
  type: 'test'
  ...
# Subtest: man/06 renders all ten states and reactions without mutating saved state
ok 1742 - man/06 renders all ten states and reactions without mutating saved state
  ---
  duration_ms: 231.682426
  type: 'test'
  ...
# Subtest: man/07 renders all ten states and reactions without mutating saved state
ok 1743 - man/07 renders all ten states and reactions without mutating saved state
  ---
  duration_ms: 217.70556
  type: 'test'
  ...
# Subtest: man/08 renders all ten states and reactions without mutating saved state
ok 1744 - man/08 renders all ten states and reactions without mutating saved state
  ---
  duration_ms: 185.762403
  type: 'test'
  ...
# Subtest: woman/01 renders all ten states and reactions without mutating saved state
ok 1745 - woman/01 renders all ten states and reactions without mutating saved state
  ---
  duration_ms: 230.459302
  type: 'test'
  ...
# Subtest: woman/02 renders all ten states and reactions without mutating saved state
ok 1746 - woman/02 renders all ten states and reactions without mutating saved state
  ---
  duration_ms: 195.65444
  type: 'test'
  ...
# Subtest: woman/03 renders all ten states and reactions without mutating saved state
ok 1747 - woman/03 renders all ten states and reactions without mutating saved state
  ---
  duration_ms: 229.53643
  type: 'test'
  ...
# Subtest: woman/04 renders all ten states and reactions without mutating saved state
ok 1748 - woman/04 renders all ten states and reactions without mutating saved state
  ---
  duration_ms: 200.870874
  type: 'test'
  ...
# Subtest: woman/05 renders all ten states and reactions without mutating saved state
ok 1749 - woman/05 renders all ten states and reactions without mutating saved state
  ---
  duration_ms: 198.50584
  type: 'test'
  ...
# Subtest: woman/06 renders all ten states and reactions without mutating saved state
ok 1750 - woman/06 renders all ten states and reactions without mutating saved state
  ---
  duration_ms: 176.232495
  type: 'test'
  ...
# Subtest: woman/07 renders all ten states and reactions without mutating saved state
ok 1751 - woman/07 renders all ten states and reactions without mutating saved state
  ---
  duration_ms: 184.605598
  type: 'test'
  ...
# Subtest: woman/08 renders all ten states and reactions without mutating saved state
ok 1752 - woman/08 renders all ten states and reactions without mutating saved state
  ---
  duration_ms: 214.223049
  type: 'test'
  ...
# Subtest: penguin/01 renders all ten states and reactions without mutating saved state
ok 1753 - penguin/01 renders all ten states and reactions without mutating saved state
  ---
  duration_ms: 191.739917
  type: 'test'
  ...
# Subtest: penguin/02 renders all ten states and reactions without mutating saved state
ok 1754 - penguin/02 renders all ten states and reactions without mutating saved state
  ---
  duration_ms: 210.683329
  type: 'test'
  ...
# Subtest: penguin/03 renders all ten states and reactions without mutating saved state
ok 1755 - penguin/03 renders all ten states and reactions without mutating saved state
  ---
  duration_ms: 208.120787
  type: 'test'
  ...
# Subtest: penguin/04 renders all ten states and reactions without mutating saved state
ok 1756 - penguin/04 renders all ten states and reactions without mutating saved state
  ---
  duration_ms: 233.943295
  type: 'test'
  ...
# Subtest: penguin/05 renders all ten states and reactions without mutating saved state
ok 1757 - penguin/05 renders all ten states and reactions without mutating saved state
  ---
  duration_ms: 199.113646
  type: 'test'
  ...
# Subtest: penguin/06 renders all ten states and reactions without mutating saved state
ok 1758 - penguin/06 renders all ten states and reactions without mutating saved state
  ---
  duration_ms: 194.146595
  type: 'test'
  ...
# Subtest: penguin/07 renders all ten states and reactions without mutating saved state
ok 1759 - penguin/07 renders all ten states and reactions without mutating saved state
  ---
  duration_ms: 217.637007
  type: 'test'
  ...
# Subtest: penguin/08 renders all ten states and reactions without mutating saved state
ok 1760 - penguin/08 renders all ten states and reactions without mutating saved state
  ---
  duration_ms: 197.395385
  type: 'test'
  ...
# Subtest: turtle/01 renders all ten states and reactions without mutating saved state
ok 1761 - turtle/01 renders all ten states and reactions without mutating saved state
  ---
  duration_ms: 181.937476
  type: 'test'
  ...
# Subtest: turtle/02 renders all ten states and reactions without mutating saved state
ok 1762 - turtle/02 renders all ten states and reactions without mutating saved state
  ---
  duration_ms: 193.750458
  type: 'test'
  ...
# Subtest: turtle/03 renders all ten states and reactions without mutating saved state
ok 1763 - turtle/03 renders all ten states and reactions without mutating saved state
  ---
  duration_ms: 175.462171
  type: 'test'
  ...
# Subtest: turtle/04 renders all ten states and reactions without mutating saved state
ok 1764 - turtle/04 renders all ten states and reactions without mutating saved state
  ---
  duration_ms: 228.479025
  type: 'test'
  ...
# Subtest: turtle/05 renders all ten states and reactions without mutating saved state
ok 1765 - turtle/05 renders all ten states and reactions without mutating saved state
  ---
  duration_ms: 222.963279
  type: 'test'
  ...
# Subtest: turtle/06 renders all ten states and reactions without mutating saved state
ok 1766 - turtle/06 renders all ten states and reactions without mutating saved state
  ---
  duration_ms: 190.541539
  type: 'test'
  ...
# Subtest: turtle/07 renders all ten states and reactions without mutating saved state
ok 1767 - turtle/07 renders all ten states and reactions without mutating saved state
  ---
  duration_ms: 195.810124
  type: 'test'
  ...
# Subtest: turtle/08 renders all ten states and reactions without mutating saved state
ok 1768 - turtle/08 renders all ten states and reactions without mutating saved state
  ---
  duration_ms: 180.247226
  type: 'test'
  ...
# Subtest: frog/01 renders all ten states and reactions without mutating saved state
ok 1769 - frog/01 renders all ten states and reactions without mutating saved state
  ---
  duration_ms: 188.020829
  type: 'test'
  ...
# Subtest: frog/02 renders all ten states and reactions without mutating saved state
ok 1770 - frog/02 renders all ten states and reactions without mutating saved state
  ---
  duration_ms: 225.465432
  type: 'test'
  ...
# Subtest: frog/03 renders all ten states and reactions without mutating saved state
ok 1771 - frog/03 renders all ten states and reactions without mutating saved state
  ---
  duration_ms: 166.593268
  type: 'test'
  ...
# Subtest: frog/04 renders all ten states and reactions without mutating saved state
ok 1772 - frog/04 renders all ten states and reactions without mutating saved state
  ---
  duration_ms: 181.442758
  type: 'test'
  ...
# Subtest: frog/05 renders all ten states and reactions without mutating saved state
ok 1773 - frog/05 renders all ten states and reactions without mutating saved state
  ---
  duration_ms: 175.731837
  type: 'test'
  ...
# Subtest: frog/06 renders all ten states and reactions without mutating saved state
ok 1774 - frog/06 renders all ten states and reactions without mutating saved state
  ---
  duration_ms: 198.260719
  type: 'test'
  ...
# Subtest: frog/07 renders all ten states and reactions without mutating saved state
ok 1775 - frog/07 renders all ten states and reactions without mutating saved state
  ---
  duration_ms: 180.419786
  type: 'test'
  ...
# Subtest: frog/08 renders all ten states and reactions without mutating saved state
ok 1776 - frog/08 renders all ten states and reactions without mutating saved state
  ---
  duration_ms: 241.935867
  type: 'test'
  ...
# Subtest: clownfish/01 renders all ten states and reactions without mutating saved state
ok 1777 - clownfish/01 renders all ten states and reactions without mutating saved state
  ---
  duration_ms: 183.462545
  type: 'test'
  ...
# Subtest: clownfish/02 renders all ten states and reactions without mutating saved state
ok 1778 - clownfish/02 renders all ten states and reactions without mutating saved state
  ---
  duration_ms: 189.061497
  type: 'test'
  ...
# Subtest: clownfish/03 renders all ten states and reactions without mutating saved state
ok 1779 - clownfish/03 renders all ten states and reactions without mutating saved state
  ---
  duration_ms: 177.956065
  type: 'test'
  ...
# Subtest: clownfish/04 renders all ten states and reactions without mutating saved state
ok 1780 - clownfish/04 renders all ten states and reactions without mutating saved state
  ---
  duration_ms: 180.958073
  type: 'test'
  ...
# Subtest: clownfish/05 renders all ten states and reactions without mutating saved state
ok 1781 - clownfish/05 renders all ten states and reactions without mutating saved state
  ---
  duration_ms: 365.021582
  type: 'test'
  ...
# Subtest: clownfish/06 renders all ten states and reactions without mutating saved state
ok 1782 - clownfish/06 renders all ten states and reactions without mutating saved state
  ---
  duration_ms: 340.185688
  type: 'test'
  ...
# Subtest: clownfish/07 renders all ten states and reactions without mutating saved state
ok 1783 - clownfish/07 renders all ten states and reactions without mutating saved state
  ---
  duration_ms: 174.123377
  type: 'test'
  ...
# Subtest: clownfish/08 renders all ten states and reactions without mutating saved state
ok 1784 - clownfish/08 renders all ten states and reactions without mutating saved state
  ---
  duration_ms: 192.395651
  type: 'test'
  ...
# Subtest: salmon/01 renders all ten states and reactions without mutating saved state
ok 1785 - salmon/01 renders all ten states and reactions without mutating saved state
  ---
  duration_ms: 186.391017
  type: 'test'
  ...
# Subtest: salmon/02 renders all ten states and reactions without mutating saved state
ok 1786 - salmon/02 renders all ten states and reactions without mutating saved state
  ---
  duration_ms: 195.791222
  type: 'test'
  ...
# Subtest: salmon/03 renders all ten states and reactions without mutating saved state
ok 1787 - salmon/03 renders all ten states and reactions without mutating saved state
  ---
  duration_ms: 181.131476
  type: 'test'
  ...
# Subtest: salmon/04 renders all ten states and reactions without mutating saved state
ok 1788 - salmon/04 renders all ten states and reactions without mutating saved state
  ---
  duration_ms: 193.782884
  type: 'test'
  ...
# Subtest: salmon/05 renders all ten states and reactions without mutating saved state
ok 1789 - salmon/05 renders all ten states and reactions without mutating saved state
  ---
  duration_ms: 233.291901
  type: 'test'
  ...
# Subtest: salmon/06 renders all ten states and reactions without mutating saved state
ok 1790 - salmon/06 renders all ten states and reactions without mutating saved state
  ---
  duration_ms: 188.794473
  type: 'test'
  ...
# Subtest: salmon/07 renders all ten states and reactions without mutating saved state
ok 1791 - salmon/07 renders all ten states and reactions without mutating saved state
  ---
  duration_ms: 225.707502
  type: 'test'
  ...
# Subtest: salmon/08 renders all ten states and reactions without mutating saved state
ok 1792 - salmon/08 renders all ten states and reactions without mutating saved state
  ---
  duration_ms: 197.889929
  type: 'test'
  ...
# Subtest: hermit_crab/01 renders all ten states and reactions without mutating saved state
ok 1793 - hermit_crab/01 renders all ten states and reactions without mutating saved state
  ---
  duration_ms: 181.179018
  type: 'test'
  ...
# Subtest: hermit_crab/02 renders all ten states and reactions without mutating saved state
ok 1794 - hermit_crab/02 renders all ten states and reactions without mutating saved state
  ---
  duration_ms: 183.555451
  type: 'test'
  ...
# Subtest: hermit_crab/03 renders all ten states and reactions without mutating saved state
ok 1795 - hermit_crab/03 renders all ten states and reactions without mutating saved state
  ---
  duration_ms: 209.294892
  type: 'test'
  ...
# Subtest: hermit_crab/04 renders all ten states and reactions without mutating saved state
ok 1796 - hermit_crab/04 renders all ten states and reactions without mutating saved state
  ---
  duration_ms: 207.028327
  type: 'test'
  ...
# Subtest: hermit_crab/05 renders all ten states and reactions without mutating saved state
ok 1797 - hermit_crab/05 renders all ten states and reactions without mutating saved state
  ---
  duration_ms: 172.72552
  type: 'test'
  ...
# Subtest: hermit_crab/06 renders all ten states and reactions without mutating saved state
ok 1798 - hermit_crab/06 renders all ten states and reactions without mutating saved state
  ---
  duration_ms: 193.481779
  type: 'test'
  ...
# Subtest: hermit_crab/07 renders all ten states and reactions without mutating saved state
ok 1799 - hermit_crab/07 renders all ten states and reactions without mutating saved state
  ---
  duration_ms: 187.823106
  type: 'test'
  ...
# Subtest: hermit_crab/08 renders all ten states and reactions without mutating saved state
ok 1800 - hermit_crab/08 renders all ten states and reactions without mutating saved state
  ---
  duration_ms: 184.7071
  type: 'test'
  ...
# Subtest: jellyfish/01 renders all ten states and reactions without mutating saved state
ok 1801 - jellyfish/01 renders all ten states and reactions without mutating saved state
  ---
  duration_ms: 225.988878
  type: 'test'
  ...
# Subtest: jellyfish/02 renders all ten states and reactions without mutating saved state
ok 1802 - jellyfish/02 renders all ten states and reactions without mutating saved state
  ---
  duration_ms: 216.240736
  type: 'test'
  ...
# Subtest: jellyfish/03 renders all ten states and reactions without mutating saved state
ok 1803 - jellyfish/03 renders all ten states and reactions without mutating saved state
  ---
  duration_ms: 185.911874
  type: 'test'
  ...
# Subtest: jellyfish/04 renders all ten states and reactions without mutating saved state
ok 1804 - jellyfish/04 renders all ten states and reactions without mutating saved state
  ---
  duration_ms: 225.373521
  type: 'test'
  ...
# Subtest: jellyfish/05 renders all ten states and reactions without mutating saved state
ok 1805 - jellyfish/05 renders all ten states and reactions without mutating saved state
  ---
  duration_ms: 255.755594
  type: 'test'
  ...
# Subtest: jellyfish/06 renders all ten states and reactions without mutating saved state
ok 1806 - jellyfish/06 renders all ten states and reactions without mutating saved state
  ---
  duration_ms: 209.294485
  type: 'test'
  ...
# Subtest: jellyfish/07 renders all ten states and reactions without mutating saved state
ok 1807 - jellyfish/07 renders all ten states and reactions without mutating saved state
  ---
  duration_ms: 261.550433
  type: 'test'
  ...
# Subtest: jellyfish/08 renders all ten states and reactions without mutating saved state
ok 1808 - jellyfish/08 renders all ten states and reactions without mutating saved state
  ---
  duration_ms: 218.983905
  type: 'test'
  ...
# Subtest: starfish/01 renders all ten states and reactions without mutating saved state
ok 1809 - starfish/01 renders all ten states and reactions without mutating saved state
  ---
  duration_ms: 193.605756
  type: 'test'
  ...
# Subtest: starfish/02 renders all ten states and reactions without mutating saved state
ok 1810 - starfish/02 renders all ten states and reactions without mutating saved state
  ---
  duration_ms: 161.511079
  type: 'test'
  ...
# Subtest: starfish/03 renders all ten states and reactions without mutating saved state
ok 1811 - starfish/03 renders all ten states and reactions without mutating saved state
  ---
  duration_ms: 168.170492
  type: 'test'
  ...
# Subtest: starfish/04 renders all ten states and reactions without mutating saved state
ok 1812 - starfish/04 renders all ten states and reactions without mutating saved state
  ---
  duration_ms: 159.869333
  type: 'test'
  ...
# Subtest: starfish/05 renders all ten states and reactions without mutating saved state
ok 1813 - starfish/05 renders all ten states and reactions without mutating saved state
  ---
  duration_ms: 172.907554
  type: 'test'
  ...
# Subtest: starfish/06 renders all ten states and reactions without mutating saved state
ok 1814 - starfish/06 renders all ten states and reactions without mutating saved state
  ---
  duration_ms: 166.28618
  type: 'test'
  ...
# Subtest: starfish/07 renders all ten states and reactions without mutating saved state
ok 1815 - starfish/07 renders all ten states and reactions without mutating saved state
  ---
  duration_ms: 170.839967
  type: 'test'
  ...
# Subtest: starfish/08 renders all ten states and reactions without mutating saved state
ok 1816 - starfish/08 renders all ten states and reactions without mutating saved state
  ---
  duration_ms: 151.494475
  type: 'test'
  ...
# Subtest: coral/01 renders all ten states and reactions without mutating saved state
ok 1817 - coral/01 renders all ten states and reactions without mutating saved state
  ---
  duration_ms: 110.933584
  type: 'test'
  ...
# Subtest: coral/02 renders all ten states and reactions without mutating saved state
ok 1818 - coral/02 renders all ten states and reactions without mutating saved state
  ---
  duration_ms: 106.925367
  type: 'test'
  ...
# Subtest: coral/03 renders all ten states and reactions without mutating saved state
ok 1819 - coral/03 renders all ten states and reactions without mutating saved state
  ---
  duration_ms: 103.719793
  type: 'test'
  ...
# Subtest: coral/04 renders all ten states and reactions without mutating saved state
ok 1820 - coral/04 renders all ten states and reactions without mutating saved state
  ---
  duration_ms: 112.433563
  type: 'test'
  ...
# Subtest: coral/05 renders all ten states and reactions without mutating saved state
ok 1821 - coral/05 renders all ten states and reactions without mutating saved state
  ---
  duration_ms: 111.316436
  type: 'test'
  ...
# Subtest: coral/06 renders all ten states and reactions without mutating saved state
ok 1822 - coral/06 renders all ten states and reactions without mutating saved state
  ---
  duration_ms: 113.987094
  type: 'test'
  ...
# Subtest: coral/07 renders all ten states and reactions without mutating saved state
ok 1823 - coral/07 renders all ten states and reactions without mutating saved state
  ---
  duration_ms: 109.235899
  type: 'test'
  ...
# Subtest: coral/08 renders all ten states and reactions without mutating saved state
ok 1824 - coral/08 renders all ten states and reactions without mutating saved state
  ---
  duration_ms: 100.689412
  type: 'test'
  ...
# Subtest: butterfly/01 renders all ten states and reactions without mutating saved state
ok 1825 - butterfly/01 renders all ten states and reactions without mutating saved state
  ---
  duration_ms: 120.390148
  type: 'test'
  ...
# Subtest: butterfly/02 renders all ten states and reactions without mutating saved state
ok 1826 - butterfly/02 renders all ten states and reactions without mutating saved state
  ---
  duration_ms: 102.596689
  type: 'test'
  ...
# Subtest: butterfly/03 renders all ten states and reactions without mutating saved state
ok 1827 - butterfly/03 renders all ten states and reactions without mutating saved state
  ---
  duration_ms: 104.298274
  type: 'test'
  ...
# Subtest: butterfly/04 renders all ten states and reactions without mutating saved state
ok 1828 - butterfly/04 renders all ten states and reactions without mutating saved state
  ---
  duration_ms: 111.772744
  type: 'test'
  ...
# Subtest: butterfly/05 renders all ten states and reactions without mutating saved state
ok 1829 - butterfly/05 renders all ten states and reactions without mutating saved state
  ---
  duration_ms: 104.706569
  type: 'test'
  ...
# Subtest: butterfly/06 renders all ten states and reactions without mutating saved state
ok 1830 - butterfly/06 renders all ten states and reactions without mutating saved state
  ---
  duration_ms: 111.58409
  type: 'test'
  ...
# Subtest: butterfly/07 renders all ten states and reactions without mutating saved state
ok 1831 - butterfly/07 renders all ten states and reactions without mutating saved state
  ---
  duration_ms: 109.343523
  type: 'test'
  ...
# Subtest: butterfly/08 renders all ten states and reactions without mutating saved state
ok 1832 - butterfly/08 renders all ten states and reactions without mutating saved state
  ---
  duration_ms: 103.698099
  type: 'test'
  ...
# Subtest: beetle/01 renders all ten states and reactions without mutating saved state
ok 1833 - beetle/01 renders all ten states and reactions without mutating saved state
  ---
  duration_ms: 103.070613
  type: 'test'
  ...
# Subtest: beetle/02 renders all ten states and reactions without mutating saved state
ok 1834 - beetle/02 renders all ten states and reactions without mutating saved state
  ---
  duration_ms: 109.15652
  type: 'test'
  ...
# Subtest: beetle/03 renders all ten states and reactions without mutating saved state
ok 1835 - beetle/03 renders all ten states and reactions without mutating saved state
  ---
  duration_ms: 107.284277
  type: 'test'
  ...
# Subtest: beetle/04 renders all ten states and reactions without mutating saved state
ok 1836 - beetle/04 renders all ten states and reactions without mutating saved state
  ---
  duration_ms: 122.501172
  type: 'test'
  ...
# Subtest: beetle/05 renders all ten states and reactions without mutating saved state
ok 1837 - beetle/05 renders all ten states and reactions without mutating saved state
  ---
  duration_ms: 106.35816
  type: 'test'
  ...
# Subtest: beetle/06 renders all ten states and reactions without mutating saved state
ok 1838 - beetle/06 renders all ten states and reactions without mutating saved state
  ---
  duration_ms: 109.869557
  type: 'test'
  ...
# Subtest: beetle/07 renders all ten states and reactions without mutating saved state
ok 1839 - beetle/07 renders all ten states and reactions without mutating saved state
  ---
  duration_ms: 111.144454
  type: 'test'
  ...
# Subtest: beetle/08 renders all ten states and reactions without mutating saved state
ok 1840 - beetle/08 renders all ten states and reactions without mutating saved state
  ---
  duration_ms: 105.054947
  type: 'test'
  ...
# Subtest: stagbeetle/01 renders all ten states and reactions without mutating saved state
ok 1841 - stagbeetle/01 renders all ten states and reactions without mutating saved state
  ---
  duration_ms: 111.450536
  type: 'test'
  ...
# Subtest: stagbeetle/02 renders all ten states and reactions without mutating saved state
ok 1842 - stagbeetle/02 renders all ten states and reactions without mutating saved state
  ---
  duration_ms: 112.274742
  type: 'test'
  ...
# Subtest: stagbeetle/03 renders all ten states and reactions without mutating saved state
ok 1843 - stagbeetle/03 renders all ten states and reactions without mutating saved state
  ---
  duration_ms: 111.157126
  type: 'test'
  ...
# Subtest: stagbeetle/04 renders all ten states and reactions without mutating saved state
ok 1844 - stagbeetle/04 renders all ten states and reactions without mutating saved state
  ---
  duration_ms: 101.904917
  type: 'test'
  ...
# Subtest: stagbeetle/05 renders all ten states and reactions without mutating saved state
ok 1845 - stagbeetle/05 renders all ten states and reactions without mutating saved state
  ---
  duration_ms: 107.507443
  type: 'test'
  ...
# Subtest: stagbeetle/06 renders all ten states and reactions without mutating saved state
ok 1846 - stagbeetle/06 renders all ten states and reactions without mutating saved state
  ---
  duration_ms: 109.980402
  type: 'test'
  ...
# Subtest: stagbeetle/07 renders all ten states and reactions without mutating saved state
ok 1847 - stagbeetle/07 renders all ten states and reactions without mutating saved state
  ---
  duration_ms: 103.531487
  type: 'test'
  ...
# Subtest: stagbeetle/08 renders all ten states and reactions without mutating saved state
ok 1848 - stagbeetle/08 renders all ten states and reactions without mutating saved state
  ---
  duration_ms: 113.917647
  type: 'test'
  ...
# Subtest: cicada/01 renders all ten states and reactions without mutating saved state
ok 1849 - cicada/01 renders all ten states and reactions without mutating saved state
  ---
  duration_ms: 109.245366
  type: 'test'
  ...
# Subtest: cicada/02 renders all ten states and reactions without mutating saved state
ok 1850 - cicada/02 renders all ten states and reactions without mutating saved state
  ---
  duration_ms: 112.219769
  type: 'test'
  ...
# Subtest: cicada/03 renders all ten states and reactions without mutating saved state
ok 1851 - cicada/03 renders all ten states and reactions without mutating saved state
  ---
  duration_ms: 109.514387
  type: 'test'
  ...
# Subtest: cicada/04 renders all ten states and reactions without mutating saved state
ok 1852 - cicada/04 renders all ten states and reactions without mutating saved state
  ---
  duration_ms: 113.241469
  type: 'test'
  ...
# Subtest: cicada/05 renders all ten states and reactions without mutating saved state
ok 1853 - cicada/05 renders all ten states and reactions without mutating saved state
  ---
  duration_ms: 105.147635
  type: 'test'
  ...
# Subtest: cicada/06 renders all ten states and reactions without mutating saved state
ok 1854 - cicada/06 renders all ten states and reactions without mutating saved state
  ---
  duration_ms: 114.887111
  type: 'test'
  ...
# Subtest: cicada/07 renders all ten states and reactions without mutating saved state
ok 1855 - cicada/07 renders all ten states and reactions without mutating saved state
  ---
  duration_ms: 102.27988
  type: 'test'
  ...
# Subtest: cicada/08 renders all ten states and reactions without mutating saved state
ok 1856 - cicada/08 renders all ten states and reactions without mutating saved state
  ---
  duration_ms: 108.358447
  type: 'test'
  ...
# Subtest: antlion/01 renders all ten states and reactions without mutating saved state
ok 1857 - antlion/01 renders all ten states and reactions without mutating saved state
  ---
  duration_ms: 101.662809
  type: 'test'
  ...
# Subtest: antlion/02 renders all ten states and reactions without mutating saved state
ok 1858 - antlion/02 renders all ten states and reactions without mutating saved state
  ---
  duration_ms: 114.293225
  type: 'test'
  ...
# Subtest: antlion/03 renders all ten states and reactions without mutating saved state
ok 1859 - antlion/03 renders all ten states and reactions without mutating saved state
  ---
  duration_ms: 106.067832
  type: 'test'
  ...
# Subtest: antlion/04 renders all ten states and reactions without mutating saved state
ok 1860 - antlion/04 renders all ten states and reactions without mutating saved state
  ---
  duration_ms: 110.319143
  type: 'test'
  ...
# Subtest: antlion/05 renders all ten states and reactions without mutating saved state
ok 1861 - antlion/05 renders all ten states and reactions without mutating saved state
  ---
  duration_ms: 104.500568
  type: 'test'
  ...
# Subtest: antlion/06 renders all ten states and reactions without mutating saved state
ok 1862 - antlion/06 renders all ten states and reactions without mutating saved state
  ---
  duration_ms: 118.720953
  type: 'test'
  ...
# Subtest: antlion/07 renders all ten states and reactions without mutating saved state
ok 1863 - antlion/07 renders all ten states and reactions without mutating saved state
  ---
  duration_ms: 103.952752
  type: 'test'
  ...
# Subtest: antlion/08 renders all ten states and reactions without mutating saved state
ok 1864 - antlion/08 renders all ten states and reactions without mutating saved state
  ---
  duration_ms: 111.863351
  type: 'test'
  ...
# Subtest: dandelion/01 renders all ten states and reactions without mutating saved state
ok 1865 - dandelion/01 renders all ten states and reactions without mutating saved state
  ---
  duration_ms: 102.388634
  type: 'test'
  ...
# Subtest: dandelion/02 renders all ten states and reactions without mutating saved state
ok 1866 - dandelion/02 renders all ten states and reactions without mutating saved state
  ---
  duration_ms: 110.156258
  type: 'test'
  ...
# Subtest: dandelion/03 renders all ten states and reactions without mutating saved state
ok 1867 - dandelion/03 renders all ten states and reactions without mutating saved state
  ---
  duration_ms: 102.817792
  type: 'test'
  ...
# Subtest: dandelion/04 renders all ten states and reactions without mutating saved state
ok 1868 - dandelion/04 renders all ten states and reactions without mutating saved state
  ---
  duration_ms: 156.223683
  type: 'test'
  ...
# Subtest: dandelion/05 renders all ten states and reactions without mutating saved state
ok 1869 - dandelion/05 renders all ten states and reactions without mutating saved state
  ---
  duration_ms: 102.565231
  type: 'test'
  ...
# Subtest: dandelion/06 renders all ten states and reactions without mutating saved state
ok 1870 - dandelion/06 renders all ten states and reactions without mutating saved state
  ---
  duration_ms: 110.471595
  type: 'test'
  ...
# Subtest: dandelion/07 renders all ten states and reactions without mutating saved state
ok 1871 - dandelion/07 renders all ten states and reactions without mutating saved state
  ---
  duration_ms: 106.045436
  type: 'test'
  ...
# Subtest: dandelion/08 renders all ten states and reactions without mutating saved state
ok 1872 - dandelion/08 renders all ten states and reactions without mutating saved state
  ---
  duration_ms: 105.296739
  type: 'test'
  ...
# Subtest: sakura/01 renders all ten states and reactions without mutating saved state
ok 1873 - sakura/01 renders all ten states and reactions without mutating saved state
  ---
  duration_ms: 111.166961
  type: 'test'
  ...
# Subtest: sakura/02 renders all ten states and reactions without mutating saved state
ok 1874 - sakura/02 renders all ten states and reactions without mutating saved state
  ---
  duration_ms: 104.747331
  type: 'test'
  ...
# Subtest: sakura/03 renders all ten states and reactions without mutating saved state
ok 1875 - sakura/03 renders all ten states and reactions without mutating saved state
  ---
  duration_ms: 107.471652
  type: 'test'
  ...
# Subtest: sakura/04 renders all ten states and reactions without mutating saved state
ok 1876 - sakura/04 renders all ten states and reactions without mutating saved state
  ---
  duration_ms: 114.168776
  type: 'test'
  ...
# Subtest: sakura/05 renders all ten states and reactions without mutating saved state
ok 1877 - sakura/05 renders all ten states and reactions without mutating saved state
  ---
  duration_ms: 109.526838
  type: 'test'
  ...
# Subtest: sakura/06 renders all ten states and reactions without mutating saved state
ok 1878 - sakura/06 renders all ten states and reactions without mutating saved state
  ---
  duration_ms: 106.492275
  type: 'test'
  ...
# Subtest: sakura/07 renders all ten states and reactions without mutating saved state
ok 1879 - sakura/07 renders all ten states and reactions without mutating saved state
  ---
  duration_ms: 115.432023
  type: 'test'
  ...
# Subtest: sakura/08 renders all ten states and reactions without mutating saved state
ok 1880 - sakura/08 renders all ten states and reactions without mutating saved state
  ---
  duration_ms: 106.931334
  type: 'test'
  ...
# Subtest: venus_flytrap/01 renders all ten states and reactions without mutating saved state
ok 1881 - venus_flytrap/01 renders all ten states and reactions without mutating saved state
  ---
  duration_ms: 107.410595
  type: 'test'
  ...
# Subtest: venus_flytrap/02 renders all ten states and reactions without mutating saved state
ok 1882 - venus_flytrap/02 renders all ten states and reactions without mutating saved state
  ---
  duration_ms: 116.606754
  type: 'test'
  ...
# Subtest: venus_flytrap/03 renders all ten states and reactions without mutating saved state
ok 1883 - venus_flytrap/03 renders all ten states and reactions without mutating saved state
  ---
  duration_ms: 108.615574
  type: 'test'
  ...
# Subtest: venus_flytrap/04 renders all ten states and reactions without mutating saved state
ok 1884 - venus_flytrap/04 renders all ten states and reactions without mutating saved state
  ---
  duration_ms: 110.985979
  type: 'test'
  ...
# Subtest: venus_flytrap/05 renders all ten states and reactions without mutating saved state
ok 1885 - venus_flytrap/05 renders all ten states and reactions without mutating saved state
  ---
  duration_ms: 137.14988
  type: 'test'
  ...
# Subtest: venus_flytrap/06 renders all ten states and reactions without mutating saved state
ok 1886 - venus_flytrap/06 renders all ten states and reactions without mutating saved state
  ---
  duration_ms: 112.267401
  type: 'test'
  ...
# Subtest: venus_flytrap/07 renders all ten states and reactions without mutating saved state
ok 1887 - venus_flytrap/07 renders all ten states and reactions without mutating saved state
  ---
  duration_ms: 118.76577
  type: 'test'
  ...
# Subtest: venus_flytrap/08 renders all ten states and reactions without mutating saved state
ok 1888 - venus_flytrap/08 renders all ten states and reactions without mutating saved state
  ---
  duration_ms: 133.189722
  type: 'test'
  ...
# Subtest: mushroom/01 renders all ten states and reactions without mutating saved state
ok 1889 - mushroom/01 renders all ten states and reactions without mutating saved state
  ---
  duration_ms: 115.532872
  type: 'test'
  ...
# Subtest: mushroom/02 renders all ten states and reactions without mutating saved state
ok 1890 - mushroom/02 renders all ten states and reactions without mutating saved state
  ---
  duration_ms: 103.817749
  type: 'test'
  ...
# Subtest: mushroom/03 renders all ten states and reactions without mutating saved state
ok 1891 - mushroom/03 renders all ten states and reactions without mutating saved state
  ---
  duration_ms: 108.467961
  type: 'test'
  ...
# Subtest: mushroom/04 renders all ten states and reactions without mutating saved state
ok 1892 - mushroom/04 renders all ten states and reactions without mutating saved state
  ---
  duration_ms: 109.477013
  type: 'test'
  ...
# Subtest: mushroom/05 renders all ten states and reactions without mutating saved state
ok 1893 - mushroom/05 renders all ten states and reactions without mutating saved state
  ---
  duration_ms: 105.624935
  type: 'test'
  ...
# Subtest: mushroom/06 renders all ten states and reactions without mutating saved state
ok 1894 - mushroom/06 renders all ten states and reactions without mutating saved state
  ---
  duration_ms: 115.168715
  type: 'test'
  ...
# Subtest: mushroom/07 renders all ten states and reactions without mutating saved state
ok 1895 - mushroom/07 renders all ten states and reactions without mutating saved state
  ---
  duration_ms: 110.231819
  type: 'test'
  ...
# Subtest: mushroom/08 renders all ten states and reactions without mutating saved state
ok 1896 - mushroom/08 renders all ten states and reactions without mutating saved state
  ---
  duration_ms: 118.690444
  type: 'test'
  ...
# Subtest: dragon/01 renders all ten states and reactions without mutating saved state
ok 1897 - dragon/01 renders all ten states and reactions without mutating saved state
  ---
  duration_ms: 111.203114
  type: 'test'
  ...
# Subtest: dragon/02 renders all ten states and reactions without mutating saved state
ok 1898 - dragon/02 renders all ten states and reactions without mutating saved state
  ---
  duration_ms: 105.688458
  type: 'test'
  ...
# Subtest: dragon/03 renders all ten states and reactions without mutating saved state
ok 1899 - dragon/03 renders all ten states and reactions without mutating saved state
  ---
  duration_ms: 106.023323
  type: 'test'
  ...
# Subtest: dragon/04 renders all ten states and reactions without mutating saved state
ok 1900 - dragon/04 renders all ten states and reactions without mutating saved state
  ---
  duration_ms: 109.291892
  type: 'test'
  ...
# Subtest: dragon/05 renders all ten states and reactions without mutating saved state
ok 1901 - dragon/05 renders all ten states and reactions without mutating saved state
  ---
  duration_ms: 107.303854
  type: 'test'
  ...
# Subtest: dragon/06 renders all ten states and reactions without mutating saved state
ok 1902 - dragon/06 renders all ten states and reactions without mutating saved state
  ---
  duration_ms: 121.815918
  type: 'test'
  ...
# Subtest: dragon/07 renders all ten states and reactions without mutating saved state
ok 1903 - dragon/07 renders all ten states and reactions without mutating saved state
  ---
  duration_ms: 102.05553
  type: 'test'
  ...
# Subtest: dragon/08 renders all ten states and reactions without mutating saved state
ok 1904 - dragon/08 renders all ten states and reactions without mutating saved state
  ---
  duration_ms: 108.818248
  type: 'test'
  ...
# Subtest: phoenix/01 renders all ten states and reactions without mutating saved state
ok 1905 - phoenix/01 renders all ten states and reactions without mutating saved state
  ---
  duration_ms: 103.144762
  type: 'test'
  ...
# Subtest: phoenix/02 renders all ten states and reactions without mutating saved state
ok 1906 - phoenix/02 renders all ten states and reactions without mutating saved state
  ---
  duration_ms: 111.60522
  type: 'test'
  ...
# Subtest: phoenix/03 renders all ten states and reactions without mutating saved state
ok 1907 - phoenix/03 renders all ten states and reactions without mutating saved state
  ---
  duration_ms: 102.761044
  type: 'test'
  ...
# Subtest: phoenix/04 renders all ten states and reactions without mutating saved state
ok 1908 - phoenix/04 renders all ten states and reactions without mutating saved state
  ---
  duration_ms: 109.836814
  type: 'test'
  ...
# Subtest: phoenix/05 renders all ten states and reactions without mutating saved state
ok 1909 - phoenix/05 renders all ten states and reactions without mutating saved state
  ---
  duration_ms: 115.938745
  type: 'test'
  ...
# Subtest: phoenix/06 renders all ten states and reactions without mutating saved state
ok 1910 - phoenix/06 renders all ten states and reactions without mutating saved state
  ---
  duration_ms: 100.19157
  type: 'test'
  ...
# Subtest: phoenix/07 renders all ten states and reactions without mutating saved state
ok 1911 - phoenix/07 renders all ten states and reactions without mutating saved state
  ---
  duration_ms: 103.439898
  type: 'test'
  ...
# Subtest: phoenix/08 renders all ten states and reactions without mutating saved state
ok 1912 - phoenix/08 renders all ten states and reactions without mutating saved state
  ---
  duration_ms: 102.447902
  type: 'test'
  ...
# Subtest: god/01 renders all ten states and reactions without mutating saved state
ok 1913 - god/01 renders all ten states and reactions without mutating saved state
  ---
  duration_ms: 109.837235
  type: 'test'
  ...
# Subtest: god/02 renders all ten states and reactions without mutating saved state
ok 1914 - god/02 renders all ten states and reactions without mutating saved state
  ---
  duration_ms: 112.795365
  type: 'test'
  ...
# Subtest: god/03 renders all ten states and reactions without mutating saved state
ok 1915 - god/03 renders all ten states and reactions without mutating saved state
  ---
  duration_ms: 103.939272
  type: 'test'
  ...
# Subtest: god/04 renders all ten states and reactions without mutating saved state
ok 1916 - god/04 renders all ten states and reactions without mutating saved state
  ---
  duration_ms: 127.66716
  type: 'test'
  ...
# Subtest: god/05 renders all ten states and reactions without mutating saved state
ok 1917 - god/05 renders all ten states and reactions without mutating saved state
  ---
  duration_ms: 102.589486
  type: 'test'
  ...
# Subtest: god/06 renders all ten states and reactions without mutating saved state
ok 1918 - god/06 renders all ten states and reactions without mutating saved state
  ---
  duration_ms: 103.147577
  type: 'test'
  ...
# Subtest: god/07 renders all ten states and reactions without mutating saved state
ok 1919 - god/07 renders all ten states and reactions without mutating saved state
  ---
  duration_ms: 109.343749
  type: 'test'
  ...
# Subtest: god/08 renders all ten states and reactions without mutating saved state
ok 1920 - god/08 renders all ten states and reactions without mutating saved state
  ---
  duration_ms: 104.253095
  type: 'test'
  ...
# Subtest: world_tree/01 renders all ten states and reactions without mutating saved state
ok 1921 - world_tree/01 renders all ten states and reactions without mutating saved state
  ---
  duration_ms: 112.839541
  type: 'test'
  ...
# Subtest: world_tree/02 renders all ten states and reactions without mutating saved state
ok 1922 - world_tree/02 renders all ten states and reactions without mutating saved state
  ---
  duration_ms: 135.122333
  type: 'test'
  ...
# Subtest: world_tree/03 renders all ten states and reactions without mutating saved state
ok 1923 - world_tree/03 renders all ten states and reactions without mutating saved state
  ---
  duration_ms: 109.66901
  type: 'test'
  ...
# Subtest: world_tree/04 renders all ten states and reactions without mutating saved state
ok 1924 - world_tree/04 renders all ten states and reactions without mutating saved state
  ---
  duration_ms: 108.824778
  type: 'test'
  ...
# Subtest: world_tree/05 renders all ten states and reactions without mutating saved state
ok 1925 - world_tree/05 renders all ten states and reactions without mutating saved state
  ---
  duration_ms: 108.678306
  type: 'test'
  ...
# Subtest: world_tree/06 renders all ten states and reactions without mutating saved state
ok 1926 - world_tree/06 renders all ten states and reactions without mutating saved state
  ---
  duration_ms: 108.282631
  type: 'test'
  ...
# Subtest: world_tree/07 renders all ten states and reactions without mutating saved state
ok 1927 - world_tree/07 renders all ten states and reactions without mutating saved state
  ---
  duration_ms: 122.423243
  type: 'test'
  ...
# Subtest: world_tree/08 renders all ten states and reactions without mutating saved state
ok 1928 - world_tree/08 renders all ten states and reactions without mutating saved state
  ---
  duration_ms: 108.777857
  type: 'test'
  ...
# Subtest: ghost/01 renders all ten states and reactions without mutating saved state
ok 1929 - ghost/01 renders all ten states and reactions without mutating saved state
  ---
  duration_ms: 104.919749
  type: 'test'
  ...
# Subtest: ghost/02 renders all ten states and reactions without mutating saved state
ok 1930 - ghost/02 renders all ten states and reactions without mutating saved state
  ---
  duration_ms: 124.527687
  type: 'test'
  ...
# Subtest: ghost/03 renders all ten states and reactions without mutating saved state
ok 1931 - ghost/03 renders all ten states and reactions without mutating saved state
  ---
  duration_ms: 105.088003
  type: 'test'
  ...
# Subtest: ghost/04 renders all ten states and reactions without mutating saved state
ok 1932 - ghost/04 renders all ten states and reactions without mutating saved state
  ---
  duration_ms: 104.962544
  type: 'test'
  ...
# Subtest: ghost/05 renders all ten states and reactions without mutating saved state
ok 1933 - ghost/05 renders all ten states and reactions without mutating saved state
  ---
  duration_ms: 104.603593
  type: 'test'
  ...
# Subtest: ghost/06 renders all ten states and reactions without mutating saved state
ok 1934 - ghost/06 renders all ten states and reactions without mutating saved state
  ---
  duration_ms: 116.408172
  type: 'test'
  ...
# Subtest: ghost/07 renders all ten states and reactions without mutating saved state
ok 1935 - ghost/07 renders all ten states and reactions without mutating saved state
  ---
  duration_ms: 159.396886
  type: 'test'
  ...
# Subtest: ghost/08 renders all ten states and reactions without mutating saved state
ok 1936 - ghost/08 renders all ten states and reactions without mutating saved state
  ---
  duration_ms: 110.47096
  type: 'test'
  ...
# Subtest: star/01 renders all ten states and reactions without mutating saved state
ok 1937 - star/01 renders all ten states and reactions without mutating saved state
  ---
  duration_ms: 101.868358
  type: 'test'
  ...
# Subtest: star/02 renders all ten states and reactions without mutating saved state
ok 1938 - star/02 renders all ten states and reactions without mutating saved state
  ---
  duration_ms: 101.728066
  type: 'test'
  ...
# Subtest: star/03 renders all ten states and reactions without mutating saved state
ok 1939 - star/03 renders all ten states and reactions without mutating saved state
  ---
  duration_ms: 111.535405
  type: 'test'
  ...
# Subtest: star/04 renders all ten states and reactions without mutating saved state
ok 1940 - star/04 renders all ten states and reactions without mutating saved state
  ---
  duration_ms: 109.545725
  type: 'test'
  ...
# Subtest: star/05 renders all ten states and reactions without mutating saved state
ok 1941 - star/05 renders all ten states and reactions without mutating saved state
  ---
  duration_ms: 105.270318
  type: 'test'
  ...
# Subtest: star/06 renders all ten states and reactions without mutating saved state
ok 1942 - star/06 renders all ten states and reactions without mutating saved state
  ---
  duration_ms: 119.812506
  type: 'test'
  ...
# Subtest: star/07 renders all ten states and reactions without mutating saved state
ok 1943 - star/07 renders all ten states and reactions without mutating saved state
  ---
  duration_ms: 108.46175
  type: 'test'
  ...
# Subtest: star/08 renders all ten states and reactions without mutating saved state
ok 1944 - star/08 renders all ten states and reactions without mutating saved state
  ---
  duration_ms: 105.614317
  type: 'test'
  ...
# Subtest: plush/01 renders all ten states and reactions without mutating saved state
ok 1945 - plush/01 renders all ten states and reactions without mutating saved state
  ---
  duration_ms: 113.590765
  type: 'test'
  ...
# Subtest: plush/02 renders all ten states and reactions without mutating saved state
ok 1946 - plush/02 renders all ten states and reactions without mutating saved state
  ---
  duration_ms: 107.058775
  type: 'test'
  ...
# Subtest: plush/03 renders all ten states and reactions without mutating saved state
ok 1947 - plush/03 renders all ten states and reactions without mutating saved state
  ---
  duration_ms: 104.751025
  type: 'test'
  ...
# Subtest: plush/04 renders all ten states and reactions without mutating saved state
ok 1948 - plush/04 renders all ten states and reactions without mutating saved state
  ---
  duration_ms: 112.303124
  type: 'test'
  ...
# Subtest: plush/05 renders all ten states and reactions without mutating saved state
ok 1949 - plush/05 renders all ten states and reactions without mutating saved state
  ---
  duration_ms: 116.454703
  type: 'test'
  ...
# Subtest: plush/06 renders all ten states and reactions without mutating saved state
ok 1950 - plush/06 renders all ten states and reactions without mutating saved state
  ---
  duration_ms: 108.676073
  type: 'test'
  ...
# Subtest: plush/07 renders all ten states and reactions without mutating saved state
ok 1951 - plush/07 renders all ten states and reactions without mutating saved state
  ---
  duration_ms: 107.804669
  type: 'test'
  ...
# Subtest: plush/08 renders all ten states and reactions without mutating saved state
ok 1952 - plush/08 renders all ten states and reactions without mutating saved state
  ---
  duration_ms: 110.388004
  type: 'test'
  ...
# Subtest: unknown/01 renders all ten states and reactions without mutating saved state
ok 1953 - unknown/01 renders all ten states and reactions without mutating saved state
  ---
  duration_ms: 124.27813
  type: 'test'
  ...
# Subtest: unknown/02 renders all ten states and reactions without mutating saved state
ok 1954 - unknown/02 renders all ten states and reactions without mutating saved state
  ---
  duration_ms: 109.748481
  type: 'test'
  ...
# Subtest: unknown/03 renders all ten states and reactions without mutating saved state
ok 1955 - unknown/03 renders all ten states and reactions without mutating saved state
  ---
  duration_ms: 102.541633
  type: 'test'
  ...
# Subtest: unknown/04 renders all ten states and reactions without mutating saved state
ok 1956 - unknown/04 renders all ten states and reactions without mutating saved state
  ---
  duration_ms: 105.170678
  type: 'test'
  ...
# Subtest: unknown/05 renders all ten states and reactions without mutating saved state
ok 1957 - unknown/05 renders all ten states and reactions without mutating saved state
  ---
  duration_ms: 114.959962
  type: 'test'
  ...
# Subtest: unknown/06 renders all ten states and reactions without mutating saved state
ok 1958 - unknown/06 renders all ten states and reactions without mutating saved state
  ---
  duration_ms: 107.797927
  type: 'test'
  ...
# Subtest: unknown/07 renders all ten states and reactions without mutating saved state
ok 1959 - unknown/07 renders all ten states and reactions without mutating saved state
  ---
  duration_ms: 114.521167
  type: 'test'
  ...
# Subtest: unknown/08 renders all ten states and reactions without mutating saved state
ok 1960 - unknown/08 renders all ten states and reactions without mutating saved state
  ---
  duration_ms: 109.557796
  type: 'test'
  ...
# Subtest: ren/01 renders all ten states and reactions without mutating saved state
ok 1961 - ren/01 renders all ten states and reactions without mutating saved state
  ---
  duration_ms: 112.625677
  type: 'test'
  ...
# Subtest: ren/02 renders all ten states and reactions without mutating saved state
ok 1962 - ren/02 renders all ten states and reactions without mutating saved state
  ---
  duration_ms: 108.573069
  type: 'test'
  ...
# Subtest: ren/03 renders all ten states and reactions without mutating saved state
ok 1963 - ren/03 renders all ten states and reactions without mutating saved state
  ---
  duration_ms: 112.542423
  type: 'test'
  ...
# Subtest: ren/04 renders all ten states and reactions without mutating saved state
ok 1964 - ren/04 renders all ten states and reactions without mutating saved state
  ---
  duration_ms: 107.649314
  type: 'test'
  ...
# Subtest: ren/05 renders all ten states and reactions without mutating saved state
ok 1965 - ren/05 renders all ten states and reactions without mutating saved state
  ---
  duration_ms: 110.781318
  type: 'test'
  ...
# Subtest: ren/06 renders all ten states and reactions without mutating saved state
ok 1966 - ren/06 renders all ten states and reactions without mutating saved state
  ---
  duration_ms: 104.388187
  type: 'test'
  ...
# Subtest: ren/07 renders all ten states and reactions without mutating saved state
ok 1967 - ren/07 renders all ten states and reactions without mutating saved state
  ---
  duration_ms: 109.976324
  type: 'test'
  ...
# Subtest: ren/08 renders all ten states and reactions without mutating saved state
ok 1968 - ren/08 renders all ten states and reactions without mutating saved state
  ---
  duration_ms: 102.139868
  type: 'test'
  ...
# Subtest: Home connects all fifteen food artworks without changing saved state
ok 1969 - Home connects all fifteen food artworks without changing saved state
  ---
  duration_ms: 19.187445
  type: 'test'
  ...
# Subtest: short tab return restores the current expression without replaying a stale reaction
ok 1970 - short tab return restores the current expression without replaying a stale reaction
  ---
  duration_ms: 9.377081
  type: 'test'
  ...
# Subtest: static script exposes the frozen resolver on window
ok 1971 - static script exposes the frozen resolver on window
  ---
  duration_ms: 17.578016
  type: 'test'
  ...
# Subtest: resolve maps every persistent home emotion to its approved face
ok 1972 - resolve maps every persistent home emotion to its approved face
  ---
  duration_ms: 2.736337
  type: 'test'
  ...
# Subtest: resolve applies temporary, critical, and sleeping precedence
ok 1973 - resolve applies temporary, critical, and sleeping precedence
  ---
  duration_ms: 0.143927
  type: 'test'
  ...
# Subtest: resolve safely ignores unknown and malformed values
ok 1974 - resolve safely ignores unknown and malformed values
  ---
  duration_ms: 0.099641
  type: 'test'
  ...
# Subtest: assetFor allowlists adult-cat expression portraits only
ok 1975 - assetFor allowlists adult-cat expression portraits only
  ---
  duration_ms: 0.22533
  type: 'test'
  ...
# Subtest: accentFor returns one static accessible-hidden SVG accent per non-normal adult-cat expression
ok 1976 - accentFor returns one static accessible-hidden SVG accent per non-normal adult-cat expression
  ---
  duration_ms: 0.680336
  type: 'test'
  ...
# Subtest: reactionFor maps every approved semantic event and rejects unknown events
ok 1977 - reactionFor maps every approved semantic event and rejects unknown events
  ---
  duration_ms: 0.201103
  type: 'test'
  ...
# Subtest: the frozen API leaves caller-owned values unchanged
ok 1978 - the frozen API leaves caller-owned values unchanged
  ---
  duration_ms: 0.114993
  type: 'test'
  ...
# Subtest: sleeping uses three rising Z marks without a font or animation dependency
ok 1979 - sleeping uses three rising Z marks without a font or animation dependency
  ---
  duration_ms: 5.968941
  type: 'test'
  ...
# Subtest: line-only state marks have a separate outline beneath their colored strokes
ok 1980 - line-only state marks have a separate outline beneath their colored strokes
  ---
  duration_ms: 0.482288
  type: 'test'
  ...
# Subtest: kitten stage supports all ten expressions while other cat stages keep their base art
ok 1981 - kitten stage supports all ten expressions while other cat stages keep their base art
  ---
  duration_ms: 0.255015
  type: 'test'
  ...
# Subtest: calling marks retain the two outlined strokes
ok 1982 - calling marks retain the two outlined strokes
  ---
  duration_ms: 0.098348
  type: 'test'
  ...
# Subtest: otemba stage has ten faces and marks anchored near its left-hand head
ok 1983 - otemba stage has ten faces and marks anchored near its left-hand head
  ---
  duration_ms: 0.121584
  type: 'test'
  ...
# Subtest: young stage has ten faces and marks anchored near its left-hand head
ok 1984 - young stage has ten faces and marks anchored near its left-hand head
  ---
  duration_ms: 0.115704
  type: 'test'
  ...
# Subtest: calm stage has ten faces and marks anchored near its left-hand head
ok 1985 - calm stage has ten faces and marks anchored near its left-hand head
  ---
  duration_ms: 0.112861
  type: 'test'
  ...
# Subtest: elder stage has ten faces and marks anchored near its left-hand head
ok 1986 - elder stage has ten faces and marks anchored near its left-hand head
  ---
  duration_ms: 0.103176
  type: 'test'
  ...
# Subtest: toddler stage has ten faces and marks anchored near its left-hand head
ok 1987 - toddler stage has ten faces and marks anchored near its left-hand head
  ---
  duration_ms: 0.097667
  type: 'test'
  ...
# Subtest: baby stage has ten faces and marks anchored near its left-hand head
ok 1988 - baby stage has ten faces and marks anchored near its left-hand head
  ---
  duration_ms: 0.106801
  type: 'test'
  ...
# Subtest: adult dog supports ten expressions while unsupported species retain base portraits
ok 1989 - adult dog supports ten expressions while unsupported species retain base portraits
  ---
  duration_ms: 0.105138
  type: 'test'
  ...
# Subtest: puppy supports ten expressions while unsupported species retain base portraits
ok 1990 - puppy supports ten expressions while unsupported species retain base portraits
  ---
  duration_ms: 0.109295
  type: 'test'
  ...
# Subtest: wanpaku supports ten expressions while unsupported species retain base portraits
ok 1991 - wanpaku supports ten expressions while unsupported species retain base portraits
  ---
  duration_ms: 0.11231
  type: 'test'
  ...
# Subtest: young dog supports ten expressions while unsupported species retain base portraits
ok 1992 - young dog supports ten expressions while unsupported species retain base portraits
  ---
  duration_ms: 0.209566
  type: 'test'
  ...
# Subtest: young dog accents follow its upright head and hunger uses a food bowl
ok 1993 - young dog accents follow its upright head and hunger uses a food bowl
  ---
  duration_ms: 0.087081
  type: 'test'
  ...
# Subtest: calm dog supports ten expressions while unsupported species retain base portraits
ok 1994 - calm dog supports ten expressions while unsupported species retain base portraits
  ---
  duration_ms: 0.121433
  type: 'test'
  ...
# Subtest: calm dog accents follow its head and hunger uses a food bowl
ok 1995 - calm dog accents follow its head and hunger uses a food bowl
  ---
  duration_ms: 0.06027
  type: 'test'
  ...
# Subtest: dog 01 routes ten expressions with approved milk/bowl hunger artwork
ok 1996 - dog 01 routes ten expressions with approved milk/bowl hunger artwork
  ---
  duration_ms: 0.165059
  type: 'test'
  ...
# Subtest: dog 02 routes ten expressions with approved milk/bowl hunger artwork
ok 1997 - dog 02 routes ten expressions with approved milk/bowl hunger artwork
  ---
  duration_ms: 0.057296
  type: 'test'
  ...
# Subtest: dog 08 routes ten expressions with approved milk/bowl hunger artwork
ok 1998 - dog 08 routes ten expressions with approved milk/bowl hunger artwork
  ---
  duration_ms: 0.063436
  type: 'test'
  ...
# Subtest: man supports all eight stages with ten faces and age-appropriate milk/rice artwork
ok 1999 - man supports all eight stages with ten faces and age-appropriate milk/rice artwork
  ---
  duration_ms: 0.62322
  type: 'test'
  ...
# Subtest: woman supports all eight stages with ten faces and age-appropriate milk/rice artwork
ok 2000 - woman supports all eight stages with ten faces and age-appropriate milk/rice artwork
  ---
  duration_ms: 0.44423
  type: 'test'
  ...
# Subtest: sweat follows the face sides instead of the whole body
ok 2001 - sweat follows the face sides instead of the whole body
  ---
  duration_ms: 0.169836
  type: 'test'
  ...
# Subtest: every observed face center lies within its normal sprite bounds
ok 2002 - every observed face center lies within its normal sprite bounds
  ---
  duration_ms: 0.694787
  type: 'test'
  ...
# Subtest: cat/1 marks follow the approved face-relative directions
ok 2003 - cat/1 marks follow the approved face-relative directions
  ---
  duration_ms: 0.859216
  type: 'test'
  ...
# Subtest: cat/2 marks follow the approved face-relative directions
ok 2004 - cat/2 marks follow the approved face-relative directions
  ---
  duration_ms: 0.208744
  type: 'test'
  ...
# Subtest: cat/3 marks follow the approved face-relative directions
ok 2005 - cat/3 marks follow the approved face-relative directions
  ---
  duration_ms: 0.176276
  type: 'test'
  ...
# Subtest: cat/4 marks follow the approved face-relative directions
ok 2006 - cat/4 marks follow the approved face-relative directions
  ---
  duration_ms: 0.095765
  type: 'test'
  ...
# Subtest: cat/5 marks follow the approved face-relative directions
ok 2007 - cat/5 marks follow the approved face-relative directions
  ---
  duration_ms: 0.085189
  type: 'test'
  ...
# Subtest: cat/6 marks follow the approved face-relative directions
ok 2008 - cat/6 marks follow the approved face-relative directions
  ---
  duration_ms: 0.121042
  type: 'test'
  ...
# Subtest: cat/7 marks follow the approved face-relative directions
ok 2009 - cat/7 marks follow the approved face-relative directions
  ---
  duration_ms: 0.081523
  type: 'test'
  ...
# Subtest: cat/8 marks follow the approved face-relative directions
ok 2010 - cat/8 marks follow the approved face-relative directions
  ---
  duration_ms: 0.065218
  type: 'test'
  ...
# Subtest: dog/1 marks follow the approved face-relative directions
ok 2011 - dog/1 marks follow the approved face-relative directions
  ---
  duration_ms: 0.067501
  type: 'test'
  ...
# Subtest: dog/2 marks follow the approved face-relative directions
ok 2012 - dog/2 marks follow the approved face-relative directions
  ---
  duration_ms: 0.065028
  type: 'test'
  ...
# Subtest: dog/3 marks follow the approved face-relative directions
ok 2013 - dog/3 marks follow the approved face-relative directions
  ---
  duration_ms: 0.061803
  type: 'test'
  ...
# Subtest: dog/4 marks follow the approved face-relative directions
ok 2014 - dog/4 marks follow the approved face-relative directions
  ---
  duration_ms: 0.063496
  type: 'test'
  ...
# Subtest: dog/5 marks follow the approved face-relative directions
ok 2015 - dog/5 marks follow the approved face-relative directions
  ---
  duration_ms: 0.063455
  type: 'test'
  ...
# Subtest: dog/6 marks follow the approved face-relative directions
ok 2016 - dog/6 marks follow the approved face-relative directions
  ---
  duration_ms: 0.057917
  type: 'test'
  ...
# Subtest: dog/7 marks follow the approved face-relative directions
ok 2017 - dog/7 marks follow the approved face-relative directions
  ---
  duration_ms: 0.06604
  type: 'test'
  ...
# Subtest: dog/8 marks follow the approved face-relative directions
ok 2018 - dog/8 marks follow the approved face-relative directions
  ---
  duration_ms: 0.064106
  type: 'test'
  ...
# Subtest: man/1 marks follow the approved face-relative directions
ok 2019 - man/1 marks follow the approved face-relative directions
  ---
  duration_ms: 0.093501
  type: 'test'
  ...
# Subtest: man/2 marks follow the approved face-relative directions
ok 2020 - man/2 marks follow the approved face-relative directions
  ---
  duration_ms: 0.072199
  type: 'test'
  ...
# Subtest: man/3 marks follow the approved face-relative directions
ok 2021 - man/3 marks follow the approved face-relative directions
  ---
  duration_ms: 0.060301
  type: 'test'
  ...
# Subtest: man/4 marks follow the approved face-relative directions
ok 2022 - man/4 marks follow the approved face-relative directions
  ---
  duration_ms: 0.063756
  type: 'test'
  ...
# Subtest: man/5 marks follow the approved face-relative directions
ok 2023 - man/5 marks follow the approved face-relative directions
  ---
  duration_ms: 0.060431
  type: 'test'
  ...
# Subtest: man/6 marks follow the approved face-relative directions
ok 2024 - man/6 marks follow the approved face-relative directions
  ---
  duration_ms: 0.063015
  type: 'test'
  ...
# Subtest: man/7 marks follow the approved face-relative directions
ok 2025 - man/7 marks follow the approved face-relative directions
  ---
  duration_ms: 0.063365
  type: 'test'
  ...
# Subtest: man/8 marks follow the approved face-relative directions
ok 2026 - man/8 marks follow the approved face-relative directions
  ---
  duration_ms: 0.062134
  type: 'test'
  ...
# Subtest: woman/1 marks follow the approved face-relative directions
ok 2027 - woman/1 marks follow the approved face-relative directions
  ---
  duration_ms: 0.067372
  type: 'test'
  ...
# Subtest: woman/2 marks follow the approved face-relative directions
ok 2028 - woman/2 marks follow the approved face-relative directions
  ---
  duration_ms: 0.062394
  type: 'test'
  ...
# Subtest: woman/3 marks follow the approved face-relative directions
ok 2029 - woman/3 marks follow the approved face-relative directions
  ---
  duration_ms: 0.057557
  type: 'test'
  ...
# Subtest: woman/4 marks follow the approved face-relative directions
ok 2030 - woman/4 marks follow the approved face-relative directions
  ---
  duration_ms: 0.054973
  type: 'test'
  ...
# Subtest: woman/5 marks follow the approved face-relative directions
ok 2031 - woman/5 marks follow the approved face-relative directions
  ---
  duration_ms: 0.058098
  type: 'test'
  ...
# Subtest: woman/6 marks follow the approved face-relative directions
ok 2032 - woman/6 marks follow the approved face-relative directions
  ---
  duration_ms: 0.080441
  type: 'test'
  ...
# Subtest: woman/7 marks follow the approved face-relative directions
ok 2033 - woman/7 marks follow the approved face-relative directions
  ---
  duration_ms: 0.064448
  type: 'test'
  ...
# Subtest: woman/8 marks follow the approved face-relative directions
ok 2034 - woman/8 marks follow the approved face-relative directions
  ---
  duration_ms: 0.063406
  type: 'test'
  ...
# Subtest: penguin/1 marks follow the approved face-relative directions
ok 2035 - penguin/1 marks follow the approved face-relative directions
  ---
  duration_ms: 0.070817
  type: 'test'
  ...
# Subtest: penguin/2 marks follow the approved face-relative directions
ok 2036 - penguin/2 marks follow the approved face-relative directions
  ---
  duration_ms: 0.063146
  type: 'test'
  ...
# Subtest: penguin/3 marks follow the approved face-relative directions
ok 2037 - penguin/3 marks follow the approved face-relative directions
  ---
  duration_ms: 0.062504
  type: 'test'
  ...
# Subtest: penguin/4 marks follow the approved face-relative directions
ok 2038 - penguin/4 marks follow the approved face-relative directions
  ---
  duration_ms: 0.064177
  type: 'test'
  ...
# Subtest: penguin/5 marks follow the approved face-relative directions
ok 2039 - penguin/5 marks follow the approved face-relative directions
  ---
  duration_ms: 0.065238
  type: 'test'
  ...
# Subtest: penguin/6 marks follow the approved face-relative directions
ok 2040 - penguin/6 marks follow the approved face-relative directions
  ---
  duration_ms: 0.068133
  type: 'test'
  ...
# Subtest: penguin/7 marks follow the approved face-relative directions
ok 2041 - penguin/7 marks follow the approved face-relative directions
  ---
  duration_ms: 0.063445
  type: 'test'
  ...
# Subtest: penguin/8 marks follow the approved face-relative directions
ok 2042 - penguin/8 marks follow the approved face-relative directions
  ---
  duration_ms: 0.063726
  type: 'test'
  ...
# Subtest: turtle/1 marks follow the approved face-relative directions
ok 2043 - turtle/1 marks follow the approved face-relative directions
  ---
  duration_ms: 0.06651
  type: 'test'
  ...
# Subtest: turtle/2 marks follow the approved face-relative directions
ok 2044 - turtle/2 marks follow the approved face-relative directions
  ---
  duration_ms: 0.063346
  type: 'test'
  ...
# Subtest: turtle/3 marks follow the approved face-relative directions
ok 2045 - turtle/3 marks follow the approved face-relative directions
  ---
  duration_ms: 0.081884
  type: 'test'
  ...
# Subtest: turtle/4 marks follow the approved face-relative directions
ok 2046 - turtle/4 marks follow the approved face-relative directions
  ---
  duration_ms: 0.060962
  type: 'test'
  ...
# Subtest: turtle/5 marks follow the approved face-relative directions
ok 2047 - turtle/5 marks follow the approved face-relative directions
  ---
  duration_ms: 0.062143
  type: 'test'
  ...
# Subtest: turtle/6 marks follow the approved face-relative directions
ok 2048 - turtle/6 marks follow the approved face-relative directions
  ---
  duration_ms: 0.058989
  type: 'test'
  ...
# Subtest: turtle/7 marks follow the approved face-relative directions
ok 2049 - turtle/7 marks follow the approved face-relative directions
  ---
  duration_ms: 0.056755
  type: 'test'
  ...
# Subtest: turtle/8 marks follow the approved face-relative directions
ok 2050 - turtle/8 marks follow the approved face-relative directions
  ---
  duration_ms: 0.062685
  type: 'test'
  ...
# Subtest: frog/1 marks follow the approved face-relative directions
ok 2051 - frog/1 marks follow the approved face-relative directions
  ---
  duration_ms: 0.063315
  type: 'test'
  ...
# Subtest: frog/2 marks follow the approved face-relative directions
ok 2052 - frog/2 marks follow the approved face-relative directions
  ---
  duration_ms: 0.059069
  type: 'test'
  ...
# Subtest: frog/3 marks follow the approved face-relative directions
ok 2053 - frog/3 marks follow the approved face-relative directions
  ---
  duration_ms: 0.057947
  type: 'test'
  ...
# Subtest: frog/4 marks follow the approved face-relative directions
ok 2054 - frog/4 marks follow the approved face-relative directions
  ---
  duration_ms: 0.064187
  type: 'test'
  ...
# Subtest: frog/5 marks follow the approved face-relative directions
ok 2055 - frog/5 marks follow the approved face-relative directions
  ---
  duration_ms: 0.056865
  type: 'test'
  ...
# Subtest: frog/6 marks follow the approved face-relative directions
ok 2056 - frog/6 marks follow the approved face-relative directions
  ---
  duration_ms: 0.064066
  type: 'test'
  ...
# Subtest: frog/7 marks follow the approved face-relative directions
ok 2057 - frog/7 marks follow the approved face-relative directions
  ---
  duration_ms: 0.063716
  type: 'test'
  ...
# Subtest: frog/8 marks follow the approved face-relative directions
ok 2058 - frog/8 marks follow the approved face-relative directions
  ---
  duration_ms: 0.05978
  type: 'test'
  ...
# Subtest: clownfish/1 marks follow the approved face-relative directions
ok 2059 - clownfish/1 marks follow the approved face-relative directions
  ---
  duration_ms: 0.084998
  type: 'test'
  ...
# Subtest: clownfish/2 marks follow the approved face-relative directions
ok 2060 - clownfish/2 marks follow the approved face-relative directions
  ---
  duration_ms: 0.058578
  type: 'test'
  ...
# Subtest: clownfish/3 marks follow the approved face-relative directions
ok 2061 - clownfish/3 marks follow the approved face-relative directions
  ---
  duration_ms: 0.059921
  type: 'test'
  ...
# Subtest: clownfish/4 marks follow the approved face-relative directions
ok 2062 - clownfish/4 marks follow the approved face-relative directions
  ---
  duration_ms: 0.062825
  type: 'test'
  ...
# Subtest: clownfish/5 marks follow the approved face-relative directions
ok 2063 - clownfish/5 marks follow the approved face-relative directions
  ---
  duration_ms: 0.057546
  type: 'test'
  ...
# Subtest: clownfish/6 marks follow the approved face-relative directions
ok 2064 - clownfish/6 marks follow the approved face-relative directions
  ---
  duration_ms: 0.058238
  type: 'test'
  ...
# Subtest: clownfish/7 marks follow the approved face-relative directions
ok 2065 - clownfish/7 marks follow the approved face-relative directions
  ---
  duration_ms: 0.057606
  type: 'test'
  ...
# Subtest: clownfish/8 marks follow the approved face-relative directions
ok 2066 - clownfish/8 marks follow the approved face-relative directions
  ---
  duration_ms: 0.057337
  type: 'test'
  ...
# Subtest: salmon/1 marks follow the approved face-relative directions
ok 2067 - salmon/1 marks follow the approved face-relative directions
  ---
  duration_ms: 0.063126
  type: 'test'
  ...
# Subtest: salmon/2 marks follow the approved face-relative directions
ok 2068 - salmon/2 marks follow the approved face-relative directions
  ---
  duration_ms: 0.062955
  type: 'test'
  ...
# Subtest: salmon/3 marks follow the approved face-relative directions
ok 2069 - salmon/3 marks follow the approved face-relative directions
  ---
  duration_ms: 0.064727
  type: 'test'
  ...
# Subtest: salmon/4 marks follow the approved face-relative directions
ok 2070 - salmon/4 marks follow the approved face-relative directions
  ---
  duration_ms: 0.061864
  type: 'test'
  ...
# Subtest: salmon/5 marks follow the approved face-relative directions
ok 2071 - salmon/5 marks follow the approved face-relative directions
  ---
  duration_ms: 0.060571
  type: 'test'
  ...
# Subtest: salmon/6 marks follow the approved face-relative directions
ok 2072 - salmon/6 marks follow the approved face-relative directions
  ---
  duration_ms: 0.057637
  type: 'test'
  ...
# Subtest: salmon/7 marks follow the approved face-relative directions
ok 2073 - salmon/7 marks follow the approved face-relative directions
  ---
  duration_ms: 0.872256
  type: 'test'
  ...
# Subtest: salmon/8 marks follow the approved face-relative directions
ok 2074 - salmon/8 marks follow the approved face-relative directions
  ---
  duration_ms: 0.082695
  type: 'test'
  ...
# Subtest: hermit_crab/1 marks follow the approved face-relative directions
ok 2075 - hermit_crab/1 marks follow the approved face-relative directions
  ---
  duration_ms: 0.090857
  type: 'test'
  ...
# Subtest: hermit_crab/2 marks follow the approved face-relative directions
ok 2076 - hermit_crab/2 marks follow the approved face-relative directions
  ---
  duration_ms: 0.062074
  type: 'test'
  ...
# Subtest: hermit_crab/3 marks follow the approved face-relative directions
ok 2077 - hermit_crab/3 marks follow the approved face-relative directions
  ---
  duration_ms: 0.075043
  type: 'test'
  ...
# Subtest: hermit_crab/4 marks follow the approved face-relative directions
ok 2078 - hermit_crab/4 marks follow the approved face-relative directions
  ---
  duration_ms: 0.071979
  type: 'test'
  ...
# Subtest: hermit_crab/5 marks follow the approved face-relative directions
ok 2079 - hermit_crab/5 marks follow the approved face-relative directions
  ---
  duration_ms: 0.068954
  type: 'test'
  ...
# Subtest: hermit_crab/6 marks follow the approved face-relative directions
ok 2080 - hermit_crab/6 marks follow the approved face-relative directions
  ---
  duration_ms: 0.063325
  type: 'test'
  ...
# Subtest: hermit_crab/7 marks follow the approved face-relative directions
ok 2081 - hermit_crab/7 marks follow the approved face-relative directions
  ---
  duration_ms: 0.058438
  type: 'test'
  ...
# Subtest: hermit_crab/8 marks follow the approved face-relative directions
ok 2082 - hermit_crab/8 marks follow the approved face-relative directions
  ---
  duration_ms: 0.05966
  type: 'test'
  ...
# Subtest: jellyfish/1 marks follow the approved face-relative directions
ok 2083 - jellyfish/1 marks follow the approved face-relative directions
  ---
  duration_ms: 0.059249
  type: 'test'
  ...
# Subtest: jellyfish/2 marks follow the approved face-relative directions
ok 2084 - jellyfish/2 marks follow the approved face-relative directions
  ---
  duration_ms: 0.062013
  type: 'test'
  ...
# Subtest: jellyfish/3 marks follow the approved face-relative directions
ok 2085 - jellyfish/3 marks follow the approved face-relative directions
  ---
  duration_ms: 0.059379
  type: 'test'
  ...
# Subtest: jellyfish/4 marks follow the approved face-relative directions
ok 2086 - jellyfish/4 marks follow the approved face-relative directions
  ---
  duration_ms: 2.242571
  type: 'test'
  ...
# Subtest: jellyfish/5 marks follow the approved face-relative directions
ok 2087 - jellyfish/5 marks follow the approved face-relative directions
  ---
  duration_ms: 0.10576
  type: 'test'
  ...
# Subtest: jellyfish/6 marks follow the approved face-relative directions
ok 2088 - jellyfish/6 marks follow the approved face-relative directions
  ---
  duration_ms: 0.069505
  type: 'test'
  ...
# Subtest: jellyfish/7 marks follow the approved face-relative directions
ok 2089 - jellyfish/7 marks follow the approved face-relative directions
  ---
  duration_ms: 0.061643
  type: 'test'
  ...
# Subtest: jellyfish/8 marks follow the approved face-relative directions
ok 2090 - jellyfish/8 marks follow the approved face-relative directions
  ---
  duration_ms: 0.055163
  type: 'test'
  ...
# Subtest: starfish/1 marks follow the approved face-relative directions
ok 2091 - starfish/1 marks follow the approved face-relative directions
  ---
  duration_ms: 0.061964
  type: 'test'
  ...
# Subtest: starfish/2 marks follow the approved face-relative directions
ok 2092 - starfish/2 marks follow the approved face-relative directions
  ---
  duration_ms: 0.062434
  type: 'test'
  ...
# Subtest: starfish/3 marks follow the approved face-relative directions
ok 2093 - starfish/3 marks follow the approved face-relative directions
  ---
  duration_ms: 0.05977
  type: 'test'
  ...
# Subtest: starfish/4 marks follow the approved face-relative directions
ok 2094 - starfish/4 marks follow the approved face-relative directions
  ---
  duration_ms: 0.061422
  type: 'test'
  ...
# Subtest: starfish/5 marks follow the approved face-relative directions
ok 2095 - starfish/5 marks follow the approved face-relative directions
  ---
  duration_ms: 0.055053
  type: 'test'
  ...
# Subtest: starfish/6 marks follow the approved face-relative directions
ok 2096 - starfish/6 marks follow the approved face-relative directions
  ---
  duration_ms: 0.057287
  type: 'test'
  ...
# Subtest: starfish/7 marks follow the approved face-relative directions
ok 2097 - starfish/7 marks follow the approved face-relative directions
  ---
  duration_ms: 0.058228
  type: 'test'
  ...
# Subtest: starfish/8 marks follow the approved face-relative directions
ok 2098 - starfish/8 marks follow the approved face-relative directions
  ---
  duration_ms: 0.07295
  type: 'test'
  ...
# Subtest: coral/1 marks follow the approved face-relative directions
ok 2099 - coral/1 marks follow the approved face-relative directions
  ---
  duration_ms: 0.058509
  type: 'test'
  ...
# Subtest: coral/2 marks follow the approved face-relative directions
ok 2100 - coral/2 marks follow the approved face-relative directions
  ---
  duration_ms: 0.054062
  type: 'test'
  ...
# Subtest: coral/3 marks follow the approved face-relative directions
ok 2101 - coral/3 marks follow the approved face-relative directions
  ---
  duration_ms: 0.051077
  type: 'test'
  ...
# Subtest: coral/4 marks follow the approved face-relative directions
ok 2102 - coral/4 marks follow the approved face-relative directions
  ---
  duration_ms: 0.056956
  type: 'test'
  ...
# Subtest: coral/5 marks follow the approved face-relative directions
ok 2103 - coral/5 marks follow the approved face-relative directions
  ---
  duration_ms: 0.05957
  type: 'test'
  ...
# Subtest: coral/6 marks follow the approved face-relative directions
ok 2104 - coral/6 marks follow the approved face-relative directions
  ---
  duration_ms: 0.059009
  type: 'test'
  ...
# Subtest: coral/7 marks follow the approved face-relative directions
ok 2105 - coral/7 marks follow the approved face-relative directions
  ---
  duration_ms: 0.056606
  type: 'test'
  ...
# Subtest: coral/8 marks follow the approved face-relative directions
ok 2106 - coral/8 marks follow the approved face-relative directions
  ---
  duration_ms: 0.417599
  type: 'test'
  ...
# Subtest: butterfly/1 marks follow the approved face-relative directions
ok 2107 - butterfly/1 marks follow the approved face-relative directions
  ---
  duration_ms: 0.111298
  type: 'test'
  ...
# Subtest: butterfly/2 marks follow the approved face-relative directions
ok 2108 - butterfly/2 marks follow the approved face-relative directions
  ---
  duration_ms: 0.063395
  type: 'test'
  ...
# Subtest: butterfly/3 marks follow the approved face-relative directions
ok 2109 - butterfly/3 marks follow the approved face-relative directions
  ---
  duration_ms: 0.057316
  type: 'test'
  ...
# Subtest: butterfly/4 marks follow the approved face-relative directions
ok 2110 - butterfly/4 marks follow the approved face-relative directions
  ---
  duration_ms: 0.055373
  type: 'test'
  ...
# Subtest: butterfly/5 marks follow the approved face-relative directions
ok 2111 - butterfly/5 marks follow the approved face-relative directions
  ---
  duration_ms: 0.058699
  type: 'test'
  ...
# Subtest: butterfly/6 marks follow the approved face-relative directions
ok 2112 - butterfly/6 marks follow the approved face-relative directions
  ---
  duration_ms: 0.058759
  type: 'test'
  ...
# Subtest: butterfly/7 marks follow the approved face-relative directions
ok 2113 - butterfly/7 marks follow the approved face-relative directions
  ---
  duration_ms: 0.058608
  type: 'test'
  ...
# Subtest: butterfly/8 marks follow the approved face-relative directions
ok 2114 - butterfly/8 marks follow the approved face-relative directions
  ---
  duration_ms: 0.057617
  type: 'test'
  ...
# Subtest: beetle/1 marks follow the approved face-relative directions
ok 2115 - beetle/1 marks follow the approved face-relative directions
  ---
  duration_ms: 0.058568
  type: 'test'
  ...
# Subtest: beetle/2 marks follow the approved face-relative directions
ok 2116 - beetle/2 marks follow the approved face-relative directions
  ---
  duration_ms: 0.063095
  type: 'test'
  ...
# Subtest: beetle/3 marks follow the approved face-relative directions
ok 2117 - beetle/3 marks follow the approved face-relative directions
  ---
  duration_ms: 0.056074
  type: 'test'
  ...
# Subtest: beetle/4 marks follow the approved face-relative directions
ok 2118 - beetle/4 marks follow the approved face-relative directions
  ---
  duration_ms: 0.055524
  type: 'test'
  ...
# Subtest: beetle/5 marks follow the approved face-relative directions
ok 2119 - beetle/5 marks follow the approved face-relative directions
  ---
  duration_ms: 0.055263
  type: 'test'
  ...
# Subtest: beetle/6 marks follow the approved face-relative directions
ok 2120 - beetle/6 marks follow the approved face-relative directions
  ---
  duration_ms: 0.055714
  type: 'test'
  ...
# Subtest: beetle/7 marks follow the approved face-relative directions
ok 2121 - beetle/7 marks follow the approved face-relative directions
  ---
  duration_ms: 0.114512
  type: 'test'
  ...
# Subtest: beetle/8 marks follow the approved face-relative directions
ok 2122 - beetle/8 marks follow the approved face-relative directions
  ---
  duration_ms: 0.063355
  type: 'test'
  ...
# Subtest: stagbeetle/1 marks follow the approved face-relative directions
ok 2123 - stagbeetle/1 marks follow the approved face-relative directions
  ---
  duration_ms: 0.433704
  type: 'test'
  ...
# Subtest: stagbeetle/2 marks follow the approved face-relative directions
ok 2124 - stagbeetle/2 marks follow the approved face-relative directions
  ---
  duration_ms: 0.097156
  type: 'test'
  ...
# Subtest: stagbeetle/3 marks follow the approved face-relative directions
ok 2125 - stagbeetle/3 marks follow the approved face-relative directions
  ---
  duration_ms: 0.060671
  type: 'test'
  ...
# Subtest: stagbeetle/4 marks follow the approved face-relative directions
ok 2126 - stagbeetle/4 marks follow the approved face-relative directions
  ---
  duration_ms: 0.057647
  type: 'test'
  ...
# Subtest: stagbeetle/5 marks follow the approved face-relative directions
ok 2127 - stagbeetle/5 marks follow the approved face-relative directions
  ---
  duration_ms: 0.055013
  type: 'test'
  ...
# Subtest: stagbeetle/6 marks follow the approved face-relative directions
ok 2128 - stagbeetle/6 marks follow the approved face-relative directions
  ---
  duration_ms: 0.057496
  type: 'test'
  ...
# Subtest: stagbeetle/7 marks follow the approved face-relative directions
ok 2129 - stagbeetle/7 marks follow the approved face-relative directions
  ---
  duration_ms: 0.075724
  type: 'test'
  ...
# Subtest: stagbeetle/8 marks follow the approved face-relative directions
ok 2130 - stagbeetle/8 marks follow the approved face-relative directions
  ---
  duration_ms: 0.058949
  type: 'test'
  ...
# Subtest: cicada/1 marks follow the approved face-relative directions
ok 2131 - cicada/1 marks follow the approved face-relative directions
  ---
  duration_ms: 0.057026
  type: 'test'
  ...
# Subtest: cicada/2 marks follow the approved face-relative directions
ok 2132 - cicada/2 marks follow the approved face-relative directions
  ---
  duration_ms: 0.055955
  type: 'test'
  ...
# Subtest: cicada/3 marks follow the approved face-relative directions
ok 2133 - cicada/3 marks follow the approved face-relative directions
  ---
  duration_ms: 0.063756
  type: 'test'
  ...
# Subtest: cicada/4 marks follow the approved face-relative directions
ok 2134 - cicada/4 marks follow the approved face-relative directions
  ---
  duration_ms: 0.057497
  type: 'test'
  ...
# Subtest: cicada/5 marks follow the approved face-relative directions
ok 2135 - cicada/5 marks follow the approved face-relative directions
  ---
  duration_ms: 0.060572
  type: 'test'
  ...
# Subtest: cicada/6 marks follow the approved face-relative directions
ok 2136 - cicada/6 marks follow the approved face-relative directions
  ---
  duration_ms: 0.057236
  type: 'test'
  ...
# Subtest: cicada/7 marks follow the approved face-relative directions
ok 2137 - cicada/7 marks follow the approved face-relative directions
  ---
  duration_ms: 0.058979
  type: 'test'
  ...
# Subtest: cicada/8 marks follow the approved face-relative directions
ok 2138 - cicada/8 marks follow the approved face-relative directions
  ---
  duration_ms: 0.055063
  type: 'test'
  ...
# Subtest: antlion/1 marks follow the approved face-relative directions
ok 2139 - antlion/1 marks follow the approved face-relative directions
  ---
  duration_ms: 0.054672
  type: 'test'
  ...
# Subtest: antlion/2 marks follow the approved face-relative directions
ok 2140 - antlion/2 marks follow the approved face-relative directions
  ---
  duration_ms: 0.05356
  type: 'test'
  ...
# Subtest: antlion/3 marks follow the approved face-relative directions
ok 2141 - antlion/3 marks follow the approved face-relative directions
  ---
  duration_ms: 0.054152
  type: 'test'
  ...
# Subtest: antlion/4 marks follow the approved face-relative directions
ok 2142 - antlion/4 marks follow the approved face-relative directions
  ---
  duration_ms: 0.067201
  type: 'test'
  ...
# Subtest: antlion/5 marks follow the approved face-relative directions
ok 2143 - antlion/5 marks follow the approved face-relative directions
  ---
  duration_ms: 0.07281
  type: 'test'
  ...
# Subtest: antlion/6 marks follow the approved face-relative directions
ok 2144 - antlion/6 marks follow the approved face-relative directions
  ---
  duration_ms: 0.057026
  type: 'test'
  ...
# Subtest: antlion/7 marks follow the approved face-relative directions
ok 2145 - antlion/7 marks follow the approved face-relative directions
  ---
  duration_ms: 0.060792
  type: 'test'
  ...
# Subtest: antlion/8 marks follow the approved face-relative directions
ok 2146 - antlion/8 marks follow the approved face-relative directions
  ---
  duration_ms: 0.055874
  type: 'test'
  ...
# Subtest: dandelion/1 marks follow the approved face-relative directions
ok 2147 - dandelion/1 marks follow the approved face-relative directions
  ---
  duration_ms: 0.05303
  type: 'test'
  ...
# Subtest: dandelion/2 marks follow the approved face-relative directions
ok 2148 - dandelion/2 marks follow the approved face-relative directions
  ---
  duration_ms: 0.054573
  type: 'test'
  ...
# Subtest: dandelion/3 marks follow the approved face-relative directions
ok 2149 - dandelion/3 marks follow the approved face-relative directions
  ---
  duration_ms: 0.053942
  type: 'test'
  ...
# Subtest: dandelion/4 marks follow the approved face-relative directions
ok 2150 - dandelion/4 marks follow the approved face-relative directions
  ---
  duration_ms: 0.056736
  type: 'test'
  ...
# Subtest: dandelion/5 marks follow the approved face-relative directions
ok 2151 - dandelion/5 marks follow the approved face-relative directions
  ---
  duration_ms: 0.05288
  type: 'test'
  ...
# Subtest: dandelion/6 marks follow the approved face-relative directions
ok 2152 - dandelion/6 marks follow the approved face-relative directions
  ---
  duration_ms: 0.052069
  type: 'test'
  ...
# Subtest: dandelion/7 marks follow the approved face-relative directions
ok 2153 - dandelion/7 marks follow the approved face-relative directions
  ---
  duration_ms: 0.055945
  type: 'test'
  ...
# Subtest: dandelion/8 marks follow the approved face-relative directions
ok 2154 - dandelion/8 marks follow the approved face-relative directions
  ---
  duration_ms: 0.056736
  type: 'test'
  ...
# Subtest: sakura/1 marks follow the approved face-relative directions
ok 2155 - sakura/1 marks follow the approved face-relative directions
  ---
  duration_ms: 0.060682
  type: 'test'
  ...
# Subtest: sakura/2 marks follow the approved face-relative directions
ok 2156 - sakura/2 marks follow the approved face-relative directions
  ---
  duration_ms: 0.055284
  type: 'test'
  ...
# Subtest: sakura/3 marks follow the approved face-relative directions
ok 2157 - sakura/3 marks follow the approved face-relative directions
  ---
  duration_ms: 0.056245
  type: 'test'
  ...
# Subtest: sakura/4 marks follow the approved face-relative directions
ok 2158 - sakura/4 marks follow the approved face-relative directions
  ---
  duration_ms: 0.074042
  type: 'test'
  ...
# Subtest: sakura/5 marks follow the approved face-relative directions
ok 2159 - sakura/5 marks follow the approved face-relative directions
  ---
  duration_ms: 0.062304
  type: 'test'
  ...
# Subtest: sakura/6 marks follow the approved face-relative directions
ok 2160 - sakura/6 marks follow the approved face-relative directions
  ---
  duration_ms: 0.056115
  type: 'test'
  ...
# Subtest: sakura/7 marks follow the approved face-relative directions
ok 2161 - sakura/7 marks follow the approved face-relative directions
  ---
  duration_ms: 0.054452
  type: 'test'
  ...
# Subtest: sakura/8 marks follow the approved face-relative directions
ok 2162 - sakura/8 marks follow the approved face-relative directions
  ---
  duration_ms: 0.056806
  type: 'test'
  ...
# Subtest: venus_flytrap/1 marks follow the approved face-relative directions
ok 2163 - venus_flytrap/1 marks follow the approved face-relative directions
  ---
  duration_ms: 0.058588
  type: 'test'
  ...
# Subtest: venus_flytrap/2 marks follow the approved face-relative directions
ok 2164 - venus_flytrap/2 marks follow the approved face-relative directions
  ---
  duration_ms: 0.061042
  type: 'test'
  ...
# Subtest: venus_flytrap/3 marks follow the approved face-relative directions
ok 2165 - venus_flytrap/3 marks follow the approved face-relative directions
  ---
  duration_ms: 0.054783
  type: 'test'
  ...
# Subtest: venus_flytrap/4 marks follow the approved face-relative directions
ok 2166 - venus_flytrap/4 marks follow the approved face-relative directions
  ---
  duration_ms: 0.057066
  type: 'test'
  ...
# Subtest: venus_flytrap/5 marks follow the approved face-relative directions
ok 2167 - venus_flytrap/5 marks follow the approved face-relative directions
  ---
  duration_ms: 0.054873
  type: 'test'
  ...
# Subtest: venus_flytrap/6 marks follow the approved face-relative directions
ok 2168 - venus_flytrap/6 marks follow the approved face-relative directions
  ---
  duration_ms: 0.05913
  type: 'test'
  ...
# Subtest: venus_flytrap/7 marks follow the approved face-relative directions
ok 2169 - venus_flytrap/7 marks follow the approved face-relative directions
  ---
  duration_ms: 0.058739
  type: 'test'
  ...
# Subtest: venus_flytrap/8 marks follow the approved face-relative directions
ok 2170 - venus_flytrap/8 marks follow the approved face-relative directions
  ---
  duration_ms: 0.069024
  type: 'test'
  ...
# Subtest: mushroom/1 marks follow the approved face-relative directions
ok 2171 - mushroom/1 marks follow the approved face-relative directions
  ---
  duration_ms: 0.088303
  type: 'test'
  ...
# Subtest: mushroom/2 marks follow the approved face-relative directions
ok 2172 - mushroom/2 marks follow the approved face-relative directions
  ---
  duration_ms: 1.911002
  type: 'test'
  ...
# Subtest: mushroom/3 marks follow the approved face-relative directions
ok 2173 - mushroom/3 marks follow the approved face-relative directions
  ---
  duration_ms: 0.137066
  type: 'test'
  ...
# Subtest: mushroom/4 marks follow the approved face-relative directions
ok 2174 - mushroom/4 marks follow the approved face-relative directions
  ---
  duration_ms: 0.087311
  type: 'test'
  ...
# Subtest: mushroom/5 marks follow the approved face-relative directions
ok 2175 - mushroom/5 marks follow the approved face-relative directions
  ---
  duration_ms: 0.079089
  type: 'test'
  ...
# Subtest: mushroom/6 marks follow the approved face-relative directions
ok 2176 - mushroom/6 marks follow the approved face-relative directions
  ---
  duration_ms: 0.08636
  type: 'test'
  ...
# Subtest: mushroom/7 marks follow the approved face-relative directions
ok 2177 - mushroom/7 marks follow the approved face-relative directions
  ---
  duration_ms: 0.080662
  type: 'test'
  ...
# Subtest: mushroom/8 marks follow the approved face-relative directions
ok 2178 - mushroom/8 marks follow the approved face-relative directions
  ---
  duration_ms: 0.078398
  type: 'test'
  ...
# Subtest: dragon/1 marks follow the approved face-relative directions
ok 2179 - dragon/1 marks follow the approved face-relative directions
  ---
  duration_ms: 0.084878
  type: 'test'
  ...
# Subtest: dragon/2 marks follow the approved face-relative directions
ok 2180 - dragon/2 marks follow the approved face-relative directions
  ---
  duration_ms: 0.077407
  type: 'test'
  ...
# Subtest: dragon/3 marks follow the approved face-relative directions
ok 2181 - dragon/3 marks follow the approved face-relative directions
  ---
  duration_ms: 0.075854
  type: 'test'
  ...
# Subtest: dragon/4 marks follow the approved face-relative directions
ok 2182 - dragon/4 marks follow the approved face-relative directions
  ---
  duration_ms: 0.080942
  type: 'test'
  ...
# Subtest: dragon/5 marks follow the approved face-relative directions
ok 2183 - dragon/5 marks follow the approved face-relative directions
  ---
  duration_ms: 0.085499
  type: 'test'
  ...
# Subtest: dragon/6 marks follow the approved face-relative directions
ok 2184 - dragon/6 marks follow the approved face-relative directions
  ---
  duration_ms: 0.070246
  type: 'test'
  ...
# Subtest: dragon/7 marks follow the approved face-relative directions
ok 2185 - dragon/7 marks follow the approved face-relative directions
  ---
  duration_ms: 0.07326
  type: 'test'
  ...
# Subtest: dragon/8 marks follow the approved face-relative directions
ok 2186 - dragon/8 marks follow the approved face-relative directions
  ---
  duration_ms: 0.069144
  type: 'test'
  ...
# Subtest: phoenix/1 marks follow the approved face-relative directions
ok 2187 - phoenix/1 marks follow the approved face-relative directions
  ---
  duration_ms: 0.074783
  type: 'test'
  ...
# Subtest: phoenix/2 marks follow the approved face-relative directions
ok 2188 - phoenix/2 marks follow the approved face-relative directions
  ---
  duration_ms: 0.068934
  type: 'test'
  ...
# Subtest: phoenix/3 marks follow the approved face-relative directions
ok 2189 - phoenix/3 marks follow the approved face-relative directions
  ---
  duration_ms: 0.069775
  type: 'test'
  ...
# Subtest: phoenix/4 marks follow the approved face-relative directions
ok 2190 - phoenix/4 marks follow the approved face-relative directions
  ---
  duration_ms: 0.075464
  type: 'test'
  ...
# Subtest: phoenix/5 marks follow the approved face-relative directions
ok 2191 - phoenix/5 marks follow the approved face-relative directions
  ---
  duration_ms: 0.070506
  type: 'test'
  ...
# Subtest: phoenix/6 marks follow the approved face-relative directions
ok 2192 - phoenix/6 marks follow the approved face-relative directions
  ---
  duration_ms: 0.069404
  type: 'test'
  ...
# Subtest: phoenix/7 marks follow the approved face-relative directions
ok 2193 - phoenix/7 marks follow the approved face-relative directions
  ---
  duration_ms: 0.075113
  type: 'test'
  ...
# Subtest: phoenix/8 marks follow the approved face-relative directions
ok 2194 - phoenix/8 marks follow the approved face-relative directions
  ---
  duration_ms: 0.942471
  type: 'test'
  ...
# Subtest: god/1 marks follow the approved face-relative directions
ok 2195 - god/1 marks follow the approved face-relative directions
  ---
  duration_ms: 0.138739
  type: 'test'
  ...
# Subtest: god/2 marks follow the approved face-relative directions
ok 2196 - god/2 marks follow the approved face-relative directions
  ---
  duration_ms: 0.082665
  type: 'test'
  ...
# Subtest: god/3 marks follow the approved face-relative directions
ok 2197 - god/3 marks follow the approved face-relative directions
  ---
  duration_ms: 0.071688
  type: 'test'
  ...
# Subtest: god/4 marks follow the approved face-relative directions
ok 2198 - god/4 marks follow the approved face-relative directions
  ---
  duration_ms: 2.382683
  type: 'test'
  ...
# Subtest: god/5 marks follow the approved face-relative directions
ok 2199 - god/5 marks follow the approved face-relative directions
  ---
  duration_ms: 0.116766
  type: 'test'
  ...
# Subtest: god/6 marks follow the approved face-relative directions
ok 2200 - god/6 marks follow the approved face-relative directions
  ---
  duration_ms: 0.080392
  type: 'test'
  ...
# Subtest: god/7 marks follow the approved face-relative directions
ok 2201 - god/7 marks follow the approved face-relative directions
  ---
  duration_ms: 0.06624
  type: 'test'
  ...
# Subtest: god/8 marks follow the approved face-relative directions
ok 2202 - god/8 marks follow the approved face-relative directions
  ---
  duration_ms: 0.082474
  type: 'test'
  ...
# Subtest: world_tree/1 marks follow the approved face-relative directions
ok 2203 - world_tree/1 marks follow the approved face-relative directions
  ---
  duration_ms: 0.07258
  type: 'test'
  ...
# Subtest: world_tree/2 marks follow the approved face-relative directions
ok 2204 - world_tree/2 marks follow the approved face-relative directions
  ---
  duration_ms: 0.067342
  type: 'test'
  ...
# Subtest: world_tree/3 marks follow the approved face-relative directions
ok 2205 - world_tree/3 marks follow the approved face-relative directions
  ---
  duration_ms: 0.062935
  type: 'test'
  ...
# Subtest: world_tree/4 marks follow the approved face-relative directions
ok 2206 - world_tree/4 marks follow the approved face-relative directions
  ---
  duration_ms: 0.065459
  type: 'test'
  ...
# Subtest: world_tree/5 marks follow the approved face-relative directions
ok 2207 - world_tree/5 marks follow the approved face-relative directions
  ---
  duration_ms: 0.063696
  type: 'test'
  ...
# Subtest: world_tree/6 marks follow the approved face-relative directions
ok 2208 - world_tree/6 marks follow the approved face-relative directions
  ---
  duration_ms: 0.064888
  type: 'test'
  ...
# Subtest: world_tree/7 marks follow the approved face-relative directions
ok 2209 - world_tree/7 marks follow the approved face-relative directions
  ---
  duration_ms: 0.073491
  type: 'test'
  ...
# Subtest: world_tree/8 marks follow the approved face-relative directions
ok 2210 - world_tree/8 marks follow the approved face-relative directions
  ---
  duration_ms: 0.06592
  type: 'test'
  ...
# Subtest: ghost/1 marks follow the approved face-relative directions
ok 2211 - ghost/1 marks follow the approved face-relative directions
  ---
  duration_ms: 0.065209
  type: 'test'
  ...
# Subtest: ghost/2 marks follow the approved face-relative directions
ok 2212 - ghost/2 marks follow the approved face-relative directions
  ---
  duration_ms: 0.101092
  type: 'test'
  ...
# Subtest: ghost/3 marks follow the approved face-relative directions
ok 2213 - ghost/3 marks follow the approved face-relative directions
  ---
  duration_ms: 0.078518
  type: 'test'
  ...
# Subtest: ghost/4 marks follow the approved face-relative directions
ok 2214 - ghost/4 marks follow the approved face-relative directions
  ---
  duration_ms: 0.084037
  type: 'test'
  ...
# Subtest: ghost/5 marks follow the approved face-relative directions
ok 2215 - ghost/5 marks follow the approved face-relative directions
  ---
  duration_ms: 0.067491
  type: 'test'
  ...
# Subtest: ghost/6 marks follow the approved face-relative directions
ok 2216 - ghost/6 marks follow the approved face-relative directions
  ---
  duration_ms: 0.228875
  type: 'test'
  ...
# Subtest: ghost/7 marks follow the approved face-relative directions
ok 2217 - ghost/7 marks follow the approved face-relative directions
  ---
  duration_ms: 0.070026
  type: 'test'
  ...
# Subtest: ghost/8 marks follow the approved face-relative directions
ok 2218 - ghost/8 marks follow the approved face-relative directions
  ---
  duration_ms: 0.069955
  type: 'test'
  ...
# Subtest: star/1 marks follow the approved face-relative directions
ok 2219 - star/1 marks follow the approved face-relative directions
  ---
  duration_ms: 0.068203
  type: 'test'
  ...
# Subtest: star/2 marks follow the approved face-relative directions
ok 2220 - star/2 marks follow the approved face-relative directions
  ---
  duration_ms: 0.062764
  type: 'test'
  ...
# Subtest: star/3 marks follow the approved face-relative directions
ok 2221 - star/3 marks follow the approved face-relative directions
  ---
  duration_ms: 0.067241
  type: 'test'
  ...
# Subtest: star/4 marks follow the approved face-relative directions
ok 2222 - star/4 marks follow the approved face-relative directions
  ---
  duration_ms: 0.063386
  type: 'test'
  ...
# Subtest: star/5 marks follow the approved face-relative directions
ok 2223 - star/5 marks follow the approved face-relative directions
  ---
  duration_ms: 0.063386
  type: 'test'
  ...
# Subtest: star/6 marks follow the approved face-relative directions
ok 2224 - star/6 marks follow the approved face-relative directions
  ---
  duration_ms: 2.25479
  type: 'test'
  ...
# Subtest: star/7 marks follow the approved face-relative directions
ok 2225 - star/7 marks follow the approved face-relative directions
  ---
  duration_ms: 0.110717
  type: 'test'
  ...
# Subtest: star/8 marks follow the approved face-relative directions
ok 2226 - star/8 marks follow the approved face-relative directions
  ---
  duration_ms: 0.074232
  type: 'test'
  ...
# Subtest: plush/1 marks follow the approved face-relative directions
ok 2227 - plush/1 marks follow the approved face-relative directions
  ---
  duration_ms: 0.071558
  type: 'test'
  ...
# Subtest: plush/2 marks follow the approved face-relative directions
ok 2228 - plush/2 marks follow the approved face-relative directions
  ---
  duration_ms: 0.06676
  type: 'test'
  ...
# Subtest: plush/3 marks follow the approved face-relative directions
ok 2229 - plush/3 marks follow the approved face-relative directions
  ---
  duration_ms: 0.064517
  type: 'test'
  ...
# Subtest: plush/4 marks follow the approved face-relative directions
ok 2230 - plush/4 marks follow the approved face-relative directions
  ---
  duration_ms: 0.06653
  type: 'test'
  ...
# Subtest: plush/5 marks follow the approved face-relative directions
ok 2231 - plush/5 marks follow the approved face-relative directions
  ---
  duration_ms: 0.064106
  type: 'test'
  ...
# Subtest: plush/6 marks follow the approved face-relative directions
ok 2232 - plush/6 marks follow the approved face-relative directions
  ---
  duration_ms: 0.063085
  type: 'test'
  ...
# Subtest: plush/7 marks follow the approved face-relative directions
ok 2233 - plush/7 marks follow the approved face-relative directions
  ---
  duration_ms: 0.068033
  type: 'test'
  ...
# Subtest: plush/8 marks follow the approved face-relative directions
ok 2234 - plush/8 marks follow the approved face-relative directions
  ---
  duration_ms: 0.068313
  type: 'test'
  ...
# Subtest: unknown/1 marks follow the approved face-relative directions
ok 2235 - unknown/1 marks follow the approved face-relative directions
  ---
  duration_ms: 0.064107
  type: 'test'
  ...
# Subtest: unknown/2 marks follow the approved face-relative directions
ok 2236 - unknown/2 marks follow the approved face-relative directions
  ---
  duration_ms: 0.06612
  type: 'test'
  ...
# Subtest: unknown/3 marks follow the approved face-relative directions
ok 2237 - unknown/3 marks follow the approved face-relative directions
  ---
  duration_ms: 0.065609
  type: 'test'
  ...
# Subtest: unknown/4 marks follow the approved face-relative directions
ok 2238 - unknown/4 marks follow the approved face-relative directions
  ---
  duration_ms: 0.064998
  type: 'test'
  ...
# Subtest: unknown/5 marks follow the approved face-relative directions
ok 2239 - unknown/5 marks follow the approved face-relative directions
  ---
  duration_ms: 0.071337
  type: 'test'
  ...
# Subtest: unknown/6 marks follow the approved face-relative directions
ok 2240 - unknown/6 marks follow the approved face-relative directions
  ---
  duration_ms: 0.066991
  type: 'test'
  ...
# Subtest: unknown/7 marks follow the approved face-relative directions
ok 2241 - unknown/7 marks follow the approved face-relative directions
  ---
  duration_ms: 0.064207
  type: 'test'
  ...
# Subtest: unknown/8 marks follow the approved face-relative directions
ok 2242 - unknown/8 marks follow the approved face-relative directions
  ---
  duration_ms: 0.067993
  type: 'test'
  ...
# Subtest: ren/1 marks follow the approved face-relative directions
ok 2243 - ren/1 marks follow the approved face-relative directions
  ---
  duration_ms: 0.063717
  type: 'test'
  ...
# Subtest: ren/2 marks follow the approved face-relative directions
ok 2244 - ren/2 marks follow the approved face-relative directions
  ---
  duration_ms: 0.062925
  type: 'test'
  ...
# Subtest: ren/3 marks follow the approved face-relative directions
ok 2245 - ren/3 marks follow the approved face-relative directions
  ---
  duration_ms: 0.064998
  type: 'test'
  ...
# Subtest: ren/4 marks follow the approved face-relative directions
ok 2246 - ren/4 marks follow the approved face-relative directions
  ---
  duration_ms: 0.078659
  type: 'test'
  ...
# Subtest: ren/5 marks follow the approved face-relative directions
ok 2247 - ren/5 marks follow the approved face-relative directions
  ---
  duration_ms: 0.068413
  type: 'test'
  ...
# Subtest: ren/6 marks follow the approved face-relative directions
ok 2248 - ren/6 marks follow the approved face-relative directions
  ---
  duration_ms: 0.071308
  type: 'test'
  ...
# Subtest: ren/7 marks follow the approved face-relative directions
ok 2249 - ren/7 marks follow the approved face-relative directions
  ---
  duration_ms: 0.065989
  type: 'test'
  ...
# Subtest: ren/8 marks follow the approved face-relative directions
ok 2250 - ren/8 marks follow the approved face-relative directions
  ---
  duration_ms: 0.063946
  type: 'test'
  ...
# Subtest: reviewed side marks read diagonally above the face, not alongside it
ok 2251 - reviewed side marks read diagonally above the face, not alongside it
  ---
  duration_ms: 1.019458
  type: 'test'
  ...
# Subtest: penguin/1 routes ten distinct expressions
ok 2252 - penguin/1 routes ten distinct expressions
  ---
  duration_ms: 0.155735
  type: 'test'
  ...
# Subtest: penguin/2 routes ten distinct expressions
ok 2253 - penguin/2 routes ten distinct expressions
  ---
  duration_ms: 0.076896
  type: 'test'
  ...
# Subtest: penguin/3 routes ten distinct expressions
ok 2254 - penguin/3 routes ten distinct expressions
  ---
  duration_ms: 0.076165
  type: 'test'
  ...
# Subtest: penguin/4 routes ten distinct expressions
ok 2255 - penguin/4 routes ten distinct expressions
  ---
  duration_ms: 0.067491
  type: 'test'
  ...
# Subtest: penguin/5 routes ten distinct expressions
ok 2256 - penguin/5 routes ten distinct expressions
  ---
  duration_ms: 0.065368
  type: 'test'
  ...
# Subtest: penguin/6 routes ten distinct expressions
ok 2257 - penguin/6 routes ten distinct expressions
  ---
  duration_ms: 0.104508
  type: 'test'
  ...
# Subtest: penguin/7 routes ten distinct expressions
ok 2258 - penguin/7 routes ten distinct expressions
  ---
  duration_ms: 0.070577
  type: 'test'
  ...
# Subtest: penguin/8 routes ten distinct expressions
ok 2259 - penguin/8 routes ten distinct expressions
  ---
  duration_ms: 0.063696
  type: 'test'
  ...
# Subtest: turtle/1 routes ten distinct expressions
ok 2260 - turtle/1 routes ten distinct expressions
  ---
  duration_ms: 0.067993
  type: 'test'
  ...
# Subtest: turtle/2 routes ten distinct expressions
ok 2261 - turtle/2 routes ten distinct expressions
  ---
  duration_ms: 0.132399
  type: 'test'
  ...
# Subtest: turtle/3 routes ten distinct expressions
ok 2262 - turtle/3 routes ten distinct expressions
  ---
  duration_ms: 1.848858
  type: 'test'
  ...
# Subtest: turtle/4 routes ten distinct expressions
ok 2263 - turtle/4 routes ten distinct expressions
  ---
  duration_ms: 0.069325
  type: 'test'
  ...
# Subtest: turtle/5 routes ten distinct expressions
ok 2264 - turtle/5 routes ten distinct expressions
  ---
  duration_ms: 0.07311
  type: 'test'
  ...
# Subtest: turtle/6 routes ten distinct expressions
ok 2265 - turtle/6 routes ten distinct expressions
  ---
  duration_ms: 0.047581
  type: 'test'
  ...
# Subtest: turtle/7 routes ten distinct expressions
ok 2266 - turtle/7 routes ten distinct expressions
  ---
  duration_ms: 0.043956
  type: 'test'
  ...
# Subtest: turtle/8 routes ten distinct expressions
ok 2267 - turtle/8 routes ten distinct expressions
  ---
  duration_ms: 0.043876
  type: 'test'
  ...
# Subtest: frog/1 routes ten distinct expressions
ok 2268 - frog/1 routes ten distinct expressions
  ---
  duration_ms: 0.045399
  type: 'test'
  ...
# Subtest: frog/2 routes ten distinct expressions
ok 2269 - frog/2 routes ten distinct expressions
  ---
  duration_ms: 0.045189
  type: 'test'
  ...
# Subtest: frog/3 routes ten distinct expressions
ok 2270 - frog/3 routes ten distinct expressions
  ---
  duration_ms: 0.045178
  type: 'test'
  ...
# Subtest: frog/4 routes ten distinct expressions
ok 2271 - frog/4 routes ten distinct expressions
  ---
  duration_ms: 0.048293
  type: 'test'
  ...
# Subtest: frog/5 routes ten distinct expressions
ok 2272 - frog/5 routes ten distinct expressions
  ---
  duration_ms: 0.042584
  type: 'test'
  ...
# Subtest: frog/6 routes ten distinct expressions
ok 2273 - frog/6 routes ten distinct expressions
  ---
  duration_ms: 0.045058
  type: 'test'
  ...
# Subtest: frog/7 routes ten distinct expressions
ok 2274 - frog/7 routes ten distinct expressions
  ---
  duration_ms: 0.049775
  type: 'test'
  ...
# Subtest: frog/8 routes ten distinct expressions
ok 2275 - frog/8 routes ten distinct expressions
  ---
  duration_ms: 0.043145
  type: 'test'
  ...
# Subtest: clownfish/1 routes ten distinct expressions
ok 2276 - clownfish/1 routes ten distinct expressions
  ---
  duration_ms: 0.043726
  type: 'test'
  ...
# Subtest: clownfish/2 routes ten distinct expressions
ok 2277 - clownfish/2 routes ten distinct expressions
  ---
  duration_ms: 0.045419
  type: 'test'
  ...
# Subtest: clownfish/3 routes ten distinct expressions
ok 2278 - clownfish/3 routes ten distinct expressions
  ---
  duration_ms: 0.045048
  type: 'test'
  ...
# Subtest: clownfish/4 routes ten distinct expressions
ok 2279 - clownfish/4 routes ten distinct expressions
  ---
  duration_ms: 0.044517
  type: 'test'
  ...
# Subtest: clownfish/5 routes ten distinct expressions
ok 2280 - clownfish/5 routes ten distinct expressions
  ---
  duration_ms: 0.044047
  type: 'test'
  ...
# Subtest: clownfish/6 routes ten distinct expressions
ok 2281 - clownfish/6 routes ten distinct expressions
  ---
  duration_ms: 0.060471
  type: 'test'
  ...
# Subtest: clownfish/7 routes ten distinct expressions
ok 2282 - clownfish/7 routes ten distinct expressions
  ---
  duration_ms: 0.045418
  type: 'test'
  ...
# Subtest: clownfish/8 routes ten distinct expressions
ok 2283 - clownfish/8 routes ten distinct expressions
  ---
  duration_ms: 0.043025
  type: 'test'
  ...
# Subtest: salmon/1 routes ten distinct expressions
ok 2284 - salmon/1 routes ten distinct expressions
  ---
  duration_ms: 0.047882
  type: 'test'
  ...
# Subtest: salmon/2 routes ten distinct expressions
ok 2285 - salmon/2 routes ten distinct expressions
  ---
  duration_ms: 0.042885
  type: 'test'
  ...
# Subtest: salmon/3 routes ten distinct expressions
ok 2286 - salmon/3 routes ten distinct expressions
  ---
  duration_ms: 0.041994
  type: 'test'
  ...
# Subtest: salmon/4 routes ten distinct expressions
ok 2287 - salmon/4 routes ten distinct expressions
  ---
  duration_ms: 0.047041
  type: 'test'
  ...
# Subtest: salmon/5 routes ten distinct expressions
ok 2288 - salmon/5 routes ten distinct expressions
  ---
  duration_ms: 0.043946
  type: 'test'
  ...
# Subtest: salmon/6 routes ten distinct expressions
ok 2289 - salmon/6 routes ten distinct expressions
  ---
  duration_ms: 0.03995
  type: 'test'
  ...
# Subtest: salmon/7 routes ten distinct expressions
ok 2290 - salmon/7 routes ten distinct expressions
  ---
  duration_ms: 0.03995
  type: 'test'
  ...
# Subtest: salmon/8 routes ten distinct expressions
ok 2291 - salmon/8 routes ten distinct expressions
  ---
  duration_ms: 0.044848
  type: 'test'
  ...
# Subtest: hermit_crab/1 routes ten distinct expressions
ok 2292 - hermit_crab/1 routes ten distinct expressions
  ---
  duration_ms: 0.045068
  type: 'test'
  ...
# Subtest: hermit_crab/2 routes ten distinct expressions
ok 2293 - hermit_crab/2 routes ten distinct expressions
  ---
  duration_ms: 0.044207
  type: 'test'
  ...
# Subtest: hermit_crab/3 routes ten distinct expressions
ok 2294 - hermit_crab/3 routes ten distinct expressions
  ---
  duration_ms: 0.044608
  type: 'test'
  ...
# Subtest: hermit_crab/4 routes ten distinct expressions
ok 2295 - hermit_crab/4 routes ten distinct expressions
  ---
  duration_ms: 0.043746
  type: 'test'
  ...
# Subtest: hermit_crab/5 routes ten distinct expressions
ok 2296 - hermit_crab/5 routes ten distinct expressions
  ---
  duration_ms: 0.03944
  type: 'test'
  ...
# Subtest: hermit_crab/6 routes ten distinct expressions
ok 2297 - hermit_crab/6 routes ten distinct expressions
  ---
  duration_ms: 0.041893
  type: 'test'
  ...
# Subtest: hermit_crab/7 routes ten distinct expressions
ok 2298 - hermit_crab/7 routes ten distinct expressions
  ---
  duration_ms: 0.040541
  type: 'test'
  ...
# Subtest: hermit_crab/8 routes ten distinct expressions
ok 2299 - hermit_crab/8 routes ten distinct expressions
  ---
  duration_ms: 0.044327
  type: 'test'
  ...
# Subtest: jellyfish/1 routes ten distinct expressions
ok 2300 - jellyfish/1 routes ten distinct expressions
  ---
  duration_ms: 0.060051
  type: 'test'
  ...
# Subtest: jellyfish/2 routes ten distinct expressions
ok 2301 - jellyfish/2 routes ten distinct expressions
  ---
  duration_ms: 0.04662
  type: 'test'
  ...
# Subtest: jellyfish/3 routes ten distinct expressions
ok 2302 - jellyfish/3 routes ten distinct expressions
  ---
  duration_ms: 0.043375
  type: 'test'
  ...
# Subtest: jellyfish/4 routes ten distinct expressions
ok 2303 - jellyfish/4 routes ten distinct expressions
  ---
  duration_ms: 0.04674
  type: 'test'
  ...
# Subtest: jellyfish/5 routes ten distinct expressions
ok 2304 - jellyfish/5 routes ten distinct expressions
  ---
  duration_ms: 0.041984
  type: 'test'
  ...
# Subtest: jellyfish/6 routes ten distinct expressions
ok 2305 - jellyfish/6 routes ten distinct expressions
  ---
  duration_ms: 0.041963
  type: 'test'
  ...
# Subtest: jellyfish/7 routes ten distinct expressions
ok 2306 - jellyfish/7 routes ten distinct expressions
  ---
  duration_ms: 0.042985
  type: 'test'
  ...
# Subtest: jellyfish/8 routes ten distinct expressions
ok 2307 - jellyfish/8 routes ten distinct expressions
  ---
  duration_ms: 0.046941
  type: 'test'
  ...
# Subtest: starfish/1 routes ten distinct expressions
ok 2308 - starfish/1 routes ten distinct expressions
  ---
  duration_ms: 0.042944
  type: 'test'
  ...
# Subtest: starfish/2 routes ten distinct expressions
ok 2309 - starfish/2 routes ten distinct expressions
  ---
  duration_ms: 0.042654
  type: 'test'
  ...
# Subtest: starfish/3 routes ten distinct expressions
ok 2310 - starfish/3 routes ten distinct expressions
  ---
  duration_ms: 0.045258
  type: 'test'
  ...
# Subtest: starfish/4 routes ten distinct expressions
ok 2311 - starfish/4 routes ten distinct expressions
  ---
  duration_ms: 0.044717
  type: 'test'
  ...
# Subtest: starfish/5 routes ten distinct expressions
ok 2312 - starfish/5 routes ten distinct expressions
  ---
  duration_ms: 0.05959
  type: 'test'
  ...
# Subtest: starfish/6 routes ten distinct expressions
ok 2313 - starfish/6 routes ten distinct expressions
  ---
  duration_ms: 0.047131
  type: 'test'
  ...
# Subtest: starfish/7 routes ten distinct expressions
ok 2314 - starfish/7 routes ten distinct expressions
  ---
  duration_ms: 0.040961
  type: 'test'
  ...
# Subtest: starfish/8 routes ten distinct expressions
ok 2315 - starfish/8 routes ten distinct expressions
  ---
  duration_ms: 0.042675
  type: 'test'
  ...
# Subtest: coral/1 routes ten distinct expressions
ok 2316 - coral/1 routes ten distinct expressions
  ---
  duration_ms: 0.040902
  type: 'test'
  ...
# Subtest: coral/2 routes ten distinct expressions
ok 2317 - coral/2 routes ten distinct expressions
  ---
  duration_ms: 0.040601
  type: 'test'
  ...
# Subtest: coral/3 routes ten distinct expressions
ok 2318 - coral/3 routes ten distinct expressions
  ---
  duration_ms: 0.054132
  type: 'test'
  ...
# Subtest: coral/4 routes ten distinct expressions
ok 2319 - coral/4 routes ten distinct expressions
  ---
  duration_ms: 0.040632
  type: 'test'
  ...
# Subtest: coral/5 routes ten distinct expressions
ok 2320 - coral/5 routes ten distinct expressions
  ---
  duration_ms: 0.04612
  type: 'test'
  ...
# Subtest: coral/6 routes ten distinct expressions
ok 2321 - coral/6 routes ten distinct expressions
  ---
  duration_ms: 0.041202
  type: 'test'
  ...
# Subtest: coral/7 routes ten distinct expressions
ok 2322 - coral/7 routes ten distinct expressions
  ---
  duration_ms: 0.043706
  type: 'test'
  ...
# Subtest: coral/8 routes ten distinct expressions
ok 2323 - coral/8 routes ten distinct expressions
  ---
  duration_ms: 0.043425
  type: 'test'
  ...
# Subtest: butterfly/1 routes ten distinct expressions
ok 2324 - butterfly/1 routes ten distinct expressions
  ---
  duration_ms: 0.042534
  type: 'test'
  ...
# Subtest: butterfly/2 routes ten distinct expressions
ok 2325 - butterfly/2 routes ten distinct expressions
  ---
  duration_ms: 0.041803
  type: 'test'
  ...
# Subtest: butterfly/3 routes ten distinct expressions
ok 2326 - butterfly/3 routes ten distinct expressions
  ---
  duration_ms: 0.043776
  type: 'test'
  ...
# Subtest: butterfly/4 routes ten distinct expressions
ok 2327 - butterfly/4 routes ten distinct expressions
  ---
  duration_ms: 0.042003
  type: 'test'
  ...
# Subtest: butterfly/5 routes ten distinct expressions
ok 2328 - butterfly/5 routes ten distinct expressions
  ---
  duration_ms: 0.03958
  type: 'test'
  ...
# Subtest: butterfly/6 routes ten distinct expressions
ok 2329 - butterfly/6 routes ten distinct expressions
  ---
  duration_ms: 0.042113
  type: 'test'
  ...
# Subtest: butterfly/7 routes ten distinct expressions
ok 2330 - butterfly/7 routes ten distinct expressions
  ---
  duration_ms: 0.044617
  type: 'test'
  ...
# Subtest: butterfly/8 routes ten distinct expressions
ok 2331 - butterfly/8 routes ten distinct expressions
  ---
  duration_ms: 0.042984
  type: 'test'
  ...
# Subtest: beetle/1 routes ten distinct expressions
ok 2332 - beetle/1 routes ten distinct expressions
  ---
  duration_ms: 0.041613
  type: 'test'
  ...
# Subtest: beetle/2 routes ten distinct expressions
ok 2333 - beetle/2 routes ten distinct expressions
  ---
  duration_ms: 0.042484
  type: 'test'
  ...
# Subtest: beetle/3 routes ten distinct expressions
ok 2334 - beetle/3 routes ten distinct expressions
  ---
  duration_ms: 0.042234
  type: 'test'
  ...
# Subtest: beetle/4 routes ten distinct expressions
ok 2335 - beetle/4 routes ten distinct expressions
  ---
  duration_ms: 0.043947
  type: 'test'
  ...
# Subtest: beetle/5 routes ten distinct expressions
ok 2336 - beetle/5 routes ten distinct expressions
  ---
  duration_ms: 0.045839
  type: 'test'
  ...
# Subtest: beetle/6 routes ten distinct expressions
ok 2337 - beetle/6 routes ten distinct expressions
  ---
  duration_ms: 0.056475
  type: 'test'
  ...
# Subtest: beetle/7 routes ten distinct expressions
ok 2338 - beetle/7 routes ten distinct expressions
  ---
  duration_ms: 0.044357
  type: 'test'
  ...
# Subtest: beetle/8 routes ten distinct expressions
ok 2339 - beetle/8 routes ten distinct expressions
  ---
  duration_ms: 0.040511
  type: 'test'
  ...
# Subtest: stagbeetle/1 routes ten distinct expressions
ok 2340 - stagbeetle/1 routes ten distinct expressions
  ---
  duration_ms: 0.041413
  type: 'test'
  ...
# Subtest: stagbeetle/2 routes ten distinct expressions
ok 2341 - stagbeetle/2 routes ten distinct expressions
  ---
  duration_ms: 0.040231
  type: 'test'
  ...
# Subtest: stagbeetle/3 routes ten distinct expressions
ok 2342 - stagbeetle/3 routes ten distinct expressions
  ---
  duration_ms: 0.03951
  type: 'test'
  ...
# Subtest: stagbeetle/4 routes ten distinct expressions
ok 2343 - stagbeetle/4 routes ten distinct expressions
  ---
  duration_ms: 0.044377
  type: 'test'
  ...
# Subtest: stagbeetle/5 routes ten distinct expressions
ok 2344 - stagbeetle/5 routes ten distinct expressions
  ---
  duration_ms: 0.042604
  type: 'test'
  ...
# Subtest: stagbeetle/6 routes ten distinct expressions
ok 2345 - stagbeetle/6 routes ten distinct expressions
  ---
  duration_ms: 0.041983
  type: 'test'
  ...
# Subtest: stagbeetle/7 routes ten distinct expressions
ok 2346 - stagbeetle/7 routes ten distinct expressions
  ---
  duration_ms: 0.043746
  type: 'test'
  ...
# Subtest: stagbeetle/8 routes ten distinct expressions
ok 2347 - stagbeetle/8 routes ten distinct expressions
  ---
  duration_ms: 0.041322
  type: 'test'
  ...
# Subtest: cicada/1 routes ten distinct expressions
ok 2348 - cicada/1 routes ten distinct expressions
  ---
  duration_ms: 0.041232
  type: 'test'
  ...
# Subtest: cicada/2 routes ten distinct expressions
ok 2349 - cicada/2 routes ten distinct expressions
  ---
  duration_ms: 0.047111
  type: 'test'
  ...
# Subtest: cicada/3 routes ten distinct expressions
ok 2350 - cicada/3 routes ten distinct expressions
  ---
  duration_ms: 0.043095
  type: 'test'
  ...
# Subtest: cicada/4 routes ten distinct expressions
ok 2351 - cicada/4 routes ten distinct expressions
  ---
  duration_ms: 0.041052
  type: 'test'
  ...
# Subtest: cicada/5 routes ten distinct expressions
ok 2352 - cicada/5 routes ten distinct expressions
  ---
  duration_ms: 0.044698
  type: 'test'
  ...
# Subtest: cicada/6 routes ten distinct expressions
ok 2353 - cicada/6 routes ten distinct expressions
  ---
  duration_ms: 0.041834
  type: 'test'
  ...
# Subtest: cicada/7 routes ten distinct expressions
ok 2354 - cicada/7 routes ten distinct expressions
  ---
  duration_ms: 0.041753
  type: 'test'
  ...
# Subtest: cicada/8 routes ten distinct expressions
ok 2355 - cicada/8 routes ten distinct expressions
  ---
  duration_ms: 0.043957
  type: 'test'
  ...
# Subtest: antlion/1 routes ten distinct expressions
ok 2356 - antlion/1 routes ten distinct expressions
  ---
  duration_ms: 0.054442
  type: 'test'
  ...
# Subtest: antlion/2 routes ten distinct expressions
ok 2357 - antlion/2 routes ten distinct expressions
  ---
  duration_ms: 0.050276
  type: 'test'
  ...
# Subtest: antlion/3 routes ten distinct expressions
ok 2358 - antlion/3 routes ten distinct expressions
  ---
  duration_ms: 0.052509
  type: 'test'
  ...
# Subtest: antlion/4 routes ten distinct expressions
ok 2359 - antlion/4 routes ten distinct expressions
  ---
  duration_ms: 0.056375
  type: 'test'
  ...
# Subtest: antlion/5 routes ten distinct expressions
ok 2360 - antlion/5 routes ten distinct expressions
  ---
  duration_ms: 0.055864
  type: 'test'
  ...
# Subtest: antlion/6 routes ten distinct expressions
ok 2361 - antlion/6 routes ten distinct expressions
  ---
  duration_ms: 0.052469
  type: 'test'
  ...
# Subtest: antlion/7 routes ten distinct expressions
ok 2362 - antlion/7 routes ten distinct expressions
  ---
  duration_ms: 0.051959
  type: 'test'
  ...
# Subtest: antlion/8 routes ten distinct expressions
ok 2363 - antlion/8 routes ten distinct expressions
  ---
  duration_ms: 0.055114
  type: 'test'
  ...
# Subtest: dandelion/1 routes ten distinct expressions
ok 2364 - dandelion/1 routes ten distinct expressions
  ---
  duration_ms: 0.053751
  type: 'test'
  ...
# Subtest: dandelion/2 routes ten distinct expressions
ok 2365 - dandelion/2 routes ten distinct expressions
  ---
  duration_ms: 0.054472
  type: 'test'
  ...
# Subtest: dandelion/3 routes ten distinct expressions
ok 2366 - dandelion/3 routes ten distinct expressions
  ---
  duration_ms: 0.051498
  type: 'test'
  ...
# Subtest: dandelion/4 routes ten distinct expressions
ok 2367 - dandelion/4 routes ten distinct expressions
  ---
  duration_ms: 0.056766
  type: 'test'
  ...
# Subtest: dandelion/5 routes ten distinct expressions
ok 2368 - dandelion/5 routes ten distinct expressions
  ---
  duration_ms: 0.051477
  type: 'test'
  ...
# Subtest: dandelion/6 routes ten distinct expressions
ok 2369 - dandelion/6 routes ten distinct expressions
  ---
  duration_ms: 0.05262
  type: 'test'
  ...
# Subtest: dandelion/7 routes ten distinct expressions
ok 2370 - dandelion/7 routes ten distinct expressions
  ---
  duration_ms: 0.054522
  type: 'test'
  ...
# Subtest: dandelion/8 routes ten distinct expressions
ok 2371 - dandelion/8 routes ten distinct expressions
  ---
  duration_ms: 0.063766
  type: 'test'
  ...
# Subtest: sakura/1 routes ten distinct expressions
ok 2372 - sakura/1 routes ten distinct expressions
  ---
  duration_ms: 0.054372
  type: 'test'
  ...
# Subtest: sakura/2 routes ten distinct expressions
ok 2373 - sakura/2 routes ten distinct expressions
  ---
  duration_ms: 0.053932
  type: 'test'
  ...
# Subtest: sakura/3 routes ten distinct expressions
ok 2374 - sakura/3 routes ten distinct expressions
  ---
  duration_ms: 0.053611
  type: 'test'
  ...
# Subtest: sakura/4 routes ten distinct expressions
ok 2375 - sakura/4 routes ten distinct expressions
  ---
  duration_ms: 0.054392
  type: 'test'
  ...
# Subtest: sakura/5 routes ten distinct expressions
ok 2376 - sakura/5 routes ten distinct expressions
  ---
  duration_ms: 0.051848
  type: 'test'
  ...
# Subtest: sakura/6 routes ten distinct expressions
ok 2377 - sakura/6 routes ten distinct expressions
  ---
  duration_ms: 0.056224
  type: 'test'
  ...
# Subtest: sakura/7 routes ten distinct expressions
ok 2378 - sakura/7 routes ten distinct expressions
  ---
  duration_ms: 0.054453
  type: 'test'
  ...
# Subtest: sakura/8 routes ten distinct expressions
ok 2379 - sakura/8 routes ten distinct expressions
  ---
  duration_ms: 0.053381
  type: 'test'
  ...
# Subtest: venus_flytrap/1 routes ten distinct expressions
ok 2380 - venus_flytrap/1 routes ten distinct expressions
  ---
  duration_ms: 0.055875
  type: 'test'
  ...
# Subtest: venus_flytrap/2 routes ten distinct expressions
ok 2381 - venus_flytrap/2 routes ten distinct expressions
  ---
  duration_ms: 0.054652
  type: 'test'
  ...
# Subtest: venus_flytrap/3 routes ten distinct expressions
ok 2382 - venus_flytrap/3 routes ten distinct expressions
  ---
  duration_ms: 0.054533
  type: 'test'
  ...
# Subtest: venus_flytrap/4 routes ten distinct expressions
ok 2383 - venus_flytrap/4 routes ten distinct expressions
  ---
  duration_ms: 0.055013
  type: 'test'
  ...
# Subtest: venus_flytrap/5 routes ten distinct expressions
ok 2384 - venus_flytrap/5 routes ten distinct expressions
  ---
  duration_ms: 0.057166
  type: 'test'
  ...
# Subtest: venus_flytrap/6 routes ten distinct expressions
ok 2385 - venus_flytrap/6 routes ten distinct expressions
  ---
  duration_ms: 0.058017
  type: 'test'
  ...
# Subtest: venus_flytrap/7 routes ten distinct expressions
ok 2386 - venus_flytrap/7 routes ten distinct expressions
  ---
  duration_ms: 0.06608
  type: 'test'
  ...
# Subtest: venus_flytrap/8 routes ten distinct expressions
ok 2387 - venus_flytrap/8 routes ten distinct expressions
  ---
  duration_ms: 0.058127
  type: 'test'
  ...
# Subtest: mushroom/1 routes ten distinct expressions
ok 2388 - mushroom/1 routes ten distinct expressions
  ---
  duration_ms: 0.052439
  type: 'test'
  ...
# Subtest: mushroom/2 routes ten distinct expressions
ok 2389 - mushroom/2 routes ten distinct expressions
  ---
  duration_ms: 0.053901
  type: 'test'
  ...
# Subtest: mushroom/3 routes ten distinct expressions
ok 2390 - mushroom/3 routes ten distinct expressions
  ---
  duration_ms: 0.055083
  type: 'test'
  ...
# Subtest: mushroom/4 routes ten distinct expressions
ok 2391 - mushroom/4 routes ten distinct expressions
  ---
  duration_ms: 0.059901
  type: 'test'
  ...
# Subtest: mushroom/5 routes ten distinct expressions
ok 2392 - mushroom/5 routes ten distinct expressions
  ---
  duration_ms: 0.050576
  type: 'test'
  ...
# Subtest: mushroom/6 routes ten distinct expressions
ok 2393 - mushroom/6 routes ten distinct expressions
  ---
  duration_ms: 0.052789
  type: 'test'
  ...
# Subtest: mushroom/7 routes ten distinct expressions
ok 2394 - mushroom/7 routes ten distinct expressions
  ---
  duration_ms: 0.057467
  type: 'test'
  ...
# Subtest: mushroom/8 routes ten distinct expressions
ok 2395 - mushroom/8 routes ten distinct expressions
  ---
  duration_ms: 0.05264
  type: 'test'
  ...
# Subtest: dragon/1 routes ten distinct expressions
ok 2396 - dragon/1 routes ten distinct expressions
  ---
  duration_ms: 0.052008
  type: 'test'
  ...
# Subtest: dragon/2 routes ten distinct expressions
ok 2397 - dragon/2 routes ten distinct expressions
  ---
  duration_ms: 0.057587
  type: 'test'
  ...
# Subtest: dragon/3 routes ten distinct expressions
ok 2398 - dragon/3 routes ten distinct expressions
  ---
  duration_ms: 0.054372
  type: 'test'
  ...
# Subtest: dragon/4 routes ten distinct expressions
ok 2399 - dragon/4 routes ten distinct expressions
  ---
  duration_ms: 0.055394
  type: 'test'
  ...
# Subtest: dragon/5 routes ten distinct expressions
ok 2400 - dragon/5 routes ten distinct expressions
  ---
  duration_ms: 0.05311
  type: 'test'
  ...
# Subtest: dragon/6 routes ten distinct expressions
ok 2401 - dragon/6 routes ten distinct expressions
  ---
  duration_ms: 0.06659
  type: 'test'
  ...
# Subtest: dragon/7 routes ten distinct expressions
ok 2402 - dragon/7 routes ten distinct expressions
  ---
  duration_ms: 0.052539
  type: 'test'
  ...
# Subtest: dragon/8 routes ten distinct expressions
ok 2403 - dragon/8 routes ten distinct expressions
  ---
  duration_ms: 0.053981
  type: 'test'
  ...
# Subtest: phoenix/1 routes ten distinct expressions
ok 2404 - phoenix/1 routes ten distinct expressions
  ---
  duration_ms: 0.057817
  type: 'test'
  ...
# Subtest: phoenix/2 routes ten distinct expressions
ok 2405 - phoenix/2 routes ten distinct expressions
  ---
  duration_ms: 0.051438
  type: 'test'
  ...
# Subtest: phoenix/3 routes ten distinct expressions
ok 2406 - phoenix/3 routes ten distinct expressions
  ---
  duration_ms: 0.05271
  type: 'test'
  ...
# Subtest: phoenix/4 routes ten distinct expressions
ok 2407 - phoenix/4 routes ten distinct expressions
  ---
  duration_ms: 0.058057
  type: 'test'
  ...
# Subtest: phoenix/5 routes ten distinct expressions
ok 2408 - phoenix/5 routes ten distinct expressions
  ---
  duration_ms: 0.055684
  type: 'test'
  ...
# Subtest: phoenix/6 routes ten distinct expressions
ok 2409 - phoenix/6 routes ten distinct expressions
  ---
  duration_ms: 0.057787
  type: 'test'
  ...
# Subtest: phoenix/7 routes ten distinct expressions
ok 2410 - phoenix/7 routes ten distinct expressions
  ---
  duration_ms: 0.055244
  type: 'test'
  ...
# Subtest: phoenix/8 routes ten distinct expressions
ok 2411 - phoenix/8 routes ten distinct expressions
  ---
  duration_ms: 0.05979
  type: 'test'
  ...
# Subtest: god/1 routes ten distinct expressions
ok 2412 - god/1 routes ten distinct expressions
  ---
  duration_ms: 0.054973
  type: 'test'
  ...
# Subtest: god/2 routes ten distinct expressions
ok 2413 - god/2 routes ten distinct expressions
  ---
  duration_ms: 0.0532
  type: 'test'
  ...
# Subtest: god/3 routes ten distinct expressions
ok 2414 - god/3 routes ten distinct expressions
  ---
  duration_ms: 0.056055
  type: 'test'
  ...
# Subtest: god/4 routes ten distinct expressions
ok 2415 - god/4 routes ten distinct expressions
  ---
  duration_ms: 0.053531
  type: 'test'
  ...
# Subtest: god/5 routes ten distinct expressions
ok 2416 - god/5 routes ten distinct expressions
  ---
  duration_ms: 0.067832
  type: 'test'
  ...
# Subtest: god/6 routes ten distinct expressions
ok 2417 - god/6 routes ten distinct expressions
  ---
  duration_ms: 0.059881
  type: 'test'
  ...
# Subtest: god/7 routes ten distinct expressions
ok 2418 - god/7 routes ten distinct expressions
  ---
  duration_ms: 0.055494
  type: 'test'
  ...
# Subtest: god/8 routes ten distinct expressions
ok 2419 - god/8 routes ten distinct expressions
  ---
  duration_ms: 0.05344
  type: 'test'
  ...
# Subtest: world_tree/1 routes ten distinct expressions
ok 2420 - world_tree/1 routes ten distinct expressions
  ---
  duration_ms: 0.056094
  type: 'test'
  ...
# Subtest: world_tree/2 routes ten distinct expressions
ok 2421 - world_tree/2 routes ten distinct expressions
  ---
  duration_ms: 0.057837
  type: 'test'
  ...
# Subtest: world_tree/3 routes ten distinct expressions
ok 2422 - world_tree/3 routes ten distinct expressions
  ---
  duration_ms: 0.051798
  type: 'test'
  ...
# Subtest: world_tree/4 routes ten distinct expressions
ok 2423 - world_tree/4 routes ten distinct expressions
  ---
  duration_ms: 0.050065
  type: 'test'
  ...
# Subtest: world_tree/5 routes ten distinct expressions
ok 2424 - world_tree/5 routes ten distinct expressions
  ---
  duration_ms: 0.056445
  type: 'test'
  ...
# Subtest: world_tree/6 routes ten distinct expressions
ok 2425 - world_tree/6 routes ten distinct expressions
  ---
  duration_ms: 0.05319
  type: 'test'
  ...
# Subtest: world_tree/7 routes ten distinct expressions
ok 2426 - world_tree/7 routes ten distinct expressions
  ---
  duration_ms: 0.049895
  type: 'test'
  ...
# Subtest: world_tree/8 routes ten distinct expressions
ok 2427 - world_tree/8 routes ten distinct expressions
  ---
  duration_ms: 0.055323
  type: 'test'
  ...
# Subtest: ghost/1 routes ten distinct expressions
ok 2428 - ghost/1 routes ten distinct expressions
  ---
  duration_ms: 0.053811
  type: 'test'
  ...
# Subtest: ghost/2 routes ten distinct expressions
ok 2429 - ghost/2 routes ten distinct expressions
  ---
  duration_ms: 0.051999
  type: 'test'
  ...
# Subtest: ghost/3 routes ten distinct expressions
ok 2430 - ghost/3 routes ten distinct expressions
  ---
  duration_ms: 0.05315
  type: 'test'
  ...
# Subtest: ghost/4 routes ten distinct expressions
ok 2431 - ghost/4 routes ten distinct expressions
  ---
  duration_ms: 0.070386
  type: 'test'
  ...
# Subtest: ghost/5 routes ten distinct expressions
ok 2432 - ghost/5 routes ten distinct expressions
  ---
  duration_ms: 0.053141
  type: 'test'
  ...
# Subtest: ghost/6 routes ten distinct expressions
ok 2433 - ghost/6 routes ten distinct expressions
  ---
  duration_ms: 0.050836
  type: 'test'
  ...
# Subtest: ghost/7 routes ten distinct expressions
ok 2434 - ghost/7 routes ten distinct expressions
  ---
  duration_ms: 0.057186
  type: 'test'
  ...
# Subtest: ghost/8 routes ten distinct expressions
ok 2435 - ghost/8 routes ten distinct expressions
  ---
  duration_ms: 0.052429
  type: 'test'
  ...
# Subtest: star/1 routes ten distinct expressions
ok 2436 - star/1 routes ten distinct expressions
  ---
  duration_ms: 0.05288
  type: 'test'
  ...
# Subtest: star/2 routes ten distinct expressions
ok 2437 - star/2 routes ten distinct expressions
  ---
  duration_ms: 0.053931
  type: 'test'
  ...
# Subtest: star/3 routes ten distinct expressions
ok 2438 - star/3 routes ten distinct expressions
  ---
  duration_ms: 0.055474
  type: 'test'
  ...
# Subtest: star/4 routes ten distinct expressions
ok 2439 - star/4 routes ten distinct expressions
  ---
  duration_ms: 0.053
  type: 'test'
  ...
# Subtest: star/5 routes ten distinct expressions
ok 2440 - star/5 routes ten distinct expressions
  ---
  duration_ms: 0.054242
  type: 'test'
  ...
# Subtest: star/6 routes ten distinct expressions
ok 2441 - star/6 routes ten distinct expressions
  ---
  duration_ms: 0.058879
  type: 'test'
  ...
# Subtest: star/7 routes ten distinct expressions
ok 2442 - star/7 routes ten distinct expressions
  ---
  duration_ms: 0.054392
  type: 'test'
  ...
# Subtest: star/8 routes ten distinct expressions
ok 2443 - star/8 routes ten distinct expressions
  ---
  duration_ms: 0.055013
  type: 'test'
  ...
# Subtest: plush/1 routes ten distinct expressions
ok 2444 - plush/1 routes ten distinct expressions
  ---
  duration_ms: 0.157968
  type: 'test'
  ...
# Subtest: plush/2 routes ten distinct expressions
ok 2445 - plush/2 routes ten distinct expressions
  ---
  duration_ms: 0.062064
  type: 'test'
  ...
# Subtest: plush/3 routes ten distinct expressions
ok 2446 - plush/3 routes ten distinct expressions
  ---
  duration_ms: 0.05321
  type: 'test'
  ...
# Subtest: plush/4 routes ten distinct expressions
ok 2447 - plush/4 routes ten distinct expressions
  ---
  duration_ms: 0.057186
  type: 'test'
  ...
# Subtest: plush/5 routes ten distinct expressions
ok 2448 - plush/5 routes ten distinct expressions
  ---
  duration_ms: 0.056675
  type: 'test'
  ...
# Subtest: plush/6 routes ten distinct expressions
ok 2449 - plush/6 routes ten distinct expressions
  ---
  duration_ms: 0.052229
  type: 'test'
  ...
# Subtest: plush/7 routes ten distinct expressions
ok 2450 - plush/7 routes ten distinct expressions
  ---
  duration_ms: 0.052429
  type: 'test'
  ...
# Subtest: plush/8 routes ten distinct expressions
ok 2451 - plush/8 routes ten distinct expressions
  ---
  duration_ms: 0.061212
  type: 'test'
  ...
# Subtest: unknown/1 routes ten distinct expressions
ok 2452 - unknown/1 routes ten distinct expressions
  ---
  duration_ms: 0.053551
  type: 'test'
  ...
# Subtest: unknown/2 routes ten distinct expressions
ok 2453 - unknown/2 routes ten distinct expressions
  ---
  duration_ms: 0.051568
  type: 'test'
  ...
# Subtest: unknown/3 routes ten distinct expressions
ok 2454 - unknown/3 routes ten distinct expressions
  ---
  duration_ms: 0.055033
  type: 'test'
  ...
# Subtest: unknown/4 routes ten distinct expressions
ok 2455 - unknown/4 routes ten distinct expressions
  ---
  duration_ms: 0.051728
  type: 'test'
  ...
# Subtest: unknown/5 routes ten distinct expressions
ok 2456 - unknown/5 routes ten distinct expressions
  ---
  duration_ms: 0.052359
  type: 'test'
  ...
# Subtest: unknown/6 routes ten distinct expressions
ok 2457 - unknown/6 routes ten distinct expressions
  ---
  duration_ms: 0.053621
  type: 'test'
  ...
# Subtest: unknown/7 routes ten distinct expressions
ok 2458 - unknown/7 routes ten distinct expressions
  ---
  duration_ms: 0.055624
  type: 'test'
  ...
# Subtest: unknown/8 routes ten distinct expressions
ok 2459 - unknown/8 routes ten distinct expressions
  ---
  duration_ms: 0.064337
  type: 'test'
  ...
# Subtest: ren/1 routes ten distinct expressions
ok 2460 - ren/1 routes ten distinct expressions
  ---
  duration_ms: 0.053902
  type: 'test'
  ...
# Subtest: ren/2 routes ten distinct expressions
ok 2461 - ren/2 routes ten distinct expressions
  ---
  duration_ms: 0.055714
  type: 'test'
  ...
# Subtest: ren/3 routes ten distinct expressions
ok 2462 - ren/3 routes ten distinct expressions
  ---
  duration_ms: 0.052229
  type: 'test'
  ...
# Subtest: ren/4 routes ten distinct expressions
ok 2463 - ren/4 routes ten distinct expressions
  ---
  duration_ms: 0.05307
  type: 'test'
  ...
# Subtest: ren/5 routes ten distinct expressions
ok 2464 - ren/5 routes ten distinct expressions
  ---
  duration_ms: 0.054472
  type: 'test'
  ...
# Subtest: ren/6 routes ten distinct expressions
ok 2465 - ren/6 routes ten distinct expressions
  ---
  duration_ms: 0.052289
  type: 'test'
  ...
# Subtest: ren/7 routes ten distinct expressions
ok 2466 - ren/7 routes ten distinct expressions
  ---
  duration_ms: 0.052098
  type: 'test'
  ...
# Subtest: ren/8 routes ten distinct expressions
ok 2467 - ren/8 routes ten distinct expressions
  ---
  duration_ms: 0.051718
  type: 'test'
  ...
# Subtest: frog and clownfish use distinct species-appropriate hunger marks
ok 2468 - frog and clownfish use distinct species-appropriate hunger marks
  ---
  duration_ms: 0.17916
  type: 'test'
  ...
# Subtest: salmon/1 renders a food mark with normal/unknown fallback intact
ok 2469 - salmon/1 renders a food mark with normal/unknown fallback intact
  ---
  duration_ms: 2.469513
  type: 'test'
  ...
# Subtest: salmon/2 renders a food mark with normal/unknown fallback intact
ok 2470 - salmon/2 renders a food mark with normal/unknown fallback intact
  ---
  duration_ms: 0.193201
  type: 'test'
  ...
# Subtest: salmon/3 renders a food mark with normal/unknown fallback intact
ok 2471 - salmon/3 renders a food mark with normal/unknown fallback intact
  ---
  duration_ms: 0.065929
  type: 'test'
  ...
# Subtest: salmon/4 renders a food mark with normal/unknown fallback intact
ok 2472 - salmon/4 renders a food mark with normal/unknown fallback intact
  ---
  duration_ms: 0.084377
  type: 'test'
  ...
# Subtest: salmon/5 renders a food mark with normal/unknown fallback intact
ok 2473 - salmon/5 renders a food mark with normal/unknown fallback intact
  ---
  duration_ms: 0.112049
  type: 'test'
  ...
# Subtest: salmon/6 renders a food mark with normal/unknown fallback intact
ok 2474 - salmon/6 renders a food mark with normal/unknown fallback intact
  ---
  duration_ms: 0.096465
  type: 'test'
  ...
# Subtest: salmon/7 renders a food mark with normal/unknown fallback intact
ok 2475 - salmon/7 renders a food mark with normal/unknown fallback intact
  ---
  duration_ms: 0.051147
  type: 'test'
  ...
# Subtest: salmon/8 renders a food mark with normal/unknown fallback intact
ok 2476 - salmon/8 renders a food mark with normal/unknown fallback intact
  ---
  duration_ms: 0.056576
  type: 'test'
  ...
# Subtest: hermit_crab/1 renders a food mark with normal/unknown fallback intact
ok 2477 - hermit_crab/1 renders a food mark with normal/unknown fallback intact
  ---
  duration_ms: 0.125118
  type: 'test'
  ...
# Subtest: hermit_crab/2 renders a food mark with normal/unknown fallback intact
ok 2478 - hermit_crab/2 renders a food mark with normal/unknown fallback intact
  ---
  duration_ms: 0.04648
  type: 'test'
  ...
# Subtest: hermit_crab/3 renders a food mark with normal/unknown fallback intact
ok 2479 - hermit_crab/3 renders a food mark with normal/unknown fallback intact
  ---
  duration_ms: 0.041313
  type: 'test'
  ...
# Subtest: hermit_crab/4 renders a food mark with normal/unknown fallback intact
ok 2480 - hermit_crab/4 renders a food mark with normal/unknown fallback intact
  ---
  duration_ms: 0.039649
  type: 'test'
  ...
# Subtest: hermit_crab/5 renders a food mark with normal/unknown fallback intact
ok 2481 - hermit_crab/5 renders a food mark with normal/unknown fallback intact
  ---
  duration_ms: 0.041954
  type: 'test'
  ...
# Subtest: hermit_crab/6 renders a food mark with normal/unknown fallback intact
ok 2482 - hermit_crab/6 renders a food mark with normal/unknown fallback intact
  ---
  duration_ms: 0.040351
  type: 'test'
  ...
# Subtest: hermit_crab/7 renders a food mark with normal/unknown fallback intact
ok 2483 - hermit_crab/7 renders a food mark with normal/unknown fallback intact
  ---
  duration_ms: 0.0396
  type: 'test'
  ...
# Subtest: hermit_crab/8 renders a food mark with normal/unknown fallback intact
ok 2484 - hermit_crab/8 renders a food mark with normal/unknown fallback intact
  ---
  duration_ms: 0.037917
  type: 'test'
  ...
# Subtest: jellyfish/1 renders a food mark with normal/unknown fallback intact
ok 2485 - jellyfish/1 renders a food mark with normal/unknown fallback intact
  ---
  duration_ms: 0.084547
  type: 'test'
  ...
# Subtest: jellyfish/2 renders a food mark with normal/unknown fallback intact
ok 2486 - jellyfish/2 renders a food mark with normal/unknown fallback intact
  ---
  duration_ms: 0.047822
  type: 'test'
  ...
# Subtest: jellyfish/3 renders a food mark with normal/unknown fallback intact
ok 2487 - jellyfish/3 renders a food mark with normal/unknown fallback intact
  ---
  duration_ms: 0.040451
  type: 'test'
  ...
# Subtest: jellyfish/4 renders a food mark with normal/unknown fallback intact
ok 2488 - jellyfish/4 renders a food mark with normal/unknown fallback intact
  ---
  duration_ms: 0.038007
  type: 'test'
  ...
# Subtest: jellyfish/5 renders a food mark with normal/unknown fallback intact
ok 2489 - jellyfish/5 renders a food mark with normal/unknown fallback intact
  ---
  duration_ms: 0.786286
  type: 'test'
  ...
# Subtest: jellyfish/6 renders a food mark with normal/unknown fallback intact
ok 2490 - jellyfish/6 renders a food mark with normal/unknown fallback intact
  ---
  duration_ms: 0.082765
  type: 'test'
  ...
# Subtest: jellyfish/7 renders a food mark with normal/unknown fallback intact
ok 2491 - jellyfish/7 renders a food mark with normal/unknown fallback intact
  ---
  duration_ms: 2.40718
  type: 'test'
  ...
# Subtest: jellyfish/8 renders a food mark with normal/unknown fallback intact
ok 2492 - jellyfish/8 renders a food mark with normal/unknown fallback intact
  ---
  duration_ms: 0.083556
  type: 'test'
  ...
# Subtest: starfish/1 renders a food mark with normal/unknown fallback intact
ok 2493 - starfish/1 renders a food mark with normal/unknown fallback intact
  ---
  duration_ms: 0.169215
  type: 'test'
  ...
# Subtest: starfish/2 renders a food mark with normal/unknown fallback intact
ok 2494 - starfish/2 renders a food mark with normal/unknown fallback intact
  ---
  duration_ms: 0.054282
  type: 'test'
  ...
# Subtest: starfish/3 renders a food mark with normal/unknown fallback intact
ok 2495 - starfish/3 renders a food mark with normal/unknown fallback intact
  ---
  duration_ms: 0.037917
  type: 'test'
  ...
# Subtest: starfish/4 renders a food mark with normal/unknown fallback intact
ok 2496 - starfish/4 renders a food mark with normal/unknown fallback intact
  ---
  duration_ms: 0.035413
  type: 'test'
  ...
# Subtest: starfish/5 renders a food mark with normal/unknown fallback intact
ok 2497 - starfish/5 renders a food mark with normal/unknown fallback intact
  ---
  duration_ms: 0.100111
  type: 'test'
  ...
# Subtest: starfish/6 renders a food mark with normal/unknown fallback intact
ok 2498 - starfish/6 renders a food mark with normal/unknown fallback intact
  ---
  duration_ms: 0.044056
  type: 'test'
  ...
# Subtest: starfish/7 renders a food mark with normal/unknown fallback intact
ok 2499 - starfish/7 renders a food mark with normal/unknown fallback intact
  ---
  duration_ms: 0.034081
  type: 'test'
  ...
# Subtest: starfish/8 renders a food mark with normal/unknown fallback intact
ok 2500 - starfish/8 renders a food mark with normal/unknown fallback intact
  ---
  duration_ms: 0.03322
  type: 'test'
  ...
# Subtest: coral/1 renders a food mark with normal/unknown fallback intact
ok 2501 - coral/1 renders a food mark with normal/unknown fallback intact
  ---
  duration_ms: 0.094853
  type: 'test'
  ...
# Subtest: coral/2 renders a food mark with normal/unknown fallback intact
ok 2502 - coral/2 renders a food mark with normal/unknown fallback intact
  ---
  duration_ms: 0.040491
  type: 'test'
  ...
# Subtest: coral/3 renders a food mark with normal/unknown fallback intact
ok 2503 - coral/3 renders a food mark with normal/unknown fallback intact
  ---
  duration_ms: 0.058097
  type: 'test'
  ...
# Subtest: coral/4 renders a food mark with normal/unknown fallback intact
ok 2504 - coral/4 renders a food mark with normal/unknown fallback intact
  ---
  duration_ms: 0.041493
  type: 'test'
  ...
# Subtest: coral/5 renders a food mark with normal/unknown fallback intact
ok 2505 - coral/5 renders a food mark with normal/unknown fallback intact
  ---
  duration_ms: 0.040972
  type: 'test'
  ...
# Subtest: coral/6 renders a food mark with normal/unknown fallback intact
ok 2506 - coral/6 renders a food mark with normal/unknown fallback intact
  ---
  duration_ms: 0.035474
  type: 'test'
  ...
# Subtest: coral/7 renders a food mark with normal/unknown fallback intact
ok 2507 - coral/7 renders a food mark with normal/unknown fallback intact
  ---
  duration_ms: 0.035153
  type: 'test'
  ...
# Subtest: coral/8 renders a food mark with normal/unknown fallback intact
ok 2508 - coral/8 renders a food mark with normal/unknown fallback intact
  ---
  duration_ms: 0.036876
  type: 'test'
  ...
# Subtest: butterfly/1 renders a food mark with normal/unknown fallback intact
ok 2509 - butterfly/1 renders a food mark with normal/unknown fallback intact
  ---
  duration_ms: 0.082064
  type: 'test'
  ...
# Subtest: butterfly/2 renders a food mark with normal/unknown fallback intact
ok 2510 - butterfly/2 renders a food mark with normal/unknown fallback intact
  ---
  duration_ms: 0.036044
  type: 'test'
  ...
# Subtest: butterfly/3 renders a food mark with normal/unknown fallback intact
ok 2511 - butterfly/3 renders a food mark with normal/unknown fallback intact
  ---
  duration_ms: 0.036485
  type: 'test'
  ...
# Subtest: butterfly/4 renders a food mark with normal/unknown fallback intact
ok 2512 - butterfly/4 renders a food mark with normal/unknown fallback intact
  ---
  duration_ms: 0.035293
  type: 'test'
  ...
# Subtest: butterfly/5 renders a food mark with normal/unknown fallback intact
ok 2513 - butterfly/5 renders a food mark with normal/unknown fallback intact
  ---
  duration_ms: 0.057657
  type: 'test'
  ...
# Subtest: butterfly/6 renders a food mark with normal/unknown fallback intact
ok 2514 - butterfly/6 renders a food mark with normal/unknown fallback intact
  ---
  duration_ms: 0.04019
  type: 'test'
  ...
# Subtest: butterfly/7 renders a food mark with normal/unknown fallback intact
ok 2515 - butterfly/7 renders a food mark with normal/unknown fallback intact
  ---
  duration_ms: 0.034492
  type: 'test'
  ...
# Subtest: butterfly/8 renders a food mark with normal/unknown fallback intact
ok 2516 - butterfly/8 renders a food mark with normal/unknown fallback intact
  ---
  duration_ms: 0.035844
  type: 'test'
  ...
# Subtest: beetle/1 renders a food mark with normal/unknown fallback intact
ok 2517 - beetle/1 renders a food mark with normal/unknown fallback intact
  ---
  duration_ms: 0.089815
  type: 'test'
  ...
# Subtest: beetle/2 renders a food mark with normal/unknown fallback intact
ok 2518 - beetle/2 renders a food mark with normal/unknown fallback intact
  ---
  duration_ms: 0.04014
  type: 'test'
  ...
# Subtest: beetle/3 renders a food mark with normal/unknown fallback intact
ok 2519 - beetle/3 renders a food mark with normal/unknown fallback intact
  ---
  duration_ms: 0.035624
  type: 'test'
  ...
# Subtest: beetle/4 renders a food mark with normal/unknown fallback intact
ok 2520 - beetle/4 renders a food mark with normal/unknown fallback intact
  ---
  duration_ms: 0.033821
  type: 'test'
  ...
# Subtest: beetle/5 renders a food mark with normal/unknown fallback intact
ok 2521 - beetle/5 renders a food mark with normal/unknown fallback intact
  ---
  duration_ms: 0.485963
  type: 'test'
  ...
# Subtest: beetle/6 renders a food mark with normal/unknown fallback intact
ok 2522 - beetle/6 renders a food mark with normal/unknown fallback intact
  ---
  duration_ms: 0.094022
  type: 'test'
  ...
# Subtest: beetle/7 renders a food mark with normal/unknown fallback intact
ok 2523 - beetle/7 renders a food mark with normal/unknown fallback intact
  ---
  duration_ms: 0.048112
  type: 'test'
  ...
# Subtest: beetle/8 renders a food mark with normal/unknown fallback intact
ok 2524 - beetle/8 renders a food mark with normal/unknown fallback intact
  ---
  duration_ms: 0.03962
  type: 'test'
  ...
# Subtest: stagbeetle/1 renders a food mark with normal/unknown fallback intact
ok 2525 - stagbeetle/1 renders a food mark with normal/unknown fallback intact
  ---
  duration_ms: 0.110016
  type: 'test'
  ...
# Subtest: stagbeetle/2 renders a food mark with normal/unknown fallback intact
ok 2526 - stagbeetle/2 renders a food mark with normal/unknown fallback intact
  ---
  duration_ms: 0.043126
  type: 'test'
  ...
# Subtest: stagbeetle/3 renders a food mark with normal/unknown fallback intact
ok 2527 - stagbeetle/3 renders a food mark with normal/unknown fallback intact
  ---
  duration_ms: 0.042144
  type: 'test'
  ...
# Subtest: stagbeetle/4 renders a food mark with normal/unknown fallback intact
ok 2528 - stagbeetle/4 renders a food mark with normal/unknown fallback intact
  ---
  duration_ms: 0.043956
  type: 'test'
  ...
# Subtest: stagbeetle/5 renders a food mark with normal/unknown fallback intact
ok 2529 - stagbeetle/5 renders a food mark with normal/unknown fallback intact
  ---
  duration_ms: 0.063396
  type: 'test'
  ...
# Subtest: stagbeetle/6 renders a food mark with normal/unknown fallback intact
ok 2530 - stagbeetle/6 renders a food mark with normal/unknown fallback intact
  ---
  duration_ms: 0.043456
  type: 'test'
  ...
# Subtest: stagbeetle/7 renders a food mark with normal/unknown fallback intact
ok 2531 - stagbeetle/7 renders a food mark with normal/unknown fallback intact
  ---
  duration_ms: 0.034963
  type: 'test'
  ...
# Subtest: stagbeetle/8 renders a food mark with normal/unknown fallback intact
ok 2532 - stagbeetle/8 renders a food mark with normal/unknown fallback intact
  ---
  duration_ms: 0.034913
  type: 'test'
  ...
# Subtest: cicada/1 renders a food mark with normal/unknown fallback intact
ok 2533 - cicada/1 renders a food mark with normal/unknown fallback intact
  ---
  duration_ms: 0.150837
  type: 'test'
  ...
# Subtest: cicada/2 renders a food mark with normal/unknown fallback intact
ok 2534 - cicada/2 renders a food mark with normal/unknown fallback intact
  ---
  duration_ms: 0.058127
  type: 'test'
  ...
# Subtest: cicada/3 renders a food mark with normal/unknown fallback intact
ok 2535 - cicada/3 renders a food mark with normal/unknown fallback intact
  ---
  duration_ms: 0.045308
  type: 'test'
  ...
# Subtest: cicada/4 renders a food mark with normal/unknown fallback intact
ok 2536 - cicada/4 renders a food mark with normal/unknown fallback intact
  ---
  duration_ms: 0.040992
  type: 'test'
  ...
# Subtest: cicada/5 renders a food mark with normal/unknown fallback intact
ok 2537 - cicada/5 renders a food mark with normal/unknown fallback intact
  ---
  duration_ms: 0.042475
  type: 'test'
  ...
# Subtest: cicada/6 renders a food mark with normal/unknown fallback intact
ok 2538 - cicada/6 renders a food mark with normal/unknown fallback intact
  ---
  duration_ms: 0.037887
  type: 'test'
  ...
# Subtest: cicada/7 renders a food mark with normal/unknown fallback intact
ok 2539 - cicada/7 renders a food mark with normal/unknown fallback intact
  ---
  duration_ms: 0.037797
  type: 'test'
  ...
# Subtest: cicada/8 renders a food mark with normal/unknown fallback intact
ok 2540 - cicada/8 renders a food mark with normal/unknown fallback intact
  ---
  duration_ms: 0.042124
  type: 'test'
  ...
# Subtest: venus_flytrap uses the shared yellow insect hunger mark
ok 2541 - venus_flytrap uses the shared yellow insect hunger mark
  ---
  duration_ms: 0.113781
  type: 'test'
  ...
# Subtest: unknown/1 exposes face-relative sickness drops and the shared hunger mark
ok 2542 - unknown/1 exposes face-relative sickness drops and the shared hunger mark
  ---
  duration_ms: 0.159681
  type: 'test'
  ...
# Subtest: unknown/2 exposes face-relative sickness drops and the shared hunger mark
ok 2543 - unknown/2 exposes face-relative sickness drops and the shared hunger mark
  ---
  duration_ms: 0.05919
  type: 'test'
  ...
# Subtest: unknown/3 exposes face-relative sickness drops and the shared hunger mark
ok 2544 - unknown/3 exposes face-relative sickness drops and the shared hunger mark
  ---
  duration_ms: 0.050036
  type: 'test'
  ...
# Subtest: unknown/4 exposes face-relative sickness drops and the shared hunger mark
ok 2545 - unknown/4 exposes face-relative sickness drops and the shared hunger mark
  ---
  duration_ms: 0.050717
  type: 'test'
  ...
# Subtest: unknown/5 exposes face-relative sickness drops and the shared hunger mark
ok 2546 - unknown/5 exposes face-relative sickness drops and the shared hunger mark
  ---
  duration_ms: 0.110587
  type: 'test'
  ...
# Subtest: unknown/6 exposes face-relative sickness drops and the shared hunger mark
ok 2547 - unknown/6 exposes face-relative sickness drops and the shared hunger mark
  ---
  duration_ms: 0.06607
  type: 'test'
  ...
# Subtest: unknown/7 exposes face-relative sickness drops and the shared hunger mark
ok 2548 - unknown/7 exposes face-relative sickness drops and the shared hunger mark
  ---
  duration_ms: 0.050166
  type: 'test'
  ...
# Subtest: unknown/8 exposes face-relative sickness drops and the shared hunger mark
ok 2549 - unknown/8 exposes face-relative sickness drops and the shared hunger mark
  ---
  duration_ms: 0.04587
  type: 'test'
  ...
# Subtest: ren/1 uses the shared age-appropriate human hunger artwork
ok 2550 - ren/1 uses the shared age-appropriate human hunger artwork
  ---
  duration_ms: 0.178389
  type: 'test'
  ...
# Subtest: ren/2 uses the shared age-appropriate human hunger artwork
ok 2551 - ren/2 uses the shared age-appropriate human hunger artwork
  ---
  duration_ms: 0.064377
  type: 'test'
  ...
# Subtest: ren/3 uses the shared age-appropriate human hunger artwork
ok 2552 - ren/3 uses the shared age-appropriate human hunger artwork
  ---
  duration_ms: 0.033911
  type: 'test'
  ...
# Subtest: ren/4 uses the shared age-appropriate human hunger artwork
ok 2553 - ren/4 uses the shared age-appropriate human hunger artwork
  ---
  duration_ms: 0.031898
  type: 'test'
  ...
# Subtest: ren/5 uses the shared age-appropriate human hunger artwork
ok 2554 - ren/5 uses the shared age-appropriate human hunger artwork
  ---
  duration_ms: 0.037476
  type: 'test'
  ...
# Subtest: ren/6 uses the shared age-appropriate human hunger artwork
ok 2555 - ren/6 uses the shared age-appropriate human hunger artwork
  ---
  duration_ms: 0.030996
  type: 'test'
  ...
# Subtest: ren/7 uses the shared age-appropriate human hunger artwork
ok 2556 - ren/7 uses the shared age-appropriate human hunger artwork
  ---
  duration_ms: 0.030897
  type: 'test'
  ...
# Subtest: ren/8 uses the shared age-appropriate human hunger artwork
ok 2557 - ren/8 uses the shared age-appropriate human hunger artwork
  ---
  duration_ms: 0.03334
  type: 'test'
  ...
# Subtest: ren/1 exposes face-relative sickness drops
ok 2558 - ren/1 exposes face-relative sickness drops
  ---
  duration_ms: 0.086
  type: 'test'
  ...
# Subtest: ren/2 exposes face-relative sickness drops
ok 2559 - ren/2 exposes face-relative sickness drops
  ---
  duration_ms: 0.031127
  type: 'test'
  ...
# Subtest: ren/3 exposes face-relative sickness drops
ok 2560 - ren/3 exposes face-relative sickness drops
  ---
  duration_ms: 0.026681
  type: 'test'
  ...
# Subtest: ren/4 exposes face-relative sickness drops
ok 2561 - ren/4 exposes face-relative sickness drops
  ---
  duration_ms: 0.033681
  type: 'test'
  ...
# Subtest: ren/5 exposes face-relative sickness drops
ok 2562 - ren/5 exposes face-relative sickness drops
  ---
  duration_ms: 0.027291
  type: 'test'
  ...
# Subtest: ren/6 exposes face-relative sickness drops
ok 2563 - ren/6 exposes face-relative sickness drops
  ---
  duration_ms: 0.023596
  type: 'test'
  ...
# Subtest: ren/7 exposes face-relative sickness drops
ok 2564 - ren/7 exposes face-relative sickness drops
  ---
  duration_ms: 0.027841
  type: 'test'
  ...
# Subtest: ren/8 exposes face-relative sickness drops
ok 2565 - ren/8 exposes face-relative sickness drops
  ---
  duration_ms: 0.024857
  type: 'test'
  ...
# Subtest: the selected expression mark paints above illness sweat and character art
ok 2566 - the selected expression mark paints above illness sweat and character art
  ---
  duration_ms: 1.098096
  type: 'test'
  ...
# Subtest: repetitive achievement thresholds use the approved moderate values
ok 2567 - repetitive achievement thresholds use the approved moderate values
  ---
  duration_ms: 94.846
  type: 'test'
  ...
# Subtest: duplicate achievements are removed or given distinct collection scopes
ok 2568 - duplicate achievements are removed or given distinct collection scopes
  ---
  duration_ms: 18.934832
  type: 'test'
  ...
# Subtest: romance completion copy describes dating every candidate, not merely meeting them
ok 2569 - romance completion copy describes dating every candidate, not merely meeting them
  ---
  duration_ms: 21.640742
  type: 'test'
  ...
# Subtest: a correct Sudoku cell keeps the incomplete board; only the last cell advances once
ok 2570 - a correct Sudoku cell keeps the incomplete board; only the last cell advances once
  ---
  duration_ms: 22.282921
  type: 'test'
  ...
# Subtest: weather follows motion preferences immediately in both directions
ok 2571 - weather follows motion preferences immediately in both directions
  ---
  duration_ms: 15.449096
  type: 'test'
  ...
# Subtest: returning home after a slow minigame rebuilds the unchanged rain in lightweight mode
ok 2572 - returning home after a slow minigame rebuilds the unchanged rain in lightweight mode
  ---
  duration_ms: 14.111298
  type: 'test'
  ...
# Subtest: life records suppress weather and seasonal foreground effects until returning home
ok 2573 - life records suppress weather and seasonal foreground effects until returning home
  ---
  duration_ms: 29.107982
  type: 'test'
  ...
# Subtest: normalization creates no retired crown life state and retains the distinct Naoto crown
ok 2574 - normalization creates no retired crown life state and retains the distinct Naoto crown
  ---
  duration_ms: 21.443315
  type: 'test'
  ...
# Subtest: alias + canonical, retired, future and typo ids stay in the save but count once or not at all
ok 2575 - alias + canonical, retired, future and typo ids stay in the save but count once or not at all
  ---
  duration_ms: 24.965115
  type: 'test'
  ...
# Subtest: boot never unlocks progress achievements from unregistered ids
ok 2576 - boot never unlocks progress achievements from unregistered ids
  ---
  duration_ms: 23.967241
  type: 'test'
  ...
# Subtest: 176 real forms + 72 retired-species keys do not reach dex-complete, goal 4 or the crown
ok 2577 - 176 real forms + 72 retired-species keys do not reach dex-complete, goal 4 or the crown
  ---
  duration_ms: 42.544964
  type: 'test'
  ...
# Subtest: only retired final forms do not unlock elder-collector
ok 2578 - only retired final forms do not unlock elder-collector
  ---
  duration_ms: 38.069526
  type: 'test'
  ...
# Subtest: duplicates are counted once
ok 2579 - duplicates are counted once
  ---
  duration_ms: 31.152055
  type: 'test'
  ...
# Subtest: a true current complete dex still reaches dex-complete, goal 4, the crown and the ending count
ok 2580 - a true current complete dex still reaches dex-complete, goal 4, the crown and the ending count
  ---
  duration_ms: 33.891025
  type: 'test'
  ...
# Subtest: grandfathered dexCleared keeps every past unlock and shows the record without inflating the count
ok 2581 - grandfathered dexCleared keeps every past unlock and shows the record without inflating the count
  ---
  duration_ms: 31.226447
  type: 'test'
  ...
# Subtest: the record hint is derived from dexCleared and the current registry size only
ok 2582 - the record hint is derived from dexCleared and the current registry size only
  ---
  duration_ms: 16.582084
  type: 'test'
  ...
# Subtest: the dex header combines canonical forms, companions and partners
ok 2583 - the dex header combines canonical forms, companions and partners
  ---
  duration_ms: 23.805857
  type: 'test'
  ...
# Subtest: a save carrying RH-1 saveRepair counts the same way and keeps saveRepair untouched
ok 2584 - a save carrying RH-1 saveRepair counts the same way and keeps saveRepair untouched
  ---
  duration_ms: 14.798384
  type: 'test'
  ...
# Subtest: an old v4 save keeps its unknown ids and counts only registered forms
ok 2585 - an old v4 save keeps its unknown ids and counts only registered forms
  ---
  duration_ms: 16.167359
  type: 'test'
  ...
# Subtest: PERFECT is still every current achievement, unchanged
ok 2586 - PERFECT is still every current achievement, unchanged
  ---
  duration_ms: 48.353034
  type: 'test'
  ...
# Subtest: an alias alone counts as its canonical id (partner, married, region, companion)
ok 2587 - an alias alone counts as its canonical id (partner, married, region, companion)
  ---
  duration_ms: 11.261791
  type: 'test'
  ...
# Subtest: the crown bonus follows the canonical dex, not the raw length
ok 2588 - the crown bonus follows the canonical dex, not the raw length
  ---
  duration_ms: 12.552127
  type: 'test'
  ...
# Subtest: perfect-life needs a registered marriage, not an unknown id
ok 2589 - perfect-life needs a registered marriage, not an unknown id
  ---
  duration_ms: 11.461743
  type: 'test'
  ...
# Subtest: landscape notices gain pictures while generic birds and growth stages stay untouched
ok 2590 - landscape notices gain pictures while generic birds and growth stages stay untouched
  ---
  duration_ms: 96.288314
  type: 'test'
  ...
# Subtest: road and space props use pictures, keep the player glyph, and fall back on failed images
ok 2591 - road and space props use pictures, keep the player glyph, and fall back on failed images
  ---
  duration_ms: 1717.702908
  type: 'test'
  ...
# Subtest: memory cards retain hidden backs and reveal the illustration only after flipping
ok 2592 - memory cards retain hidden backs and reveal the illustration only after flipping
  ---
  duration_ms: 27.32983
  type: 'test'
  ...
# Subtest: late loading, malformed atlases and decode errors keep the original prop with no Canvas state leak
ok 2593 - late loading, malformed atlases and decode errors keep the original prop with no Canvas state leak
  ---
  duration_ms: 22.444754
  type: 'test'
  ...
# Subtest: illustrated roads keep input, timing, score and saved rewards identical in normal, reduced and low modes
ok 2594 - illustrated roads keep input, timing, score and saved rewards identical in normal, reduced and low modes
  ---
  duration_ms: 7891.906832
  type: 'test'
  ...
# Subtest: all memory-card faces stay distinct and full completion keeps the same pairs, score and rewards
ok 2595 - all memory-card faces stay distinct and full completion keeps the same pairs, score and rewards
  ---
  duration_ms: 382.612645
  type: 'test'
  ...
# Subtest: other pseudo-road games keep their previous renderers and retirement cancels illustrated frames
ok 2596 - other pseudo-road games keep their previous renderers and retirement cancels illustrated frames
  ---
  duration_ms: 378.650345
  type: 'test'
  ...
# Subtest: missing prop module keeps the complete original game and safe text fallback
ok 2597 - missing prop module keeps the complete original game and safe text fallback
  ---
  duration_ms: 505.428977
  type: 'test'
  ...
# Subtest: Quick mixed score 0 pays 0 with null and preserves care
ok 2598 - Quick mixed score 0 pays 0 with null and preserves care
  ---
  duration_ms: 114.691625
  type: 'test'
  ...
# Subtest: Quick mixed score 0 pays 0 with star and preserves care
ok 2599 - Quick mixed score 0 pays 0 with star and preserves care
  ---
  duration_ms: 32.264922
  type: 'test'
  ...
# Subtest: Quick mixed score 30 pays 0 with null and preserves care
ok 2600 - Quick mixed score 30 pays 0 with null and preserves care
  ---
  duration_ms: 23.367486
  type: 'test'
  ...
# Subtest: Quick mixed score 30 pays 0 with star and preserves care
ok 2601 - Quick mixed score 30 pays 0 with star and preserves care
  ---
  duration_ms: 15.308064
  type: 'test'
  ...
# Subtest: Quick mixed score 95 pays 0 with null and preserves care
ok 2602 - Quick mixed score 95 pays 0 with null and preserves care
  ---
  duration_ms: 17.404825
  type: 'test'
  ...
# Subtest: Quick mixed score 95 pays 0 with star and preserves care
ok 2603 - Quick mixed score 95 pays 0 with star and preserves care
  ---
  duration_ms: 28.834169
  type: 'test'
  ...
# Subtest: Quick mixed score 100 pays 100 with null and preserves care
ok 2604 - Quick mixed score 100 pays 100 with null and preserves care
  ---
  duration_ms: 17.703255
  type: 'test'
  ...
# Subtest: Quick mixed score 100 pays 100 with star and preserves care
ok 2605 - Quick mixed score 100 pays 100 with star and preserves care
  ---
  duration_ms: 38.078249
  type: 'test'
  ...
# Subtest: Quick knock score 100 pays 0 with null and preserves care
ok 2606 - Quick knock score 100 pays 0 with null and preserves care
  ---
  duration_ms: 15.083325
  type: 'test'
  ...
# Subtest: Quick knock score 100 pays 0 with star and preserves care
ok 2607 - Quick knock score 100 pays 0 with star and preserves care
  ---
  duration_ms: 25.28021
  type: 'test'
  ...
# Subtest: Quick mixed starts at zero energy and quitting has no care or coin effect
ok 2608 - Quick mixed starts at zero energy and quitting has no care or coin effect
  ---
  duration_ms: 23.276348
  type: 'test'
  ...
# Subtest: Quick knock starts at zero energy and quitting has no care or coin effect
ok 2609 - Quick knock starts at zero energy and quitting has no care or coin effect
  ---
  duration_ms: 14.280945
  type: 'test'
  ...
# Subtest: Quick bypasses recruitment, story care, and meter processing even with a pending encounter
ok 2610 - Quick bypasses recruitment, story care, and meter processing even with a pending encounter
  ---
  duration_ms: 51.349683
  type: 'test'
  ...
# Subtest: Quick session callback ignores duplicates and stale callbacks while a new run can settle
ok 2611 - Quick session callback ignores duplicates and stale callbacks while a new run can settle
  ---
  duration_ms: 47.361765
  type: 'test'
  ...
# Subtest: designated daily score 29, null: only 0 ordinary base coins and Lucky 0
ok 2612 - designated daily score 29, null: only 0 ordinary base coins and Lucky 0
  ---
  duration_ms: 22.976186
  type: 'test'
  ...
# Subtest: designated daily score 29, star: only 0 ordinary base coins and Lucky 0
ok 2613 - designated daily score 29, star: only 0 ordinary base coins and Lucky 0
  ---
  duration_ms: 15.47856
  type: 'test'
  ...
# Subtest: designated daily score 30, null: only 30 ordinary base coins and Lucky 1
ok 2614 - designated daily score 30, null: only 30 ordinary base coins and Lucky 1
  ---
  duration_ms: 15.389036
  type: 'test'
  ...
# Subtest: designated daily score 30, star: only 30 ordinary base coins and Lucky 1
ok 2615 - designated daily score 30, star: only 30 ordinary base coins and Lucky 1
  ---
  duration_ms: 26.491216
  type: 'test'
  ...
# Subtest: designated daily score 70, null: only 60 ordinary base coins and Lucky 1
ok 2616 - designated daily score 70, null: only 60 ordinary base coins and Lucky 1
  ---
  duration_ms: 24.123105
  type: 'test'
  ...
# Subtest: designated daily score 70, star: only 60 ordinary base coins and Lucky 1
ok 2617 - designated daily score 70, star: only 60 ordinary base coins and Lucky 1
  ---
  duration_ms: 38.980211
  type: 'test'
  ...
# Subtest: designated daily score 100, null: only 60 ordinary base coins and Lucky 1
ok 2618 - designated daily score 100, null: only 60 ordinary base coins and Lucky 1
  ---
  duration_ms: 14.940039
  type: 'test'
  ...
# Subtest: designated daily score 100, star: only 60 ordinary base coins and Lucky 1
ok 2619 - designated daily score 100, star: only 60 ordinary base coins and Lucky 1
  ---
  duration_ms: 27.796334
  type: 'test'
  ...
# Subtest: designated game completion from daily-button grants once
ok 2620 - designated game completion from daily-button grants once
  ---
  duration_ms: 27.073224
  type: 'test'
  ...
# Subtest: designated game completion from game-list grants once
ok 2621 - designated game completion from game-list grants once
  ---
  duration_ms: 17.128038
  type: 'test'
  ...
# Subtest: wrong game, quit, Quick and gamepass cannot claim a daily reward
ok 2622 - wrong game, quit, Quick and gamepass cannot claim a daily reward
  ---
  duration_ms: 83.83789
  type: 'test'
  ...
# Subtest: daily validates the designated ID on the settlement date across midnight
ok 2623 - daily validates the designated ID on the settlement date across midnight
  ---
  duration_ms: 17.776275
  type: 'test'
  ...
# Subtest: same-date claim survives JSON reload, infinite mode and a new life; next date grants one anew
ok 2624 - same-date claim survives JSON reload, infinite mode and a new life; next date grants one anew
  ---
  duration_ms: 56.640416
  type: 'test'
  ...
# Subtest: legacy same-day claimed record and active shared boost load intact and block a second reward
ok 2625 - legacy same-day claimed record and active shared boost load intact and block a second reward
  ---
  duration_ms: 41.596513
  type: 'test'
  ...
# Subtest: after the daily award, another ordinary S rank retains its ordinary boost rule
ok 2626 - after the daily award, another ordinary S rank retains its ordinary boost rule
  ---
  duration_ms: 23.153443
  type: 'test'
  ...
# Subtest: failure from the daily button remains unclaimed and can be retried successfully
ok 2627 - failure from the daily button remains unclaimed and can be retried successfully
  ---
  duration_ms: 31.302341
  type: 'test'
  ...
# Subtest: coins target keeps the basket clear of bad drops at levels 1-5
ok 2628 - coins target keeps the basket clear of bad drops at levels 1-5
  ---
  duration_ms: 96.947027
  type: 'test'
  ...
# Subtest: quick mode chains 3-6 second games: cue, immediate play, judge, next game within the result flash
ok 2629 - quick mode chains 3-6 second games: cue, immediate play, judge, next game within the result flash
  ---
  duration_ms: 18.025591
  type: 'test'
  ...
# Subtest: every quick game can be solved from its own target hint and each kind of input is covered
ok 2630 - every quick game can be solved from its own target hint and each kind of input is covered
  ---
  duration_ms: 50.966653
  type: 'test'
  ...
# Subtest: three misses end the run, the score feeds the normal result flow, and difficulty ramps every 4 games
ok 2631 - three misses end the run, the score feeds the normal result flow, and difficulty ramps every 4 games
  ---
  duration_ms: 28.24403
  type: 'test'
  ...
# Subtest: every game can be played on its own: a solo run repeats one game 10 times and keeps a per-game best
ok 2632 - every game can be played on its own: a solo run repeats one game 10 times and keeps a per-game best
  ---
  duration_ms: 60.012634
  type: 'test'
  ...
# Subtest: Quick list toggle uses its dedicated control and a selected solo starts
ok 2633 - Quick list toggle uses its dedicated control and a selected solo starts
  ---
  duration_ms: 19.047091
  type: 'test'
  ...
# Subtest: both Quick entries pay zero for incomplete runs even with Star
ok 2634 - both Quick entries pay zero for incomplete runs even with Star
  ---
  duration_ms: 37.774701
  type: 'test'
  ...
# Subtest: both Quick entries ignore retired energy-band snapshots
ok 2635 - both Quick entries ignore retired energy-band snapshots
  ---
  duration_ms: 63.213481
  type: 'test'
  ...
# Subtest: the production Quick voice control saves every selected mode for the audio router
ok 2636 - the production Quick voice control saves every selected mode for the audio router
  ---
  duration_ms: 102.096182
  type: 'test'
  ...
# Subtest: an unchosen legacy pico setting migrates to reading while chosen pico remains selected
ok 2637 - an unchosen legacy pico setting migrates to reading while chosen pico remains selected
  ---
  duration_ms: 25.672452
  type: 'test'
  ...
# Subtest: umbrella solo shows a compact cue and waits for rain before a successful swipe
ok 2638 - umbrella solo shows a compact cue and waits for rain before a successful swipe
  ---
  duration_ms: 14.49717
  type: 'test'
  ...
# Subtest: game pass never shortcuts quick-run, including during ordinary cooldown
ok 2639 - game pass never shortcuts quick-run, including during ordinary cooldown
  ---
  duration_ms: 24.442337
  type: 'test'
  ...
# Subtest: game pass never shortcuts quick-solo, including during ordinary cooldown
ok 2640 - game pass never shortcuts quick-solo, including during ordinary cooldown
  ---
  duration_ms: 21.798931
  type: 'test'
  ...
# Subtest: real mixed 20/20 callback pays 100, keeps records and achievements, and a new perfect run pays again
ok 2641 - real mixed 20/20 callback pays 100, keeps records and achievements, and a new perfect run pays again
  ---
  duration_ms: 86.862922
  type: 'test'
  ...
# Subtest: retiring a real Quick final card invalidates its delayed completion during the next session
ok 2642 - retiring a real Quick final card invalidates its delayed completion during the next session
  ---
  duration_ms: 50.38757
  type: 'test'
  ...
# Subtest: same-season travel renders the destination scenery, including return trips
ok 2643 - same-season travel renders the destination scenery, including return trips
  ---
  duration_ms: 107.31474
  type: 'test'
  ...
# Subtest: jungle does not acquire snowy forecasts from the global winter rule
ok 2644 - jungle does not acquire snowy forecasts from the global winter rule
  ---
  duration_ms: 0.803592
  type: 'test'
  ...
# Subtest: desert does not acquire snowy forecasts from the global winter rule
ok 2645 - desert does not acquire snowy forecasts from the global winter rule
  ---
  duration_ms: 0.681397
  type: 'test'
  ...
# Subtest: deepsea and the star stop do not invent surface weather forecasts
ok 2646 - deepsea and the star stop do not invent surface weather forecasts
  ---
  duration_ms: 0.149025
  type: 'test'
  ...
# Subtest: observed hometown weather is not used as the weather of a distant destination
ok 2647 - observed hometown weather is not used as the weather of a distant destination
  ---
  duration_ms: 20.022813
  type: 'test'
  ...
# Subtest: surface seasons do not introduce heat or cold penalties to underwater and starry places
ok 2648 - surface seasons do not introduce heat or cold penalties to underwater and starry places
  ---
  duration_ms: 22.386216
  type: 'test'
  ...
# Subtest: underwater rendering and effects ignore surface weather without overwriting the chosen setting
ok 2649 - underwater rendering and effects ignore surface weather without overwriting the chosen setting
  ---
  duration_ms: 25.840765
  type: 'test'
  ...
# Subtest: moving between surface, underwater and the star stop refreshes effects with unchanged settings
ok 2650 - moving between surface, underwater and the star stop refreshes effects with unchanged settings
  ---
  duration_ms: 16.683688
  type: 'test'
  ...
# Subtest: the renamed waterside keeps its saved region identity, visits and historical text
ok 2651 - the renamed waterside keeps its saved region identity, visits and historical text
  ---
  duration_ms: 51.207927
  type: 'test'
  ...
# Subtest: regional game preference does not leak into a former visual base
ok 2652 - regional game preference does not leak into a former visual base
  ---
  duration_ms: 15.037085
  type: 'test'
  ...
# Subtest: regional care modifiers retain their differences without coin bonuses
ok 2653 - regional care modifiers retain their differences without coin bonuses
  ---
  duration_ms: 26.218564
  type: 'test'
  ...
# Subtest: deepsea schedules its own event in daytime snow
ok 2654 - deepsea schedules its own event in daytime snow
  ---
  duration_ms: 17.074567
  type: 'test'
  ...
# Subtest: star_stop schedules its own event in daytime snow
ok 2655 - star_stop schedules its own event in daytime snow
  ---
  duration_ms: 15.890842
  type: 'test'
  ...
# Subtest: memory_lake schedules its own event in daytime snow
ok 2656 - memory_lake schedules its own event in daytime snow
  ---
  duration_ms: 29.529087
  type: 'test'
  ...
# Subtest: a regional moment waits while asleep or a menu is open
ok 2657 - a regional moment waits while asleep or a menu is open
  ---
  duration_ms: 25.795718
  type: 'test'
  ...
# Subtest: legend affinity is a soft preference and never overrides unseen priority
ok 2658 - legend affinity is a soft preference and never overrides unseen priority
  ---
  duration_ms: 115.307803
  type: 'test'
  ...
# Subtest: mountain climbing responds to grip timing, reaches the summit and awards once
ok 2659 - mountain climbing responds to grip timing, reaches the summit and awards once
  ---
  duration_ms: 22.564745
  type: 'test'
  ...
# Subtest: climbing misses and retirement do not award a completed game
ok 2660 - climbing misses and retirement do not award a completed game
  ---
  duration_ms: 23.824375
  type: 'test'
  ...
# Subtest: climbing draws finite coordinates, accepts keyboard rock selection and times out once
ok 2661 - climbing draws finite coordinates, accepts keyboard rock selection and times out once
  ---
  duration_ms: 34.267325
  type: 'test'
  ...
# Subtest: saved climbing records, ordinary region count and total games remain intact
ok 2662 - saved climbing records, ordinary region count and total games remain intact
  ---
  duration_ms: 31.573457
  type: 'test'
  ...
# [naotocchi] region:siteA Error: unknown region id "moon" (siteA)
#     at Object.resolveRegionId (evalmachine.<anonymous>:31246:17)
#     at TestContext.<anonymous> (/home/runner/work/naotocchi/naotocchi/tests/region-registry-test.cjs:120:50)
#     at Test.runInAsyncScope (node:async_hooks:214:14)
#     at Test.run (node:internal/test_runner/test:1047:25)
#     at Test.processPendingSubtests (node:internal/test_runner/test:744:18)
#     at Test.postRun (node:internal/test_runner/test:1173:19)
#     at Test.run (node:internal/test_runner/test:1101:12)
#     at async Test.processPendingSubtests (node:internal/test_runner/test:744:7)
# [naotocchi] region:region Error: unknown region id "forrest" (region)
#     at Object.resolveRegionId (evalmachine.<anonymous>:31246:17)
#     at TestContext.<anonymous> (/home/runner/work/naotocchi/naotocchi/tests/region-registry-test.cjs:124:22)
#     at Test.runInAsyncScope (node:async_hooks:214:14)
#     at Test.run (node:internal/test_runner/test:1047:25)
#     at Test.processPendingSubtests (node:internal/test_runner/test:744:18)
#     at Test.postRun (node:internal/test_runner/test:1173:19)
#     at Test.run (node:internal/test_runner/test:1101:12)
#     at async Test.processPendingSubtests (node:internal/test_runner/test:744:7)
# [naotocchi] region:region Error: unknown region id "<null>" (region)
#     at Object.resolveRegionId (evalmachine.<anonymous>:31246:17)
#     at TestContext.<anonymous> (/home/runner/work/naotocchi/naotocchi/tests/region-registry-test.cjs:125:22)
#     at Test.runInAsyncScope (node:async_hooks:214:14)
#     at Test.run (node:internal/test_runner/test:1047:25)
#     at Test.processPendingSubtests (node:internal/test_runner/test:744:18)
#     at Test.postRun (node:internal/test_runner/test:1173:19)
#     at Test.run (node:internal/test_runner/test:1101:12)
#     at async Test.processPendingSubtests (node:internal/test_runner/test:744:7)
# [naotocchi] region:region Error: unknown region id "<number>" (region)
#     at Object.resolveRegionId (evalmachine.<anonymous>:31246:17)
#     at TestContext.<anonymous> (/home/runner/work/naotocchi/naotocchi/tests/region-registry-test.cjs:126:22)
#     at Test.runInAsyncScope (node:async_hooks:214:14)
#     at Test.run (node:internal/test_runner/test:1047:25)
#     at Test.processPendingSubtests (node:internal/test_runner/test:744:18)
#     at Test.postRun (node:internal/test_runner/test:1173:19)
#     at Test.run (node:internal/test_runner/test:1101:12)
#     at async Test.processPendingSubtests (node:internal/test_runner/test:744:7)
# [naotocchi] region:findRegion Error: unknown region id "moon" (findRegion)
#     at resolveRegionId (evalmachine.<anonymous>:31246:17)
#     at findRegion (evalmachine.<anonymous>:31231:17)
#     at applyRegion (evalmachine.<anonymous>:34200:20)
#     at render (evalmachine.<anonymous>:34315:20)
#     at evalmachine.<anonymous>:41353:3
#     at evalmachine.<anonymous>:41536:3
#     at Script.runInContext (node:vm:149:12)
#     at Object.runInContext (node:vm:301:6)
#     at createHarness (/home/runner/work/naotocchi/naotocchi/tests/helpers/runtime-harness.cjs:311:6)
#     at harness (/home/runner/work/naotocchi/naotocchi/tests/helpers/runtime-harness.cjs:95:10)
# Subtest: the canonical registry is master.regions: 13 regions, and REGIONS + SPECIAL_REGIONS match it id for id and label for label
ok 2663 - the canonical registry is master.regions: 13 regions, and REGIONS + SPECIAL_REGIONS match it id for id and label for label
  ---
  duration_ms: 6.221822
  type: 'test'
  ...
# Subtest: every full registry table has exactly the 13 canonical regions
ok 2664 - every full registry table has exactly the 13 canonical regions
  ---
  duration_ms: 10.838043
  type: 'test'
  ...
# Subtest: every intentionally partial table is exactly its audited subset (no typo, no extra, no silent loss)
ok 2665 - every intentionally partial table is exactly its audited subset (no typo, no extra, no silent loss)
  ---
  duration_ms: 2.14841
  type: 'test'
  ...
# Subtest: nested region references and alias destinations are all canonical
ok 2666 - nested region references and alias destinations are all canonical
  ---
  duration_ms: 0.41799
  type: 'test'
  ...
# Subtest: resolveRegionId: canonical ids pass, the official alias tropical → jungle is normal input, unknown / typo / invalid throw under strictRegions
ok 2667 - resolveRegionId: canonical ids pass, the official alias tropical → jungle is normal input, unknown / typo / invalid throw under strictRegions
  ---
  duration_ms: 14.714839
  type: 'test'
  ...
# Subtest: production: unknown ids resolve to home and are reported once per raw id, keeping the first site
ok 2668 - production: unknown ids resolve to home and are reported once per raw id, keeping the first site
  ---
  duration_ms: 25.944432
  type: 'test'
  ...
# Subtest: an unknown saved region (moon) runs as home in production, and the save keeps the raw id
ok 2669 - an unknown saved region (moon) runs as home in production, and the save keeps the raw id
  ---
  duration_ms: 130.375214
  type: 'test'
  ...
# Subtest: a legacy saved region (tropical) runs as jungle without an error, and the save keeps tropical
ok 2670 - a legacy saved region (tropical) runs as jungle without an error, and the save keeps tropical
  ---
  duration_ms: 360.263896
  type: 'test'
  ...
# Subtest: under strictRegions an unknown current region stops the test instead of silently becoming home
ok 2671 - under strictRegions an unknown current region stops the test instead of silently becoming home
  ---
  duration_ms: 19.739415
  type: 'test'
  ...
# Subtest: each of the 10 continuous walk corridors has a spec, named by id when one is missing
ok 2672 - each of the 10 continuous walk corridors has a spec, named by id when one is missing
  ---
  duration_ms: 11.968708
  type: 'test'
  ...
# Subtest: the 3 existing transitions stay transitions and memory_lake is not a corridor
ok 2673 - the 3 existing transitions stay transitions and memory_lake is not a corridor
  ---
  duration_ms: 0.327564
  type: 'test'
  ...
# Subtest: remove-it: dropping or adding one region in any table, a stray reference or a missing corridor spec is caught
ok 2674 - remove-it: dropping or adding one region in any table, a stray reference or a missing corridor spec is caught
  ---
  duration_ms: 10.315064
  type: 'test'
  ...
# Subtest: README sticker section matches the current sticker constants (no retired kakera / fixed four pages)
ok 2675 - README sticker section matches the current sticker constants (no retired kakera / fixed four pages)
  ---
  duration_ms: 90.837355
  type: 'test'
  ...
# Subtest: README states the supported browsers and the hidden-tab / multi-tab behaviour
ok 2676 - README states the supported browsers and the hidden-tab / multi-tab behaviour
  ---
  duration_ms: 0.654296
  type: 'test'
  ...
# Subtest: region icon keys and body.region-* styles only name registered regions (no dead alias rows)
ok 2677 - region icon keys and body.region-* styles only name registered regions (no dead alias rows)
  ---
  duration_ms: 16.399459
  type: 'test'
  ...
# Subtest: real old saves: the manifest lists one fixture per era, each written by that era's own code
ok 2678 - real old saves: the manifest lists one fixture per era, each written by that era's own code
  ---
  duration_ms: 2.394871
  type: 'test'
  ...
# Subtest: real old save pre-v3.json: loads without errors, nothing decreases, RH-2 counts, load→save→load is idempotent
ok 2679 - real old save pre-v3.json: loads without errors, nothing decreases, RH-2 counts, load→save→load is idempotent
  ---
  duration_ms: 138.7086
  type: 'test'
  ...
# Subtest: real old save v3.json: loads without errors, nothing decreases, RH-2 counts, load→save→load is idempotent
ok 2680 - real old save v3.json: loads without errors, nothing decreases, RH-2 counts, load→save→load is idempotent
  ---
  duration_ms: 39.934749
  type: 'test'
  ...
# Subtest: real old save v4-pre-master.json: loads without errors, nothing decreases, RH-2 counts, load→save→load is idempotent
ok 2681 - real old save v4-pre-master.json: loads without errors, nothing decreases, RH-2 counts, load→save→load is idempotent
  ---
  duration_ms: 37.284481
  type: 'test'
  ...
# Subtest: real old save v5-pre-items-v2.json: loads without errors, nothing decreases, RH-2 counts, load→save→load is idempotent
ok 2682 - real old save v5-pre-items-v2.json: loads without errors, nothing decreases, RH-2 counts, load→save→load is idempotent
  ---
  duration_ms: 45.271285
  type: 'test'
  ...
# Subtest: real old save sticker-points-meguru-p1.json: loads without errors, nothing decreases, RH-2 counts, load→save→load is idempotent
ok 2683 - real old save sticker-points-meguru-p1.json: loads without errors, nothing decreases, RH-2 counts, load→save→load is idempotent
  ---
  duration_ms: 42.131631
  type: 'test'
  ...
# Subtest: real old save meguru-p2.json: loads without errors, nothing decreases, RH-2 counts, load→save→load is idempotent
ok 2684 - real old save meguru-p2.json: loads without errors, nothing decreases, RH-2 counts, load→save→load is idempotent
  ---
  duration_ms: 40.249933
  type: 'test'
  ...
# Subtest: legacy species keep their pre-master names (not ???) on the profile and in past lives; the save keeps the raw line
ok 2685 - legacy species keep their pre-master names (not ???) on the profile and in past lives; the save keeps the raw line
  ---
  duration_ms: 15.456707
  type: 'test'
  ...
# Subtest: sticker page background: an unavailable value is shown as home but never written back, and does not count as a change
ok 2686 - sticker page background: an unavailable value is shown as home but never written back, and does not count as a change
  ---
  duration_ms: 53.71711
  type: 'test'
  ...
# Subtest: past lives and life-log fields from a save are escaped before innerHTML
ok 2687 - past lives and life-log fields from a save are escaped before innerHTML
  ---
  duration_ms: 18.485465
  type: 'test'
  ...
# Subtest: snapshots: the list is not re-parsed while storage is unchanged, and another tab's write is picked up
ok 2688 - snapshots: the list is not re-parsed while storage is unchanged, and another tab's write is picked up
  ---
  duration_ms: 14.944786
  type: 'test'
  ...
# [naotocchi] region:findRegion Error: unknown region id "false" (findRegion)
#     at resolveRegionId (evalmachine.<anonymous>:31246:17)
#     at findRegion (evalmachine.<anonymous>:31231:17)
#     at applyRegion (evalmachine.<anonymous>:34200:20)
#     at render (evalmachine.<anonymous>:34315:20)
#     at evalmachine.<anonymous>:41353:3
#     at evalmachine.<anonymous>:41536:3
#     at Script.runInContext (node:vm:149:12)
#     at Object.runInContext (node:vm:301:6)
#     at createHarness (/home/runner/work/naotocchi/naotocchi/tests/helpers/runtime-harness.cjs:311:6)
#     at harness (/home/runner/work/naotocchi/naotocchi/tests/helpers/runtime-harness.cjs:95:10)
# Subtest: meguru records are saved once, outside the frame (microtask), with the same bridge signatures
ok 2689 - meguru records are saved once, outside the frame (microtask), with the same bridge signatures
  ---
  duration_ms: 34.342555
  type: 'test'
  ...
# Subtest: broken save (boolean as string): boots, stays sane, and saves
ok 2690 - broken save (boolean as string): boots, stays sane, and saves
  ---
  duration_ms: 14.49724
  type: 'test'
  ...
# Subtest: broken save (number as string): boots, stays sane, and saves
ok 2691 - broken save (number as string): boots, stays sane, and saves
  ---
  duration_ms: 13.485284
  type: 'test'
  ...
# Subtest: broken save (duplicate ids): boots, stays sane, and saves
ok 2692 - broken save (duplicate ids): boots, stays sane, and saves
  ---
  duration_ms: 31.063071
  type: 'test'
  ...
# Subtest: broken save (unknown and future ids): boots, stays sane, and saves
ok 2693 - broken save (unknown and future ids): boots, stays sane, and saves
  ---
  duration_ms: 13.328788
  type: 'test'
  ...
# Subtest: broken save (missing keys): boots, stays sane, and saves
ok 2694 - broken save (missing keys): boots, stays sane, and saves
  ---
  duration_ms: 13.46875
  type: 'test'
  ...
# Subtest: broken save (partner as string): boots, stays sane, and saves
ok 2695 - broken save (partner as string): boots, stays sane, and saves
  ---
  duration_ms: 51.025612
  type: 'test'
  ...
# Subtest: broken save (transformOptions as string): boots, stays sane, and saves
ok 2696 - broken save (transformOptions as string): boots, stays sane, and saves
  ---
  duration_ms: 17.459417
  type: 'test'
  ...
# Subtest: broken save (unknown stage): boots, stays sane, and saves
ok 2697 - broken save (unknown stage): boots, stays sane, and saves
  ---
  duration_ms: 12.469583
  type: 'test'
  ...
# Subtest: broken save (huge numbers): boots, stays sane, and saves
ok 2698 - broken save (huge numbers): boots, stays sane, and saves
  ---
  duration_ms: 13.664625
  type: 'test'
  ...
# Subtest: broken save (__proto__ keys): boots, stays sane, and saves
ok 2699 - broken save (__proto__ keys): boots, stays sane, and saves
  ---
  duration_ms: 15.481835
  type: 'test'
  ...
# Subtest: broken save (truncated JSON): boots without replacing the unreadable primary
ok 2700 - broken save (truncated JSON): boots without replacing the unreadable primary
  ---
  duration_ms: 26.065094
  type: 'test'
  ...
# Subtest: fuzz: 200 seeded mutations of real old saves all boot and stay sane
ok 2701 - fuzz: 200 seeded mutations of real old saves all boot and stay sane
  ---
  duration_ms: 4735.812354
  type: 'test'
  ...
# [naotocchi] achievement:rare-line-1 TypeError: Cannot read properties of null (reading 'split')
#     at evalmachine.<anonymous>:24738:172
#     at Array.some (<anonymous>)
#     at Object.condition (evalmachine.<anonymous>:24738:138)
#     at checkAchievements (evalmachine.<anonymous>:24902:23)
#     at Object.saveState (evalmachine.<anonymous>:25344:5)
#     at /home/runner/work/naotocchi/naotocchi/tests/save-integrity-test.cjs:218:35
#     at getActual (node:assert:609:5)
#     at Function.doesNotThrow (node:assert:777:32)
#     at TestContext.<anonymous> (/home/runner/work/naotocchi/naotocchi/tests/save-integrity-test.cjs:218:10)
#     at Test.runInAsyncScope (node:async_hooks:214:14)
# [naotocchi] achievement:every-normal-line TypeError: Cannot read properties of null (reading 'startsWith')
#     at evalmachine.<anonymous>:24776:187
#     at Array.some (<anonymous>)
#     at evalmachine.<anonymous>:24776:173
#     at Array.every (<anonymous>)
#     at Object.condition (evalmachine.<anonymous>:24776:138)
#     at checkAchievements (evalmachine.<anonymous>:24902:23)
#     at Object.saveState (evalmachine.<anonymous>:25344:5)
#     at /home/runner/work/naotocchi/naotocchi/tests/save-integrity-test.cjs:218:35
#     at getActual (node:assert:609:5)
#     at Function.doesNotThrow (node:assert:777:32)
# [naotocchi] achievement:rare-line-all TypeError: Cannot read properties of null (reading 'startsWith')
#     at evalmachine.<anonymous>:24786:182
#     at Array.some (<anonymous>)
#     at evalmachine.<anonymous>:24786:168
#     at Array.every (<anonymous>)
#     at Object.condition (evalmachine.<anonymous>:24786:133)
#     at checkAchievements (evalmachine.<anonymous>:24902:23)
#     at Object.saveState (evalmachine.<anonymous>:25344:5)
#     at /home/runner/work/naotocchi/naotocchi/tests/save-integrity-test.cjs:218:35
#     at getActual (node:assert:609:5)
#     at Function.doesNotThrow (node:assert:777:32)
# Subtest: malformed elements are removed, recorded, and unknown/future/retired ids are kept
ok 2702 - malformed elements are removed, recorded, and unknown/future/retired ids are kept
  ---
  duration_ms: 103.80374
  type: 'test'
  ...
# Subtest: the null element that crashed boot in rare-line-1 now boots and saves
ok 2703 - the null element that crashed boot in rare-line-1 now boots and saves
  ---
  duration_ms: 17.053836
  type: 'test'
  ...
# Subtest: unknown integer tiers stay in the save and are skipped only by the badge row
ok 2704 - unknown integer tiers stay in the save and are skipped only by the badge row
  ---
  duration_ms: 25.229074
  type: 'test'
  ...
# Subtest: repair is idempotent: reloading a repaired save adds nothing to saveRepair
ok 2705 - repair is idempotent: reloading a repaired save adds nothing to saveRepair
  ---
  duration_ms: 55.280069
  type: 'test'
  ...
# Subtest: a normal current save and a normal legacy v4 save never create saveRepair
ok 2706 - a normal current save and a normal legacy v4 save never create saveRepair
  ---
  duration_ms: 83.959997
  type: 'test'
  ...
# Subtest: a corrupt primary with a good backup never copies the corrupt raw into backup
ok 2707 - a corrupt primary with a good backup never copies the corrupt raw into backup
  ---
  duration_ms: 57.577483
  type: 'test'
  ...
# Subtest: loading alone never writes the backup (backup only follows a successful save)
ok 2708 - loading alone never writes the backup (backup only follows a successful save)
  ---
  duration_ms: 101.42337
  type: 'test'
  ...
# Subtest: primary and backup both element-corrupt still boot and keep the original raw
ok 2709 - primary and backup both element-corrupt still boot and keep the original raw
  ---
  duration_ms: 46.817418
  type: 'test'
  ...
# Subtest: a truncated primary still falls back to the backup without writing
ok 2710 - a truncated primary still falls back to the backup without writing
  ---
  duration_ms: 24.792636
  type: 'test'
  ...
# Subtest: importing a save code with malformed elements boots after reload with a clean backup
ok 2711 - importing a save code with malformed elements boots after reload with a clean backup
  ---
  duration_ms: 84.350856
  type: 'test'
  ...
# Subtest: every array in freshState() drops a null element on load (coverage of the kind table)
ok 2712 - every array in freshState() drops a null element on load (coverage of the kind table)
  ---
  duration_ms: 780.690565
  type: 'test'
  ...
# Subtest: an achievement condition that throws is reported once and does not stop saving
ok 2713 - an achievement condition that throws is reported once and does not stop saving
  ---
  duration_ms: 43.016746
  type: 'test'
  ...
# [naotocchi] storage Error: localStorage quota exceeded
#     at noteStorageWarning (evalmachine.<anonymous>:25327:24)
#     at Object.saveState (evalmachine.<anonymous>:25375:9)
#     at TestContext.<anonymous> (/home/runner/work/naotocchi/naotocchi/tests/save-recovery-test.cjs:52:9)
#     at Test.runInAsyncScope (node:async_hooks:214:14)
#     at Test.run (node:internal/test_runner/test:1047:25)
#     at Test.processPendingSubtests (node:internal/test_runner/test:744:18)
#     at Test.postRun (node:internal/test_runner/test:1173:19)
#     at Test.run (node:internal/test_runner/test:1101:12)
#     at async Test.processPendingSubtests (node:internal/test_runner/test:744:7)
# [naotocchi] storage Error: localStorage quota exceeded
#     at noteStorageWarning (evalmachine.<anonymous>:25327:24)
#     at Object.saveState (evalmachine.<anonymous>:25375:9)
#     at TestContext.<anonymous> (/home/runner/work/naotocchi/naotocchi/tests/save-recovery-test.cjs:63:9)
#     at Test.runInAsyncScope (node:async_hooks:214:14)
#     at Test.run (node:internal/test_runner/test:1047:25)
#     at Test.processPendingSubtests (node:internal/test_runner/test:744:18)
#     at Test.postRun (node:internal/test_runner/test:1173:19)
#     at Test.run (node:internal/test_runner/test:1101:12)
#     at async Test.processPendingSubtests (node:internal/test_runner/test:744:7)
# [naotocchi] storage Error: localStorage quota exceeded
#     at noteStorageWarning (evalmachine.<anonymous>:25327:24)
#     at saveState (evalmachine.<anonymous>:25375:9)
#     at Object.fn (evalmachine.<anonymous>:40875:7)
#     at dispatch (/home/runner/work/naotocchi/naotocchi/tests/helpers/runtime-harness.cjs:196:75)
#     at Object.dispatch (/home/runner/work/naotocchi/naotocchi/tests/helpers/runtime-harness.cjs:326:97)
#     at TestContext.<anonymous> (/home/runner/work/naotocchi/naotocchi/tests/save-recovery-test.cjs:240:5)
#     at Test.runInAsyncScope (node:async_hooks:214:14)
#     at Test.run (node:internal/test_runner/test:1047:25)
#     at Test.processPendingSubtests (node:internal/test_runner/test:744:18)
#     at Test.postRun (node:internal/test_runner/test:1173:19)
# [naotocchi] storage Error: localStorage quota exceeded
#     at noteStorageWarning (evalmachine.<anonymous>:25327:24)
#     at Object.saveState (evalmachine.<anonymous>:25375:9)
#     at TestContext.<anonymous> (/home/runner/work/naotocchi/naotocchi/tests/save-recovery-test.cjs:282:9)
#     at Test.runInAsyncScope (node:async_hooks:214:14)
#     at Test.run (node:internal/test_runner/test:1047:25)
#     at Test.processPendingSubtests (node:internal/test_runner/test:744:18)
#     at Test.postRun (node:internal/test_runner/test:1173:19)
#     at Test.run (node:internal/test_runner/test:1101:12)
#     at async Test.processPendingSubtests (node:internal/test_runner/test:744:7)
# Subtest: backup write failure does not stop a writable primary save
ok 2714 - backup write failure does not stop a writable primary save
  ---
  duration_ms: 144.762954
  type: 'test'
  ...
# Subtest: failed primary migration cannot replace a working backup
ok 2715 - failed primary migration cannot replace a working backup
  ---
  duration_ms: 38.799427
  type: 'test'
  ...
# Subtest: a failed save after recovery leaves a usable backup for the next reload
ok 2716 - a failed save after recovery leaves a usable backup for the next reload
  ---
  duration_ms: 73.449628
  type: 'test'
  ...
# Subtest: backup advances to the latest successful save and survives the next write failure
ok 2717 - backup advances to the latest successful save and survives the next write failure
  ---
  duration_ms: 60.410315
  type: 'test'
  ...
# Subtest: a missing primary resumes the backup instead of creating a new life
ok 2718 - a missing primary resumes the backup instead of creating a new life
  ---
  duration_ms: 63.158609
  type: 'test'
  ...
# Subtest: backup recovery applies legacy migrations once and preserves old characters
ok 2719 - backup recovery applies legacy migrations once and preserves old characters
  ---
  duration_ms: 84.340991
  type: 'test'
  ...
# Subtest: invalid top-level payloads fall back without replacing the backup
ok 2720 - invalid top-level payloads fall back without replacing the backup
  ---
  duration_ms: 137.461384
  type: 'test'
  ...
# Subtest: confirmed full reset cannot later resurrect the removed life from backup
ok 2721 - confirmed full reset cannot later resurrect the removed life from backup
  ---
  duration_ms: 49.510289
  type: 'test'
  ...
# Subtest: unrecoverable saves remain intact through hidden, unload and repeated saves until explicit reset
ok 2722 - unrecoverable saves remain intact through hidden, unload and repeated saves until explicit reset
  ---
  duration_ms: 77.713227
  type: 'test'
  ...
# Subtest: unreadable storage still permits boot and gameplay without throwing
ok 2723 - unreadable storage still permits boot and gameplay without throwing
  ---
  duration_ms: 29.06602
  type: 'test'
  ...
# Subtest: import retains a newer primary saved by another tab before replacement
ok 2724 - import retains a newer primary saved by another tab before replacement
  ---
  duration_ms: 114.727663
  type: 'test'
  ...
# Subtest: import failure cannot poison a recovered backup with the broken primary
ok 2725 - import failure cannot poison a recovered backup with the broken primary
  ---
  duration_ms: 55.478088
  type: 'test'
  ...
# Subtest: import stops before replacing a save if its safety snapshot cannot be written
ok 2726 - import stops before replacing a save if its safety snapshot cannot be written
  ---
  duration_ms: 57.935473
  type: 'test'
  ...
# Subtest: import retains the prior life across replacement, reload and undo, including duplicate snapshots
ok 2727 - import retains the prior life across replacement, reload and undo, including duplicate snapshots
  ---
  duration_ms: 82.809773
  type: 'test'
  ...
# Subtest: restore retains a newer primary saved by another tab before replacement
ok 2728 - restore retains a newer primary saved by another tab before replacement
  ---
  duration_ms: 160.479594
  type: 'test'
  ...
# Subtest: restore failure cannot poison a recovered backup with the broken primary
ok 2729 - restore failure cannot poison a recovered backup with the broken primary
  ---
  duration_ms: 62.04503
  type: 'test'
  ...
# Subtest: restore stops before replacing a save if its safety snapshot cannot be written
ok 2730 - restore stops before replacing a save if its safety snapshot cannot be written
  ---
  duration_ms: 56.289942
  type: 'test'
  ...
# Subtest: restore retains the prior life across replacement, reload and undo, including duplicate snapshots
ok 2731 - restore retains the prior life across replacement, reload and undo, including duplicate snapshots
  ---
  duration_ms: 86.974713
  type: 'test'
  ...
# Subtest: export uses the recoverable save when a broken primary cannot be repaired
ok 2732 - export uses the recoverable save when a broken primary cannot be repaired
  ---
  duration_ms: 26.675445
  type: 'test'
  ...
# Subtest: explicit import can recover unreadable saves while retaining both originals for inspection
ok 2733 - explicit import can recover unreadable saves while retaining both originals for inspection
  ---
  duration_ms: 46.994793
  type: 'test'
  ...
# Subtest: import from backup recovery with no primary retains the former life after reload
ok 2734 - import from backup recovery with no primary retains the former life after reload
  ---
  duration_ms: 51.637056
  type: 'test'
  ...
# Subtest: a full storage drops the automatic snapshots and still writes the primary save
ok 2735 - a full storage drops the automatic snapshots and still writes the primary save
  ---
  duration_ms: 38.66849
  type: 'test'
  ...
# Subtest: a permanently full storage warns instead of failing silently
ok 2736 - a permanently full storage warns instead of failing silently
  ---
  duration_ms: 40.392089
  type: 'test'
  ...
# Subtest: retired companions migrate once with the strongest bond and collection intact
ok 2737 - retired companions migrate once with the strongest bond and collection intact
  ---
  duration_ms: 51.251865
  type: 'test'
  ...
# Subtest: minigame ranks follow the S90/A75/B55/C35 thresholds and records keep best and last
ok 2738 - minigame ranks follow the S90/A75/B55/C35 thresholds and records keep best and last
  ---
  duration_ms: 103.764921
  type: 'test'
  ...
# Subtest: shop items are bought once, equipped, and toggled off
ok 2739 - shop items are bought once, equipped, and toggled off
  ---
  duration_ms: 40.587583
  type: 'test'
  ...
# Subtest: achievement unlocks record their time and do not repeat
ok 2740 - achievement unlocks record their time and do not repeat
  ---
  duration_ms: 25.346571
  type: 'test'
  ...
# Subtest: game pass must be purchased separately from sunglasses and occupies one equipment slot
ok 2741 - game pass must be purchased separately from sunglasses and occupies one equipment slot
  ---
  duration_ms: 35.405319
  type: 'test'
  ...
# Subtest: the dex shows a summary and one progress head per species line
ok 2742 - the dex shows a summary and one progress head per species line
  ---
  duration_ms: 100.764938
  type: 'test'
  ...
# Subtest: travel shows region cards with effects and marks the current region
ok 2743 - travel shows region cards with effects and marks the current region
  ---
  duration_ms: 14.705505
  type: 'test'
  ...
# Subtest: care meters are hidden while the pet is an egg
ok 2744 - care meters are hidden while the pet is an egg
  ---
  duration_ms: 22.290372
  type: 'test'
  ...
# Subtest: a hidden tab does not tick, age, or run encounters / moments / idle talk
ok 2745 - a hidden tab does not tick, age, or run encounters / moments / idle talk
  ---
  duration_ms: 129.093505
  type: 'test'
  ...
# Subtest: coming back runs the same gentle absence processing once (existing caps: ≤30 drop, floor 20, no aging)
ok 2746 - coming back runs the same gentle absence processing once (existing caps: ≤30 drop, floor 20, no aging)
  ---
  duration_ms: 15.727216
  type: 'test'
  ...
# Subtest: a short hide (< 2 minutes) changes nothing
ok 2747 - a short hide (< 2 minutes) changes nothing
  ---
  duration_ms: 19.899798
  type: 'test'
  ...
# Subtest: absence time is recorded without a cap (days and hours), while the game effect keeps its cap
ok 2748 - absence time is recorded without a cap (days and hours), while the game effect keeps its cap
  ---
  duration_ms: 31.728835
  type: 'test'
  ...
# Subtest: closing and reopening still uses savedAt (the closed path is unchanged)
ok 2749 - closing and reopening still uses savedAt (the closed path is unchanged)
  ---
  duration_ms: 45.775487
  type: 'test'
  ...
# Subtest: two tabs: the tab opened later takes over; the older tab stops writing and shows the notice
ok 2750 - two tabs: the tab opened later takes over; the older tab stops writing and shows the notice
  ---
  duration_ms: 50.19424
  type: 'test'
  ...
# Subtest: two tabs: another tab's write (storage event) makes this tab read-only immediately, even with a lower revision
ok 2751 - two tabs: another tab's write (storage event) makes this tab read-only immediately, even with a lower revision
  ---
  duration_ms: 38.702911
  type: 'test'
  ...
# Subtest: waits written by a clock in the future are clamped to their real length
ok 2752 - waits written by a clock in the future are clamped to their real length
  ---
  duration_ms: 15.063655
  type: 'test'
  ...
# Subtest: boot marks itself finished for the index.html rescue guard
ok 2753 - boot marks itself finished for the index.html rescue guard
  ---
  duration_ms: 36.720633
  type: 'test'
  ...
# Subtest: the sticker catalog is built from existing art with unique ids and valid rarities
ok 2754 - the sticker catalog is built from existing art with unique ids and valid rarities
  ---
  duration_ms: 104.047147
  type: 'test'
  ...
# Subtest: every current item has a sticker while retired items stay out
ok 2755 - every current item has a sticker while retired items stay out
  ---
  duration_ms: 18.447488
  type: 'test'
  ...
# Subtest: duplicate stickers remain usable copies up to the nine-copy cap
ok 2756 - duplicate stickers remain usable copies up to the nine-copy cap
  ---
  duration_ms: 19.208515
  type: 'test'
  ...
# Subtest: normal and category packs cost coins and never draw a sticker already at nine copies
ok 2757 - normal and category packs cost coins and never draw a sticker already at nine copies
  ---
  duration_ms: 37.434629
  type: 'test'
  ...
# Subtest: pack result marks a repeated sticker as the next copy instead of converting it to points
ok 2758 - pack result marks a repeated sticker as the next copy instead of converting it to points
  ---
  duration_ms: 16.296454
  type: 'test'
  ...
# Subtest: stickers can be placed only when owned, moved within the page, and repeated up to owned copies
ok 2759 - stickers can be placed only when owned, moved within the page, and repeated up to owned copies
  ---
  duration_ms: 39.607005
  type: 'test'
  ...
# Subtest: free-page tasks are recorded once without sticker points or coin rewards
ok 2760 - free-page tasks are recorded once without sticker points or coin rewards
  ---
  duration_ms: 22.803256
  type: 'test'
  ...
# Subtest: refreshed sticker tasks teach duplicate placement, two pages, and background changes
ok 2761 - refreshed sticker tasks teach duplicate placement, two pages, and background changes
  ---
  duration_ms: 29.274735
  type: 'test'
  ...
# Subtest: legacy completed sticker tasks migrate only to logically equivalent refreshed tasks
ok 2762 - legacy completed sticker tasks migrate only to logically equivalent refreshed tasks
  ---
  duration_ms: 14.382949
  type: 'test'
  ...
# Subtest: five tasks grant silver, all eight grant gold, and both rewards are exact once
ok 2763 - five tasks grant silver, all eight grant gold, and both rewards are exact once
  ---
  duration_ms: 16.615796
  type: 'test'
  ...
# Subtest: earned silver and gold stickers appear in the tray but do not change ordinary collection progress
ok 2764 - earned silver and gold stickers appear in the tray but do not change ordinary collection progress
  ---
  duration_ms: 31.970099
  type: 'test'
  ...
# Subtest: a first discovery grants that form as a sticker and the screen lists it
ok 2765 - a first discovery grants that form as a sticker and the screen lists it
  ---
  duration_ms: 20.086509
  type: 'test'
  ...
# Subtest: legacy sticker points disappear on normalization while owned copies clamp to nine
ok 2766 - legacy sticker points disappear on normalization while owned copies clamp to nine
  ---
  duration_ms: 40.185878
  type: 'test'
  ...
# Subtest: sticker data survives a save and reload, and old saves get an empty one-page book
ok 2767 - sticker data survives a save and reload, and old saves get an empty one-page book
  ---
  duration_ms: 39.430028
  type: 'test'
  ...
# Subtest: a fresh sticker book starts with one page and grows to at most fifteen
ok 2768 - a fresh sticker book starts with one page and grows to at most fifteen
  ---
  duration_ms: 16.906804
  type: 'test'
  ...
# Subtest: special region backgrounds unlock only after visiting them
ok 2769 - special region backgrounds unlock only after visiting them
  ---
  duration_ms: 13.118031
  type: 'test'
  ...
# Subtest: all thirteen region backgrounds render unique low-contrast SVG identities
ok 2770 - all thirteen region backgrounds render unique low-contrast SVG identities
  ---
  duration_ms: 12.821875
  type: 'test'
  ...
# Subtest: the six confusable backgrounds use visibly different motif families
ok 2771 - the six confusable backgrounds use visibly different motif families
  ---
  duration_ms: 22.993695
  type: 'test'
  ...
# Subtest: the live board and PNG export consume the same regional SVG background
ok 2772 - the live board and PNG export consume the same regional SVG background
  ---
  duration_ms: 17.985491
  type: 'test'
  ...
# Subtest: legacy four-category pages migrate without losing placed stickers
ok 2773 - legacy four-category pages migrate without losing placed stickers
  ---
  duration_ms: 27.031772
  type: 'test'
  ...
# Subtest: page export resolves to null without a real canvas
ok 2774 - page export resolves to null without a real canvas
  ---
  duration_ms: 12.626771
  type: 'test'
  ...
# Subtest: source helpers: literal() evaluates objects and arrays, skipping brackets inside strings and comments
ok 2775 - source helpers: literal() evaluates objects and arrays, skipping brackets inside strings and comments
  ---
  duration_ms: 20.783341
  type: 'test'
  ...
# Subtest: guardedRoute records a failed route fetch (label, url, code, timing) and aborts the request instead of throwing
ok 2776 - guardedRoute records a failed route fetch (label, url, code, timing) and aborts the request instead of throwing
  ---
  duration_ms: 0.884634
  type: 'test'
  ...
# Subtest: the clock runs on the home screen but stops while めぐる is open, and resumes after returning
ok 2777 - the clock runs on the home screen but stops while めぐる is open, and resumes after returning
  ---
  duration_ms: 475.674477
  type: 'test'
  ...
# Subtest: a starving pet cannot die while exploring, only once it is back home
ok 2778 - a starving pet cannot die while exploring, only once it is back home
  ---
  duration_ms: 344.290811
  type: 'test'
  ...
# Subtest: the clock stops during a minigame and during quick mode, and resumes when the game ends
ok 2779 - the clock stops during a minigame and during quick mode, and resumes when the game ends
  ---
  duration_ms: 27.31568
  type: 'test'
  ...
# Subtest: the clock stops while the transformation choice is open, and resumes after choosing to stay
ok 2780 - the clock stops while the transformation choice is open, and resumes after choosing to stay
  ---
  duration_ms: 46.966435
  type: 'test'
  ...
# Subtest: every menu overlay kind pauses the clock and closing it resumes
ok 2781 - every menu overlay kind pauses the clock and closing it resumes
  ---
  duration_ms: 33.844235
  type: 'test'
  ...
# Subtest: while めぐる is open no companion invitation, idle chatter or care notice is layered over it, and menus refuse to open
ok 2782 - while めぐる is open no companion invitation, idle chatter or care notice is layered over it, and menus refuse to open
  ---
  duration_ms: 1278.330226
  type: 'test'
  ...
# Subtest: the clock also stays stopped for date, duel, companion invitation and the grand goal celebration screens
ok 2783 - the clock also stays stopped for date, duel, companion invitation and the grand goal celebration screens
  ---
  duration_ms: 53.454947
  type: 'test'
  ...
# Subtest: the final ten shop items use their approved illustrations and labels in order
ok 2784 - the final ten shop items use their approved illustrations and labels in order
  ---
  duration_ms: 147.504559
  type: 'test'
  ...
# Subtest: retired equipment is absent from the shop
ok 2785 - retired equipment is absent from the shop
  ---
  duration_ms: 18.733489
  type: 'test'
  ...
# Subtest: equipment uses the matching illustration without modifying the saved item or actor frame
ok 2786 - equipment uses the matching illustration without modifying the saved item or actor frame
  ---
  duration_ms: 35.152619
  type: 'test'
  ...
# Subtest: manual weather and time retain their labels beside the right illustration
ok 2787 - manual weather and time retain their labels beside the right illustration
  ---
  duration_ms: 16.3137
  type: 'test'
  ...
# Subtest: an atlas error exposes the equipment emoji without changing equipment
ok 2788 - an atlas error exposes the equipment emoji without changing equipment
  ---
  duration_ms: 16.040188
  type: 'test'
  ...
# Subtest: cloud, snow and moon use illustrated scenery while retaining weather particle counts
ok 2789 - cloud, snow and moon use illustrated scenery while retaining weather particle counts
  ---
  duration_ms: 31.980845
  type: 'test'
  ...
# Subtest: lightweight weather keeps its smaller particle sets and unchanged choices
ok 2790 - lightweight weather keeps its smaller particle sets and unchanged choices
  ---
  duration_ms: 30.535185
  type: 'test'
  ...
# Subtest: winter decor and season controls reuse matching art without replacing region identity
ok 2791 - winter decor and season controls reuse matching art without replacing region identity
  ---
  duration_ms: 24.342046
  type: 'test'
  ...
# Subtest: reduced motion keeps world labels and illustrated choices without falling rain or snow
ok 2792 - reduced motion keeps world labels and illustrated choices without falling rain or snow
  ---
  duration_ms: 32.615803
  type: 'test'
  ...
# Subtest: earned header badges use illustrations in tier order without granting an unearned clear
ok 2793 - earned header badges use illustrations in tier order without granting an unearned clear
  ---
  duration_ms: 15.126209
  type: 'test'
  ...
# Subtest: spring summer and autumn labels and regional scenery share art while preserving their choices
ok 2794 - spring summer and autumn labels and regional scenery share art while preserving their choices
  ---
  duration_ms: 18.7347
  type: 'test'
  ...
# Subtest: the scenery atlas can fail independently and keeps a visible fallback for header badges
ok 2795 - the scenery atlas can fail independently and keeps a visible fallback for header badges
  ---
  duration_ms: 31.529424
  type: 'test'
  ...
# Subtest: current mountain jungle and memory-lake IDs reach their existing art in world and travel views
ok 2796 - current mountain jungle and memory-lake IDs reach their existing art in world and travel views
  ---
  duration_ms: 21.600002
  type: 'test'
  ...
# Subtest: forest decor reuses whole PNGs without adding companions or changing the scene count
ok 2797 - forest decor reuses whole PNGs without adding companions or changing the scene count
  ---
  duration_ms: 30.941608
  type: 'test'
  ...
# Subtest: a scenery PNG failure only reveals that decoration fallback without relaying out the cast
ok 2798 - a scenery PNG failure only reveals that decoration fallback without relaying out the cast
  ---
  duration_ms: 15.183045
  type: 'test'
  ...
# Subtest: an equipment PNG failure reveals only its fallback and preserves saved state
ok 2799 - an equipment PNG failure reveals only its fallback and preserves saved state
  ---
  duration_ms: 50.385759
  type: 'test'
  ...
# Subtest: game pass uses its dedicated unified PNG when equipped without mapping sunglasses to it
ok 2800 - game pass uses its dedicated unified PNG when equipped without mapping sunglasses to it
  ---
  duration_ms: 18.200516
  type: 'test'
  ...
# Subtest: game pass is a new shop purchase and does not inherit sunglasses ownership
ok 2801 - game pass is a new shop purchase and does not inherit sunglasses ownership
  ---
  duration_ms: 14.797895
  type: 'test'
  ...
# Subtest: dying treatment stays on home content without containing viewport overlays
ok 2802 - dying treatment stays on home content without containing viewport overlays
  ---
  duration_ms: 3.519988
  type: 'test'
  ...
# Subtest: travel opens destinations directly, then closes back to care
ok 2803 - travel opens destinations directly, then closes back to care
  ---
  duration_ms: 110.635581
  type: 'test'
  ...
# Subtest: the menu stops aging and an exclusive page replaces it
ok 2804 - the menu stops aging and an exclusive page replaces it
  ---
  duration_ms: 19.832627
  type: 'test'
  ...
# Subtest: court rapid taps still count individually
ok 2805 - court rapid taps still count individually
  ---
  duration_ms: 204.972948
  type: 'test'
  ...
# Subtest: medicine while healthy still changes the care state and reacts immediately
ok 2806 - medicine while healthy still changes the care state and reacts immediately
  ---
  duration_ms: 24.58286
  type: 'test'
  ...
# Subtest: play starts a random game with no chooser
ok 2807 - play starts a random game with no chooser
  ---
  duration_ms: 27.370563
  type: 'test'
  ...
# Subtest: home header and menu cannot interrupt an active minigame
ok 2808 - home header and menu cannot interrupt an active minigame
  ---
  duration_ms: 14.060122
  type: 'test'
  ...
# Subtest: game selection and achievements each open their own destination
ok 2809 - game selection and achievements each open their own destination
  ---
  duration_ms: 25.599462
  type: 'test'
  ...
# Subtest: late weather does not override manual settings or write a location into a save
ok 2810 - late weather does not override manual settings or write a location into a save
  ---
  duration_ms: 45.402584
  type: 'test'
  ...
# Subtest: late current-location result cannot pull a player out of another menu
ok 2811 - late current-location result cannot pull a player out of another menu
  ---
  duration_ms: 25.416877
  type: 'test'
  ...
# Subtest: Escape cancels the first reset prompt and leaves Data paused
ok 2812 - Escape cancels the first reset prompt and leaves Data paused
  ---
  duration_ms: 16.195782
  type: 'test'
  ...
# Subtest: Escape cancels a held final reset without wiping or resuming age
ok 2813 - Escape cancels a held final reset without wiping or resuming age
  ---
  duration_ms: 13.597484
  type: 'test'
  ...
# Subtest: failed location permission waits for explicit retry while successful snapshots auto-refresh
ok 2814 - failed location permission waits for explicit retry while successful snapshots auto-refresh
  ---
  duration_ms: 17.472978
  type: 'test'
  ...
# Subtest: blocked sleeping travel preserves the active current-city selection
ok 2815 - blocked sleeping travel preserves the active current-city selection
  ---
  duration_ms: 18.09753
  type: 'test'
  ...
# Subtest: dialog browser clock pauses before navigation instead of racing live timers
ok 2816 - dialog browser clock pauses before navigation instead of racing live timers
  ---
  duration_ms: 0.379943
  type: 'test'
  ...
# Subtest: a small newborn uses spare space and stays near the speech below it
ok 2817 - a small newborn uses spare space and stays near the speech below it
  ---
  duration_ms: 2.432859
  type: 'test'
  ...
# Subtest: bottom transparency cannot leave a fish far above its speech
ok 2818 - bottom transparency cannot leave a fish far above its speech
  ---
  duration_ms: 93.79463
  type: 'test'
  ...
# Subtest: closer core actors retain the readable size of both full companion arcs
ok 2819 - closer core actors retain the readable size of both full companion arcs
  ---
  duration_ms: 17.490284
  type: 'test'
  ...
# Subtest: equipment and the partner sit near the visible body instead of the transparent image top
ok 2820 - equipment and the partner sit near the visible body instead of the transparent image top
  ---
  duration_ms: 91.900901
  type: 'test'
  ...
# Subtest: height-constrained companions keep curved wings instead of straight columns
ok 2821 - height-constrained companions keep curved wings instead of straight columns
  ---
  duration_ms: 136.794716
  type: 'test'
  ...
# Subtest: height-constrained cast keeps all frames, two sides and motion gaps
ok 2822 - height-constrained cast keeps all frames, two sides and motion gaps
  ---
  duration_ms: 1802.037828
  type: 'test'
  ...
# Subtest: more vertical room grows the cast instead of leaving a fixed small scene
ok 2823 - more vertical room grows the cast instead of leaving a fixed small scene
  ---
  duration_ms: 2.078054
  type: 'test'
  ...
# Subtest: legacy colors and earned designs survive as a noninteractive collection
ok 2824 - legacy colors and earned designs survive as a noninteractive collection
  ---
  duration_ms: 32.766129
  type: 'test'
  ...
# Subtest: glass inputs preview immediately, save on change, and reset only readability settings
ok 2825 - glass inputs preview immediately, save on change, and reset only readability settings
  ---
  duration_ms: 46.047247
  type: 'test'
  ...
# Subtest: viewport changes follow browser chrome height while pinch zoom remains usable
ok 2826 - viewport changes follow browser chrome height while pinch zoom remains usable
  ---
  duration_ms: 42.411925
  type: 'test'
  ...
# Subtest: glass migration clamps unsafe values and respects an explicit transparency choice
ok 2827 - glass migration clamps unsafe values and respects an explicit transparency choice
  ---
  duration_ms: 154.496752
  type: 'test'
  ...
# Subtest: short visible viewports switch meter arrangement and recover without undoing pinch zoom
ok 2828 - short visible viewports switch meter arrangement and recover without undoing pinch zoom
  ---
  duration_ms: 35.296775
  type: 'test'
  ...
# Subtest: a viewport resize lays out before the next reaction and does not cancel it on render
ok 2829 - a viewport resize lays out before the next reaction and does not cancel it on render
  ---
  duration_ms: 13.922514
  type: 'test'
  ...
# Subtest: a new narration starts at the top while normal renders preserve the reading position
ok 2830 - a new narration starts at the top while normal renders preserve the reading position
  ---
  duration_ms: 16.012586
  type: 'test'
  ...
# Subtest: a new speech starts at its first line without truncating a long message
ok 2831 - a new speech starts at its first line without truncating a long message
  ---
  duration_ms: 23.199153
  type: 'test'
  ...
# Subtest: locked or invalid legacy designs cannot override the game palette
ok 2832 - locked or invalid legacy designs cannot override the game palette
  ---
  duration_ms: 13.137481
  type: 'test'
  ...
# Subtest: every saved color and pattern has one shared preview definition and independent paint layers
ok 2833 - every saved color and pattern has one shared preview definition and independent paint layers
  ---
  duration_ms: 10.872515
  type: 'test'
  ...
# Subtest: screen palette samples retain at least 4.5 contrast with white and colored motifs
ok 2834 - screen palette samples retain at least 4.5 contrast with white and colored motifs
  ---
  duration_ms: 40.2723
  type: 'test'
  ...
# Subtest: static script exposes the same interface on window
ok 2835 - static script exposes the same interface on window
  ---
  duration_ms: 5.67013
  type: 'test'
  ...
# Subtest: simulated weather is deterministic per 3-hour block and region
ok 2836 - simulated weather is deterministic per 3-hour block and region
  ---
  duration_ms: 1.397347
  type: 'test'
  ...
# Subtest: simulated weather follows the region climate and the season
ok 2837 - simulated weather follows the region climate and the season
  ---
  duration_ms: 5.421986
  type: 'test'
  ...
# Subtest: timeOfDay honors manual modes and uses the local hour for auto/invalid modes
ok 2838 - timeOfDay honors manual modes and uses the local hour for auto/invalid modes
  ---
  duration_ms: 0.208795
  type: 'test'
  ...
# Subtest: weatherFromResponse maps official codes and rejects unknown or stale readings
ok 2839 - weatherFromResponse maps official codes and rejects unknown or stale readings
  ---
  duration_ms: 0.415617
  type: 'test'
  ...
# Subtest: municipalityFromResponse selects only the nearest municipality within 25km
ok 2840 - municipalityFromResponse selects only the nearest municipality within 25km
  ---
  duration_ms: 0.398881
  type: 'test'
  ...
# Subtest: municipalityFromResponse preserves a valid provider prefecture without changing the legacy shape when absent
ok 2841 - municipalityFromResponse preserves a valid provider prefecture without changing the legacy shape when absent
  ---
  duration_ms: 0.203777
  type: 'test'
  ...
# Subtest: tracker preserves municipality precision, rounds only weather, and exposes no coordinates
ok 2842 - tracker preserves municipality precision, rounds only weather, and exposes no coordinates
  ---
  duration_ms: 4.372313
  type: 'test'
  ...
# Subtest: tracker tolerates independent provider failure and identifies the missing result
ok 2843 - tracker tolerates independent provider failure and identifies the missing result
  ---
  duration_ms: 0.766686
  type: 'test'
  ...
# Subtest: tracker coalesces overlap and permits a retry after a provider failure
ok 2844 - tracker coalesces overlap and permits a retry after a provider failure
  ---
  duration_ms: 11.248643
  type: 'test'
  ...
# Subtest: location failures are distinct, clear stale results, and malformed coordinates never fetch
ok 2845 - location failures are distinct, clear stale results, and malformed coordinates never fetch
  ---
  duration_ms: 0.92846
  type: 'test'
  ...
# Subtest: missing geolocation returns an error without prompting or throwing
ok 2846 - missing geolocation returns an error without prompting or throwing
  ---
  duration_ms: 0.205721
  type: 'test'
  ...
# Subtest: missing fetch support reports municipality and weather unavailable separately
ok 2847 - missing fetch support reports municipality and weather unavailable separately
  ---
  duration_ms: 0.22534
  type: 'test'
  ...
# Subtest: a submerged sea interprets rain and snow as weaker surface light
ok 2848 - a submerged sea interprets rain and snow as weaker surface light
  ---
  duration_ms: 1.224817
  type: 'test'
  ...
# Subtest: the sea has four light states and seasonal water without terrestrial particles
ok 2849 - the sea has four light states and seasonal water without terrestrial particles
  ---
  duration_ms: 0.739866
  type: 'test'
  ...
# Subtest: care progresses through four stages and respects the actual health danger
ok 2850 - care progresses through four stages and respects the actual health danger
  ---
  duration_ms: 0.184638
  type: 'test'
  ...
# Subtest: environment markup is stable and uses bounded, non-interactive particles
ok 2851 - environment markup is stable and uses bounded, non-interactive particles
  ---
  duration_ms: 0.963993
  type: 'test'
  ...
# Subtest: every actual region has its own landscape and climate-correct weather across 832 combinations
ok 2852 - every actual region has its own landscape and climate-correct weather across 832 combinations
  ---
  duration_ms: 156.934806
  type: 'test'
  ...
# Subtest: presentation uses current environment without changing saved choices or game effects
ok 2853 - presentation uses current environment without changing saved choices or game effects
  ---
  duration_ms: 24.968672
  type: 'test'
  ...
# Subtest: normal ticks keep scenery nodes; overlays, visibility, reduced motion and performance tiers are respected
ok 2854 - normal ticks keep scenery nodes; overlays, visibility, reduced motion and performance tiers are respected
  ---
  duration_ms: 27.253537
  type: 'test'
  ...
# Subtest: environment controls update the visible world while the menu remains open
ok 2855 - environment controls update the visible world while the menu remains open
  ---
  duration_ms: 15.794778
  type: 'test'
  ...
# Subtest: health danger, explicit care changes, partner affinity and recovery remain legible in the world
ok 2856 - health danger, explicit care changes, partner affinity and recovery remain legible in the world
  ---
  duration_ms: 80.820943
  type: 'test'
  ...
# Subtest: games pause the world immediately and story expiry cannot resume it behind a game
ok 2857 - games pause the world immediately and story expiry cannot resume it behind a game
  ---
  duration_ms: 62.413566
  type: 'test'
  ...
# Subtest: home stays indoors in every season and weather, with warm light at night
ok 2858 - home stays indoors in every season and weather, with warm light at night
  ---
  duration_ms: 0.587456
  type: 'test'
  ...
# Subtest: city switches to actual neon artwork at night without returning to old seasonal streets
ok 2859 - city switches to actual neon artwork at night without returning to old seasonal streets
  ---
  duration_ms: 0.37095
  type: 'test'
  ...
# Subtest: current location has outdoor municipal profiles without adding gameplay regions
ok 2860 - current location has outdoor municipal profiles without adding gameplay regions
  ---
  duration_ms: 0.254924
  type: 'test'
  ...
# Subtest: shared temperate branches do not turn a jungle or farm back into the same clearing
ok 2861 - shared temperate branches do not turn a jungle or farm back into the same clearing
  ---
  duration_ms: 0.215946
  type: 'test'
  ...
# Subtest: renderer updates the scenery when the municipality changes on the same gameplay region
ok 2862 - renderer updates the scenery when the municipality changes on the same gameplay region
  ---
  duration_ms: 21.041059
  type: 'test'
  ...
1..2862
# tests 2867
# suites 0
# pass 2867
# fail 0
# cancelled 0
# skipped 0
# todo 0
# duration_ms 629403.793349
TAP version 13
# Subtest: cat_friend real Home rerenders relation threshold, rescue and expiry
ok 1 - cat_friend real Home rerenders relation threshold, rescue and expiry
  ---
  duration_ms: 18.989014
  type: 'test'
  ...
# Subtest: rabbit_friend real Home rerenders relation threshold, rescue and expiry
ok 2 - rabbit_friend real Home rerenders relation threshold, rescue and expiry
  ---
  duration_ms: 14.502608
  type: 'test'
  ...
# Subtest: tanuki real Home rerenders relation threshold, rescue and expiry
ok 3 - tanuki real Home rerenders relation threshold, rescue and expiry
  ---
  duration_ms: 14.314245
  type: 'test'
  ...
# Subtest: squirrel real Home rerenders relation threshold, rescue and expiry
ok 4 - squirrel real Home rerenders relation threshold, rescue and expiry
  ---
  duration_ms: 12.932771
  type: 'test'
  ...
# Subtest: owl real Home rerenders relation threshold, rescue and expiry
ok 5 - owl real Home rerenders relation threshold, rescue and expiry
  ---
  duration_ms: 16.696407
  type: 'test'
  ...
# Subtest: otter real Home rerenders relation threshold, rescue and expiry
ok 6 - otter real Home rerenders relation threshold, rescue and expiry
  ---
  duration_ms: 12.354329
  type: 'test'
  ...
# Subtest: hamster real Home rerenders relation threshold, rescue and expiry
ok 7 - hamster real Home rerenders relation threshold, rescue and expiry
  ---
  duration_ms: 16.524477
  type: 'test'
  ...
# Subtest: panda real Home rerenders relation threshold, rescue and expiry
ok 8 - panda real Home rerenders relation threshold, rescue and expiry
  ---
  duration_ms: 11.27384
  type: 'test'
  ...
# Subtest: monkey real Home rerenders relation threshold, rescue and expiry
ok 9 - monkey real Home rerenders relation threshold, rescue and expiry
  ---
  duration_ms: 11.177394
  type: 'test'
  ...
# Subtest: parrot real Home rerenders relation threshold, rescue and expiry
ok 10 - parrot real Home rerenders relation threshold, rescue and expiry
  ---
  duration_ms: 15.633774
  type: 'test'
  ...
# Subtest: sheep real Home rerenders relation threshold, rescue and expiry
ok 11 - sheep real Home rerenders relation threshold, rescue and expiry
  ---
  duration_ms: 13.312173
  type: 'test'
  ...
# Subtest: seal real Home rerenders relation threshold, rescue and expiry
ok 12 - seal real Home rerenders relation threshold, rescue and expiry
  ---
  duration_ms: 11.328863
  type: 'test'
  ...
# Subtest: bat real Home rerenders relation threshold, rescue and expiry
ok 13 - bat real Home rerenders relation threshold, rescue and expiry
  ---
  duration_ms: 20.191888
  type: 'test'
  ...
# Subtest: chicken real Home rerenders relation threshold, rescue and expiry
ok 14 - chicken real Home rerenders relation threshold, rescue and expiry
  ---
  duration_ms: 11.223023
  type: 'test'
  ...
# Subtest: penguin_friend real Home rerenders relation threshold, rescue and expiry
ok 15 - penguin_friend real Home rerenders relation threshold, rescue and expiry
  ---
  duration_ms: 11.14114
  type: 'test'
  ...
# Subtest: hedgehog real Home rerenders relation threshold, rescue and expiry
ok 16 - hedgehog real Home rerenders relation threshold, rescue and expiry
  ---
  duration_ms: 10.158618
  type: 'test'
  ...
# Subtest: shiba real Home rerenders relation threshold, rescue and expiry
ok 17 - shiba real Home rerenders relation threshold, rescue and expiry
  ---
  duration_ms: 14.591413
  type: 'test'
  ...
# Subtest: snail real Home rerenders relation threshold, rescue and expiry
ok 18 - snail real Home rerenders relation threshold, rescue and expiry
  ---
  duration_ms: 11.610047
  type: 'test'
  ...
# Subtest: punyu real Home rerenders relation threshold, rescue and expiry
ok 19 - punyu real Home rerenders relation threshold, rescue and expiry
  ---
  duration_ms: 15.845294
  type: 'test'
  ...
# Subtest: sekizou real Home rerenders relation threshold, rescue and expiry
ok 20 - sekizou real Home rerenders relation threshold, rescue and expiry
  ---
  duration_ms: 9.735841
  type: 'test'
  ...
# Subtest: chameleon real Home rerenders relation threshold, rescue and expiry
ok 21 - chameleon real Home rerenders relation threshold, rescue and expiry
  ---
  duration_ms: 10.671983
  type: 'test'
  ...
# Subtest: clock real Home rerenders relation threshold, rescue and expiry
ok 22 - clock real Home rerenders relation threshold, rescue and expiry
  ---
  duration_ms: 14.089426
  type: 'test'
  ...
# Subtest: unicorn real Home rerenders relation threshold, rescue and expiry
ok 23 - unicorn real Home rerenders relation threshold, rescue and expiry
  ---
  duration_ms: 12.658878
  type: 'test'
  ...
# Subtest: many_tail_fox real Home rerenders relation threshold, rescue and expiry
ok 24 - many_tail_fox real Home rerenders relation threshold, rescue and expiry
  ---
  duration_ms: 10.006839
  type: 'test'
  ...
# Subtest: watcher real Home rerenders relation threshold, rescue and expiry
ok 25 - watcher real Home rerenders relation threshold, rescue and expiry
  ---
  duration_ms: 17.95181
  type: 'test'
  ...
# Subtest: box real Home rerenders relation threshold, rescue and expiry
ok 26 - box real Home rerenders relation threshold, rescue and expiry
  ---
  duration_ms: 10.657591
  type: 'test'
  ...
# Subtest: ordinary success reacts once, rescues all, rejected play does not react
ok 27 - ordinary success reacts once, rescues all, rejected play does not react
  ---
  duration_ms: 18.709763
  type: 'test'
  ...
# Subtest: cat_ceo shared court reinforcement overrides lonely, expiry re-resolves current affection
ok 28 - cat_ceo shared court reinforcement overrides lonely, expiry re-resolves current affection
  ---
  duration_ms: 34.563129
  type: 'test'
  ...
# Subtest: robot_neighbor shared court reinforcement overrides lonely, expiry re-resolves current affection
ok 29 - robot_neighbor shared court reinforcement overrides lonely, expiry re-resolves current affection
  ---
  duration_ms: 39.046198
  type: 'test'
  ...
# Subtest: field_cow shared court reinforcement overrides lonely, expiry re-resolves current affection
ok 30 - field_cow shared court reinforcement overrides lonely, expiry re-resolves current affection
  ---
  duration_ms: 30.077064
  type: 'test'
  ...
# Subtest: sunflower_partner shared court reinforcement overrides lonely, expiry re-resolves current affection
ok 31 - sunflower_partner shared court reinforcement overrides lonely, expiry re-resolves current affection
  ---
  duration_ms: 42.843335
  type: 'test'
  ...
# Subtest: forest_bear shared court reinforcement overrides lonely, expiry re-resolves current affection
ok 32 - forest_bear shared court reinforcement overrides lonely, expiry re-resolves current affection
  ---
  duration_ms: 83.411388
  type: 'test'
  ...
# Subtest: grove_deer shared court reinforcement overrides lonely, expiry re-resolves current affection
ok 33 - grove_deer shared court reinforcement overrides lonely, expiry re-resolves current affection
  ---
  duration_ms: 32.499446
  type: 'test'
  ...
# Subtest: cliff_goat shared court reinforcement overrides lonely, expiry re-resolves current affection
ok 34 - cliff_goat shared court reinforcement overrides lonely, expiry re-resolves current affection
  ---
  duration_ms: 33.006111
  type: 'test'
  ...
# Subtest: high_eagle shared court reinforcement overrides lonely, expiry re-resolves current affection
ok 35 - high_eagle shared court reinforcement overrides lonely, expiry re-resolves current affection
  ---
  duration_ms: 36.525938
  type: 'test'
  ...
# Subtest: snow_spirit shared court reinforcement overrides lonely, expiry re-resolves current affection
ok 36 - snow_spirit shared court reinforcement overrides lonely, expiry re-resolves current affection
  ---
  duration_ms: 27.672428
  type: 'test'
  ...
# Subtest: snowman shared court reinforcement overrides lonely, expiry re-resolves current affection
ok 37 - snowman shared court reinforcement overrides lonely, expiry re-resolves current affection
  ---
  duration_ms: 28.80125
  type: 'test'
  ...
# Subtest: rock_octopus shared court reinforcement overrides lonely, expiry re-resolves current affection
ok 38 - rock_octopus shared court reinforcement overrides lonely, expiry re-resolves current affection
  ---
  duration_ms: 32.75358
  type: 'test'
  ...
# Subtest: sea_mermaid shared court reinforcement overrides lonely, expiry re-resolves current affection
ok 39 - sea_mermaid shared court reinforcement overrides lonely, expiry re-resolves current affection
  ---
  duration_ms: 23.559877
  type: 'test'
  ...
# Subtest: anglerfish shared court reinforcement overrides lonely, expiry re-resolves current affection
ok 40 - anglerfish shared court reinforcement overrides lonely, expiry re-resolves current affection
  ---
  duration_ms: 36.603486
  type: 'test'
  ...
# Subtest: swamp_croc shared court reinforcement overrides lonely, expiry re-resolves current affection
ok 41 - swamp_croc shared court reinforcement overrides lonely, expiry re-resolves current affection
  ---
  duration_ms: 44.123796
  type: 'test'
  ...
# Subtest: gentle_gorilla shared court reinforcement overrides lonely, expiry re-resolves current affection
ok 42 - gentle_gorilla shared court reinforcement overrides lonely, expiry re-resolves current affection
  ---
  duration_ms: 32.954052
  type: 'test'
  ...
# Subtest: knitting_spider shared court reinforcement overrides lonely, expiry re-resolves current affection
ok 43 - knitting_spider shared court reinforcement overrides lonely, expiry re-resolves current affection
  ---
  duration_ms: 31.684548
  type: 'test'
  ...
# Subtest: desert_scorpion shared court reinforcement overrides lonely, expiry re-resolves current affection
ok 44 - desert_scorpion shared court reinforcement overrides lonely, expiry re-resolves current affection
  ---
  duration_ms: 30.343345
  type: 'test'
  ...
# Subtest: oasis_cactus shared court reinforcement overrides lonely, expiry re-resolves current affection
ok 45 - oasis_cactus shared court reinforcement overrides lonely, expiry re-resolves current affection
  ---
  duration_ms: 30.674034
  type: 'test'
  ...
# Subtest: replacement partner with same ID cannot inherit positive
ok 46 - replacement partner with same ID cannot inherit positive
  ---
  duration_ms: 32.863846
  type: 'test'
  ...
# Subtest: real save excludes reactions; reload re-resolves all companion values and partner at 20
ok 47 - real save excludes reactions; reload re-resolves all companion values and partner at 20
  ---
  duration_ms: 32.67417
  type: 'test'
  ...
# Subtest: real save excludes reactions; reload re-resolves all companion values and partner at 50
ok 48 - real save excludes reactions; reload re-resolves all companion values and partner at 50
  ---
  duration_ms: 38.652545
  type: 'test'
  ...
# Subtest: full supported catalog matches canonical runtime IDs and all assets exactly
ok 49 - full supported catalog matches canonical runtime IDs and all assets exactly
  ---
  duration_ms: 1.94909
  type: 'test'
  ...
# Subtest: 26 companions use one ordinary representative, all threshold rescues and annoyed does not start positive
ok 50 - 26 companions use one ordinary representative, all threshold rescues and annoyed does not start positive
  ---
  duration_ms: 34.976111
  type: 'test'
  ...
# Subtest: development Home fixtures directly expose both pilot partners and both companions without gameplay
ok 51 - development Home fixtures directly expose both pilot partners and both companions without gameplay
  ---
  duration_ms: 461.394699
  type: 'test'
  ...
# Subtest: expanded partner court actual event path triggers positive without changing progress rules
ok 52 - expanded partner court actual event path triggers positive without changing progress rules
  ---
  duration_ms: 29.90872
  type: 'test'
  ...
# Subtest: expanded partner repair actual event path triggers positive without changing progress rules
ok 53 - expanded partner repair actual event path triggers positive without changing progress rules
  ---
  duration_ms: 26.985522
  type: 'test'
  ...
# Subtest: expanded partner marriage actual event path triggers positive without changing progress rules
ok 54 - expanded partner marriage actual event path triggers positive without changing progress rules
  ---
  duration_ms: 90.977598
  type: 'test'
  ...
# Subtest: expanded partner date actual event path triggers positive without changing progress rules
ok 55 - expanded partner date actual event path triggers positive without changing progress rules
  ---
  duration_ms: 30.45938
  type: 'test'
  ...
# Subtest: new court success uses actual event result
ok 56 - new court success uses actual event result
  ---
  duration_ms: 28.059642
  type: 'test'
  ...
# Subtest: new court failure uses actual event result
ok 57 - new court failure uses actual event result
  ---
  duration_ms: 16.650969
  type: 'test'
  ...
# Subtest: annoyed during positive does not extend reaction or retain positive after original expiry
ok 58 - annoyed during positive does not extend reaction or retain positive after original expiry
  ---
  duration_ms: 10.843501
  type: 'test'
  ...
# Subtest: real play gives only positive individuals motion and head hearts; expiry removes cues
ok 59 - real play gives only positive individuals motion and head hearts; expiry removes cues
  ---
  duration_ms: 10.454485
  type: 'test'
  ...
# Subtest: ordinary play and all-inviting dialogue do not animate non-target companions
ok 60 - ordinary play and all-inviting dialogue do not animate non-target companions
  ---
  duration_ms: 10.274714
  type: 'test'
  ...
# Subtest: every possible representative in a dense 26-companion Home receives one safe heart
ok 61 - every possible representative in a dense 26-companion Home receives one safe heart
  ---
  duration_ms: 758.873956
  type: 'test'
  ...
# Subtest: 26 simultaneous expiries coalesce Home work while removing every transient
ok 62 - 26 simultaneous expiries coalesce Home work while removing every transient
  ---
  duration_ms: 18.893761
  type: 'test'
  ...
# Subtest: partner three visual states retain marriage ring=false and replace one heart
ok 63 - partner three visual states retain marriage ring=false and replace one heart
  ---
  duration_ms: 37.21695
  type: 'test'
  ...
# Subtest: partner three visual states retain marriage ring=true and replace one heart
ok 64 - partner three visual states retain marriage ring=true and replace one heart
  ---
  duration_ms: 97.918133
  type: 'test'
  ...
# Subtest: companion aura and heart belong to the actor; positive replaces cold and expires back to current value
ok 65 - companion aura and heart belong to the actor; positive replaces cold and expires back to current value
  ---
  duration_ms: 11.125186
  type: 'test'
  ...
# Subtest: married ring preserves exact layout coordinates through every partner expression rebuild
ok 66 - married ring preserves exact layout coordinates through every partner expression rebuild
  ---
  duration_ms: 105.983207
  type: 'test'
  ...
# Subtest: reload reconstructs marriage ring from existing married flag at affection 20
ok 67 - reload reconstructs marriage ring from existing married flag at affection 20
  ---
  duration_ms: 202.290499
  type: 'test'
  ...
# Subtest: reload reconstructs marriage ring from existing married flag at affection 50
ok 68 - reload reconstructs marriage ring from existing married flag at affection 50
  ---
  duration_ms: 200.342799
  type: 'test'
  ...
# Subtest: full resolver prioritizes positive, then lonely below 30, then normal without mutating input
ok 69 - full resolver prioritizes positive, then lonely below 30, then normal without mutating input
  ---
  duration_ms: 3.674791
  type: 'test'
  ...
# Subtest: unregistered characters and wrong-kind IDs always use original PNG
ok 70 - unregistered characters and wrong-kind IDs always use original PNG
  ---
  duration_ms: 0.673306
  type: 'test'
  ...
# Subtest: one ordinary representative plus all rescued individuals, deduplicated
ok 71 - one ordinary representative plus all rescued individuals, deduplicated
  ---
  duration_ms: 0.357369
  type: 'test'
  ...
# Subtest: temporary reaction expiry, refresh, object identity and JSON non-persistence
ok 72 - temporary reaction expiry, refresh, object identity and JSON non-persistence
  ---
  duration_ms: 0.290358
  type: 'test'
  ...
# Subtest: every registered relationship image is a new 128px transparent PNG
ok 73 - every registered relationship image is a new 128px transparent PNG
  ---
  duration_ms: 2.461642
  type: 'test'
  ...
# Subtest: reaction exposes an ephemeral start token and expiry without persisting entity fields
ok 74 - reaction exposes an ephemeral start token and expiry without persisting entity fields
  ---
  duration_ms: 1.043554
  type: 'test'
  ...
# Subtest: heart remains immediately above its owner even if a neighbour occupies that space
ok 75 - heart remains immediately above its owner even if a neighbour occupies that space
  ---
  duration_ms: 0.299222
  type: 'test'
  ...
# Subtest: positive companion layer is raised locally so neighbours cannot hide its owner-attached heart
ok 76 - positive companion layer is raised locally so neighbours cannot hide its owner-attached heart
  ---
  duration_ms: 0.39144
  type: 'test'
  ...
# Subtest: only partner positive heart grows 1.2 times; anchor keeps face gap and stage bounds
ok 77 - only partner positive heart grows 1.2 times; anchor keeps face gap and stage bounds
  ---
  duration_ms: 1.157806
  type: 'test'
  ...
# Subtest: approved marriage ring uses fixed scale and tone without comparison overrides
ok 78 - approved marriage ring uses fixed scale and tone without comparison overrides
  ---
  duration_ms: 0.28559
  type: 'test'
  ...
# Subtest: browser ring geometry checks approved scale and rejects obsolete or oversized values
ok 79 - browser ring geometry checks approved scale and rejects obsolete or oversized values
  ---
  duration_ms: 1.39914
  type: 'test'
  ...
# Subtest: painted ring excludes transparent atlas margin without allowing actual character overlap
ok 80 - painted ring excludes transparent atlas margin without allowing actual character overlap
  ---
  duration_ms: 46.626659
  type: 'test'
  ...
1..80
# tests 80
# suites 0
# pass 80
# fail 0
# cancelled 0
# skipped 0
# todo 0
# duration_ms 3494.358704
