SMOKE TEST OK
DOM ids: 380
minigames started: 100
variant collections: 92
LEGEND SCHEDULER TEST OK: 6 blocked states; 7 paused menus; non-winning roll; 5 unseen legends; pause, skip, close and one reward-free encounter.
DIALOGUE TEST OK: 20 events; 18 partners; 26 companions; action handlers; 2500ms timing; cancellation; recency; 10 sampled legend stories; 16 anniversary cases.
DATE LIFECYCLE TEST OK: ordinary dates, skip/close, pause/resume/cooldown and complete deep-sea branches.
WHOLE-TEXT TEST OK: 248 descriptions; 40 ordinary stories; 10 deep-sea plans; ordinary date skip/close; 36 anniversary lines; event memories; 18 first encounters.
CAST TEST OK: snail encounters and speech; retired koala migration, bond, row, dex and earned achievements; PNG renderer reference.
NORMAL CAST PNG TEST OK: 19 PNG headers; 18 companions x 5 renderer sizes; 9+9 live rows; collected and locked dex.
RARE CAST PNG TEST OK: 8 PNGs x 5 renderer sizes; invite/profile/row/dex; hidden and partial dex; 13+13 mixed rows; bond retained.
CLOCK CAST TEST OK: real encounter and 69/70 recruitment; five dialogue events; legacy mushroom save, bond, PNG, dialogue and rare dex; unique current/legacy counts.
PARTNER CAST PNG TEST OK: 18 PNGs x 5 sizes; saved relationships; companion/profile/dex; 180 complete dates; 72 complete anniversaries; first encounters; aliases, guests and hidden dex.
AUTHOR ENDING TEST OK: 247/248 unlock; native dex count; goals 4/5; direct goal 5 at 25/100 and both exits; pet and life-record preservation; 4200ms greeting; old-save access and rewards; hidden/repeatable shop greeting; textless goals 1-3 and reward notices.
MAIN 203 AUTHOR COMPATIBILITY OK: prior perfect save keeps author, crown and infinite mode; six new achievements stay unearned; 99/100 current games excludes retired records and opens goal 5 correctly.
VISUAL QA ROUTE TEST OK: generated script compiles; egg, anniversary, legend and ordinary date saves; long disease selects medicine; illustrated save reloads 26 companions, partner, 10 shop items. No browser rendering claimed.
TAP version 13
# [naotocchi] test Error: probe failure
#     at TestContext.<anonymous> (/home/runner/work/naotocchi/naotocchi/tests/album-test.cjs:46:28)
#     at Test.runInAsyncScope (node:async_hooks:214:14)
#     at Test.run (node:internal/test_runner/test:1047:25)
#     at Test.processPendingSubtests (node:internal/test_runner/test:744:18)
#     at Test.postRun (node:internal/test_runner/test:1173:19)
#     at Test.run (node:internal/test_runner/test:1101:12)
#     at async Test.processPendingSubtests (node:internal/test_runner/test:744:7)
# Subtest: the life timeline groups log entries by age and the data screen shows it
ok 1 - the life timeline groups log entries by age and the data screen shows it
  ---
  duration_ms: 147.421086
  type: 'test'
  ...
# Subtest: a life card code round-trips and past lives keep their timeline and code
ok 2 - a life card code round-trips and past lives keep their timeline and code
  ---
  duration_ms: 22.019892
  type: 'test'
  ...
# Subtest: the life card lists the whole timeline and a code button
ok 3 - the life card lists the whole timeline and a code button
  ---
  duration_ms: 29.178748
  type: 'test'
  ...
# Subtest: recorded runtime errors appear in the data screen
ok 4 - recorded runtime errors appear in the data screen
  ---
  duration_ms: 28.561197
  type: 'test'
  ...
# Subtest: every static assets/… reference in HTML, CSS and JS exists with the exact case
ok 5 - every static assets/… reference in HTML, CSS and JS exists with the exact case
  ---
  duration_ms: 40.518516
  type: 'test'
  ...
# Subtest: every script and stylesheet carries a token whose hash matches the file (bump-versions formula)
ok 6 - every script and stylesheet carries a token whose hash matches the file (bump-versions formula)
  ---
  duration_ms: 30.162533
  type: 'test'
  ...
# Subtest: dynamic paths: current species, unified items, egg frames and goal-art fallbacks exist
ok 7 - dynamic paths: current species, unified items, egg frames and goal-art fallbacks exist
  ---
  duration_ms: 137.45277
  type: 'test'
  ...
# Subtest: the checks catch a missing file, a case mismatch, a stale token, a missing token and a missing dynamic path
ok 8 - the checks catch a missing file, a case mismatch, a stale token, a missing token and a missing dynamic path
  ---
  duration_ms: 0.974244
  type: 'test'
  ...
# Subtest: the real index.html and references turn red when a token goes stale, a token is dropped or a path changes case
ok 9 - the real index.html and references turn red when a token goes stale, a token is dropped or a path changes case
  ---
  duration_ms: 42.424036
  type: 'test'
  ...
# Subtest: npm run bump still rewrites only the ?v= tokens with YYYYMMDD-<assetHash>, and is idempotent
ok 10 - npm run bump still rewrites only the ?v= tokens with YYYYMMDD-<assetHash>, and is idempotent
  ---
  duration_ms: 122.80212
  type: 'test'
  ...
# Subtest: index.html asset references exist and carry cache tokens
ok 11 - index.html asset references exist and carry cache tokens
  ---
  duration_ms: 4.35398
  type: 'test'
  ...
# Subtest: the bump tool rewrites only cache tokens
ok 12 - the bump tool rewrites only cache tokens
  ---
  duration_ms: 0.270363
  type: 'test'
  ...
# Subtest: all eight BGM scenes request valid waveforms and schedule two complete loops
ok 13 - all eight BGM scenes request valid waveforms and schedule two complete loops
  ---
  duration_ms: 88.508135
  type: 'test'
  ...
# Subtest: Quick voice routes pico, browser reading and silence through the saved mode
ok 14 - Quick voice routes pico, browser reading and silence through the saved mode
  ---
  duration_ms: 5.524056
  type: 'test'
  ...
# Subtest: the actual TTS controller ducks both buses and replaces the scheduled recovery
ok 15 - the actual TTS controller ducks both buses and replaces the scheduled recovery
  ---
  duration_ms: 3.132396
  type: 'test'
  ...
# Subtest: quick cues are shaped into short, punchy shouts: crisp stop, rising question, faster rate for longer words
ok 16 - quick cues are shaped into short, punchy shouts: crisp stop, rising question, faster rate for longer words
  ---
  duration_ms: 1.375533
  type: 'test'
  ...
# Subtest: ordinary text keeps native arguments and receiver with no illustration state changes
ok 17 - ordinary text keeps native arguments and receiver with no illustration state changes
  ---
  duration_ms: 3.763878
  type: 'test'
  ...
# Subtest: mixed text draws art in the original glyph advance and keeps center/baseline/state
ok 18 - mixed text draws art in the original glyph advance and keeps center/baseline/state
  ---
  duration_ms: 1.851184
  type: 'test'
  ...
# Subtest: maxWidth compresses the whole decorated run and RTL start alignment keeps the right edge
ok 19 - maxWidth compresses the whole decorated run and RTL start alignment keeps the right edge
  ---
  duration_ms: 1.144739
  type: 'test'
  ...
# Subtest: pending, missing and failed images never draw an emoji and settle without scheduling a canvas redraw
ok 20 - pending, missing and failed images never draw an emoji and settle without scheduling a canvas redraw
  ---
  duration_ms: 2.101457
  type: 'test'
  ...
# Subtest: loaded image replaces a pending placeholder on the next caller frame and draw errors stay contained
ok 21 - loaded image replaces a pending placeholder on the next caller frame and draw errors stay contained
  ---
  duration_ms: 1.169035
  type: 'test'
  ...
# Subtest: atlas crops reuse supplied images and actor markers remain separate from bonus symbols
ok 22 - atlas crops reuse supplied images and actor markers remain separate from bonus symbols
  ---
  duration_ms: 1.042646
  type: 'test'
  ...
# Subtest: a malformed atlas cannot sample neighboring or absent artwork
ok 23 - a malformed atlas cannot sample neighboring or absent artwork
  ---
  duration_ms: 0.926773
  type: 'test'
  ...
# Subtest: scenery clip bounds preserve the original frame scale and transparent margins
ok 24 - scenery clip bounds preserve the original frame scale and transparent margins
  ---
  duration_ms: 2.210139
  type: 'test'
  ...
# Subtest: out-of-frame clip bounds cannot expose neighboring atlas illustrations
ok 25 - out-of-frame clip bounds cannot expose neighboring atlas illustrations
  ---
  duration_ms: 1.146622
  type: 'test'
  ...
# Subtest: ordinary copyright and registered marks keep native text while explicit emoji variants use art
ok 26 - ordinary copyright and registered marks keep native text while explicit emoji variants use art
  ---
  duration_ms: 1.350956
  type: 'test'
  ...
# Subtest: joined emoji, flags and keycaps are replaced as whole symbols
ok 27 - joined emoji, flags and keycaps are replaced as whole symbols
  ---
  duration_ms: 0.938351
  type: 'test'
  ...
# Subtest: tagged flags stay one complete symbol in live text and preloading
ok 28 - tagged flags stay one complete symbol in live text and preloading
  ---
  duration_ms: 0.878502
  type: 'test'
  ...
# Subtest: slide puzzle refreshes cached art on its normal frame after loading and never after retirement
ok 29 - slide puzzle refreshes cached art on its normal frame after loading and never after retirement
  ---
  duration_ms: 150.899023
  type: 'test'
  ...
# Subtest: road offscreen sprite caches replace placeholders after loading without drawing raw emoji
ok 30 - road offscreen sprite caches replace placeholders after loading without drawing raw emoji
  ---
  duration_ms: 52.742811
  type: 'test'
  ...
# Subtest: illustrated road play retains input results, rewards and completion timing
ok 31 - illustrated road play retains input results, rewards and completion timing
  ---
  duration_ms: 2917.532759
  type: 'test'
  ...
# Subtest: pre-decode keeps the atlas decoded once as an ImageBitmap, draws from it, and never bumps the sprite version
ok 32 - pre-decode keeps the atlas decoded once as an ImageBitmap, draws from it, and never bumps the sprite version
  ---
  duration_ms: 1.778244
  type: 'test'
  ...
# Subtest: pre-decode failure, svg art and a size mismatch all keep the ordinary lazy image draw
ok 33 - pre-decode failure, svg art and a size mismatch all keep the ordinary lazy image draw
  ---
  duration_ms: 2.524128
  type: 'test'
  ...
# Subtest: health danger is visible before dying and survives unrelated messages and expiry
ok 34 - health danger is visible before dying and survives unrelated messages and expiry
  ---
  duration_ms: 124.581406
  type: 'test'
  ...
# Subtest: illness remains recognizable alongside low life, and medicine clears only the illness effects
ok 35 - illness remains recognizable alongside low life, and medicine clears only the illness effects
  ---
  duration_ms: 37.807219
  type: 'test'
  ...
# Subtest: illness names the condition above the character instead of generic care wording
ok 36 - illness names the condition above the character instead of generic care wording
  ---
  duration_ms: 24.539522
  type: 'test'
  ...
# Subtest: attention effects stop for menus, games, stories and hidden tabs, then reconstruct at home
ok 37 - attention effects stop for menus, games, stories and hidden tabs, then reconstruct at home
  ---
  duration_ms: 40.729782
  type: 'test'
  ...
# Subtest: lightweight mode retains the alert but requests still effects
ok 38 - lightweight mode retains the alert but requests still effects
  ---
  duration_ms: 19.707499
  type: 'test'
  ...
# Subtest: sweat stays beside the painted young fish instead of its transparent upper frame
ok 39 - sweat stays beside the painted young fish instead of its transparent upper frame
  ---
  duration_ms: 23.140024
  type: 'test'
  ...
# Subtest: critical care advice follows the real sequence without medicine for a healthy pet
ok 40 - critical care advice follows the real sequence without medicine for a healthy pet
  ---
  duration_ms: 40.734759
  type: 'test'
  ...
# Subtest: six-tick health death remains unchanged while every living tick has a notice
ok 41 - six-tick health death remains unchanged while every living tick has a notice
  ---
  duration_ms: 24.469177
  type: 'test'
  ...
# Subtest: reloaded illness reconstructs a notice and medicine resolves it
ok 42 - reloaded illness reconstructs a notice and medicine resolves it
  ---
  duration_ms: 57.72997
  type: 'test'
  ...
# Subtest: explicit care displays changes once; ordinary natural ticks stay quiet
ok 43 - explicit care displays changes once; ordinary natural ticks stay quiet
  ---
  duration_ms: 19.642933
  type: 'test'
  ...
# Subtest: danger presentation clears behind overlays and returns with the same state
ok 44 - danger presentation clears behind overlays and returns with the same state
  ---
  duration_ms: 36.273369
  type: 'test'
  ...
# Subtest: egg, farewell and immortal states do not inherit death warnings
ok 45 - egg, farewell and immortal states do not inherit death warnings
  ---
  duration_ms: 18.452837
  type: 'test'
  ...
# Subtest: reduced motion and lightweight mode retain static warning text
ok 46 - reduced motion and lightweight mode retain static warning text
  ---
  duration_ms: 76.150427
  type: 'test'
  ...
# Subtest: numeric feedback keeps the explanation of a mistaken medicine visible
ok 47 - numeric feedback keeps the explanation of a mistaken medicine visible
  ---
  duration_ms: 21.432425
  type: 'test'
  ...
# Subtest: a growth milestone waits for action feedback instead of being forgotten
ok 48 - a growth milestone waits for action feedback instead of being forgotten
  ---
  duration_ms: 23.897344
  type: 'test'
  ...
# Subtest: a recovery milestone waits while a higher priority warning remains
ok 49 - a recovery milestone waits while a higher priority warning remains
  ---
  duration_ms: 18.892964
  type: 'test'
  ...
# Subtest: a delayed sleep recovery never tells an already awake pet to wake
ok 50 - a delayed sleep recovery never tells an already awake pet to wake
  ---
  duration_ms: 31.183611
  type: 'test'
  ...
# Subtest: illness care is readable before an arbitrarily long saved disease name
ok 51 - illness care is readable before an arbitrarily long saved disease name
  ---
  duration_ms: 17.735756
  type: 'test'
  ...
# Subtest: running cat sweat brackets its head rather than the distant tail
ok 52 - running cat sweat brackets its head rather than the distant tail
  ---
  duration_ms: 28.639934
  type: 'test'
  ...
# Subtest: static script exposes the pure assessment interface on window
ok 53 - static script exposes the pure assessment interface on window
  ---
  duration_ms: 3.873883
  type: 'test'
  ...
# Subtest: signals exposes canonical mild and strong display bands without changing assess
ok 54 - signals exposes canonical mild and strong display bands without changing assess
  ---
  duration_ms: 0.620998
  type: 'test'
  ...
# Subtest: signals keeps life and stage semantics identical to current care rules
ok 55 - signals keeps life and stage semantics identical to current care rules
  ---
  duration_ms: 0.348591
  type: 'test'
  ...
# Subtest: signals exposes health, sickness, sleep, and pet availability without mutating state
ok 56 - signals exposes health, sickness, sleep, and pet availability without mutating state
  ---
  duration_ms: 0.313458
  type: 'test'
  ...
# Subtest: assess leaves healthy and non-playable life stages quiet without mutating state
ok 57 - assess leaves healthy and non-playable life stages quiet without mutating state
  ---
  duration_ms: 0.225376
  type: 'test'
  ...
# Subtest: assess treats each real mortal life-risk signal as critical
ok 58 - assess treats each real mortal life-risk signal as critical
  ---
  duration_ms: 0.426877
  type: 'test'
  ...
# Subtest: low life gives recovery advice before the critical threshold and clears after recovery
ok 59 - low life gives recovery advice before the critical threshold and clears after recovery
  ---
  duration_ms: 0.289262
  type: 'test'
  ...
# Subtest: life and health notices choose one useful action from the actual cause
ok 60 - life and health notices choose one useful action from the actual cause
  ---
  duration_ms: 0.560296
  type: 'test'
  ...
# Subtest: health advice never prescribes harmful care and falls back from unavailable affection
ok 61 - health advice never prescribes harmful care and falls back from unavailable affection
  ---
  duration_ms: 0.461949
  type: 'test'
  ...
# Subtest: high life risk restores every stat to the 60-point recovery threshold
ok 62 - high life risk restores every stat to the 60-point recovery threshold
  ---
  duration_ms: 0.462851
  type: 'test'
  ...
# Subtest: unavailable affection uses sleep when exhausted and play when energy is adequate
ok 63 - unavailable affection uses sleep when exhausted and play when energy is adequate
  ---
  duration_ms: 0.198917
  type: 'test'
  ...
# Subtest: assess reports ordinary care needs in priority order
ok 64 - assess reports ordinary care needs in priority order
  ---
  duration_ms: 0.18072
  type: 'test'
  ...
# Subtest: sickness labels remain plain text data for the textContent renderer
ok 65 - sickness labels remain plain text data for the textContent renderer
  ---
  duration_ms: 0.154631
  type: 'test'
  ...
# Subtest: sleep notices distinguish ongoing recovery from a completed rest
ok 66 - sleep notices distinguish ongoing recovery from a completed rest
  ---
  duration_ms: 0.195092
  type: 'test'
  ...
# Subtest: fixed-slot status copy stays compact and has no Japanese word spacing
ok 67 - fixed-slot status copy stays compact and has no Japanese word spacing
  ---
  duration_ms: 0.301861
  type: 'test'
  ...
# Subtest: immortality defaults from state and suppresses death wording while retaining care advice
ok 68 - immortality defaults from state and suppresses death wording while retaining care advice
  ---
  duration_ms: 1.043508
  type: 'test'
  ...
# Subtest: snapshot copies only fields used by explicit action summaries
ok 69 - snapshot copies only fields used by explicit action summaries
  ---
  duration_ms: 0.252086
  type: 'test'
  ...
# Subtest: changes reports at most two meaningful deltas in care priority order
ok 70 - changes reports at most two meaningful deltas in care priority order
  ---
  duration_ms: 0.392295
  type: 'test'
  ...
# Subtest: changes derives life from risk and keeps decline improvement negative
ok 71 - changes derives life from risk and keeps decline improvement negative
  ---
  duration_ms: 0.170815
  type: 'test'
  ...
# Subtest: changes ignores sub-point drift and does not mutate either snapshot
ok 72 - changes ignores sub-point drift and does not mutate either snapshot
  ---
  duration_ms: 0.24783
  type: 'test'
  ...
# Subtest: a married partner keeps a readable ring between the couple and clear of every moving character
ok 73 - a married partner keeps a readable ring between the couple and clear of every moving character
  ---
  duration_ms: 15529.099553
  type: 'test'
  ...
# Subtest: a ring keeps companions readable when another arrangement fits at the same main size
ok 74 - a ring keeps companions readable when another arrangement fits at the same main size
  ---
  duration_ms: 13.83449
  type: 'test'
  ...
# Subtest: the poop row keeps the same lower-right anchor above speech across party sizes and art changes
ok 75 - the poop row keeps the same lower-right anchor above speech across party sizes and art changes
  ---
  duration_ms: 624.513735
  type: 'test'
  ...
# Subtest: home wings balance the painted gaps around the main body, including different PNG padding
ok 76 - home wings balance the painted gaps around the main body, including different PNG padding
  ---
  duration_ms: 149.343357
  type: 'test'
  ...
# Subtest: every intermediate party size fits the minimum fixed home, with partner/item independently present
ok 77 - every intermediate party size fits the minimum fixed home, with partner/item independently present
  ---
  duration_ms: 429.107063
  type: 'test'
  ...
# Subtest: mixed failed and padded friend images keep every stress-count actor and poop slot in a fixed home
ok 78 - mixed failed and padded friend images keep every stress-count actor and poop slot in a fixed home
  ---
  duration_ms: 11.726693
  type: 'test'
  ...
# Subtest: a mixed 31-friend wing fits the minimum height without moving the permanent poop strip
ok 79 - a mixed 31-friend wing fits the minimum height without moving the permanent poop strip
  ---
  duration_ms: 10.310354
  type: 'test'
  ...
# Subtest: poop follows the applied field scale rather than the companion count, with a readable floor
ok 80 - poop follows the applied field scale rather than the companion count, with a readable floor
  ---
  duration_ms: 19.445403
  type: 'test'
  ...
# Subtest: failed companion images keep the balanced cast and the poop row inside the smallest home
ok 81 - failed companion images keep the balanced cast and the poop row inside the smallest home
  ---
  duration_ms: 23.658965
  type: 'test'
  ...
# Subtest: home conversation stays centered below the permanent poop strip without covering the completed cast
ok 82 - home conversation stays centered below the permanent poop strip without covering the completed cast
  ---
  duration_ms: 2369.527927
  type: 'test'
  ...
# Subtest: a home cast stays in view during its larger hop and sway and leaves the floor clear
ok 83 - a home cast stays in view during its larger hop and sway and leaves the floor clear
  ---
  duration_ms: 518.926387
  type: 'test'
  ...
# Subtest: whole cast fits with room for sway and four-pixel companion gaps
ok 84 - whole cast fits with room for sway and four-pixel companion gaps
  ---
  duration_ms: 2130.230213
  type: 'test'
  ...
# Subtest: unknown or failed art retains complete frames without overlapping the core
ok 85 - unknown or failed art retains complete frames without overlapping the core
  ---
  duration_ms: 146.01467
  type: 'test'
  ...
# Subtest: independent reactions retain full frames and four-pixel friend gaps throughout the sway
ok 86 - independent reactions retain full frames and four-pixel friend gaps throughout the sway
  ---
  duration_ms: 2191.517877
  type: 'test'
  ...
# Subtest: a ticklish line moves the pet and equipment together, then the speaking friend is identified without a second celebration
ok 87 - a ticklish line moves the pet and equipment together, then the speaking friend is identified without a second celebration
  ---
  duration_ms: 163.161829
  type: 'test'
  ...
# Subtest: courtship follows the actual partner, while a failed courtship never celebrates
ok 88 - courtship follows the actual partner, while a failed courtship never celebrates
  ---
  duration_ms: 43.617903
  type: 'test'
  ...
# Subtest: non-Relationship group responses remain visible, while negative outcomes settle once
ok 89 - non-Relationship group responses remain visible, while negative outcomes settle once
  ---
  duration_ms: 132.397454
  type: 'test'
  ...
# Subtest: poop updates preserve every placed actor and do not interrupt a reaction
ok 90 - poop updates preserve every placed actor and do not interrupt a reaction
  ---
  duration_ms: 78.22852
  type: 'test'
  ...
# Subtest: care moods follow the line and outcome instead of always bouncing happily
ok 91 - care moods follow the line and outcome instead of always bouncing happily
  ---
  duration_ms: 17.929856
  type: 'test'
  ...
# Subtest: a comforting reply cannot make the disappointed or unwell pet celebrate
ok 92 - a comforting reply cannot make the disappointed or unwell pet celebrate
  ---
  duration_ms: 34.868281
  type: 'test'
  ...
# Subtest: a new action cancels old replies and an old animation cannot clear a new one
ok 93 - a new action cancels old replies and an old animation cannot clear a new one
  ---
  duration_ms: 50.130276
  type: 'test'
  ...
# Subtest: menus and hidden pages stop reactions, and reduced motion still identifies the speaker
ok 94 - menus and hidden pages stop reactions, and reduced motion still identifies the speaker
  ---
  duration_ms: 53.271124
  type: 'test'
  ...
# Subtest: a companion who left before their turn cannot speak or animate a different companion
ok 95 - a companion who left before their turn cannot speak or animate a different companion
  ---
  duration_ms: 213.255289
  type: 'test'
  ...
# Subtest: enabling reduced motion mid-speech stops movement but preserves the current speaker
ok 96 - enabling reduced motion mid-speech stops movement but preserves the current speaker
  ---
  duration_ms: 18.08673
  type: 'test'
  ...
# Subtest: every motion and its interpolation stay inside the reserved one- or three-pixel envelope
ok 97 - every motion and its interpolation stay inside the reserved one- or three-pixel envelope
  ---
  duration_ms: 369.595596
  type: 'test'
  ...
# Subtest: pet-only cues animate the pet and accessory with identical frames
ok 98 - pet-only cues animate the pet and accessory with identical frames
  ---
  duration_ms: 0.796149
  type: 'test'
  ...
# Subtest: pet reports zero when its animation cannot start
ok 99 - pet reports zero when its animation cannot start
  ---
  duration_ms: 0.383342
  type: 'test'
  ...
# Subtest: isActive tracks pet motion and idle can exclude the pet
ok 100 - isActive tracks pet motion and idle can exclude the pet
  ---
  duration_ms: 0.32178
  type: 'test'
  ...
# Subtest: medicine cure settles first unless the text describes rejection
ok 101 - medicine cure settles first unless the text describes rejection
  ---
  duration_ms: 0.238386
  type: 'test'
  ...
# Subtest: pet care semantics win over randomized line tone without changing social tone
ok 102 - pet care semantics win over randomized line tone without changing social tone
  ---
  duration_ms: 0.164215
  type: 'test'
  ...
# Subtest: buildPreview wraps the current game with a compact isolated phone-safe control shell
ok 103 - buildPreview wraps the current game with a compact isolated phone-safe control shell
  ---
  duration_ms: 245.941714
  type: 'test'
  ...
# Subtest: default preview seeds an exact fresh-state adult hungry cat in memory only
ok 104 - default preview seeds an exact fresh-state adult hungry cat in memory only
  ---
  duration_ms: 210.725653
  type: 'test'
  ...
# Subtest: the generated Map-backed adapter implements the complete disposable Storage surface
ok 105 - the generated Map-backed adapter implements the complete disposable Storage surface
  ---
  duration_ms: 190.522414
  type: 'test'
  ...
# Subtest: URL presets use a strict allowlist and reset every care fixture independently
ok 106 - URL presets use a strict allowlist and reset every care fixture independently
  ---
  duration_ms: 460.543404
  type: 'test'
  ...
# Subtest: temporary happy stays on ordinary care controls and never runs automatically
ok 107 - temporary happy stays on ordinary care controls and never runs automatically
  ---
  duration_ms: 111.981597
  type: 'test'
  ...
# Subtest: CLI writes the same self-contained preview for the requested safe preset
ok 108 - CLI writes the same self-contained preview for the requested safe preset
  ---
  duration_ms: 343.867388
  type: 'test'
  ...
# Subtest: all preview forms keep selected faces visible across startup saves without achievement flashes
ok 109 - all preview forms keep selected faces visible across startup saves without achievement flashes
  ---
  duration_ms: 7769.871695
  type: 'test'
  ...
# Subtest: preset clicks reset only the child session and bootstrap uses that selected preset
ok 110 - preset clicks reset only the child session and bootstrap uses that selected preset
  ---
  duration_ms: 173.620741
  type: 'test'
  ...
# Subtest: kitten preview seeds the real third stage in isolated storage and rejects unknown forms
ok 111 - kitten preview seeds the real third stage in isolated storage and rejects unknown forms
  ---
  duration_ms: 99.172489
  type: 'test'
  ...
# Subtest: otemba preview seeds the fourth stage in disposable storage
ok 112 - otemba preview seeds the fourth stage in disposable storage
  ---
  duration_ms: 147.370229
  type: 'test'
  ...
# Subtest: young preview seeds the fifth stage in disposable storage
ok 113 - young preview seeds the fifth stage in disposable storage
  ---
  duration_ms: 140.740896
  type: 'test'
  ...
# Subtest: calm preview seeds the seventh stage in disposable storage
ok 114 - calm preview seeds the seventh stage in disposable storage
  ---
  duration_ms: 154.665848
  type: 'test'
  ...
# Subtest: elder preview seeds the eighth stage in disposable storage
ok 115 - elder preview seeds the eighth stage in disposable storage
  ---
  duration_ms: 139.923216
  type: 'test'
  ...
# Subtest: toddler preview seeds the second stage in disposable storage
ok 116 - toddler preview seeds the second stage in disposable storage
  ---
  duration_ms: 132.755813
  type: 'test'
  ...
# Subtest: baby preview seeds the first stage in disposable storage
ok 117 - baby preview seeds the first stage in disposable storage
  ---
  duration_ms: 138.997743
  type: 'test'
  ...
# Subtest: adult dog preview uses isolated storage and the real sixth stage
ok 118 - adult dog preview uses isolated storage and the real sixth stage
  ---
  duration_ms: 149.089583
  type: 'test'
  ...
# Subtest: query-selected dog matches the dropdown and can switch back to adult cat
ok 119 - query-selected dog matches the dropdown and can switch back to adult cat
  ---
  duration_ms: 153.686656
  type: 'test'
  ...
# Subtest: puppy preview uses isolated storage and the real third stage
ok 120 - puppy preview uses isolated storage and the real third stage
  ---
  duration_ms: 110.463427
  type: 'test'
  ...
# Subtest: wanpaku preview uses isolated storage and the real fourth stage
ok 121 - wanpaku preview uses isolated storage and the real fourth stage
  ---
  duration_ms: 116.355415
  type: 'test'
  ...
# Subtest: young dog preview uses isolated storage and the real fifth stage
ok 122 - young dog preview uses isolated storage and the real fifth stage
  ---
  duration_ms: 139.123061
  type: 'test'
  ...
# Subtest: calm dog preview uses isolated storage and the real seventh stage
ok 123 - calm dog preview uses isolated storage and the real seventh stage
  ---
  duration_ms: 126.595105
  type: 'test'
  ...
# Subtest: babyDog preview uses isolated storage and the correct age stage
ok 124 - babyDog preview uses isolated storage and the correct age stage
  ---
  duration_ms: 122.743343
  type: 'test'
  ...
# Subtest: toddlerDog preview uses isolated storage and the correct age stage
ok 125 - toddlerDog preview uses isolated storage and the correct age stage
  ---
  duration_ms: 127.170744
  type: 'test'
  ...
# Subtest: elderDog preview uses isolated storage and the correct age stage
ok 126 - elderDog preview uses isolated storage and the correct age stage
  ---
  duration_ms: 120.496608
  type: 'test'
  ...
# Subtest: man preview exposes every stage and never accesses real saves
ok 127 - man preview exposes every stage and never accesses real saves
  ---
  duration_ms: 787.212733
  type: 'test'
  ...
# Subtest: woman preview exposes every stage and never accesses real saves
ok 128 - woman preview exposes every stage and never accesses real saves
  ---
  duration_ms: 549.193896
  type: 'test'
  ...
# Subtest: penguin preview exposes every stage and never accesses real saves
ok 129 - penguin preview exposes every stage and never accesses real saves
  ---
  duration_ms: 576.431838
  type: 'test'
  ...
# Subtest: turtle preview exposes every stage and never accesses real saves
ok 130 - turtle preview exposes every stage and never accesses real saves
  ---
  duration_ms: 594.175012
  type: 'test'
  ...
# Subtest: frog preview exposes every stage and never accesses real saves
ok 131 - frog preview exposes every stage and never accesses real saves
  ---
  duration_ms: 599.874467
  type: 'test'
  ...
# Subtest: clownfish preview exposes every stage and never accesses real saves
ok 132 - clownfish preview exposes every stage and never accesses real saves
  ---
  duration_ms: 581.614485
  type: 'test'
  ...
# Subtest: salmon preview exposes every stage and never accesses real saves
ok 133 - salmon preview exposes every stage and never accesses real saves
  ---
  duration_ms: 676.177287
  type: 'test'
  ...
# Subtest: hermit_crab preview exposes every stage and never accesses real saves
ok 134 - hermit_crab preview exposes every stage and never accesses real saves
  ---
  duration_ms: 610.366394
  type: 'test'
  ...
# Subtest: jellyfish preview exposes every stage and never accesses real saves
ok 135 - jellyfish preview exposes every stage and never accesses real saves
  ---
  duration_ms: 600.648098
  type: 'test'
  ...
# Subtest: starfish preview exposes every stage and never accesses real saves
ok 136 - starfish preview exposes every stage and never accesses real saves
  ---
  duration_ms: 660.401558
  type: 'test'
  ...
# Subtest: coral preview exposes every stage and never accesses real saves
ok 137 - coral preview exposes every stage and never accesses real saves
  ---
  duration_ms: 558.263633
  type: 'test'
  ...
# Subtest: butterfly preview exposes every stage and never accesses real saves
ok 138 - butterfly preview exposes every stage and never accesses real saves
  ---
  duration_ms: 643.31782
  type: 'test'
  ...
# Subtest: beetle preview exposes every stage and never accesses real saves
ok 139 - beetle preview exposes every stage and never accesses real saves
  ---
  duration_ms: 529.825306
  type: 'test'
  ...
# Subtest: stagbeetle preview exposes every stage and never accesses real saves
ok 140 - stagbeetle preview exposes every stage and never accesses real saves
  ---
  duration_ms: 569.15508
  type: 'test'
  ...
# Subtest: cicada preview exposes every stage and never accesses real saves
ok 141 - cicada preview exposes every stage and never accesses real saves
  ---
  duration_ms: 567.877211
  type: 'test'
  ...
# Subtest: antlion preview exposes every stage and never accesses real saves
ok 142 - antlion preview exposes every stage and never accesses real saves
  ---
  duration_ms: 567.931737
  type: 'test'
  ...
# Subtest: dandelion preview exposes every stage and never accesses real saves
ok 143 - dandelion preview exposes every stage and never accesses real saves
  ---
  duration_ms: 566.403205
  type: 'test'
  ...
# Subtest: sakura preview exposes every stage and never accesses real saves
ok 144 - sakura preview exposes every stage and never accesses real saves
  ---
  duration_ms: 614.443951
  type: 'test'
  ...
# Subtest: venus_flytrap preview exposes every stage and never accesses real saves
ok 145 - venus_flytrap preview exposes every stage and never accesses real saves
  ---
  duration_ms: 573.319539
  type: 'test'
  ...
# Subtest: mushroom preview exposes every stage and never accesses real saves
ok 146 - mushroom preview exposes every stage and never accesses real saves
  ---
  duration_ms: 690.849028
  type: 'test'
  ...
# Subtest: dragon preview exposes every stage and never accesses real saves
ok 147 - dragon preview exposes every stage and never accesses real saves
  ---
  duration_ms: 552.324564
  type: 'test'
  ...
# Subtest: phoenix preview exposes every stage and never accesses real saves
ok 148 - phoenix preview exposes every stage and never accesses real saves
  ---
  duration_ms: 583.896983
  type: 'test'
  ...
# Subtest: god preview exposes every stage and never accesses real saves
ok 149 - god preview exposes every stage and never accesses real saves
  ---
  duration_ms: 545.993099
  type: 'test'
  ...
# Subtest: world_tree preview exposes every stage and never accesses real saves
ok 150 - world_tree preview exposes every stage and never accesses real saves
  ---
  duration_ms: 544.849993
  type: 'test'
  ...
# Subtest: ghost preview exposes every stage and never accesses real saves
ok 151 - ghost preview exposes every stage and never accesses real saves
  ---
  duration_ms: 572.042001
  type: 'test'
  ...
# Subtest: star preview exposes every stage and never accesses real saves
ok 152 - star preview exposes every stage and never accesses real saves
  ---
  duration_ms: 610.034715
  type: 'test'
  ...
# Subtest: plush preview exposes every stage and never accesses real saves
ok 153 - plush preview exposes every stage and never accesses real saves
  ---
  duration_ms: 617.484973
  type: 'test'
  ...
# Subtest: unknown preview exposes every stage and never accesses real saves
ok 154 - unknown preview exposes every stage and never accesses real saves
  ---
  duration_ms: 588.025016
  type: 'test'
  ...
# Subtest: ren preview exposes every stage and never accesses real saves
ok 155 - ren preview exposes every stage and never accesses real saves
  ---
  duration_ms: 536.650901
  type: 'test'
  ...
# Subtest: salmon preview uses all eight canonical stage names
ok 156 - salmon preview uses all eight canonical stage names
  ---
  duration_ms: 122.669329
  type: 'test'
  ...
# Subtest: hermit_crab preview uses all eight canonical stage names
ok 157 - hermit_crab preview uses all eight canonical stage names
  ---
  duration_ms: 126.439476
  type: 'test'
  ...
# Subtest: jellyfish preview uses all eight canonical stage names
ok 158 - jellyfish preview uses all eight canonical stage names
  ---
  duration_ms: 128.734934
  type: 'test'
  ...
# Subtest: starfish preview uses all eight canonical stage names
ok 159 - starfish preview uses all eight canonical stage names
  ---
  duration_ms: 246.760622
  type: 'test'
  ...
# Subtest: coral preview uses all eight canonical stage names
ok 160 - coral preview uses all eight canonical stage names
  ---
  duration_ms: 115.310228
  type: 'test'
  ...
# Subtest: butterfly preview uses all eight canonical stage names
ok 161 - butterfly preview uses all eight canonical stage names
  ---
  duration_ms: 129.582036
  type: 'test'
  ...
# Subtest: beetle preview uses all eight canonical stage names
ok 162 - beetle preview uses all eight canonical stage names
  ---
  duration_ms: 130.659421
  type: 'test'
  ...
# Subtest: stagbeetle preview uses all eight canonical stage names
ok 163 - stagbeetle preview uses all eight canonical stage names
  ---
  duration_ms: 134.98142
  type: 'test'
  ...
# Subtest: cicada preview uses all eight canonical stage names
ok 164 - cicada preview uses all eight canonical stage names
  ---
  duration_ms: 128.763592
  type: 'test'
  ...
# Subtest: antlion preview uses all eight canonical stage names
ok 165 - antlion preview uses all eight canonical stage names
  ---
  duration_ms: 129.59168
  type: 'test'
  ...
# Subtest: dandelion preview uses all eight canonical stage names
ok 166 - dandelion preview uses all eight canonical stage names
  ---
  duration_ms: 205.733004
  type: 'test'
  ...
# Subtest: sakura preview uses all eight canonical stage names
ok 167 - sakura preview uses all eight canonical stage names
  ---
  duration_ms: 130.076421
  type: 'test'
  ...
# Subtest: venus_flytrap preview uses all eight canonical stage names
ok 168 - venus_flytrap preview uses all eight canonical stage names
  ---
  duration_ms: 130.550597
  type: 'test'
  ...
# Subtest: mushroom preview uses all eight canonical stage names
ok 169 - mushroom preview uses all eight canonical stage names
  ---
  duration_ms: 135.412881
  type: 'test'
  ...
# Subtest: dragon preview uses all eight canonical stage names
ok 170 - dragon preview uses all eight canonical stage names
  ---
  duration_ms: 136.445579
  type: 'test'
  ...
# Subtest: phoenix preview uses all eight canonical stage names
ok 171 - phoenix preview uses all eight canonical stage names
  ---
  duration_ms: 132.285634
  type: 'test'
  ...
# Subtest: god preview uses all eight canonical stage names
ok 172 - god preview uses all eight canonical stage names
  ---
  duration_ms: 138.561935
  type: 'test'
  ...
# Subtest: world_tree preview uses all eight canonical stage names
ok 173 - world_tree preview uses all eight canonical stage names
  ---
  duration_ms: 138.132043
  type: 'test'
  ...
# Subtest: ghost preview uses all eight canonical stage names
ok 174 - ghost preview uses all eight canonical stage names
  ---
  duration_ms: 133.108315
  type: 'test'
  ...
# Subtest: star preview uses all eight canonical stage names
ok 175 - star preview uses all eight canonical stage names
  ---
  duration_ms: 128.586815
  type: 'test'
  ...
# Subtest: plush preview uses all eight canonical stage names
ok 176 - plush preview uses all eight canonical stage names
  ---
  duration_ms: 130.292257
  type: 'test'
  ...
# Subtest: unknown preview uses canonical punctuation and suppresses disposable rare achievement flashes
ok 177 - unknown preview uses canonical punctuation and suppresses disposable rare achievement flashes
  ---
  duration_ms: 128.343173
  type: 'test'
  ...
# Subtest: ren preview uses canonical secret names without a fabricated rare achievement
ok 178 - ren preview uses canonical secret names without a fabricated rare achievement
  ---
  duration_ms: 130.312909
  type: 'test'
  ...
# Subtest: clownfish gay keeps its targets through stages 7 and 8
ok 179 - clownfish gay keeps its targets through stages 7 and 8
  ---
  duration_ms: 160.019359
  type: 'test'
  ...
# Subtest: clownfish straight keeps its targets through stages 7 and 8
ok 180 - clownfish straight keeps its targets through stages 7 and 8
  ---
  duration_ms: 50.819514
  type: 'test'
  ...
# Subtest: new clownfish follow the pictured body stage while NB and other species keep their rules
ok 181 - new clownfish follow the pictured body stage while NB and other species keep their rules
  ---
  duration_ms: 17.425583
  type: 'test'
  ...
# Subtest: bi male/nonbinary survives sex change and reload without re-selection
ok 182 - bi male/nonbinary survives sex change and reload without re-selection
  ---
  duration_ms: 52.822594
  type: 'test'
  ...
# Subtest: bi female/nonbinary survives sex change and reload without re-selection
ok 183 - bi female/nonbinary survives sex change and reload without re-selection
  ---
  duration_ms: 65.081695
  type: 'test'
  ...
# Subtest: bi male/female survives sex change and reload without re-selection
ok 184 - bi male/female survives sex change and reload without re-selection
  ---
  duration_ms: 35.319255
  type: 'test'
  ...
# Subtest: bi male/female/nonbinary survives sex change and reload without re-selection
ok 185 - bi male/female/nonbinary survives sex change and reload without re-selection
  ---
  duration_ms: 50.450483
  type: 'test'
  ...
# Subtest: pan male/female/nonbinary survives sex change and reload without re-selection
ok 186 - pan male/female/nonbinary survives sex change and reload without re-selection
  ---
  duration_ms: 42.329801
  type: 'test'
  ...
# Subtest: aro  survives sex change and reload without re-selection
ok 187 - aro  survives sex change and reload without re-selection
  ---
  duration_ms: 51.027445
  type: 'test'
  ...
# Subtest: questioning male/female/nonbinary survives sex change and reload without re-selection
ok 188 - questioning male/female/nonbinary survives sex change and reload without re-selection
  ---
  duration_ms: 35.376891
  type: 'test'
  ...
# Subtest: NB identity remains NB while its clownfish body completes the transition
ok 189 - NB identity remains NB while its clownfish body completes the transition
  ---
  duration_ms: 28.078505
  type: 'test'
  ...
# Subtest: NB body-only change does not reopen an already reconciled relationship
ok 190 - NB body-only change does not reopen an already reconciled relationship
  ---
  duration_ms: 17.706252
  type: 'test'
  ...
# Subtest: a legacy sex-change notice cannot overwrite a primary save recovered from backup
ok 191 - a legacy sex-change notice cannot overwrite a primary save recovered from backup
  ---
  duration_ms: 52.338631
  type: 'test'
  ...
# Subtest: a partner whose targets no longer include us is retained as mismatched, including marriage
ok 192 - a partner whose targets no longer include us is retained as mismatched, including marriage
  ---
  duration_ms: 230.924005
  type: 'test'
  ...
# Subtest: compatible partners keep affection and a newly matching partner leaves mismatch
ok 193 - compatible partners keep affection and a newly matching partner leaves mismatch
  ---
  duration_ms: 37.103979
  type: 'test'
  ...
# Subtest: valid saved attraction overrides stale labels for self, partner, and guest
ok 194 - valid saved attraction overrides stale labels for self, partner, and guest
  ---
  duration_ms: 66.843284
  type: 'test'
  ...
# Subtest: legacy late-stage saves migrate once after age conversion; existing females never revert
ok 195 - legacy late-stage saves migrate once after age conversion; existing females never revert
  ---
  duration_ms: 83.102647
  type: 'test'
  ...
# Subtest: normal and infinite transformations use the selected form; returning restores the original life
ok 196 - normal and infinite transformations use the selected form; returning restores the original life
  ---
  duration_ms: 23.91462
  type: 'test'
  ...
# Subtest: guest codes preserve individual bi targets and canonical labels; old codes still load
ok 197 - guest codes preserve individual bi targets and canonical labels; old codes still load
  ---
  duration_ms: 32.151371
  type: 'test'
  ...
# Subtest: shared early-female clownfish keep a female stage name in profile and court
ok 198 - shared early-female clownfish keep a female stage name in profile and court
  ---
  duration_ms: 18.132328
  type: 'test'
  ...
# Subtest: a migrated infinite return snapshot gets the same identity repair before resuming
ok 199 - a migrated infinite return snapshot gets the same identity repair before resuming
  ---
  duration_ms: 60.907944
  type: 'test'
  ...
# Subtest: real court regression: male/straight against 18 identities
ok 200 - real court regression: male/straight against 18 identities
  ---
  duration_ms: 138.843291
  type: 'test'
  ...
# Subtest: real court regression: male/gay against 18 identities
ok 201 - real court regression: male/gay against 18 identities
  ---
  duration_ms: 112.845637
  type: 'test'
  ...
# Subtest: real court regression: male/bi against 18 identities
ok 202 - real court regression: male/bi against 18 identities
  ---
  duration_ms: 158.739397
  type: 'test'
  ...
# Subtest: real court regression: male/pan against 18 identities
ok 203 - real court regression: male/pan against 18 identities
  ---
  duration_ms: 215.122542
  type: 'test'
  ...
# Subtest: real court regression: male/aro against 18 identities
ok 204 - real court regression: male/aro against 18 identities
  ---
  duration_ms: 38.976028
  type: 'test'
  ...
# Subtest: real court regression: male/questioning against 18 identities
ok 205 - real court regression: male/questioning against 18 identities
  ---
  duration_ms: 321.744499
  type: 'test'
  ...
# Subtest: real court regression: female/straight against 18 identities
ok 206 - real court regression: female/straight against 18 identities
  ---
  duration_ms: 120.863009
  type: 'test'
  ...
# Subtest: real court regression: female/gay against 18 identities
ok 207 - real court regression: female/gay against 18 identities
  ---
  duration_ms: 105.457999
  type: 'test'
  ...
# Subtest: real court regression: female/bi against 18 identities
ok 208 - real court regression: female/bi against 18 identities
  ---
  duration_ms: 180.252192
  type: 'test'
  ...
# Subtest: real court regression: female/pan against 18 identities
ok 209 - real court regression: female/pan against 18 identities
  ---
  duration_ms: 237.995141
  type: 'test'
  ...
# Subtest: real court regression: female/aro against 18 identities
ok 210 - real court regression: female/aro against 18 identities
  ---
  duration_ms: 36.553287
  type: 'test'
  ...
# Subtest: real court regression: female/questioning against 18 identities
ok 211 - real court regression: female/questioning against 18 identities
  ---
  duration_ms: 230.220685
  type: 'test'
  ...
# Subtest: real court regression: nonbinary/straight against 18 identities
ok 212 - real court regression: nonbinary/straight against 18 identities
  ---
  duration_ms: 171.131226
  type: 'test'
  ...
# Subtest: real court regression: nonbinary/gay against 18 identities
ok 213 - real court regression: nonbinary/gay against 18 identities
  ---
  duration_ms: 109.527905
  type: 'test'
  ...
# Subtest: real court regression: nonbinary/bi against 18 identities
ok 214 - real court regression: nonbinary/bi against 18 identities
  ---
  duration_ms: 157.552135
  type: 'test'
  ...
# Subtest: real court regression: nonbinary/pan against 18 identities
ok 215 - real court regression: nonbinary/pan against 18 identities
  ---
  duration_ms: 205.753431
  type: 'test'
  ...
# Subtest: real court regression: nonbinary/aro against 18 identities
ok 216 - real court regression: nonbinary/aro against 18 identities
  ---
  duration_ms: 33.494988
  type: 'test'
  ...
# Subtest: real court regression: nonbinary/questioning against 18 identities
ok 217 - real court regression: nonbinary/questioning against 18 identities
  ---
  duration_ms: 204.750888
  type: 'test'
  ...
# Subtest: new court after a gay male becomes female uses both participants current genders
ok 218 - new court after a gay male becomes female uses both participants current genders
  ---
  duration_ms: 67.099186
  type: 'test'
  ...
# Subtest: completed relationships can reconcile and stay reconciled after save/load without changing targets
ok 219 - completed relationships can reconcile and stay reconciled after save/load without changing targets
  ---
  duration_ms: 92.165792
  type: 'test'
  ...
# Subtest: a normal tick crossing stage 8 completes once and a non-clownfish never changes gender
ok 220 - a normal tick crossing stage 8 completes once and a non-clownfish never changes gender
  ---
  duration_ms: 40.837072
  type: 'test'
  ...
# Subtest: finished lives retain the recorded identity when an old save is loaded
ok 221 - finished lives retain the recorded identity when an old save is loaded
  ---
  duration_ms: 144.483986
  type: 'test'
  ...
# Subtest: old compatibility cleanup cannot delete a partner before the clownfish migration makes them compatible
ok 222 - old compatibility cleanup cannot delete a partner before the clownfish migration makes them compatible
  ---
  duration_ms: 148.73959
  type: 'test'
  ...
# Subtest: sex change during a minigame is announced after returning to the home screen
ok 223 - sex change during a minigame is announced after returning to the home screen
  ---
  duration_ms: 24.941683
  type: 'test'
  ...
# Subtest: a same-tick elder achievement cannot replace the completed sex-change notice
ok 224 - a same-tick elder achievement cannot replace the completed sex-change notice
  ---
  duration_ms: 18.973738
  type: 'test'
  ...
# Subtest: stage-7 notice waits until finished minigame results have been readable
ok 225 - stage-7 notice waits until finished minigame results have been readable
  ---
  duration_ms: 24.020458
  type: 'test'
  ...
# Subtest: newborn clownfish hatch male for a binary roll and save that identity
ok 226 - newborn clownfish hatch male for a binary roll and save that identity
  ---
  duration_ms: 21.275513
  type: 'test'
  ...
# Subtest: a transition notice waits behind transformation choices and survives choosing to stay
ok 227 - a transition notice waits behind transformation choices and survives choosing to stay
  ---
  duration_ms: 28.677665
  type: 'test'
  ...
# Subtest: pre-v2 compatibility migration leaves finished clownfish relationships and logs unchanged
ok 228 - pre-v2 compatibility migration leaves finished clownfish relationships and logs unchanged
  ---
  duration_ms: 103.883693
  type: 'test'
  ...
# Subtest: pre-v2 infinite return relationship migration is complete before the first return
ok 229 - pre-v2 infinite return relationship migration is complete before the first return
  ---
  duration_ms: 154.588364
  type: 'test'
  ...
# Subtest: a same-tick marriage anniversary leaves the transition notice for after the movie
ok 230 - a same-tick marriage anniversary leaves the transition notice for after the movie
  ---
  duration_ms: 71.136162
  type: 'test'
  ...
# Subtest: comment text reuses matching illustrations and escapes arbitrary text
ok 231 - comment text reuses matching illustrations and escapes arbitrary text
  ---
  duration_ms: 155.640405
  type: 'test'
  ...
# Subtest: whole emoji sequences stay intact and unrelated food keeps its meaning
ok 232 - whole emoji sequences stay intact and unrelated food keeps its meaning
  ---
  duration_ms: 23.318259
  type: 'test'
  ...
# Subtest: speech shows the current actor illustration and leaves conversation and saves unchanged
ok 233 - speech shows the current actor illustration and leaves conversation and saves unchanged
  ---
  duration_ms: 28.879872
  type: 'test'
  ...
# Subtest: notices retain their scroll position until the actual message changes
ok 234 - notices retain their scroll position until the actual message changes
  ---
  duration_ms: 27.955742
  type: 'test'
  ...
# Subtest: event text, captions and birthday notices use the same inline presentation
ok 235 - event text, captions and birthday notices use the same inline presentation
  ---
  duration_ms: 31.782936
  type: 'test'
  ...
# Subtest: birthday and milestone symbols depict their own objects without unrelated atlas substitutes
ok 236 - birthday and milestone symbols depict their own objects without unrelated atlas substitutes
  ---
  duration_ms: 33.136746
  type: 'test'
  ...
# Subtest: all 26 companions and 18 partners keep their own speech portraits
ok 237 - all 26 companions and 18 partners keep their own speech portraits
  ---
  duration_ms: 262.339072
  type: 'test'
  ...
# Subtest: comment image failure stays local and works for newly inserted pictures
ok 238 - comment image failure stays local and works for newly inserted pictures
  ---
  duration_ms: 30.32863
  type: 'test'
  ...
# Subtest: pet reaction notices keep their words and identify the actual pet with its PNG
ok 239 - pet reaction notices keep their words and identify the actual pet with its PNG
  ---
  duration_ms: 25.818532
  type: 'test'
  ...
# Subtest: normal egg reserves an unraised species without changing this life or spending stock
ok 240 - normal egg reserves an unraised species without changing this life or spending stock
  ---
  duration_ms: 138.264192
  type: 'test'
  ...
# Subtest: normal egg blocks an exhausted pool and cannot borrow from the other pool
ok 241 - normal egg blocks an exhausted pool and cannot borrow from the other pool
  ---
  duration_ms: 21.250493
  type: 'test'
  ...
# Subtest: rare egg reserves an unraised species without changing this life or spending stock
ok 242 - rare egg reserves an unraised species without changing this life or spending stock
  ---
  duration_ms: 24.235099
  type: 'test'
  ...
# Subtest: rare egg blocks an exhausted pool and cannot borrow from the other pool
ok 243 - rare egg blocks an exhausted pool and cannot borrow from the other pool
  ---
  duration_ms: 25.457113
  type: 'test'
  ...
# Subtest: one reservation blocks all rerolls; cancellation never duplicates either stock
ok 244 - one reservation blocks all rerolls; cancellation never duplicates either stock
  ---
  duration_ms: 25.395761
  type: 'test'
  ...
# Subtest: reservation and unused stock survive reload, infinite return and next life; five taps consume once
ok 245 - reservation and unused stock survive reload, infinite return and next life; five taps consume once
  ---
  duration_ms: 123.068658
  type: 'test'
  ...
# Subtest: funded legacy reservation keeps an already raised species through migration and hatch
ok 246 - funded legacy reservation keeps an already raised species through migration and hatch
  ---
  duration_ms: 71.444773
  type: 'test'
  ...
# Subtest: old discovered species seed the unraised pool while new temporary discoveries do not
ok 247 - old discovered species seed the unraised pool while new temporary discoveries do not
  ---
  duration_ms: 68.888798
  type: 'test'
  ...
# Subtest: malformed or unfunded reservations never grant their species or negative stock
ok 248 - malformed or unfunded reservations never grant their species or negative stock
  ---
  duration_ms: 194.661943
  type: 'test'
  ...
# Subtest: infinite mode cannot reserve or hatch a funded egg
ok 249 - infinite mode cannot reserve or hatch a funded egg
  ---
  duration_ms: 16.702764
  type: 'test'
  ...
# Subtest: existing milestone egg grants use new stock once and never revive old dream fields
ok 250 - existing milestone egg grants use new stock once and never revive old dream fields
  ---
  duration_ms: 16.234715
  type: 'test'
  ...
# Subtest: normal purchase reserves secretly once; cancel/re-reserve/reload never refunds or clones
ok 251 - normal purchase reserves secretly once; cancel/re-reserve/reload never refunds or clones
  ---
  duration_ms: 77.431801
  type: 'test'
  ...
# Subtest: normal reserve without stock cannot purchase and unavailable purchase cannot charge
ok 252 - normal reserve without stock cannot purchase and unavailable purchase cannot charge
  ---
  duration_ms: 35.381427
  type: 'test'
  ...
# Subtest: rare purchase reserves secretly once; cancel/re-reserve/reload never refunds or clones
ok 253 - rare purchase reserves secretly once; cancel/re-reserve/reload never refunds or clones
  ---
  duration_ms: 41.073966
  type: 'test'
  ...
# Subtest: rare reserve without stock cannot purchase and unavailable purchase cannot charge
ok 254 - rare reserve without stock cannot purchase and unavailable purchase cannot charge
  ---
  duration_ms: 33.495222
  type: 'test'
  ...
# Subtest: central egg controls are removed from real HTML and runtime listeners
ok 255 - central egg controls are removed from real HTML and runtime listeners
  ---
  duration_ms: 7.020911
  type: 'test'
  ...
# Subtest: normal egg card has exactly one state-appropriate action and owned stock cannot be repurchased
ok 256 - normal egg card has exactly one state-appropriate action and owned stock cannot be repurchased
  ---
  duration_ms: 180.536987
  type: 'test'
  ...
# Subtest: rare egg card has exactly one state-appropriate action and owned stock cannot be repurchased
ok 257 - rare egg card has exactly one state-appropriate action and owned stock cannot be repurchased
  ---
  duration_ms: 312.405401
  type: 'test'
  ...
# Subtest: friend tickets list active-unjoined normal and rare companions without spending before confirmation
ok 258 - friend tickets list active-unjoined normal and rare companions without spending before confirmation
  ---
  duration_ms: 127.938364
  type: 'test'
  ...
# Subtest: confirming a companion ticket opens the normal invitation and stale confirmation does not spend
ok 259 - confirming a companion ticket opens the normal invitation and stale confirmation does not spend
  ---
  duration_ms: 29.945102
  type: 'test'
  ...
# Subtest: cancel and no candidate leave friend stock untouched
ok 260 - cancel and no candidate leave friend stock untouched
  ---
  duration_ms: 42.28793
  type: 'test'
  ...
# Subtest: match ticket lists exactly the mutually attracted candidates for male female and nonbinary pets, including seen candidates
ok 261 - match ticket lists exactly the mutually attracted candidates for male female and nonbinary pets, including seen candidates
  ---
  duration_ms: 20.864164
  type: 'test'
  ...
# Subtest: match confirmation calls one candidate to the current region without changing world tables or creating a partner
ok 262 - match confirmation calls one candidate to the current region without changing world tables or creating a partner
  ---
  duration_ms: 21.297508
  type: 'test'
  ...
# Subtest: match confirmation revalidates partner while calls survive introductions and clear on travel
ok 263 - match confirmation revalidates partner while calls survive introductions and clear on travel
  ---
  duration_ms: 166.343885
  type: 'test'
  ...
# Subtest: match confirmation revalidates stock and a local-home display transition keeps the paid call
ok 264 - match confirmation revalidates stock and a local-home display transition keeps the paid call
  ---
  duration_ms: 26.800729
  type: 'test'
  ...
# Subtest: a called match survives save reload in the same region
ok 265 - a called match survives save reload in the same region
  ---
  duration_ms: 35.765973
  type: 'test'
  ...
# Subtest: confirming either companion ticket leaves the shop so its invitation is reachable
ok 266 - confirming either companion ticket leaves the shop so its invitation is reachable
  ---
  duration_ms: 104.6065
  type: 'test'
  ...
# Subtest: time tickets change only the adjacent visual stage for five real minutes
ok 267 - time tickets change only the adjacent visual stage for five real minutes
  ---
  duration_ms: 140.77648
  type: 'test'
  ...
# Subtest: time tickets enforce the first and eighth actual-stage boundaries
ok 268 - time tickets enforce the first and eighth actual-stage boundaries
  ---
  duration_ms: 46.174398
  type: 'test'
  ...
# Subtest: a temporary form survives reload without extending and clears on a real stage change
ok 269 - a temporary form survives reload without extending and clears on a real stage change
  ---
  duration_ms: 58.591097
  type: 'test'
  ...
# Subtest: dex tickets offer exactly all ordinary and eight rare forms and stale choices do not spend
ok 270 - dex tickets offer exactly all ordinary and eight rare forms and stale choices do not spend
  ---
  duration_ms: 50.300574
  type: 'test'
  ...
# Subtest: transform tickets fund three legal candidates and favor species never raised
ok 271 - transform tickets fund three legal candidates and favor species never raised
  ---
  duration_ms: 36.6261
  type: 'test'
  ...
# Subtest: transform tickets supplement experienced candidates and reject stale or unavailable selections
ok 272 - transform tickets supplement experienced candidates and reject stale or unavailable selections
  ---
  duration_ms: 26.010283
  type: 'test'
  ...
# Subtest: legacy discovery seeds raised species once without later temporary discoveries
ok 273 - legacy discovery seeds raised species once without later temporary discoveries
  ---
  duration_ms: 68.666378
  type: 'test'
  ...
# Subtest: an actual transformation clears a temporary appearance
ok 274 - an actual transformation clears a temporary appearance
  ---
  duration_ms: 19.128536
  type: 'test'
  ...
# Subtest: ticket candidates cannot transform through the ordinary overlay without spending stock
ok 275 - ticket candidates cannot transform through the ordinary overlay without spending stock
  ---
  duration_ms: 17.565583
  type: 'test'
  ...
# Subtest: reloading an open transform ticket keeps stock and restores no ordinary offer
ok 276 - reloading an open transform ticket keeps stock and restores no ordinary offer
  ---
  duration_ms: 60.868663
  type: 'test'
  ...
# Subtest: dex picker hides every unknown form including markup and reveals only after selection
ok 277 - dex picker hides every unknown form including markup and reveals only after selection
  ---
  duration_ms: 74.96916
  type: 'test'
  ...
# Subtest: life medicine refills only life and can be used again after life falls
ok 278 - life medicine refills only life and can be used again after life falls
  ---
  duration_ms: 141.809301
  type: 'test'
  ...
# Subtest: life medicine at full life or outside a living finite life does not consume
ok 279 - life medicine at full life or outside a living finite life does not consume
  ---
  duration_ms: 107.219615
  type: 'test'
  ...
# Subtest: life charm automatically prevents actual death without changing its causes
ok 280 - life charm automatically prevents actual death without changing its causes
  ---
  duration_ms: 32.342381
  type: 'test'
  ...
# Subtest: a real dying tick spends one charm at the death boundary
ok 281 - a real dying tick spends one charm at the death boundary
  ---
  duration_ms: 27.542905
  type: 'test'
  ...
# Subtest: the tick reaching age one hundred enters farewell before charm consumption
ok 282 - the tick reaching age one hundred enters farewell before charm consumption
  ---
  duration_ms: 34.549207
  type: 'test'
  ...
# Subtest: life charm waits through grace and is never spent for farewell or infinity
ok 283 - life charm waits through grace and is never spent for farewell or infinity
  ---
  duration_ms: 19.583682
  type: 'test'
  ...
# Subtest: life charm is automatic and has no manual use control
ok 284 - life charm is automatic and has no manual use control
  ---
  duration_ms: 20.682763
  type: 'test'
  ...
# Subtest: retired consumables have no sale, use, or active-effect behavior
ok 285 - retired consumables have no sale, use, or active-effect behavior
  ---
  duration_ms: 31.148209
  type: 'test'
  ...
# Subtest: shop orders all twelve consumables by the approved catalog
ok 286 - shop orders all twelve consumables by the approved catalog
  ---
  duration_ms: 17.33299
  type: 'test'
  ...
# Subtest: final consumable catalog publishes exactly the twelve approved products
ok 287 - final consumable catalog publishes exactly the twelve approved products
  ---
  duration_ms: 3.735979
  type: 'test'
  ...
# Subtest: legacy stock converts or refunds once before retired IDs are filtered
ok 288 - legacy stock converts or refunds once before retired IDs are filtered
  ---
  duration_ms: 1.668892
  type: 'test'
  ...
# Subtest: every retired stock ID refunds its old unit price and purchase history adds nothing
ok 289 - every retired stock ID refunds its old unit price and purchase history adds nothing
  ---
  duration_ms: 1.05144
  type: 'test'
  ...
# Subtest: authoritative lifetime bag prevents live and snapshot copies from duplicating refunds
ok 290 - authoritative lifetime bag prevents live and snapshot copies from duplicating refunds
  ---
  duration_ms: 0.444764
  type: 'test'
  ...
# Subtest: invalid counts and unsafe sums cannot create unsafe money or stock
ok 291 - invalid counts and unsafe sums cannot create unsafe money or stock
  ---
  duration_ms: 0.357043
  type: 'test'
  ...
# Subtest: deduplicates prepaid reservations across live and infinite snapshots
ok 292 - deduplicates prepaid reservations across live and infinite snapshots
  ---
  duration_ms: 0.429382
  type: 'test'
  ...
# Subtest: separately paid small and great minigame reservations refund both once
ok 293 - separately paid small and great minigame reservations refund both once
  ---
  duration_ms: 2.213425
  type: 'test'
  ...
# Subtest: one logical minigame reservation refunds only its highest evidenced tier
ok 294 - one logical minigame reservation refunds only its highest evidenced tier
  ---
  duration_ms: 0.36843
  type: 'test'
  ...
# Subtest: pending funded reservations add no refund beyond their bag stock
ok 295 - pending funded reservations add no refund beyond their bag stock
  ---
  duration_ms: 0.577853
  type: 'test'
  ...
# Subtest: active and partly used effects end without refund while a fully unused sickness shield refunds once
ok 296 - active and partly used effects end without refund while a fully unused sickness shield refunds once
  ---
  duration_ms: 0.772904
  type: 'test'
  ...
# Subtest: a partially used sickness snapshot overrides a duplicate fully unused snapshot
ok 297 - a partially used sickness snapshot overrides a duplicate fully unused snapshot
  ---
  duration_ms: 0.393327
  type: 'test'
  ...
# Subtest: old court-big compatibility pays 350 once and is cleared even with flags
ok 298 - old court-big compatibility pays 350 once and is cleared even with flags
  ---
  duration_ms: 0.275191
  type: 'test'
  ...
# Subtest: reserved dream species survives conversion and reload-shaped normalization
ok 299 - reserved dream species survives conversion and reload-shaped normalization
  ---
  duration_ms: 0.317564
  type: 'test'
  ...
# Subtest: already migrated saves and return snapshots clear obsolete effects without credit
ok 300 - already migrated saves and return snapshots clear obsolete effects without credit
  ---
  duration_ms: 0.280419
  type: 'test'
  ...
# Subtest: a funded old Lucky pending item is cleared without duplicating its bag stock
ok 301 - a funded old Lucky pending item is cleared without duplicating its bag stock
  ---
  duration_ms: 0.190134
  type: 'test'
  ...
# Subtest: malformed migration markers cannot skip conversion
ok 302 - malformed migration markers cannot skip conversion
  ---
  duration_ms: 0.312396
  type: 'test'
  ...
# Subtest: registry sizes: species 31 (22 normal + 8 rare + 1 secret, 8 stages each = 248), companions 26, partners 18, legends 5
ok 303 - registry sizes: species 31 (22 normal + 8 rare + 1 secret, 8 stages each = 248), companions 26, partners 18, legends 5
  ---
  duration_ms: 137.706115
  type: 'test'
  ...
# Subtest: the secret species comes from master.playerSpecies.secret; the ren fallback is only for a missing master
ok 304 - the secret species comes from master.playerSpecies.secret; the ren fallback is only for a missing master
  ---
  duration_ms: 10.576082
  type: 'test'
  ...
# Subtest: every full registry table holds exactly the master ids (plus its pinned legacy rows)
ok 305 - every full registry table holds exactly the master ids (plus its pinned legacy rows)
  ---
  duration_ms: 314.954332
  type: 'test'
  ...
# Subtest: every intentionally partial table is exactly its audited subset
ok 306 - every intentionally partial table is exactly its audited subset
  ---
  duration_ms: 28.101339
  type: 'test'
  ...
# Subtest: legacy rows are pinned and never leak into the current canonical sets
ok 307 - legacy rows are pinned and never leak into the current canonical sets
  ---
  duration_ms: 6.485224
  type: 'test'
  ...
# Subtest: alias destinations are canonical, and alias keys are canonical or retired
ok 308 - alias destinations are canonical, and alias keys are canonical or retired
  ---
  duration_ms: 0.389902
  type: 'test'
  ...
# Subtest: species aliases: dex counts and the dex "found" display agree (raw → alias → registered)
ok 309 - species aliases: dex counts and the dex "found" display agree (raw → alias → registered)
  ---
  duration_ms: 20.893237
  type: 'test'
  ...
# Subtest: cast-bounds covers every current species stage, companion, partner, the author and egg frames
ok 310 - cast-bounds covers every current species stage, companion, partner, the author and egg frames
  ---
  duration_ms: 0.744302
  type: 'test'
  ...
# Subtest: images: every master species has 8 stages whose asset is <id>/01..08.png and whose label matches master
ok 311 - images: every master species has 8 stages whose asset is <id>/01..08.png and whose label matches master
  ---
  duration_ms: 1.020634
  type: 'test'
  ...
# Subtest: GOAL_TIER_IDS is the single tier map: id ↔ ordinal both ways, and every per-tier table follows it
ok 312 - GOAL_TIER_IDS is the single tier map: id ↔ ordinal both ways, and every per-tier table follows it
  ---
  duration_ms: 6.542829
  type: 'test'
  ...
# Subtest: ENDING_CELEBRATIONS still lacks the perfect tier: a known open gap, not the spec
ok 313 - ENDING_CELEBRATIONS still lacks the perfect tier: a known open gap, not the spec
  ---
  duration_ms: 6.19527
  type: 'test'
  ...
# Subtest: save ordinals are unchanged: endingTiersReached stays the ints 0..4 and the tier logic returns the same numbers
ok 314 - save ordinals are unchanged: endingTiersReached stays the ints 0..4 and the tier logic returns the same numbers
  ---
  duration_ms: 74.049226
  type: 'test'
  ...
# Subtest: remove-it: a species added to master but forgotten in one table is named with its table; typo, extra and retired ids too
ok 315 - remove-it: a species added to master but forgotten in one table is named with its table; typo, extra and retired ids too
  ---
  duration_ms: 117.502919
  type: 'test'
  ...
# Subtest: initial decoration preserves all text, existing elements and listeners
ok 316 - initial decoration preserves all text, existing elements and listeners
  ---
  duration_ms: 6.299186
  type: 'test'
  ...
# Subtest: token auditing keeps joined, modified, flag and keycap glyphs whole
ok 317 - token auditing keeps joined, modified, flag and keycap glyphs whole
  ---
  duration_ms: 1.349876
  type: 'test'
  ...
# Subtest: unknown whole sequences remain unchanged even when a component is known
ok 318 - unknown whole sequences remain unchanged even when a component is known
  ---
  duration_ms: 1.07832
  type: 'test'
  ...
# Subtest: editing controls and existing illustration subtrees remain untouched
ok 319 - editing controls and existing illustration subtrees remain untouched
  ---
  duration_ms: 1.524346
  type: 'test'
  ...
# Subtest: later added subtrees and character edits are decorated without rescanning unaffected text
ok 320 - later added subtrees and character edits are decorated without rescanning unaffected text
  ---
  duration_ms: 2.769085
  type: 'test'
  ...
# Subtest: nodes removed before observer delivery are ignored
ok 321 - nodes removed before observer delivery are ignored
  ---
  duration_ms: 0.95072
  type: 'test'
  ...
# Subtest: the current actor marker passes through the same display resolver
ok 322 - the current actor marker passes through the same display resolver
  ---
  duration_ms: 1.056638
  type: 'test'
  ...
# Subtest: daily and Lucky payouts stay independent with null
ok 323 - daily and Lucky payouts stay independent with null
  ---
  duration_ms: 133.12891
  type: 'test'
  ...
# Subtest: daily and Lucky payouts stay independent with star
ok 324 - daily and Lucky payouts stay independent with star
  ---
  duration_ms: 34.867883
  type: 'test'
  ...
# Subtest: Star does not multiply either side of a duel settlement
ok 325 - Star does not multiply either side of a duel settlement
  ---
  duration_ms: 44.746073
  type: 'test'
  ...
# Subtest: five warming taps show progressive egg art and hatch once at the existing boundary
ok 326 - five warming taps show progressive egg art and hatch once at the existing boundary
  ---
  duration_ms: 144.607481
  type: 'test'
  ...
# Subtest: each saved egg resumes its crack stage without replaying a touch reaction
ok 327 - each saved egg resumes its crack stage without replaying a touch reaction
  ---
  duration_ms: 245.769779
  type: 'test'
  ...
# Subtest: reload immediately after the fifth tap keeps the same newborn and one birth record
ok 328 - reload immediately after the fifth tap keeps the same newborn and one birth record
  ---
  duration_ms: 59.889604
  type: 'test'
  ...
# Subtest: reset during the hatch effect cannot alter or decorate the replacement egg
ok 329 - reset during the hatch effect cannot alter or decorate the replacement egg
  ---
  duration_ms: 41.980262
  type: 'test'
  ...
# Subtest: the egg itself can be warmed and newborn care remains available immediately
ok 330 - the egg itself can be warmed and newborn care remains available immediately
  ---
  duration_ms: 24.503127
  type: 'test'
  ...
# Subtest: all 30 legal dream species keep their stable identity and first-form artwork
ok 331 - all 30 legal dream species keep their stable identity and first-form artwork
  ---
  duration_ms: 944.067891
  type: 'test'
  ...
# Subtest: a failed egg image uses the existing emoji fallback and can still hatch
ok 332 - a failed egg image uses the existing emoji fallback and can still hatch
  ---
  duration_ms: 24.896635
  type: 'test'
  ...
# Subtest: finished reactions are removed and cannot replay when returning from a minigame
ok 333 - finished reactions are removed and cannot replay when returning from a minigame
  ---
  duration_ms: 54.706615
  type: 'test'
  ...
# Subtest: cancelled hatch animation is cleaned before an immediate minigame return
ok 334 - cancelled hatch animation is cleaned before an immediate minigame return
  ---
  duration_ms: 42.154523
  type: 'test'
  ...
# Subtest: reduced motion shows the correct egg and newborn without a pending reveal
ok 335 - reduced motion shows the correct egg and newborn without a pending reveal
  ---
  duration_ms: 22.283953
  type: 'test'
  ...
# Subtest: home derives emotion without adding saved emotion fields
ok 336 - home derives emotion without adding saved emotion fields
  ---
  duration_ms: 128.430645
  type: 'test'
  ...
# Subtest: rendering and running an emotion cue leave the serialized save unchanged
ok 337 - rendering and running an emotion cue leave the serialized save unchanged
  ---
  duration_ms: 22.388569
  type: 'test'
  ...
# Subtest: home emotion follows canonical priority and pet availability
ok 338 - home emotion follows canonical priority and pet availability
  ---
  duration_ms: 41.145086
  type: 'test'
  ...
# Subtest: persistent cue moves only the main pet and its accessory
ok 339 - persistent cue moves only the main pet and its accessory
  ---
  duration_ms: 31.333125
  type: 'test'
  ...
# Subtest: 26 companions stay still during the main pet hungry cue
ok 340 - 26 companions stay still during the main pet hungry cue
  ---
  duration_ms: 46.783103
  type: 'test'
  ...
# Subtest: 26 companions stay still during the main pet sulk cue
ok 341 - 26 companions stay still during the main pet sulk cue
  ---
  duration_ms: 33.579649
  type: 'test'
  ...
# Subtest: critical life cancels a running persistent cue and stays still
ok 342 - critical life cancels a running persistent cue and stays still
  ---
  duration_ms: 33.537626
  type: 'test'
  ...
# Subtest: critical life suppresses both ordinary idle sources while keeping critical UI
ok 343 - critical life suppresses both ordinary idle sources while keeping critical UI
  ---
  duration_ms: 24.185312
  type: 'test'
  ...
# Subtest: ordinary render does not interrupt a real care reaction
ok 344 - ordinary render does not interrupt a real care reaction
  ---
  duration_ms: 18.111803
  type: 'test'
  ...
# Subtest: real feed starts with munch
ok 345 - real feed starts with munch
  ---
  duration_ms: 40.248967
  type: 'test'
  ...
# Subtest: real wake keeps stretch for a sleepy randomized line
ok 346 - real wake keeps stretch for a sleepy randomized line
  ---
  duration_ms: 19.453957
  type: 'test'
  ...
# Subtest: real wrong medicine starts with shake
ok 347 - real wrong medicine starts with shake
  ---
  duration_ms: 18.90636
  type: 'test'
  ...
# Subtest: real annoyed play starts with settle
ok 348 - real annoyed play starts with settle
  ---
  duration_ms: 40.995883
  type: 'test'
  ...
# Subtest: feed adds one pet-only gentle bounce after munch when hunger is cleared
ok 349 - feed adds one pet-only gentle bounce after munch when hunger is cleared
  ---
  duration_ms: 44.785461
  type: 'test'
  ...
# Subtest: feed returns to the latest hungry profile without a happy afterglow
ok 350 - feed returns to the latest hungry profile without a happy afterglow
  ---
  duration_ms: 26.48147
  type: 'test'
  ...
# Subtest: feed afterglow rechecks raw hunger at callback time
ok 351 - feed afterglow rechecks raw hunger at callback time
  ---
  duration_ms: 36.072702
  type: 'test'
  ...
# Subtest: feed afterglow rechecks raw pet availability at callback time
ok 352 - feed afterglow rechecks raw pet availability at callback time
  ---
  duration_ms: 49.798547
  type: 'test'
  ...
# Subtest: cured medicine settles first and then adds one pet-only bounce
ok 353 - cured medicine settles first and then adds one pet-only bounce
  ---
  duration_ms: 18.039085
  type: 'test'
  ...
# Subtest: a newer care action invalidates the old feed afterglow
ok 354 - a newer care action invalidates the old feed afterglow
  ---
  duration_ms: 38.899673
  type: 'test'
  ...
# Subtest: a newer semantic event invalidates the old feed afterglow
ok 355 - a newer semantic event invalidates the old feed afterglow
  ---
  duration_ms: 17.968349
  type: 'test'
  ...
# Subtest: leaving home invalidates a feed afterglow even after returning
ok 356 - leaving home invalidates a feed afterglow even after returning
  ---
  duration_ms: 121.660887
  type: 'test'
  ...
# Subtest: feed afterglow waits for existing companion conversation beats
ok 357 - feed afterglow waits for existing companion conversation beats
  ---
  duration_ms: 43.453042
  type: 'test'
  ...
# Subtest: critical life and reduced motion suppress care afterglow movement
ok 358 - critical life and reduced motion suppress care afterglow movement
  ---
  duration_ms: 51.325797
  type: 'test'
  ...
# Subtest: critical life suppresses cured medicine afterglow
ok 359 - critical life suppresses cured medicine afterglow
  ---
  duration_ms: 42.892135
  type: 'test'
  ...
# Subtest: other semantic care reactions finish without an added happy afterglow
ok 360 - other semantic care reactions finish without an added happy afterglow
  ---
  duration_ms: 124.179968
  type: 'test'
  ...
# Subtest: normal state cancels the old profile timer before it can fire
ok 361 - normal state cancels the old profile timer before it can fire
  ---
  duration_ms: 18.215678
  type: 'test'
  ...
# Subtest: non-normal emotion excludes the pet from ordinary idle while companions continue
ok 362 - non-normal emotion excludes the pet from ordinary idle while companions continue
  ---
  duration_ms: 18.087557
  type: 'test'
  ...
# Subtest: non-normal emotion excludes autonomous pet greetings but keeps social greetings
ok 363 - non-normal emotion excludes autonomous pet greetings but keeps social greetings
  ---
  duration_ms: 54.829329
  type: 'test'
  ...
# Subtest: egg blocks a pending persistent cue
ok 364 - egg blocks a pending persistent cue
  ---
  duration_ms: 17.821991
  type: 'test'
  ...
# Subtest: farewell blocks a pending persistent cue
ok 365 - farewell blocks a pending persistent cue
  ---
  duration_ms: 17.785226
  type: 'test'
  ...
# Subtest: dead blocks a pending persistent cue
ok 366 - dead blocks a pending persistent cue
  ---
  duration_ms: 63.201519
  type: 'test'
  ...
# Subtest: sleeping blocks a pending persistent cue
ok 367 - sleeping blocks a pending persistent cue
  ---
  duration_ms: 18.395898
  type: 'test'
  ...
# Subtest: transform blocks a pending persistent cue
ok 368 - transform blocks a pending persistent cue
  ---
  duration_ms: 18.018464
  type: 'test'
  ...
# Subtest: menu blocks a pending persistent cue
ok 369 - menu blocks a pending persistent cue
  ---
  duration_ms: 17.584396
  type: 'test'
  ...
# Subtest: minigame blocks a pending persistent cue
ok 370 - minigame blocks a pending persistent cue
  ---
  duration_ms: 28.00083
  type: 'test'
  ...
# Subtest: story blocks a pending persistent cue
ok 371 - story blocks a pending persistent cue
  ---
  duration_ms: 19.662579
  type: 'test'
  ...
# Subtest: hidden tab blocks a pending persistent cue
ok 372 - hidden tab blocks a pending persistent cue
  ---
  duration_ms: 40.09627
  type: 'test'
  ...
# Subtest: story opening immediately cancels an active persistent cue
ok 373 - story opening immediately cancels an active persistent cue
  ---
  duration_ms: 19.149133
  type: 'test'
  ...
# Subtest: menu cancels an active persistent cue and the current state restarts after return
ok 374 - menu cancels an active persistent cue and the current state restarts after return
  ---
  duration_ms: 18.527254
  type: 'test'
  ...
# Subtest: story cancels an active persistent cue and the current state restarts after return
ok 375 - story cancels an active persistent cue and the current state restarts after return
  ---
  duration_ms: 35.440197
  type: 'test'
  ...
# Subtest: minigame cancels an active persistent cue and the current state restarts after return
ok 376 - minigame cancels an active persistent cue and the current state restarts after return
  ---
  duration_ms: 36.438899
  type: 'test'
  ...
# Subtest: hidden tab cancels an active persistent cue and the current state restarts after return
ok 377 - hidden tab cancels an active persistent cue and the current state restarts after return
  ---
  duration_ms: 28.878529
  type: 'test'
  ...
# Subtest: returning from a hidden tab schedules the current profile again
ok 378 - returning from a hidden tab schedules the current profile again
  ---
  duration_ms: 18.941642
  type: 'test'
  ...
# Subtest: reduced motion retains the derived state without starting a cue
ok 379 - reduced motion retains the derived state without starting a cue
  ---
  duration_ms: 15.319775
  type: 'test'
  ...
# Subtest: switching to reduced motion stops a running persistent cue
ok 380 - switching to reduced motion stops a running persistent cue
  ---
  duration_ms: 16.391154
  type: 'test'
  ...
# Subtest: reduced motion suppresses persistent and afterglow movement but retains the warning icon
ok 381 - reduced motion suppresses persistent and afterglow movement but retains the warning icon
  ---
  duration_ms: 47.093518
  type: 'test'
  ...
# Subtest: normal idle perk callback does not preempt a pending care afterglow
ok 382 - normal idle perk callback does not preempt a pending care afterglow
  ---
  duration_ms: 34.445562
  type: 'test'
  ...
# Subtest: normal idle perk callback does not preempt an active care afterglow
ok 383 - normal idle perk callback does not preempt an active care afterglow
  ---
  duration_ms: 18.363068
  type: 'test'
  ...
# Subtest: normal idle greeting callback does not preempt a pending care afterglow
ok 384 - normal idle greeting callback does not preempt a pending care afterglow
  ---
  duration_ms: 18.407475
  type: 'test'
  ...
# Subtest: normal idle greeting callback does not preempt an active care afterglow
ok 385 - normal idle greeting callback does not preempt an active care afterglow
  ---
  duration_ms: 29.541219
  type: 'test'
  ...
# Subtest: static script exposes the pure resolver on window
ok 386 - static script exposes the pure resolver on window
  ---
  duration_ms: 2.677608
  type: 'test'
  ...
# Subtest: resolve returns every approved emotion profile
ok 387 - resolve returns every approved emotion profile
  ---
  duration_ms: 0.517763
  type: 'test'
  ...
# Subtest: resolve follows the approved visible priority
ok 388 - resolve follows the approved visible priority
  ---
  duration_ms: 0.262451
  type: 'test'
  ...
# Subtest: worsening tiredness never increases cue cadence
ok 389 - worsening tiredness never increases cue cadence
  ---
  duration_ms: 0.206348
  type: 'test'
  ...
# Subtest: non-playable and sleeping signals resolve to normal
ok 390 - non-playable and sleeping signals resolve to normal
  ---
  duration_ms: 0.200059
  type: 'test'
  ...
# Subtest: resolve does not mutate its input or share returned profile objects
ok 391 - resolve does not mutate its input or share returned profile objects
  ---
  duration_ms: 1.126031
  type: 'test'
  ...
# Subtest: sodachi 20 to 100 costs 1,500-1,800 growth and 20 to 70 costs under 800
ok 392 - sodachi 20 to 100 costs 1,500-1,800 growth and 20 to 70 costs under 800
  ---
  duration_ms: 144.482262
  type: 'test'
  ...
# Subtest: sleeping from empty takes roughly 3-12 seconds of recovery steps
ok 393 - sleeping from empty takes roughly 3-12 seconds of recovery steps
  ---
  duration_ms: 56.327601
  type: 'test'
  ...
# Subtest: an S-rank result grants a growth boost that doubles growth and decays per tick
ok 394 - an S-rank result grants a growth boost that doubles growth and decays per tick
  ---
  duration_ms: 38.421229
  type: 'test'
  ...
# Subtest: game length: normal difficulty runs at face value, easy adds 20%, short mode trims games of 20s or more
ok 395 - game length: normal difficulty runs at face value, easy adds 20%, short mode trims games of 20s or more
  ---
  duration_ms: 16.96398
  type: 'test'
  ...
# Subtest: life recovers during ordinary care and faster when everything is above 60
ok 396 - life recovers during ordinary care and faster when everything is above 60
  ---
  duration_ms: 18.456909
  type: 'test'
  ...
# Subtest: a full transform meter opens the transform choice right after the game, with no lottery
ok 397 - a full transform meter opens the transform choice right after the game, with no lottery
  ---
  duration_ms: 29.837942
  type: 'test'
  ...
# Subtest: the same environment + seed + pinned clock gives the same time, weather, season and randomness on any host clock and TZ
ok 398 - the same environment + seed + pinned clock gives the same time, weather, season and randomness on any host clock and TZ
  ---
  duration_ms: 652.754096
  type: 'test'
  ...
# Subtest: with environment: 'auto' the result follows the host clock (the test detects the difference)
ok 399 - with environment: 'auto' the result follows the host clock (the test detects the difference)
  ---
  duration_ms: 989.554928
  type: 'test'
  ...
# Subtest: hostEnvironmentClock alone makes the time of day follow the harness clock instead of the host clock
ok 400 - hostEnvironmentClock alone makes the time of day follow the harness clock instead of the host clock
  ---
  duration_ms: 395.455903
  type: 'test'
  ...
# Subtest: the flaky "entering meguru" scene is reproducible with the options on any host clock and TZ
ok 401 - the flaky "entering meguru" scene is reproducible with the options on any host clock and TZ
  ---
  duration_ms: 3564.839762
  type: 'test'
  ...
# Subtest: one generator feeds the page Math.random (from boot) and meguru
ok 402 - one generator feeds the page Math.random (from boot) and meguru
  ---
  duration_ms: 164.688178
  type: 'test'
  ...
# Subtest: default harness(): fixed day/sunny environment (RH-6), native random, unpinned new Date(), harness Date.now()
ok 403 - default harness(): fixed day/sunny environment (RH-6), native random, unpinned new Date(), harness Date.now()
  ---
  duration_ms: 48.43546
  type: 'test'
  ...
# Subtest: a manual time/weather mode still wins over environment, and the undersea/starry regions keep no weather
ok 404 - a manual time/weather mode still wins over environment, and the undersea/starry regions keep no weather
  ---
  duration_ms: 20.722332
  type: 'test'
  ...
# Subtest: the deterministic preset pins environment, host clock, seed and date; explicit options win
ok 405 - the deterministic preset pins environment, host clock, seed and date; explicit options win
  ---
  duration_ms: 57.968897
  type: 'test'
  ...
# Subtest: the weather labels the harness returns match world-environment.js
ok 406 - the weather labels the harness returns match world-environment.js
  ---
  duration_ms: 0.646882
  type: 'test'
  ...
# Subtest: one-finger drags cannot pan the home, including a drag starting on a care button
ok 407 - one-finger drags cannot pan the home, including a drag starting on a care button
  ---
  duration_ms: 133.676152
  type: 'test'
  ...
# Subtest: long text can scroll in both directions but cannot drag the home past its edges
ok 408 - long text can scroll in both directions but cannot drag the home past its edges
  ---
  duration_ms: 24.497177
  type: 'test'
  ...
# Subtest: pinch zoom and panning an enlarged view remain available
ok 409 - pinch zoom and panning an enlarged view remain available
  ---
  duration_ms: 28.469719
  type: 'test'
  ...
# Subtest: menus, minigames and life records keep their gestures and returning home restores the lock
ok 410 - menus, minigames and life records keep their gestures and returning home restores the lock
  ---
  duration_ms: 29.587314
  type: 'test'
  ...
# Subtest: home touch setup leaves the home height available after the fun strip retirement
ok 411 - home touch setup leaves the home height available after the fun strip retirement
  ---
  duration_ms: 13.311496
  type: 'test'
  ...
# Subtest: approved hunger profile covers exactly 31 playable growth lines and all 248 stages
ok 412 - approved hunger profile covers exactly 31 playable growth lines and all 248 stages
  ---
  duration_ms: 2.67229
  type: 'test'
  ...
# Subtest: hunger category resolver does not silently fallback for unsupported or malformed assets
ok 413 - hunger category resolver does not silently fallback for unsupported or malformed assets
  ---
  duration_ms: 0.250574
  type: 'test'
  ...
# Subtest: all 248 hungry displays use the approved food artwork, including life-stage overrides
ok 414 - all 248 hungry displays use the approved food artwork, including life-stage overrides
  ---
  duration_ms: 8.37181
  type: 'test'
  ...
# Subtest: mushroom07 hunger bubble separates from spores without moving other state marks
ok 415 - mushroom07 hunger bubble separates from spores without moving other state marks
  ---
  duration_ms: 1.548502
  type: 'test'
  ...
# Subtest: every shipped UI/game emoji has an illustrated display definition
ok 416 - every shipped UI/game emoji has an illustrated display definition
  ---
  duration_ms: 211.134395
  type: 'test'
  ...
# Subtest: the exact actor and generic game props are separate, and saves stay untouched
ok 417 - the exact actor and generic game props are separate, and saves stay untouched
  ---
  duration_ms: 28.371563
  type: 'test'
  ...
# Subtest: every minigame maps to one of the intro demo kinds, and the kinds are varied
ok 418 - every minigame maps to one of the intro demo kinds, and the kinds are varied
  ---
  duration_ms: 117.970957
  type: 'test'
  ...
# Subtest: the intro card carries a demo canvas tagged with the demo kind
ok 419 - the intro card carries a demo canvas tagged with the demo kind
  ---
  duration_ms: 24.243449
  type: 'test'
  ...
# Subtest: swipe thresholds are unified through MG_SWIPE_MIN and hold timing through MG_HOLD_PROFILES
ok 420 - swipe thresholds are unified through MG_SWIPE_MIN and hold timing through MG_HOLD_PROFILES
  ---
  duration_ms: 31.481367
  type: 'test'
  ...
# Subtest: the result toast offers a retry button that restarts the same game
ok 421 - the result toast offers a retry button that restarts the same game
  ---
  duration_ms: 33.546489
  type: 'test'
  ...
# Subtest: the result toast has no retry button before any game was played
ok 422 - the result toast has no retry button before any game was played
  ---
  duration_ms: 18.104573
  type: 'test'
  ...
# Subtest: the intro card shows for the first three plays and the help overlay works any time
ok 423 - the intro card shows for the first three plays and the help overlay works any time
  ---
  duration_ms: 24.180775
  type: 'test'
  ...
# Subtest: steps pad fires the moment a direction is clear, once per flick, without waiting for release
ok 424 - steps pad fires the moment a direction is clear, once per flick, without waiting for release
  ---
  duration_ms: 36.738375
  type: 'test'
  ...
# Subtest: turn-based steps pad needs a longer drag for the second cell in the same direction
ok 425 - turn-based steps pad needs a longer drag for the second cell in the same direction
  ---
  duration_ms: 28.187198
  type: 'test'
  ...
# Subtest: delta pad glides at the pad edge while pushing outward and stops when the finger comes back
ok 426 - delta pad glides at the pad edge while pushing outward and stops when the finger comes back
  ---
  duration_ms: 31.426264
  type: 'test'
  ...
# Subtest: vector pad keeps the direction of the real movement, not the wobble when the finger stops
ok 427 - vector pad keeps the direction of the real movement, not the wobble when the finger stops
  ---
  duration_ms: 18.016882
  type: 'test'
  ...
# Subtest: the unified manifest gives every one of the 27 item identities a dedicated normalized PNG
ok 428 - the unified manifest gives every one of the 27 item identities a dedicated normalized PNG
  ---
  duration_ms: 273.690499
  type: 'test'
  ...
# Subtest: shop, home, consumables and item stickers use semantic unified art
ok 429 - shop, home, consumables and item stickers use semantic unified art
  ---
  duration_ms: 161.040737
  type: 'test'
  ...
# Subtest: a unified image failure reveals only its semantic fallback without changing state
ok 430 - a unified image failure reveals only its semantic fallback without changing state
  ---
  duration_ms: 28.876867
  type: 'test'
  ...
# Subtest: the unified shop art frame is 40px while the home accessory keeps its inherited frame
ok 431 - the unified shop art frame is 40px while the home accessory keeps its inherited frame
  ---
  duration_ms: 3.090204
  type: 'test'
  ...
# Subtest: retired hat uses the ordinary transform rate and needs four games
ok 432 - retired hat uses the ordinary transform rate and needs four games
  ---
  duration_ms: 143.401159
  type: 'test'
  ...
# Subtest: retired hat has no game effect in a start snapshot
ok 433 - retired hat has no game effect in a start snapshot
  ---
  duration_ms: 96.667839
  type: 'test'
  ...
# Subtest: retired energy1 has no game effect in a start snapshot
ok 434 - retired energy1 has no game effect in a start snapshot
  ---
  duration_ms: 117.821214
  type: 'test'
  ...
# Subtest: retired glasses has no game effect in a start snapshot
ok 435 - retired glasses has no game effect in a start snapshot
  ---
  duration_ms: 84.486771
  type: 'test'
  ...
# Subtest: retired crown has no game effect in a start snapshot
ok 436 - retired crown has no game effect in a start snapshot
  ---
  duration_ms: 124.662369
  type: 'test'
  ...
# Subtest: retired flower has no game effect in a start snapshot
ok 437 - retired flower has no game effect in a start snapshot
  ---
  duration_ms: 82.21536
  type: 'test'
  ...
# Subtest: retired crown cannot rescue zero health but the existing miracle still works
ok 438 - retired crown cannot rescue zero health but the existing miracle still works
  ---
  duration_ms: 26.863622
  type: 'test'
  ...
# Subtest: crown does not bypass normal two minute life warning or rescue life death
ok 439 - crown does not bypass normal two minute life warning or rescue life death
  ---
  duration_ms: 15.214608
  type: 'test'
  ...
# Subtest: retired crown snapshot cannot reduce failed-game life damage
ok 440 - retired crown snapshot cannot reduce failed-game life damage
  ---
  duration_ms: 28.164193
  type: 'test'
  ...
# Subtest: star pays ordinary success immediately and never adds a delayed set reward
ok 441 - star pays ordinary success immediately and never adds a delayed set reward
  ---
  duration_ms: 21.33098
  type: 'test'
  ...
# Subtest: star menu describes immediate ordinary-success coins without stamp or waiting UI
ok 442 - star menu describes immediate ordinary-success coins without stamp or waiting UI
  ---
  duration_ms: 48.108814
  type: 'test'
  ...
# Subtest: ordinary score 0, equipment null -> null pays 0
ok 443 - ordinary score 0, equipment null -> null pays 0
  ---
  duration_ms: 22.453586
  type: 'test'
  ...
# Subtest: ordinary score 0, equipment star -> null pays 0
ok 444 - ordinary score 0, equipment star -> null pays 0
  ---
  duration_ms: 19.952442
  type: 'test'
  ...
# Subtest: ordinary score 0, equipment null -> star pays 0
ok 445 - ordinary score 0, equipment null -> star pays 0
  ---
  duration_ms: 26.212149
  type: 'test'
  ...
# Subtest: ordinary score 29, equipment null -> null pays 0
ok 446 - ordinary score 29, equipment null -> null pays 0
  ---
  duration_ms: 18.601534
  type: 'test'
  ...
# Subtest: ordinary score 29, equipment star -> null pays 0
ok 447 - ordinary score 29, equipment star -> null pays 0
  ---
  duration_ms: 17.563835
  type: 'test'
  ...
# Subtest: ordinary score 29, equipment null -> star pays 0
ok 448 - ordinary score 29, equipment null -> star pays 0
  ---
  duration_ms: 36.28541
  type: 'test'
  ...
# Subtest: ordinary score 30, equipment null -> null pays 30
ok 449 - ordinary score 30, equipment null -> null pays 30
  ---
  duration_ms: 18.755414
  type: 'test'
  ...
# Subtest: ordinary score 30, equipment star -> null pays 90
ok 450 - ordinary score 30, equipment star -> null pays 90
  ---
  duration_ms: 21.145464
  type: 'test'
  ...
# Subtest: ordinary score 30, equipment null -> star pays 30
ok 451 - ordinary score 30, equipment null -> star pays 30
  ---
  duration_ms: 31.485533
  type: 'test'
  ...
# Subtest: ordinary score 69, equipment null -> null pays 30
ok 452 - ordinary score 69, equipment null -> null pays 30
  ---
  duration_ms: 18.233715
  type: 'test'
  ...
# Subtest: ordinary score 69, equipment star -> null pays 90
ok 453 - ordinary score 69, equipment star -> null pays 90
  ---
  duration_ms: 18.94661
  type: 'test'
  ...
# Subtest: ordinary score 69, equipment null -> star pays 30
ok 454 - ordinary score 69, equipment null -> star pays 30
  ---
  duration_ms: 73.616751
  type: 'test'
  ...
# Subtest: ordinary score 70, equipment null -> null pays 60
ok 455 - ordinary score 70, equipment null -> null pays 60
  ---
  duration_ms: 23.196836
  type: 'test'
  ...
# Subtest: ordinary score 70, equipment star -> null pays 180
ok 456 - ordinary score 70, equipment star -> null pays 180
  ---
  duration_ms: 51.957029
  type: 'test'
  ...
# Subtest: ordinary score 70, equipment null -> star pays 60
ok 457 - ordinary score 70, equipment null -> star pays 60
  ---
  duration_ms: 18.669807
  type: 'test'
  ...
# Subtest: ordinary score 100, equipment null -> null pays 60
ok 458 - ordinary score 100, equipment null -> null pays 60
  ---
  duration_ms: 18.903896
  type: 'test'
  ...
# Subtest: ordinary score 100, equipment star -> null pays 180
ok 459 - ordinary score 100, equipment star -> null pays 180
  ---
  duration_ms: 31.483939
  type: 'test'
  ...
# Subtest: ordinary score 100, equipment null -> star pays 60
ok 460 - ordinary score 100, equipment null -> star pays 60
  ---
  duration_ms: 18.089169
  type: 'test'
  ...
# Subtest: quick-run score 0 retains base 0 with null
ok 461 - quick-run score 0 retains base 0 with null
  ---
  duration_ms: 18.040216
  type: 'test'
  ...
# Subtest: quick-run score 0 retains base 0 with star
ok 462 - quick-run score 0 retains base 0 with star
  ---
  duration_ms: 37.488306
  type: 'test'
  ...
# Subtest: quick-run score 50 retains base 0 with null
ok 463 - quick-run score 50 retains base 0 with null
  ---
  duration_ms: 23.203226
  type: 'test'
  ...
# Subtest: quick-run score 50 retains base 0 with star
ok 464 - quick-run score 50 retains base 0 with star
  ---
  duration_ms: 45.189835
  type: 'test'
  ...
# Subtest: quick-run score 70 retains base 0 with null
ok 465 - quick-run score 70 retains base 0 with null
  ---
  duration_ms: 17.583474
  type: 'test'
  ...
# Subtest: quick-run score 70 retains base 0 with star
ok 466 - quick-run score 70 retains base 0 with star
  ---
  duration_ms: 21.683392
  type: 'test'
  ...
# Subtest: quick-solo score 0 retains base 0 with null
ok 467 - quick-solo score 0 retains base 0 with null
  ---
  duration_ms: 31.501276
  type: 'test'
  ...
# Subtest: quick-solo score 0 retains base 0 with star
ok 468 - quick-solo score 0 retains base 0 with star
  ---
  duration_ms: 20.225179
  type: 'test'
  ...
# Subtest: quick-solo score 50 retains base 0 with null
ok 469 - quick-solo score 50 retains base 0 with null
  ---
  duration_ms: 20.066402
  type: 'test'
  ...
# Subtest: quick-solo score 50 retains base 0 with star
ok 470 - quick-solo score 50 retains base 0 with star
  ---
  duration_ms: 18.064157
  type: 'test'
  ...
# Subtest: quick-solo score 70 retains base 0 with null
ok 471 - quick-solo score 70 retains base 0 with null
  ---
  duration_ms: 21.624789
  type: 'test'
  ...
# Subtest: quick-solo score 70 retains base 0 with star
ok 472 - quick-solo score 70 retains base 0 with star
  ---
  duration_ms: 19.17457
  type: 'test'
  ...
# Subtest: game pass applies exactly ordinary score-50 care and 30 coins without starting a game
ok 473 - game pass applies exactly ordinary score-50 care and 30 coins without starting a game
  ---
  duration_ms: 28.665953
  type: 'test'
  ...
# Subtest: game pass preserves all real-play records, consumable reservations and Lucky stock
ok 474 - game pass preserves all real-play records, consumable reservations and Lucky stock
  ---
  duration_ms: 19.380678
  type: 'test'
  ...
# Subtest: egg menu reserves random new stock, hides the species and consumes once across reload
ok 475 - egg menu reserves random new stock, hides the species and consumes once across reload
  ---
  duration_ms: 198.099942
  type: 'test'
  ...
# Subtest: invalid or unavailable hatch reservation clears without spending; growing pets can reserve
ok 476 - invalid or unavailable hatch reservation clears without spending; growing pets can reserve
  ---
  duration_ms: 21.826851
  type: 'test'
  ...
# Subtest: duplicate stickers stay as copies and stop at the nine-copy cap
ok 477 - duplicate stickers stay as copies and stop at the nine-copy cap
  ---
  duration_ms: 19.025417
  type: 'test'
  ...
# Subtest: theme costs 60 and draws only chosen category with the secret gate; ordinary stays 30/3
ok 478 - theme costs 60 and draws only chosen category with the secret gate; ordinary stays 30/3
  ---
  duration_ms: 99.83224
  type: 'test'
  ...
# Subtest: legacy sticker counts and positions merge idempotently without replacing character history
ok 479 - legacy sticker counts and positions merge idempotently without replacing character history
  ---
  duration_ms: 19.249318
  type: 'test'
  ...
# Subtest: sticker catalog offers all current items while retaining other collection categories
ok 480 - sticker catalog offers all current items while retaining other collection categories
  ---
  duration_ms: 24.318408
  type: 'test'
  ...
# Subtest: duel host win: both reserve, purchases cannot spend stake, settlement/reload/replay is exact once
ok 481 - duel host win: both reserve, purchases cannot spend stake, settlement/reload/replay is exact once
  ---
  duration_ms: 112.238201
  type: 'test'
  ...
# Subtest: duel guest win: both reserve, purchases cannot spend stake, settlement/reload/replay is exact once
ok 482 - duel guest win: both reserve, purchases cannot spend stake, settlement/reload/replay is exact once
  ---
  duration_ms: 128.396726
  type: 'test'
  ...
# Subtest: duel draw: both reserve, purchases cannot spend stake, settlement/reload/replay is exact once
ok 483 - duel draw: both reserve, purchases cannot spend stake, settlement/reload/replay is exact once
  ---
  duration_ms: 100.641571
  type: 'test'
  ...
# Subtest: unpublished cancel refunds once; published abandonment forfeits and close/new life preserve stake
ok 484 - unpublished cancel refunds once; published abandonment forfeits and close/new life preserve stake
  ---
  duration_ms: 20.285383
  type: 'test'
  ...
# Subtest: old unfunded progress terminates without minting while completed old matches retain money/statistics
ok 485 - old unfunded progress terminates without minting while completed old matches retain money/statistics
  ---
  duration_ms: 15.576571
  type: 'test'
  ...
# Subtest: repeated hatch callback does not change an already committed newborn
ok 486 - repeated hatch callback does not change an already committed newborn
  ---
  duration_ms: 26.361228
  type: 'test'
  ...
# Subtest: result-only close and rematch handlers cannot discard a reserved match
ok 487 - result-only close and rematch handlers cannot discard a reserved match
  ---
  duration_ms: 16.003938
  type: 'test'
  ...
# Subtest: infinite snapshot reload and return preserve live duel rather than resurrecting an earlier settlement
ok 488 - infinite snapshot reload and return preserve live duel rather than resurrecting an earlier settlement
  ---
  duration_ms: 48.699828
  type: 'test'
  ...
# Subtest: duel spends available coins normally and still settles backed stakes
ok 489 - duel spends available coins normally and still settles backed stakes
  ---
  duration_ms: 35.254378
  type: 'test'
  ...
# Subtest: different match IDs, old-format and duplicate-question codes never reserve or settle
ok 490 - different match IDs, old-format and duplicate-question codes never reserve or settle
  ---
  duration_ms: 103.900093
  type: 'test'
  ...
# Subtest: real sticker menu buys the selected category and has no point-exchange controls
ok 491 - real sticker menu buys the selected category and has no point-exchange controls
  ---
  duration_ms: 62.150325
  type: 'test'
  ...
# Subtest: maxed stickers are excluded from pack draws
ok 492 - maxed stickers are excluded from pack draws
  ---
  duration_ms: 30.652829
  type: 'test'
  ...
# Subtest: host ID generation remains usable at a zero random draw
ok 493 - host ID generation remains usable at a zero random draw
  ---
  duration_ms: 26.132371
  type: 'test'
  ...
# Subtest: completed legacy duels reopen as results, without a new unsupported settlement code
ok 494 - completed legacy duels reopen as results, without a new unsupported settlement code
  ---
  duration_ms: 54.047184
  type: 'test'
  ...
# Subtest: real duel create, join, publish and import controls use the reserved transaction
ok 495 - real duel create, join, publish and import controls use the reserved transaction
  ---
  duration_ms: 59.36972
  type: 'test'
  ...
# Subtest: guest abandonment and full wipe cannot return a published stake
ok 496 - guest abandonment and full wipe cannot return a published stake
  ---
  duration_ms: 45.766918
  type: 'test'
  ...
# Subtest: age stage transition keeps its story and life log without coins
ok 497 - age stage transition keeps its story and life log without coins
  ---
  duration_ms: 124.457968
  type: 'test'
  ...
# Subtest: birthday 41 keeps growth, decline relief and celebration without coins
ok 498 - birthday 41 keeps growth, decline relief and celebration without coins
  ---
  duration_ms: 20.279426
  type: 'test'
  ...
# Subtest: birthday 50 keeps growth, decline relief and celebration without coins
ok 499 - birthday 50 keeps growth, decline relief and celebration without coins
  ---
  duration_ms: 24.510254
  type: 'test'
  ...
# Subtest: birthday 90 keeps growth, decline relief and celebration without coins
ok 500 - birthday 90 keeps growth, decline relief and celebration without coins
  ---
  duration_ms: 27.218234
  type: 'test'
  ...
# Subtest: midlife 44 preserves its noncoin effect and one-time record
ok 501 - midlife 44 preserves its noncoin effect and one-time record
  ---
  duration_ms: 18.539732
  type: 'test'
  ...
# Subtest: midlife 50 preserves its noncoin effect and one-time record
ok 502 - midlife 50 preserves its noncoin effect and one-time record
  ---
  duration_ms: 18.617719
  type: 'test'
  ...
# Subtest: midlife 56 preserves its noncoin effect and one-time record
ok 503 - midlife 56 preserves its noncoin effect and one-time record
  ---
  duration_ms: 34.565455
  type: 'test'
  ...
# Subtest: midlife 62 preserves its noncoin effect and one-time record
ok 504 - midlife 62 preserves its noncoin effect and one-time record
  ---
  duration_ms: 23.739416
  type: 'test'
  ...
# Subtest: midlife 66 preserves its noncoin effect and one-time record
ok 505 - midlife 66 preserves its noncoin effect and one-time record
  ---
  duration_ms: 35.479499
  type: 'test'
  ...
# Subtest: sodachi 30 keeps milestone record and eggs, without coins
ok 506 - sodachi 30 keeps milestone record and eggs, without coins
  ---
  duration_ms: 19.151001
  type: 'test'
  ...
# Subtest: sodachi 40 keeps milestone record and eggs, without coins
ok 507 - sodachi 40 keeps milestone record and eggs, without coins
  ---
  duration_ms: 16.27622
  type: 'test'
  ...
# Subtest: sodachi 50 keeps milestone record and eggs, without coins
ok 508 - sodachi 50 keeps milestone record and eggs, without coins
  ---
  duration_ms: 33.525363
  type: 'test'
  ...
# Subtest: sodachi 60 keeps milestone record and eggs, without coins
ok 509 - sodachi 60 keeps milestone record and eggs, without coins
  ---
  duration_ms: 16.794349
  type: 'test'
  ...
# Subtest: sodachi 70 keeps milestone record and eggs, without coins
ok 510 - sodachi 70 keeps milestone record and eggs, without coins
  ---
  duration_ms: 17.580851
  type: 'test'
  ...
# Subtest: sodachi 80 keeps milestone record and eggs, without coins
ok 511 - sodachi 80 keeps milestone record and eggs, without coins
  ---
  duration_ms: 35.022533
  type: 'test'
  ...
# Subtest: sodachi 90 keeps milestone record and eggs, without coins
ok 512 - sodachi 90 keeps milestone record and eggs, without coins
  ---
  duration_ms: 31.403765
  type: 'test'
  ...
# Subtest: sodachi 100 keeps milestone record and eggs, without coins
ok 513 - sodachi 100 keeps milestone record and eggs, without coins
  ---
  duration_ms: 16.159355
  type: 'test'
  ...
# Subtest: home former coin moment still appears and records without paying
ok 514 - home former coin moment still appears and records without paying
  ---
  duration_ms: 23.74858
  type: 'test'
  ...
# Subtest: desert former coin moment still appears and records without paying
ok 515 - desert former coin moment still appears and records without paying
  ---
  duration_ms: 19.067725
  type: 'test'
  ...
# Subtest: star_stop former coin moment still appears and records without paying
ok 516 - star_stop former coin moment still appears and records without paying
  ---
  duration_ms: 27.982513
  type: 'test'
  ...
# Subtest: environment callbacks ignore a latent money field while preserving noncoin effects
ok 517 - environment callbacks ignore a latent money field while preserving noncoin effects
  ---
  duration_ms: 17.419328
  type: 'test'
  ...
# Subtest: memory lake still recalls life memories and recovers happiness without coins
ok 518 - memory lake still recalls life memories and recovers happiness without coins
  ---
  duration_ms: 35.059328
  type: 'test'
  ...
# Subtest: sticker tasks record completion once without points or coins
ok 519 - sticker tasks record completion once without points or coins
  ---
  duration_ms: 27.433778
  type: 'test'
  ...
# Subtest: offline 10 minutes preserves recovery and memory without money
ok 520 - offline 10 minutes preserves recovery and memory without money
  ---
  duration_ms: 15.490389
  type: 'test'
  ...
# Subtest: offline 60 minutes preserves recovery and memory without money
ok 521 - offline 60 minutes preserves recovery and memory without money
  ---
  duration_ms: 15.45088
  type: 'test'
  ...
# Subtest: offline 600 minutes preserves recovery and memory without money
ok 522 - offline 600 minutes preserves recovery and memory without money
  ---
  duration_ms: 15.858653
  type: 'test'
  ...
# Subtest: eligible gate legend keeps discovery, life log and movie without any care or coin reward
ok 523 - eligible gate legend keeps discovery, life log and movie without any care or coin reward
  ---
  duration_ms: 18.598129
  type: 'test'
  ...
# Subtest: eligible stairs legend keeps discovery, life log and movie without any care or coin reward
ok 524 - eligible stairs legend keeps discovery, life log and movie without any care or coin reward
  ---
  duration_ms: 27.908501
  type: 'test'
  ...
# Subtest: eligible boss legend keeps discovery, life log and movie without any care or coin reward
ok 525 - eligible boss legend keeps discovery, life log and movie without any care or coin reward
  ---
  duration_ms: 17.474301
  type: 'test'
  ...
# Subtest: eligible lamp legend keeps discovery, life log and movie without any care or coin reward
ok 526 - eligible lamp legend keeps discovery, life log and movie without any care or coin reward
  ---
  duration_ms: 29.685452
  type: 'test'
  ...
# Subtest: eligible mirror legend keeps discovery, life log and movie without any care or coin reward
ok 527 - eligible mirror legend keeps discovery, life log and movie without any care or coin reward
  ---
  duration_ms: 20.651736
  type: 'test'
  ...
# Subtest: repeated legend trigger cannot create a second encounter in one life
ok 528 - repeated legend trigger cannot create a second encounter in one life
  ---
  duration_ms: 21.044846
  type: 'test'
  ...
# Subtest: gate legend movie has no payout beat or footer
ok 529 - gate legend movie has no payout beat or footer
  ---
  duration_ms: 32.737048
  type: 'test'
  ...
# Subtest: stairs legend movie has no payout beat or footer
ok 530 - stairs legend movie has no payout beat or footer
  ---
  duration_ms: 16.497523
  type: 'test'
  ...
# Subtest: boss legend movie has no payout beat or footer
ok 531 - boss legend movie has no payout beat or footer
  ---
  duration_ms: 15.860746
  type: 'test'
  ...
# Subtest: lamp legend movie has no payout beat or footer
ok 532 - lamp legend movie has no payout beat or footer
  ---
  duration_ms: 16.079846
  type: 'test'
  ...
# Subtest: mirror legend movie has no payout beat or footer
ok 533 - mirror legend movie has no payout beat or footer
  ---
  duration_ms: 36.086902
  type: 'test'
  ...
# Subtest: old claimed save retains balances, inventory and event claims across reload without repeat grants
ok 534 - old claimed save retains balances, inventory and event claims across reload without repeat grants
  ---
  duration_ms: 71.102495
  type: 'test'
  ...
# Subtest: environment guidance keeps care coefficients but removes obsolete game coin modifiers
ok 535 - environment guidance keeps care coefficients but removes obsolete game coin modifiers
  ---
  duration_ms: 43.845102
  type: 'test'
  ...
# Subtest: retirement refunds stock and tool ownership exactly once, never history or duplicate reservations
ok 536 - retirement refunds stock and tool ownership exactly once, never history or duplicate reservations
  ---
  duration_ms: 1.989109
  type: 'test'
  ...
# Subtest: legacy tool use counts as ownership only before the original item migration
ok 537 - legacy tool use counts as ownership only before the original item migration
  ---
  duration_ms: 0.682465
  type: 'test'
  ...
# Subtest: retirement preserves shared memories and cooldowns while removing fun-only records and sticker placements
ok 538 - retirement preserves shared memories and cooldowns while removing fun-only records and sticker placements
  ---
  duration_ms: 1.149567
  type: 'test'
  ...
# Subtest: retired items cannot be bought, granted, used or selected as stickers; equipment completion ignores stale ids
ok 539 - retired items cannot be bought, granted, used or selected as stickers; equipment completion ignores stale ids
  ---
  duration_ms: 130.244866
  type: 'test'
  ...
# Subtest: refund survives reload, new lives and infinite return without reviving old reservations
ok 540 - refund survives reload, new lives and infinite return without reviving old reservations
  ---
  duration_ms: 53.961956
  type: 'test'
  ...
# Subtest: great games retain coins and offline visits retain recovery without granting retired items
ok 541 - great games retain coins and offline visits retain recovery without granting retired items
  ---
  duration_ms: 33.232413
  type: 'test'
  ...
# Subtest: infinite snapshots and retired achievement metadata are cleared without extra compensation
ok 542 - infinite snapshots and retired achievement metadata are cleared without extra compensation
  ---
  duration_ms: 0.461624
  type: 'test'
  ...
# Subtest: dedicated reward inventory is retired and legacy reward stock is discarded
ok 543 - dedicated reward inventory is retired and legacy reward stock is discarded
  ---
  duration_ms: 150.360035
  type: 'test'
  ...
# Subtest: milestone eggs are granted once even after spending, without coins
ok 544 - milestone eggs are granted once even after spending, without coins
  ---
  duration_ms: 28.620311
  type: 'test'
  ...
# Subtest: ordinary completion pays thirty coins
ok 545 - ordinary completion pays thirty coins
  ---
  duration_ms: 31.139447
  type: 'test'
  ...
# Subtest: daily completion adds one Lucky inventory without a reservation
ok 546 - daily completion adds one Lucky inventory without a reservation
  ---
  duration_ms: 22.384019
  type: 'test'
  ...
# Subtest: invalid stock cannot be spent and normalization does not create wealth
ok 547 - invalid stock cannot be spent and normalization does not create wealth
  ---
  duration_ms: 56.21416
  type: 'test'
  ...
# Subtest: module validates transactions and persists structured memories without retired cooldown APIs
ok 548 - module validates transactions and persists structured memories without retired cooldown APIs
  ---
  duration_ms: 27.396132
  type: 'test'
  ...
# Subtest: normal equipment catalog contains only the final ten products
ok 549 - normal equipment catalog contains only the final ten products
  ---
  duration_ms: 37.852075
  type: 'test'
  ...
# Subtest: normal equipment poop1 has its final catalog price and shop price
ok 550 - normal equipment poop1 has its final catalog price and shop price
  ---
  duration_ms: 23.945576
  type: 'test'
  ...
# Subtest: normal equipment poop1 has its final catalog and shop description
ok 551 - normal equipment poop1 has its final catalog and shop description
  ---
  duration_ms: 21.132198
  type: 'test'
  ...
# Subtest: normal equipment sleepboost1 has its final catalog price and shop price
ok 552 - normal equipment sleepboost1 has its final catalog price and shop price
  ---
  duration_ms: 37.866938
  type: 'test'
  ...
# Subtest: normal equipment sleepboost1 has its final catalog and shop description
ok 553 - normal equipment sleepboost1 has its final catalog and shop description
  ---
  duration_ms: 20.081088
  type: 'test'
  ...
# Subtest: normal equipment bowtie has its final catalog price and shop price
ok 554 - normal equipment bowtie has its final catalog price and shop price
  ---
  duration_ms: 56.204886
  type: 'test'
  ...
# Subtest: normal equipment bowtie has its final catalog and shop description
ok 555 - normal equipment bowtie has its final catalog and shop description
  ---
  duration_ms: 28.460021
  type: 'test'
  ...
# Subtest: normal equipment ribbon has its final catalog price and shop price
ok 556 - normal equipment ribbon has its final catalog price and shop price
  ---
  duration_ms: 18.237177
  type: 'test'
  ...
# Subtest: normal equipment ribbon has its final catalog and shop description
ok 557 - normal equipment ribbon has its final catalog and shop description
  ---
  duration_ms: 18.216816
  type: 'test'
  ...
# Subtest: normal equipment scarf has its final catalog price and shop price
ok 558 - normal equipment scarf has its final catalog price and shop price
  ---
  duration_ms: 27.707199
  type: 'test'
  ...
# Subtest: normal equipment scarf has its final catalog and shop description
ok 559 - normal equipment scarf has its final catalog and shop description
  ---
  duration_ms: 18.293412
  type: 'test'
  ...
# Subtest: normal equipment travel1 has its final catalog price and shop price
ok 560 - normal equipment travel1 has its final catalog price and shop price
  ---
  duration_ms: 40.699044
  type: 'test'
  ...
# Subtest: normal equipment travel1 has its final catalog and shop description
ok 561 - normal equipment travel1 has its final catalog and shop description
  ---
  duration_ms: 37.351322
  type: 'test'
  ...
# Subtest: normal equipment partner1 has its final catalog price and shop price
ok 562 - normal equipment partner1 has its final catalog price and shop price
  ---
  duration_ms: 20.498366
  type: 'test'
  ...
# Subtest: normal equipment partner1 has its final catalog and shop description
ok 563 - normal equipment partner1 has its final catalog and shop description
  ---
  duration_ms: 28.828795
  type: 'test'
  ...
# Subtest: normal equipment bond1 has its final catalog price and shop price
ok 564 - normal equipment bond1 has its final catalog price and shop price
  ---
  duration_ms: 30.059875
  type: 'test'
  ...
# Subtest: normal equipment bond1 has its final catalog and shop description
ok 565 - normal equipment bond1 has its final catalog and shop description
  ---
  duration_ms: 19.413645
  type: 'test'
  ...
# Subtest: normal equipment gamepass1 has its final catalog price and shop price
ok 566 - normal equipment gamepass1 has its final catalog price and shop price
  ---
  duration_ms: 31.373319
  type: 'test'
  ...
# Subtest: normal equipment gamepass1 has its final catalog and shop description
ok 567 - normal equipment gamepass1 has its final catalog and shop description
  ---
  duration_ms: 18.446051
  type: 'test'
  ...
# Subtest: normal equipment star has its final catalog price and shop price
ok 568 - normal equipment star has its final catalog price and shop price
  ---
  duration_ms: 32.078999
  type: 'test'
  ...
# Subtest: normal equipment star has its final catalog and shop description
ok 569 - normal equipment star has its final catalog and shop description
  ---
  duration_ms: 19.4702
  type: 'test'
  ...
# Subtest: normal equipment V2 retains all nine continuing IDs with no price difference charged
ok 570 - normal equipment V2 retains all nine continuing IDs with no price difference charged
  ---
  duration_ms: 234.745753
  type: 'test'
  ...
# Subtest: backpack removes travel hunger and energy costs but does not prevent fatigue
ok 571 - backpack removes travel hunger and energy costs but does not prevent fatigue
  ---
  duration_ms: 131.912091
  type: 'test'
  ...
# Subtest: retired lantern UI and stale clicks never create light scenes or cooldowns
ok 572 - retired lantern UI and stale clicks never create light scenes or cooldowns
  ---
  duration_ms: 24.430991
  type: 'test'
  ...
# Subtest: legacy light data is ignored safely: [{"key":"lantern:1","event":"lantern","text":"old light"}]
ok 573 - legacy light data is ignored safely: [{"key":"lantern:1","event":"lantern","text":"old light"}]
  ---
  duration_ms: 44.327326
  type: 'test'
  ...
# Subtest: legacy light data is ignored safely: null
ok 574 - legacy light data is ignored safely: null
  ---
  duration_ms: 45.017713
  type: 'test'
  ...
# Subtest: legacy light data is ignored safely: "broken"
ok 575 - legacy light data is ignored safely: "broken"
  ---
  duration_ms: 81.710146
  type: 'test'
  ...
# Subtest: equipment reactions only occur for actual eligible care and active protection
ok 576 - equipment reactions only occur for actual eligible care and active protection
  ---
  duration_ms: 22.328045
  type: 'test'
  ...
# Subtest: guest origin persists across appearance, reload and codes but differs for a new life
ok 577 - guest origin persists across appearance, reload and codes but differs for a new life
  ---
  duration_ms: 71.657449
  type: 'test'
  ...
# Subtest: court letters capture the real new partner and survive form changes and a new life
ok 578 - court letters capture the real new partner and survive form changes and a new life
  ---
  duration_ms: 79.928229
  type: 'test'
  ...
# Subtest: danger-triggered ribbon recovery delivers readable feedback in both motion modes
ok 579 - danger-triggered ribbon recovery delivers readable feedback in both motion modes
  ---
  duration_ms: 109.369102
  type: 'test'
  ...
# Subtest: retired flowers leave court dialogue and care feedback without bonus reactions
ok 580 - retired flowers leave court dialogue and care feedback without bonus reactions
  ---
  duration_ms: 212.775234
  type: 'test'
  ...
# Subtest: ineligible ribbon ticks and mismatched court do not claim equipment effects
ok 581 - ineligible ribbon ticks and mismatched court do not claim equipment effects
  ---
  duration_ms: 20.838647
  type: 'test'
  ...
# Subtest: V2 equipment feedback waits for an existing conversation and never replaces critical care
ok 582 - V2 equipment feedback waits for an existing conversation and never replaces critical care
  ---
  duration_ms: 20.74074
  type: 'test'
  ...
# Subtest: a pending equipment line does not follow a reset into another life
ok 583 - a pending equipment line does not follow a reset into another life
  ---
  duration_ms: 29.224489
  type: 'test'
  ...
# Subtest: game pass clears daily and companion context without completing either, including the next real game
ok 584 - game pass clears daily and companion context without completing either, including the next real game
  ---
  duration_ms: 33.714447
  type: 'test'
  ...
# Subtest: V2 paper clears every poop at the danger threshold without manual-care credit
ok 585 - V2 paper clears every poop at the danger threshold without manual-care credit
  ---
  duration_ms: 129.670593
  type: 'test'
  ...
# Subtest: V2 pillow makes sleep an immediate full-energy action
ok 586 - V2 pillow makes sleep an immediate full-energy action
  ---
  duration_ms: 38.927421
  type: 'test'
  ...
# Subtest: V2 bowtie automatically fills hunger when the normal danger band is reached
ok 587 - V2 bowtie automatically fills hunger when the normal danger band is reached
  ---
  duration_ms: 22.4975
  type: 'test'
  ...
# Subtest: V2 ribbon automatically fills happiness when the normal danger band is reached
ok 588 - V2 ribbon automatically fills happiness when the normal danger band is reached
  ---
  duration_ms: 22.546793
  type: 'test'
  ...
# Subtest: V2 disease equipment automatically cures sickness without pretending it was a manual medicine tap
ok 589 - V2 disease equipment automatically cures sickness without pretending it was a manual medicine tap
  ---
  duration_ms: 18.541745
  type: 'test'
  ...
# Subtest: V2 automation equipment no longer keeps the old passive percentage reductions
ok 590 - V2 automation equipment no longer keeps the old passive percentage reductions
  ---
  duration_ms: 156.038499
  type: 'test'
  ...
# Subtest: retired dedicated reward inventory has no production UI or runtime path
ok 591 - retired dedicated reward inventory has no production UI or runtime path
  ---
  duration_ms: 9.972416
  type: 'test'
  ...
# Subtest: V2 backpack makes ordinary travel cost zero hunger and zero energy while fatigue still applies
ok 592 - V2 backpack makes ordinary travel cost zero hunger and zero energy while fatigue still applies
  ---
  duration_ms: 138.872651
  type: 'test'
  ...
# Subtest: V2 star badge triples only the ordinary minigame success coin payout
ok 593 - V2 star badge triples only the ordinary minigame success coin payout
  ---
  duration_ms: 66.842693
  type: 'test'
  ...
# Subtest: V2 love letter restores partner affection to max at the danger threshold
ok 594 - V2 love letter restores partner affection to max at the danger threshold
  ---
  duration_ms: 25.756337
  type: 'test'
  ...
# Subtest: V2 friend badge restores companion bond to max at the danger threshold
ok 595 - V2 friend badge restores companion bond to max at the danger threshold
  ---
  duration_ms: 27.017042
  type: 'test'
  ...
# Subtest: retired star and reunion state is discarded without changing companion records
ok 596 - retired star and reunion state is discarded without changing companion records
  ---
  duration_ms: 19.171161
  type: 'test'
  ...
# Subtest: friend badge no longer offers a reunion game or retired lantern actions
ok 597 - friend badge no longer offers a reunion game or retired lantern actions
  ---
  duration_ms: 36.210538
  type: 'test'
  ...
# Subtest: social equipment preserves ordinary decay and does not automate relationship decisions or award records
ok 598 - social equipment preserves ordinary decay and does not automate relationship decisions or award records
  ---
  duration_ms: 91.301009
  type: 'test'
  ...
# Subtest: star badge triples great-result coins and leaves failed-result at zero
ok 599 - star badge triples great-result coins and leaves failed-result at zero
  ---
  duration_ms: 100.915739
  type: 'test'
  ...
# Subtest: retired energy1 does not soften ordinary care decay
ok 600 - retired energy1 does not soften ordinary care decay
  ---
  duration_ms: 46.44595
  type: 'test'
  ...
# Subtest: retired crown does not soften ordinary care decay
ok 601 - retired crown does not soften ordinary care decay
  ---
  duration_ms: 59.545667
  type: 'test'
  ...
# Subtest: life card and received life code show the recorded woman, not a system emoji
ok 602 - life card and received life code show the recorded woman, not a system emoji
  ---
  duration_ms: 117.876197
  type: 'test'
  ...
# Subtest: overlapping stage names and chosen infinite forms retain their recorded portraits
ok 603 - overlapping stage names and chosen infinite forms retain their recorded portraits
  ---
  duration_ms: 24.803005
  type: 'test'
  ...
# Subtest: leaving current location restores the home-region label after presentation caching
ok 604 - leaving current location restores the home-region label after presentation caching
  ---
  duration_ms: 34.886228
  type: 'test'
  ...
# Subtest: legacy life timeline resolves stage labels and keeps unrelated log strings escaped
ok 605 - legacy life timeline resolves stage labels and keeps unrelated log strings escaped
  ---
  duration_ms: 26.753496
  type: 'test'
  ...
# life-stage profiles: ok
# Subtest: tests/life-stage-profiles-test.cjs
ok 40 - tests/life-stage-profiles-test.cjs
  ---
  duration_ms: 59.478206
  type: 'test'
  ...
# Subtest: static script exposes the locality resolver on window
ok 607 - static script exposes the locality resolver on window
  ---
  duration_ms: 2.851195
  type: 'test'
  ...
# Subtest: known municipalities resolve to their curated scenery profiles
ok 608 - known municipalities resolve to their curated scenery profiles
  ---
  duration_ms: 0.972522
  type: 'test'
  ...
# Subtest: prefecture-aware matching does not confuse same-named wards or conflicting cities
ok 609 - prefecture-aware matching does not confuse same-named wards or conflicting cities
  ---
  duration_ms: 0.243736
  type: 'test'
  ...
# Subtest: explicit Osaka city wards are metropolitan without capturing other cities or bare wards
ok 610 - explicit Osaka city wards are metropolitan without capturing other cities or bare wards
  ---
  duration_ms: 0.211297
  type: 'test'
  ...
# Subtest: unknown municipalities use a general town image without claiming local geography
ok 611 - unknown municipalities use a general town image without claiming local geography
  ---
  duration_ms: 0.320011
  type: 'test'
  ...
# Subtest: sanitizeLocality rejects malformed values and removes unapproved saved fields
ok 612 - sanitizeLocality rejects malformed values and removes unapproved saved fields
  ---
  duration_ms: 0.235984
  type: 'test'
  ...
# Subtest: reload restores saved municipal scenery without requesting GPS
ok 613 - reload restores saved municipal scenery without requesting GPS
  ---
  duration_ms: 130.345367
  type: 'test'
  ...
# Subtest: unknown saved municipalities describe the neutral generated town image
ok 614 - unknown saved municipalities describe the neutral generated town image
  ---
  duration_ms: 21.701023
  type: 'test'
  ...
# Subtest: malformed saved locality is discarded and cannot activate current-location scenery
ok 615 - malformed saved locality is discarded and cannot activate current-location scenery
  ---
  duration_ms: 27.739387
  type: 'test'
  ...
# Subtest: a successful selection saves only display-safe locality fields
ok 616 - a successful selection saves only display-safe locality fields
  ---
  duration_ms: 46.558109
  type: 'test'
  ...
# Subtest: failed refresh keeps saved scenery selected and a later explicit retry can replace it
ok 617 - failed refresh keeps saved scenery selected and a later explicit retry can replace it
  ---
  duration_ms: 24.079007
  type: 'test'
  ...
# Subtest: an observed municipality is offered for selection when another region remains displayed
ok 618 - an observed municipality is offered for selection when another region remains displayed
  ---
  duration_ms: 41.750594
  type: 'test'
  ...
# Subtest: an invalid live municipality falls back to the sanitized saved selection
ok 619 - an invalid live municipality falls back to the sanitized saved selection
  ---
  duration_ms: 23.20939
  type: 'test'
  ...
# Subtest: manual refresh of a selected locality persists and reloads the new municipality
ok 620 - manual refresh of a selected locality persists and reloads the new municipality
  ---
  duration_ms: 68.768808
  type: 'test'
  ...
# Subtest: a canceled manual refresh cannot replace or render over the selected locality
ok 621 - a canceled manual refresh cannot replace or render over the selected locality
  ---
  duration_ms: 20.001028
  type: 'test'
  ...
# Subtest: explicit home selection clears only the current-location presentation
ok 622 - explicit home selection clears only the current-location presentation
  ---
  duration_ms: 19.733827
  type: 'test'
  ...
# Subtest: pending current-location selection cannot override a later travel choice
ok 623 - pending current-location selection cannot override a later travel choice
  ---
  duration_ms: 32.311889
  type: 'test'
  ...
# Subtest: Lucky catalog and shop offer 300 coin immediate roulette
ok 624 - Lucky catalog and shop offer 300 coin immediate roulette
  ---
  duration_ms: 147.690303
  type: 'test'
  ...
# Subtest: roulette draw 0 immediately pays 10
ok 625 - roulette draw 0 immediately pays 10
  ---
  duration_ms: 25.352881
  type: 'test'
  ...
# Subtest: roulette draw 0.14999999999999977 immediately pays 10
ok 626 - roulette draw 0.14999999999999977 immediately pays 10
  ---
  duration_ms: 37.961569
  type: 'test'
  ...
# Subtest: roulette draw 0.15 immediately pays 20
ok 627 - roulette draw 0.15 immediately pays 20
  ---
  duration_ms: 31.344446
  type: 'test'
  ...
# Subtest: roulette draw 0.34999999999999976 immediately pays 20
ok 628 - roulette draw 0.34999999999999976 immediately pays 20
  ---
  duration_ms: 22.199302
  type: 'test'
  ...
# Subtest: roulette draw 0.35 immediately pays 50
ok 629 - roulette draw 0.35 immediately pays 50
  ---
  duration_ms: 23.698344
  type: 'test'
  ...
# Subtest: roulette draw 0.5999999999999998 immediately pays 50
ok 630 - roulette draw 0.5999999999999998 immediately pays 50
  ---
  duration_ms: 40.189048
  type: 'test'
  ...
# Subtest: roulette draw 0.6 immediately pays 100
ok 631 - roulette draw 0.6 immediately pays 100
  ---
  duration_ms: 50.821085
  type: 'test'
  ...
# Subtest: roulette draw 0.7999999999999998 immediately pays 100
ok 632 - roulette draw 0.7999999999999998 immediately pays 100
  ---
  duration_ms: 25.443297
  type: 'test'
  ...
# Subtest: roulette draw 0.8 immediately pays 500
ok 633 - roulette draw 0.8 immediately pays 500
  ---
  duration_ms: 19.33726
  type: 'test'
  ...
# Subtest: roulette draw 0.9199999999999998 immediately pays 500
ok 634 - roulette draw 0.9199999999999998 immediately pays 500
  ---
  duration_ms: 19.121306
  type: 'test'
  ...
# Subtest: roulette draw 0.92 immediately pays 1000
ok 635 - roulette draw 0.92 immediately pays 1000
  ---
  duration_ms: 33.774286
  type: 'test'
  ...
# Subtest: roulette draw 0.9899999999999998 immediately pays 1000
ok 636 - roulette draw 0.9899999999999998 immediately pays 1000
  ---
  duration_ms: 19.419204
  type: 'test'
  ...
# Subtest: roulette draw 0.99 immediately pays 10000
ok 637 - roulette draw 0.99 immediately pays 10000
  ---
  duration_ms: 33.122197
  type: 'test'
  ...
# Subtest: roulette draw 0.9999999999999998 immediately pays 10000
ok 638 - roulette draw 0.9999999999999998 immediately pays 10000
  ---
  duration_ms: 66.649803
  type: 'test'
  ...
# Subtest: roulette independent of equipment null
ok 639 - roulette independent of equipment null
  ---
  duration_ms: 22.308535
  type: 'test'
  ...
# Subtest: roulette independent of equipment poop1
ok 640 - roulette independent of equipment poop1
  ---
  duration_ms: 26.185502
  type: 'test'
  ...
# Subtest: roulette independent of equipment sleepboost1
ok 641 - roulette independent of equipment sleepboost1
  ---
  duration_ms: 19.783741
  type: 'test'
  ...
# Subtest: roulette independent of equipment bowtie
ok 642 - roulette independent of equipment bowtie
  ---
  duration_ms: 29.918782
  type: 'test'
  ...
# Subtest: roulette independent of equipment ribbon
ok 643 - roulette independent of equipment ribbon
  ---
  duration_ms: 35.330235
  type: 'test'
  ...
# Subtest: roulette independent of equipment scarf
ok 644 - roulette independent of equipment scarf
  ---
  duration_ms: 27.588601
  type: 'test'
  ...
# Subtest: roulette independent of equipment travel1
ok 645 - roulette independent of equipment travel1
  ---
  duration_ms: 24.50692
  type: 'test'
  ...
# Subtest: roulette independent of equipment partner1
ok 646 - roulette independent of equipment partner1
  ---
  duration_ms: 45.563414
  type: 'test'
  ...
# Subtest: roulette independent of equipment bond1
ok 647 - roulette independent of equipment bond1
  ---
  duration_ms: 17.755343
  type: 'test'
  ...
# Subtest: roulette independent of equipment gamepass1
ok 648 - roulette independent of equipment gamepass1
  ---
  duration_ms: 35.547161
  type: 'test'
  ...
# Subtest: roulette independent of equipment star
ok 649 - roulette independent of equipment star
  ---
  duration_ms: 33.684371
  type: 'test'
  ...
# Subtest: legacy reservation migration false,false is once across reload reset infinite return
ok 650 - legacy reservation migration false,false is once across reload reset infinite return
  ---
  duration_ms: 93.398001
  type: 'test'
  ...
# Subtest: legacy reservation migration true,false is once across reload reset infinite return
ok 651 - legacy reservation migration true,false is once across reload reset infinite return
  ---
  duration_ms: 100.169387
  type: 'test'
  ...
# Subtest: legacy reservation migration false,true is once across reload reset infinite return
ok 652 - legacy reservation migration false,true is once across reload reset infinite return
  ---
  duration_ms: 90.559696
  type: 'test'
  ...
# Subtest: legacy reservation migration true,true is once across reload reset infinite return
ok 653 - legacy reservation migration true,true is once across reload reset infinite return
  ---
  duration_ms: 127.331627
  type: 'test'
  ...
# Subtest: ordinary result 0 never spends Lucky stock or boosts reward
ok 654 - ordinary result 0 never spends Lucky stock or boosts reward
  ---
  duration_ms: 69.82796
  type: 'test'
  ...
# Subtest: ordinary result 50 never spends Lucky stock or boosts reward
ok 655 - ordinary result 50 never spends Lucky stock or boosts reward
  ---
  duration_ms: 58.980407
  type: 'test'
  ...
# Subtest: ordinary result 95 never spends Lucky stock or boosts reward
ok 656 - ordinary result 95 never spends Lucky stock or boosts reward
  ---
  duration_ms: 90.191773
  type: 'test'
  ...
# Subtest: runtime has no Lucky reservation or doubled-reward code
ok 657 - runtime has no Lucky reservation or doubled-reward code
  ---
  duration_ms: 51.410691
  type: 'test'
  ...
# Subtest: Quick mixed never spends stock or changes Lucky payout
ok 658 - Quick mixed never spends stock or changes Lucky payout
  ---
  duration_ms: 21.834825
  type: 'test'
  ...
# Subtest: Quick knock never spends stock or changes Lucky payout
ok 659 - Quick knock never spends stock or changes Lucky payout
  ---
  duration_ms: 47.991353
  type: 'test'
  ...
# Subtest: Quick tickle never spends stock or changes Lucky payout
ok 660 - Quick tickle never spends stock or changes Lucky payout
  ---
  duration_ms: 41.950514
  type: 'test'
  ...
# Subtest: duel settlement and Lucky payout are independent
ok 661 - duel settlement and Lucky payout are independent
  ---
  duration_ms: 83.223991
  type: 'test'
  ...
# Subtest: spent reservation recovery never reappears after save and return
ok 662 - spent reservation recovery never reappears after save and return
  ---
  duration_ms: 79.615208
  type: 'test'
  ...
# (node:2600) [MODULE_TYPELESS_PACKAGE_JSON] Warning: Module type of file:///home/runner/work/naotocchi/naotocchi/vendor/three-0.170.0/three.module.min.js is not specified and it doesn't parse as CommonJS.
# Reparsing as ES module because module syntax was detected. This incurs a performance overhead.
# To eliminate this warning, add "type": "module" to /home/runner/work/naotocchi/naotocchi/package.json.
# (Use `node --trace-warnings ...` to show where the warning was created)
# Subtest: AD-1. scene dressing の 契約: 3D だけ・あたり なし・ふんで とおれる・群生(2〜8)・道 / spot / かたい 物 / 水 には おかない
ok 663 - AD-1. scene dressing の 契約: 3D だけ・あたり なし・ふんで とおれる・群生(2〜8)・道 / spot / かたい 物 / 水 には おかない
  ---
  duration_ms: 16813.467431
  type: 'test'
  ...
# Subtest: AD-2. 配置は「空いた ところに 均一に 置く」では なく 群生 + 意図した 余白: 道ばたの 帯(roadside)と ます目(grid)の 両方・余白が ある
ok 664 - AD-2. 配置は「空いた ところに 均一に 置く」では なく 群生 + 意図した 余白: 道ばたの 帯(roadside)と ます目(grid)の 両方・余白が ある
  ---
  duration_ms: 1.318455
  type: 'test'
  ...
# Subtest: AD-3. remove-it: 2D の world と corridor には dressing が ない(3D だけ)。cover を 外した profile では 群生 0
ok 665 - AD-3. remove-it: 2D の world と corridor には dressing が ない(3D だけ)。cover を 外した profile では 群生 0
  ---
  duration_ms: 809.204091
  type: 'test'
  ...
# Subtest: AD-4. 花は 地域に あった いろ・場所: home / forest / jungle / countryside に 花の 群生、しんかい / ゆき には 花 なし、さばくは オアシスの まわり だけ
ok 666 - AD-4. 花は 地域に あった いろ・場所: home / forest / jungle / countryside に 花の 群生、しんかい / ゆき には 花 なし、さばくは オアシスの まわり だけ
  ---
  duration_ms: 1.270193
  type: 'test'
  ...
# Subtest: AD-5. Tree v3: 針葉樹 4〜5 段(明暗・下ほど ひろい)、広葉樹は かたまり 2〜5(明 / 中 / 暗)、ヤシは は 5〜8(はばは 長さに 比例)
ok 667 - AD-5. Tree v3: 針葉樹 4〜5 段(明暗・下ほど ひろい)、広葉樹は かたまり 2〜5(明 / 中 / 暗)、ヤシは は 5〜8(はばは 長さに 比例)
  ---
  duration_ms: 2.019351
  type: 'test'
  ...
# Subtest: AD-6. gate: もり と ジャングルは 1 まいの 絵で 見わけが つく(葉の palette・きりの いろ・ジャングル だけ 大きな は / つる / 根もとの 下草 / lowPoly)
ok 668 - AD-6. gate: もり と ジャングルは 1 まいの 絵で 見わけが つく(葉の palette・きりの いろ・ジャングル だけ 大きな は / つる / 根もとの 下草 / lowPoly)
  ---
  duration_ms: 2.115266
  type: 'test'
  ...
# Subtest: AD-7. Building v4: family ごとの かたまり・屋根の かたち(切妻 / 寄棟 / 平ら)・のき・土台・入口 と まど・かたまりの 足し(ポーチ / 出窓 / 縁側 / はなれ / ベランダ / 煙突 / ひさし)・シルエット 高さ / はば ≤ 1.5
ok 669 - AD-7. Building v4: family ごとの かたまり・屋根の かたち(切妻 / 寄棟 / 平ら)・のき・土台・入口 と まど・かたまりの 足し(ポーチ / 出窓 / 縁側 / はなれ / ベランダ / 煙突 / ひさし)・シルエット 高さ / はば ≤ 1.5
  ---
  duration_ms: 5.428785
  type: 'test'
  ...
# Subtest: AD-8. city scene: 低層 / 中層 / 高層の まざり・灰 だけで ない いろ・みせ(ガラス + ひさし + 看板 + たて看板)・路地の かべも 正面を もつ・高さは 床の 5.5 倍まで
ok 670 - AD-8. city scene: 低層 / 中層 / 高層の まざり・灰 だけで ない いろ・みせ(ガラス + ひさし + 看板 + たて看板)・路地の かべも 正面を もつ・高さは 床の 5.5 倍まで
  ---
  duration_ms: 5.174483
  type: 'test'
  ...
# Subtest: AD-9. city の 小物: 自転車・自販機は 3D の かたち(unresolved なし)。街路樹・信号・横断歩道・電柱は そのまま
ok 671 - AD-9. city の 小物: 自転車・自販機は 3D の かたち(unresolved なし)。街路樹・信号・横断歩道・電柱は そのまま
  ---
  duration_ms: 1.027388
  type: 'test'
  ...
# Subtest: AD-10. いけがき は 箱では なく まるい しげみの れつ(あたりの 箱の なか・あたまより 下)
ok 672 - AD-10. いけがき は 箱では なく まるい しげみの れつ(あたりの 箱の なか・あたまより 下)
  ---
  duration_ms: 0.73726
  type: 'test'
  ...
# Subtest: AD-11. 水の 統合: 川は なめらかに 曲がり はばが ゆれる(riverCurve・pure)。見た目の 水は あたりの 帯の 内がわ。川岸に 石 / あし / 草 / 花の 帯
ok 673 - AD-11. 水の 統合: 川は なめらかに 曲がり はばが ゆれる(riverCurve・pure)。見た目の 水は あたりの 帯の 内がわ。川岸に 石 / あし / 草 / 花の 帯
  ---
  duration_ms: 46.77377
  type: 'test'
  ...
# Subtest: AD-12. Bridge v4: 交わりに かかる(ながさ ≥ 水の はば)・床の 上面は 水面より 上・床より 下から ささえる 橋脚 / 橋台・種類で かたちが ちがう
ok 674 - AD-12. Bridge v4: 交わりに かかる(ながさ ≥ 水の はば)・床の 上面は 水面より 上・床より 下から ささえる 橋脚 / 橋台・種類で かたちが ちがう
  ---
  duration_ms: 1.210323
  type: 'test'
  ...
# Subtest: AD-13. さばくの サボテンは 大きく 4 種(柱・枝分かれ・まる・むれ)。オアシスの まわりは 花 で 対比
ok 675 - AD-13. さばくの サボテンは 大きく 4 種(柱・枝分かれ・まる・むれ)。オアシスの まわりは 花 で 対比
  ---
  duration_ms: 0.493423
  type: 'test'
  ...
# Subtest: AD-14. 光: 明るい fill と 方向光で 面を 分ける・岩 / がけの 明るさ と 地域 palette を 保つ
ok 676 - AD-14. 光: 明るい fill と 方向光で 面を 分ける・岩 / がけの 明るさ と 地域 palette を 保つ
  ---
  duration_ms: 0.361775
  type: 'test'
  ...
# Subtest: AD-15. 箱庭の 比率: ビルは 床の 5.5 倍まで、大木の 幹は あたりより ほそい、花 / しげみ / 街の 小物は 見える 大きさ、まど / 入口は 家に 対して 小さい
ok 677 - AD-15. 箱庭の 比率: ビルは 床の 5.5 倍まで、大木の 幹は あたりより ほそい、花 / しげみ / 街の 小物は 見える 大きさ、まど / 入口は 家に 対して 小さい
  ---
  duration_ms: 1.609344
  type: 'test'
  ...
# Subtest: AD-16. density gate: 代表 spot(各地域 最初の ひろば)から 前景(〜250)/ 中景(250〜700)/ 遠景(700〜1800)の それぞれに 意味の ある 物が 1 つ いじょう。道の 方向は 読める(道の 上に 物 なし)
ok 678 - AD-16. density gate: 代表 spot(各地域 最初の ひろば)から 前景(〜250)/ 中景(250〜700)/ 遠景(700〜1800)の それぞれに 意味の ある 物が 1 つ いじょう。道の 方向は 読める(道の 上に 物 なし)
  ---
  duration_ms: 113.684074
  type: 'test'
  ...
# Subtest: AD-17. Human QA gate の 記録: 13 地域 × 7 条件(ひと目で 地域・さびしく ない・箱っぽく ない・いろ・歩きたい・見どころ・前景 / 中景 / 遠景)が status doc に ある。main merge / Ready は しない
ok 679 - AD-17. Human QA gate の 記録: 13 地域 × 7 条件(ひと目で 地域・さびしく ない・箱っぽく ない・いろ・歩きたい・見どころ・前景 / 中景 / 遠景)が status doc に ある。main merge / Ready は しない
  ---
  duration_ms: 0.661697
  type: 'test'
  ...
# Subtest: AD-18. 原則だけ: Nintendo / どうぶつの森 固有の 名まえ・asset・模様は code にも doc にも 出てこない
ok 680 - AD-18. 原則だけ: Nintendo / どうぶつの森 固有の 名まえ・asset・模様は code にも doc にも 出てこない
  ---
  duration_ms: 3.822586
  type: 'test'
  ...
# (node:2607) [MODULE_TYPELESS_PACKAGE_JSON] Warning: Module type of file:///home/runner/work/naotocchi/naotocchi/vendor/three-0.170.0/three.module.min.js is not specified and it doesn't parse as CommonJS.
# Reparsing as ES module because module syntax was detected. This incurs a performance overhead.
# To eliminate this warning, add "type": "module" to /home/runner/work/naotocchi/naotocchi/package.json.
# (Use `node --trace-warnings ...` to show where the warning was created)
# Subtest: v2-1. player の 絵は きりで 消えない: キャラの material は fog なし・frustum culling なし・きりの 遠端は player + 900 より 遠く
ok 681 - v2-1. player の 絵は きりで 消えない: キャラの material は fog なし・frustum culling なし・きりの 遠端は player + 900 より 遠く
  ---
  duration_ms: 1.389488
  type: 'test'
  ...
# Subtest: v2-2. billboardVisible: 座標に いる のに 描かれない 状態(hidden / scale NaN / texture なし / きりの むこう)を 1 つの 判定で 見つける
ok 682 - v2-2. billboardVisible: 座標に いる のに 描かれない 状態(hidden / scale NaN / texture なし / きりの むこう)を 1 つの 判定で 見つける
  ---
  duration_ms: 53.397678
  type: 'test'
  ...
# Subtest: v2-3. すかしは 見た目の 半径(えだはり)で 判定し、線分より 低い 物は すかさない。あたりの 半径 だけの 旧 判定も そのまま 通る
ok 683 - v2-3. すかしは 見た目の 半径(えだはり)で 判定し、線分より 低い 物は すかさない。あたりの 半径 だけの 旧 判定も そのまま 通る
  ---
  duration_ms: 0.636947
  type: 'test'
  ...
# Subtest: v2-4. ghost pool の 契約: 使った ものだけ visible、使わなかった ものは その frame で hidden、1 frame 使わなければ scene から はずす、pool は つかいまわす
ok 684 - v2-4. ghost pool の 契約: 使った ものだけ visible、使わなかった ものは その frame で hidden、1 frame 使わなければ scene から はずす、pool は つかいまわす
  ---
  duration_ms: 1.665132
  type: 'test'
  ...
# Subtest: v2-5. レンダラーの 切りかえで ghost が のこらない: scene の 捨て(地域 / corridor)・3D → 2D(fallback / 2D の 地域)で clear、stats に ghost と player
ok 685 - v2-5. レンダラーの 切りかえで ghost が のこらない: scene の 捨て(地域 / corridor)・3D → 2D(fallback / 2D の 地域)で clear、stats に ghost と player
  ---
  duration_ms: 0.508755
  type: 'test'
  ...
# Subtest: v2-6. corridor(地域の あいだの 道)は 3D で 描く: 10 本 × 2 方向 ぜんぶ 3D の 対象。飾りは ぜんぶ 意味の 表で 解決し(unresolved 0)、はしの いし だけ かたい
ok 686 - v2-6. corridor(地域の あいだの 道)は 3D で 描く: 10 本 × 2 方向 ぜんぶ 3D の 対象。飾りは ぜんぶ 意味の 表で 解決し(unresolved 0)、はしの いし だけ かたい
  ---
  duration_ms: 188.626874
  type: 'test'
  ...
# Subtest: v2-7. corridor の gameplay は かわらない: 帯の 左右と はしの いし の あたり、着く / もどる、party の 受けわたし、セーブ なし
ok 687 - v2-7. corridor の gameplay は かわらない: 帯の 左右と はしの いし の あたり、着く / もどる、party の 受けわたし、セーブ なし
  ---
  duration_ms: 146.361145
  type: 'test'
  ...
# Subtest: v2-8. しらせ: ふつうの spot と 地区は toast なし、ランドマークは quiet(左上の 静かな 強調)、ひみつ だけ toast。きろくは かわらない
ok 688 - v2-8. しらせ: ふつうの spot と 地区は toast なし、ランドマークは quiet(左上の 静かな 強調)、ひみつ だけ toast。きろくは かわらない
  ---
  duration_ms: 2343.897374
  type: 'test'
  ...
# Subtest: v2-9. ちずの 表示 filter: ふつうの 池・休憩所・小さな 橋・通過点は 出さず、現在地・つながり・gate・ランドマーク・ひみつ・hub / ひろば は 出す。きろくと 分母は かわらない
ok 689 - v2-9. ちずの 表示 filter: ふつうの 池・休憩所・小さな 橋・通過点は 出さず、現在地・つながり・gate・ランドマーク・ひみつ・hub / ひろば は 出す。きろくと 分母は かわらない
  ---
  duration_ms: 2753.439451
  type: 'test'
  ...
# Subtest: v2-10. 帯(strip)の geometry は 1 まいに つながる: frame × lane の 頂点を 共有し、となりの frame と 面で つながる(池の ならび では ない)
ok 690 - v2-10. 帯(strip)の geometry は 1 まいに つながる: frame × lane の 頂点を 共有し、となりの frame と 面で つながる(池の ならび では ない)
  ---
  duration_ms: 1.493539
  type: 'test'
  ...
# Subtest: v2-11. 川(river_lake)= terrain.pts からの 1 本の 帯(岸つき)。帯に かくれる 池は おかない。しんかいの 谷も 1 本の 帯
ok 691 - v2-11. 川(river_lake)= terrain.pts からの 1 本の 帯(岸つき)。帯に かくれる 池は おかない。しんかいの 谷も 1 本の 帯
  ---
  duration_ms: 2321.500586
  type: 'test'
  ...
# Subtest: v2-12. 海(sea)/ 湖(memory_lake)= 岸線から 水平線まで 1 まいの 面(ぬれた 砂 → 浅瀬 → 沖)+ 岸の あわ。岸の むこうの 池は おかない
ok 692 - v2-12. 海(sea)/ 湖(memory_lake)= 岸線から 水平線まで 1 まいの 面(ぬれた 砂 → 浅瀬 → 沖)+ 岸の あわ。岸の むこうの 池は おかない
  ---
  duration_ms: 1101.904322
  type: 'test'
  ...
# Subtest: v2-13. 水の 見た目は あたり(walkability)を かえない: 岸の clamp・池の あたり・橋は 2D と 同じ。水の 面は あたりを もたない
ok 693 - v2-13. 水の 見た目は あたり(walkability)を かえない: 岸の clamp・池の あたり・橋は 2D と 同じ。水の 面は あたりを もたない
  ---
  duration_ms: 4491.847551
  type: 'test'
  ...
# Subtest: v2-14. Kit v2 の 原型: 昆布は 曲がった は(木 / 柱では ない)、遺跡は くずれた かべ、はしは いみ ごと、たてものは body + 屋根 + 入口 + まど
ok 694 - v2-14. Kit v2 の 原型: 昆布は 曲がった は(木 / 柱では ない)、遺跡は くずれた かべ、はしは いみ ごと、たてものは body + 屋根 + 入口 + まど
  ---
  duration_ms: 21208.71595
  type: 'test'
  ...
# Subtest: v2-15. Region Profile v2: 13 地域 ぜんぶに family(terrain / veg / arch / water / density / landmark / sky)。まちは palette で ビルの いろ と 階数が ばらつき、電柱が ある
ok 695 - v2-15. Region Profile v2: 13 地域 ぜんぶに family(terrain / veg / arch / water / density / landmark / sky)。まちは palette で ビルの いろ と 階数が ばらつき、電柱が ある
  ---
  duration_ms: 6612.837711
  type: 'test'
  ...
# (node:2616) [MODULE_TYPELESS_PACKAGE_JSON] Warning: Module type of file:///home/runner/work/naotocchi/naotocchi/vendor/three-0.170.0/three.module.min.js is not specified and it doesn't parse as CommonJS.
# Reparsing as ES module because module syntax was detected. This incurs a performance overhead.
# To eliminate this warning, add "type": "module" to /home/runner/work/naotocchi/naotocchi/package.json.
# (Use `node --trace-warnings ...` to show where the warning was created)
# Subtest: GA-1. 接地: 地面に つく parts は 足もとの いちばん ひくい 地面まで(斜面で 岩 / 盛り土 / 根 / 岸の 花が 浮かない)。13 地域
ok 696 - GA-1. 接地: 地面に つく parts は 足もとの いちばん ひくい 地面まで(斜面で 岩 / 盛り土 / 根 / 岸の 花が 浮かない)。13 地域
  ---
  duration_ms: 19734.137815
  type: 'test'
  ...
# Subtest: GA-2. 小川 / 川 の 交わり: 橋の 交わり には 橋(床 > 水面・ながさ ≥ 水の はば)、そのほかは 飛び石。ランドマークの 橋は 交わりの 上に ある とき だけ うけもつ
ok 697 - GA-2. 小川 / 川 の 交わり: 橋の 交わり には 橋(床 > 水面・ながさ ≥ 水の はば)、そのほかは 飛び石。ランドマークの 橋は 交わりの 上に ある とき だけ うけもつ
  ---
  duration_ms: 0.492532
  type: 'test'
  ...
# Subtest: GA-3. 小川と 池を わける: ながれの 帯の 中に 池の 円盤(水の 小物)を おかない
ok 698 - GA-3. 小川と 池を わける: ながれの 帯の 中に 池の 円盤(水の 小物)を おかない
  ---
  duration_ms: 0.215424
  type: 'test'
  ...
# Subtest: GA-4. Building v4: 塔の ような 家 なし(シルエット 高さ / いちばん ひろい はば ≤ 1.6、看板 / 屋根の はりだし を ふくむ)
ok 699 - GA-4. Building v4: 塔の ような 家 なし(シルエット 高さ / いちばん ひろい はば ≤ 1.6、看板 / 屋根の はりだし を ふくむ)
  ---
  duration_ms: 0.372862
  type: 'test'
  ...
# Subtest: GA-5. 小物の 読みやすさ(props gate): 車 = 車輪・望遠鏡 = 3 本 足 + かたむいた 筒・像 = だい + からだ + あたま・かまくら = いりぐち・箱の 小物 = ひさし + 窓。絵文字の 立て看板 は のこって いない
ok 700 - GA-5. 小物の 読みやすさ(props gate): 車 = 車輪・望遠鏡 = 3 本 足 + かたむいた 筒・像 = だい + からだ + あたま・かまくら = いりぐち・箱の 小物 = ひさし + 窓。絵文字の 立て看板 は のこって いない
  ---
  duration_ms: 16600.434077
  type: 'test'
  ...
# Subtest: GA-6. 季節 / 天気 は 2D の 正本に あわせる: 針葉樹の 雪 = ゆき の 地域 か 冬、山の 頂の 雪 = それ + 雪の 日、deepsea / star_stop は 地表の 季節 なし
ok 701 - GA-6. 季節 / 天気 は 2D の 正本に あわせる: 針葉樹の 雪 = ゆき の 地域 か 冬、山の 頂の 雪 = それ + 雪の 日、deepsea / star_stop は 地表の 季節 なし
  ---
  duration_ms: 7.221775
  type: 'test'
  ...
# Subtest: GA-7. 地域の 識別性(数で): いえ ≠ いなか(いなかは ひらけ +0.1 いじょう・構成の cosine < 0.75)、もり ≠ ジャングル(ジャングルは 見とおし せまく・高い 層・cosine < 0.6)
ok 702 - GA-7. 地域の 識別性(数で): いえ ≠ いなか(いなかは ひらけ +0.1 いじょう・構成の cosine < 0.75)、もり ≠ ジャングル(ジャングルは 見とおし せまく・高い 層・cosine < 0.6)
  ---
  duration_ms: 6405.970707
  type: 'test'
  ...
# (node:2626) [MODULE_TYPELESS_PACKAGE_JSON] Warning: Module type of file:///home/runner/work/naotocchi/naotocchi/vendor/three-0.170.0/three.module.min.js is not specified and it doesn't parse as CommonJS.
# Reparsing as ES module because module syntax was detected. This incurs a performance overhead.
# To eliminate this warning, add "type": "module" to /home/runner/work/naotocchi/naotocchi/package.json.
# (Use `node --trace-warnings ...` to show where the warning was created)
# Subtest: GT-1. runtime P0(HQ-1 / HQ-2 / HQ-3): すかしは ray で ほんとうに 隠す 物 だけ・もとの いろ・大きな 物は うすく・ちらつかない・変わった instance だけ 送る
ok 703 - GT-1. runtime P0(HQ-1 / HQ-2 / HQ-3): すかしは ray で ほんとうに 隠す 物 だけ・もとの いろ・大きな 物は うすく・ちらつかない・変わった instance だけ 送る
  ---
  duration_ms: 46.799344
  type: 'test'
  ...
# Subtest: GT-2. ray の 格子(pure): 線分が とおる ます目の instance だけ が 候補
ok 704 - GT-2. ray の 格子(pure): 線分が とおる ます目の instance だけ が 候補
  ---
  duration_ms: 0.719306
  type: 'test'
  ...
# Subtest: GT-3. 予算(HQ-4): うすい 板は 1 まい・幹は ふたなし・mound は 下半分 なし・花の まんなか 8 三角形。透明 fade で けさない
ok 705 - GT-3. 予算(HQ-4): うすい 板は 1 まい・幹は ふたなし・mound は 下半分 なし・花の まんなか 8 三角形。透明 fade で けさない
  ---
  duration_ms: 0.232391
  type: 'test'
  ...
# Subtest: GT-4. Terrain v1(HQ-5): 意味の ある 起伏。道 / spot は 平ら、ひらけた ところ に 丘、小川は 谷、池は くぼ地、海は 水へ ひくく。ランダムな こぶ だけ では ない
ok 706 - GT-4. Terrain v1(HQ-5): 意味の ある 起伏。道 / spot は 平ら、ひらけた ところ に 丘、小川は 谷、池は くぼ地、海は 水へ ひくく。ランダムな こぶ だけ では ない
  ---
  duration_ms: 11523.360778
  type: 'test'
  ...
# Subtest: GT-5. Creek / River v3(HQ-6): 小川は spot の 円盤の ならび では なく 1 本の ながれ。橋の spot の 下を とおり、道を 横切る ところは 橋 か 飛び石。道 / かたい 物 の 上を ながれない
ok 707 - GT-5. Creek / River v3(HQ-6): 小川は spot の 円盤の ならび では なく 1 本の ながれ。橋の spot の 下を とおり、道を 横切る ところは 橋 か 飛び石。道 / かたい 物 の 上を ながれない
  ---
  duration_ms: 1961.391117
  type: 'test'
  ...
# Subtest: GT-6. Water(HQ-7): 海 / 川 / 池 で 水の 面を かえる(海 = 浅瀬 → 沖 → 水平線、川 = 谷の 中の ながれる 面、池 = しずかな くぼ地の 面)
ok 708 - GT-6. Water(HQ-7): 海 / 川 / 池 で 水の 面を かえる(海 = 浅瀬 → 沖 → 水平線、川 = 谷の 中の ながれる 面、池 = しずかな くぼ地の 面)
  ---
  duration_ms: 0.754687
  type: 'test'
  ...
# Subtest: GT-7. home と countryside(HQ-10): いえ = 家ごとの 庭(花だん・ポスト・ひくい さく・飛び石)、いなか = ひろい 畑 と 用水路 と 板の はし(庭 なし)
ok 709 - GT-7. home と countryside(HQ-10): いえ = 家ごとの 庭(花だん・ポスト・ひくい さく・飛び石)、いなか = ひろい 畑 と 用水路 と 板の はし(庭 なし)
  ---
  duration_ms: 0.794837
  type: 'test'
  ...
# Subtest: GT-8. forest と jungle(HQ-11): もり = つめたい みどり・たおれた 丸太・しだ・きのこ・見とおし ほどほど。ジャングル = 多層(大きな は の 下草・ヤシ・canopy の つる)・しめった もや
ok 710 - GT-8. forest と jungle(HQ-11): もり = つめたい みどり・たおれた 丸太・しだ・きのこ・見とおし ほどほど。ジャングル = 多層(大きな は の 下草・ヤシ・canopy の つる)・しめった もや
  ---
  duration_ms: 411.202293
  type: 'test'
  ...
# Subtest: GT-9. Tree v4(HQ-12): 根もとの はり・2 だんの 幹(すこし かたむく)・かんむりへ のびる 枝・白っぽい ほそい 木(すずしい 地域)
ok 711 - GT-9. Tree v4(HQ-12): 根もとの はり・2 だんの 幹(すこし かたむく)・かんむりへ のびる 枝・白っぽい ほそい 木(すずしい 地域)
  ---
  duration_ms: 1.312496
  type: 'test'
  ...
# Subtest: GT-10. props gate(HQ-13): ラベル なしで わかる。自転車は 立って いる、水車 / 観覧車の わ は たて
ok 712 - GT-10. props gate(HQ-13): ラベル なしで わかる。自転車は 立って いる、水車 / 観覧車の わ は たて
  ---
  duration_ms: 5167.993061
  type: 'test'
  ...
# Subtest: GT-11. 13 地域の grammar(HQ-14): 背景の 絵 なしで 3D だけで 地域が わかる きまり
ok 713 - GT-11. 13 地域の grammar(HQ-14): 背景の 絵 なしで 3D だけで 地域が わかる きまり
  ---
  duration_ms: 0.460714
  type: 'test'
  ...
# Subtest: GT-12. 季節 / 天気(HQ-15): 山は 夏(高原の みどり)と 冬(雪)で 地面が かわる・大木も 季節の いろ・3D でも 雨 / 雪
ok 714 - GT-12. 季節 / 天気(HQ-15): 山は 夏(高原の みどり)と 冬(雪)で 地面が かわる・大木も 季節の いろ・3D でも 雨 / 雪
  ---
  duration_ms: 0.414925
  type: 'test'
  ...
# Subtest: GT-13. Human QA の 記録 と status: 未承認・main merge しない・Ready に しない・production Pages を かえない。特定の 作品の 名まえは 出さない
ok 715 - GT-13. Human QA の 記録 と status: 未承認・main merge しない・Ready に しない・production Pages を かえない。特定の 作品の 名まえは 出さない
  ---
  duration_ms: 2.793606
  type: 'test'
  ...
# (node:2633) [MODULE_TYPELESS_PACKAGE_JSON] Warning: Module type of file:///home/runner/work/naotocchi/naotocchi/vendor/three-0.170.0/three.module.min.js is not specified and it doesn't parse as CommonJS.
# Reparsing as ES module because module syntax was detected. This incurs a performance overhead.
# To eliminate this warning, add "type": "module" to /home/runner/work/naotocchi/naotocchi/package.json.
# (Use `node --trace-warnings ...` to show where the warning was created)
# Subtest: 1. フラグなし: forest の world は いまの 2D の まま(props・あたり・3D の しるし なし)
ok 716 - 1. フラグなし: forest の world は いまの 2D の まま(props・あたり・3D の しるし なし)
  ---
  duration_ms: 1.227288
  type: 'test'
  ...
# Subtest: 2. 3D モード: 道の うえの かたい 物は 見た目ごと 道の そとへ(約 1.5 × 大きさ まで)。おけない ものは 3D では おかない
ok 717 - 2. 3D モード: 道の うえの かたい 物は 見た目ごと 道の そとへ(約 1.5 × 大きさ まで)。おけない ものは 3D では おかない
  ---
  duration_ms: 5.61767
  type: 'test'
  ...
# Subtest: 3. 3D の かたい 物は かならず あたりが あり、あたまより 下の 見た目は あたり + 10 まで(とおれる 木・見えない かべ なし)
ok 718 - 3. 3D の かたい 物は かならず あたりが あり、あたまより 下の 見た目は あたり + 10 まで(とおれる 木・見えない かべ なし)
  ---
  duration_ms: 4.742021
  type: 'test'
  ...
# Subtest: 3b. ランドマーク(3D だけ): spot から 見た むきを たもって おく(±30 度)。たきは がけ = あたりの 箱 で、たきつぼ・あわ と いっしょ
ok 719 - 3b. ランドマーク(3D だけ): spot から 見た むきを たもって おく(±30 度)。たきは がけ = あたりの 箱 で、たきつぼ・あわ と いっしょ
  ---
  duration_ms: 5.224488
  type: 'test'
  ...
# Subtest: 3c. せかいは 3D・キャラだけ 2D: けしきの 物に 立て看板・意味の ちがう 置きかえ・なぞの placeholder は ない
ok 720 - 3c. せかいは 3D・キャラだけ 2D: けしきの 物に 立て看板・意味の ちがう 置きかえ・なぞの placeholder は ない
  ---
  duration_ms: 3.020479
  type: 'test'
  ...
# Subtest: 3d. すかし(occlusion)は カメラ → player の あいだに ある かたい 物 だけ。とおい から すける こと は ない
ok 721 - 3d. すかし(occlusion)は カメラ → player の あいだに ある かたい 物 だけ。とおい から すける こと は ない
  ---
  duration_ms: 49.172902
  type: 'test'
  ...
# Subtest: 3e. たき は うしろ・よこ からも 岩の おか: がけの うしろに 岩の かたまり(あたり つき)が あり、見た目 = あたり
ok 722 - 3e. たき は うしろ・よこ からも 岩の おか: がけの うしろに 岩の かたまり(あたり つき)が あり、見た目 = あたり
  ---
  duration_ms: 5.765392
  type: 'test'
  ...
# Subtest: 4. 3D モードでも 道は ふさがない: 道はばの 3/4 の なか・spot の まんなか は あいて いる
ok 723 - 4. 3D モードでも 道は ふさがない: 道はばの 3/4 の なか・spot の まんなか は あいて いる
  ---
  duration_ms: 3691.206244
  type: 'test'
  ...
# Subtest: 5. 3D モードの forest: 50 の spot に ぜんぶ あるいて 行ける
ok 724 - 5. 3D モードの forest: 50 の spot に ぜんぶ あるいて 行ける
  ---
  duration_ms: 2694.220086
  type: 'test'
  ...
# Subtest: 6. 3D モードの forest: 27 にんの なかまも player も かたい 物に めりこまない
ok 725 - 6. 3D モードの forest: 27 にんの なかまも player も かたい 物に めりこまない
  ---
  duration_ms: 3194.720896
  type: 'test'
  ...
# Subtest: 7. レンダラー: WebGL が ない ところでは すぐ 2D(こわれない・この あいだ ずっと 2D)
ok 726 - 7. レンダラー: WebGL が ない ところでは すぐ 2D(こわれない・この あいだ ずっと 2D)
  ---
  duration_ms: 1.397143
  type: 'test'
  ...
# Subtest: 8. フラグは URL だけ・セーブに のこさない。Three.js は version 固定で repo の なか。ふだんは よみこまない
ok 727 - 8. フラグは URL だけ・セーブに のこさない。Three.js は version 固定で repo の なか。ふだんは よみこまない
  ---
  duration_ms: 10.101738
  type: 'test'
  ...
# Subtest: 9. 全地域: 3D profile が あり、意味の 表で ぜんぶ 解決し(unresolved 0・立て看板 0)、かくす ものは きまった しるし だけ、2D(フラグなし)は かわらない
ok 728 - 9. 全地域: 3D profile が あり、意味の 表で ぜんぶ 解決し(unresolved 0・立て看板 0)、かくす ものは きまった しるし だけ、2D(フラグなし)は かわらない
  ---
  duration_ms: 20199.383975
  type: 'test'
  ...
# Subtest: 10. はっけんの しらせ(全地域): ランドマーク / ひみつ だけ「みつけた！」、その ばしょ だけの もの は かるく「が ある」、ふつうの 池・通過点は しずか。きろく は かわらない
ok 729 - 10. はっけんの しらせ(全地域): ランドマーク / ひみつ だけ「みつけた！」、その ばしょ だけの もの は かるく「が ある」、ふつうの 池・通過点は しずか。きろく は かわらない
  ---
  duration_ms: 2217.123969
  type: 'test'
  ...
# Subtest: 11. 全地域(registry から): 3D モードで ぜんぶの spot と gate に 道に そって あるいて 行ける(とじこめ なし)
ok 730 - 11. 全地域(registry から): 3D モードで ぜんぶの spot と gate に 道に そって あるいて 行ける(とじこめ なし)
  ---
  duration_ms: 19702.836779
  type: 'test'
  ...
# (node:2661) [MODULE_TYPELESS_PACKAGE_JSON] Warning: Module type of file:///home/runner/work/naotocchi/naotocchi/vendor/three-0.170.0/three.module.min.js is not specified and it doesn't parse as CommonJS.
# Reparsing as ES module because module syntax was detected. This incurs a performance overhead.
# To eliminate this warning, add "type": "module" to /home/runner/work/naotocchi/naotocchi/package.json.
# (Use `node --trace-warnings ...` to show where the warning was created)
# Subtest: VQ-9 residential porch supports meet roof slopes within canonical lots
ok 731 - VQ-9 residential porch supports meet roof slopes within canonical lots
  ---
  duration_ms: 16705.264674
  type: 'test'
  ...
# Subtest: VQ-8 farmhouse veranda posts meet a canopy contained over the existing deck
ok 732 - VQ-8 farmhouse veranda posts meet a canopy contained over the existing deck
  ---
  duration_ms: 1752.017725
  type: 'test'
  ...
# Subtest: VQ-6 cottage rooflines include both gable orientations within the residential family
ok 733 - VQ-6 cottage rooflines include both gable orientations within the residential family
  ---
  duration_ms: 336.544238
  type: 'test'
  ...
# Subtest: VQ-5 garden stepping stones connect the actual front door to its finite road segment
ok 734 - VQ-5 garden stepping stones connect the actual front door to its finite road segment
  ---
  duration_ms: 326.936232
  type: 'test'
  ...
# Subtest: VQ-1 contact footprints follow trunks and foundations without mutating objects
ok 735 - VQ-1 contact footprints follow trunks and foundations without mutating objects
  ---
  duration_ms: 43.585654
  type: 'test'
  ...
# Subtest: VQ-2 contact field excludes actors, water, bridges and tiny dressing; finite bounded support
ok 736 - VQ-2 contact field excludes actors, water, bridges and tiny dressing; finite bounded support
  ---
  duration_ms: 1.065065
  type: 'test'
  ...
# Subtest: VQ-3 outer-bank variation leaves water lanes and triangle topology unchanged
ok 737 - VQ-3 outer-bank variation leaves water lanes and triangle topology unchanged
  ---
  duration_ms: 1.004312
  type: 'test'
  ...
# Subtest: VQ-4 residential main roofs retain above-head clearance with canonical colliders
ok 738 - VQ-4 residential main roofs retain above-head clearance with canonical colliders
  ---
  duration_ms: 16043.289042
  type: 'test'
  ...
# Subtest: VQ-7 garden beds retain their planting group outside canonical road and obstacle footprints
ok 739 - VQ-7 garden beds retain their planting group outside canonical road and obstacle footprints
  ---
  duration_ms: 367.600863
  type: 'test'
  ...
# Subtest: VQ-10 barn entrances read as broad paired doors within the wall
ok 740 - VQ-10 barn entrances read as broad paired doors within the wall
  ---
  duration_ms: 1612.348493
  type: 'test'
  ...
# Subtest: VQ-11 flower instances retain planter and window-box elevation
ok 741 - VQ-11 flower instances retain planter and window-box elevation
  ---
  duration_ms: 1.717433
  type: 'test'
  ...
# Subtest: VQ-12 walkable market stalls have open counters and connected canopy supports
ok 742 - VQ-12 walkable market stalls have open counters and connected canopy supports
  ---
  duration_ms: 17169.318083
  type: 'test'
  ...
# Subtest: VQ-13 representative farmhouse flowers clear the veranda as one planting group
ok 743 - VQ-13 representative farmhouse flowers clear the veranda as one planting group
  ---
  duration_ms: 1840.087105
  type: 'test'
  ...
# Subtest: VQ-14 planting clearance preserves groups, rotations and blocked plots
ok 744 - VQ-14 planting clearance preserves groups, rotations and blocked plots
  ---
  duration_ms: 8.889373
  type: 'test'
  ...
# Subtest: VQ-15 residential facade openings fit beside the entrance without frame overlap
ok 745 - VQ-15 residential facade openings fit beside the entrance without frame overlap
  ---
  duration_ms: 17172.16776
  type: 'test'
  ...
# Subtest: VQ-16 single-family main windows reserve the existing bay projection
ok 746 - VQ-16 single-family main windows reserve the existing bay projection
  ---
  duration_ms: 16491.706987
  type: 'test'
  ...
# Subtest: VQ-17 two-storey entrance remains below its existing low canopy
ok 747 - VQ-17 two-storey entrance remains below its existing low canopy
  ---
  duration_ms: 374.784579
  type: 'test'
  ...
# Subtest: VQ-18 ground fern fronds emerge above their root plane, without changing hanging palm leaves
ok 748 - VQ-18 ground fern fronds emerge above their root plane, without changing hanging palm leaves
  ---
  duration_ms: 5987.719833
  type: 'test'
  ...
# Subtest: VQ-19 ordinary big-tree crowns vary azimuth without expanding their envelope
ok 749 - VQ-19 ordinary big-tree crowns vary azimuth without expanding their envelope
  ---
  duration_ms: 4834.380453
  type: 'test'
  ...
# Subtest: VQ-20 ground frond roots attach to their own terrain position
ok 750 - VQ-20 ground frond roots attach to their own terrain position
  ---
  duration_ms: 5541.539556
  type: 'test'
  ...
# Subtest: VQ-21 frond transforms preserve winding and radial direction for rising and hanging leaves
ok 751 - VQ-21 frond transforms preserve winding and radial direction for rising and hanging leaves
  ---
  duration_ms: 2.916618
  type: 'test'
  ...
# Subtest: 1. the same discoveredStages key twice still gives one resident
ok 752 - 1. the same discoveredStages key twice still gives one resident
  ---
  duration_ms: 2432.165197
  type: 'test'
  ...
# Subtest: 2. the same partnersRecorded id twice still gives one resident
ok 753 - 2. the same partnersRecorded id twice still gives one resident
  ---
  duration_ms: 2283.813799
  type: 'test'
  ...
# Subtest: 3. companion aliases collapse to one canonical resident
ok 754 - 3. companion aliases collapse to one canonical resident
  ---
  duration_ms: 25.669394
  type: 'test'
  ...
# Subtest: 4. the current pet is never an ordinary resident
ok 755 - 4. the current pet is never an ordinary resident
  ---
  duration_ms: 4490.629722
  type: 'test'
  ...
# Subtest: 5. the current companion and partner walk with the player only, never as region residents
ok 756 - 5. the current companion and partner walk with the player only, never as region residents
  ---
  duration_ms: 3984.953818
  type: 'test'
  ...
# Subtest: 6. legacy species left in an old save (bird:*) never become residents, but the save keeps them
ok 757 - 6. legacy species left in an old save (bird:*) never become residents, but the save keeps them
  ---
  duration_ms: 2054.568819
  type: 'test'
  ...
# Subtest: 7. current-dex forms such as woman よちよち and the cicada appear once discovered
ok 758 - 7. current-dex forms such as woman よちよち and the cicada appear once discovered
  ---
  duration_ms: 3820.62518
  type: 'test'
  ...
# Subtest: 8. the city 🐈 scenery never resolves to the cat resident asset (the display resolver would)
ok 759 - 8. the city 🐈 scenery never resolves to the cat resident asset (the display resolver would)
  ---
  duration_ms: 24.040147
  type: 'test'
  ...
# Subtest: 9. the forest 🍄 scenery never resolves to the mushroom resident asset
ok 760 - 9. the forest 🍄 scenery never resolves to the mushroom resident asset
  ---
  duration_ms: 21.157016
  type: 'test'
  ...
# Subtest: 10. every scenery emoji in every region (prop/lane/wall/hint/spot.prop/flavour/landmark fallbacks) stays scenery
ok 761 - 10. every scenery emoji in every region (prop/lane/wall/hint/spot.prop/flavour/landmark fallbacks) stays scenery
  ---
  duration_ms: 32.829942
  type: 'test'
  ...
# Subtest: registry audit reports rows and every issue class (duplicate, legacy, undiscovered, pet, follower, shared asset)
ok 762 - registry audit reports rows and every issue class (duplicate, legacy, undiscovered, pet, follower, shared asset)
  ---
  duration_ms: 3904.809023
  type: 'test'
  ...
# Subtest: canvas path: 🐈 scenery is drawn as a native emoji, not the cat picture and not a placeholder tile
ok 763 - canvas path: 🐈 scenery is drawn as a native emoji, not the cat picture and not a placeholder tile
  ---
  duration_ms: 23.791122
  type: 'test'
  ...
# Subtest: canvas path: 🍄 scenery is a native emoji too
ok 764 - canvas path: 🍄 scenery is a native emoji too
  ---
  duration_ms: 21.836158
  type: 'test'
  ...
# Subtest: canvas path: all 17 character-colliding scenery emoji become native emoji (no character asset, no placeholder), U+E000 is never scenery
ok 765 - canvas path: all 17 character-colliding scenery emoji become native emoji (no character asset, no placeholder), U+E000 is never scenery
  ---
  duration_ms: 26.638135
  type: 'test'
  ...
# Subtest: canvas path: scenery with dedicated art (🌳 🌲 🌴 🌵 🐚) goes through the scenery wrapper, never native text and never a character
ok 766 - canvas path: scenery with dedicated art (🌳 🌲 🌴 🌵 🐚) goes through the scenery wrapper, never native text and never a character
  ---
  duration_ms: 39.499415
  type: 'test'
  ...
# Subtest: canvas path: every scenery emoji of every region either has scenery art or falls back to a native emoji, never a character or a placeholder
ok 767 - canvas path: every scenery emoji of every region either has scenery art or falls back to a native emoji, never a character or a placeholder
  ---
  duration_ms: 26.889628
  type: 'test'
  ...
# Subtest: the number of residents is pinned to the dex, not to a round figure
ok 768 - the number of residents is pinned to the dex, not to a round figure
  ---
  duration_ms: 4111.640354
  type: 'test'
  ...
# Subtest: the collider table is world-space data: shape, half sizes, angle and role, never canvas pixels
ok 769 - the collider table is world-space data: shape, half sizes, angle and role, never canvas pixels
  ---
  duration_ms: 4.585426
  type: 'test'
  ...
# Subtest: a tree stops you at the trunk, not at a leaf: the collider is a small part of the drawing
ok 770 - a tree stops you at the trunk, not at a leaf: the collider is a small part of the drawing
  ---
  duration_ms: 0.222645
  type: 'test'
  ...
# Subtest: buildings, walls and fences are boxes with a facing, and a fence is a thin line not a slab
ok 771 - buildings, walls and fences are boxes with a facing, and a fence is a thin line not a slab
  ---
  duration_ms: 0.296526
  type: 'test'
  ...
# Subtest: grass, leaves, small mushrooms, ground detail and bridges have no collider at all
ok 772 - grass, leaves, small mushrooms, ground detail and bridges have no collider at all
  ---
  duration_ms: 0.27916
  type: 'test'
  ...
# Subtest: every path corridor and every spot centre is free of colliders in all 13 regions
ok 773 - every path corridor and every spot centre is free of colliders in all 13 regions
  ---
  duration_ms: 108.21975
  type: 'test'
  ...
# Subtest: walking for real, every spot in every region is still reachable, secret ones included
ok 774 - walking for real, every spot in every region is still reachable, secret ones included
  ---
  duration_ms: 11748.955314
  type: 'test'
  ...
# Subtest: you cannot walk into a big tree, a building, a rock or a fence
ok 775 - you cannot walk into a big tree, a building, a rock or a fence
  ---
  duration_ms: 18193.510891
  type: 'test'
  ...
# Subtest: a diagonal bump slides along the wall instead of stopping dead
ok 776 - a diagonal bump slides along the wall instead of stopping dead
  ---
  duration_ms: 4634.508518
  type: 'test'
  ...
# Subtest: water: the sea you may not enter is the only no-go water, and every water spot is still walkable
ok 777 - water: the sea you may not enter is the only no-go water, and every water spot is still walkable
  ---
  duration_ms: 1.034231
  type: 'test'
  ...
# Subtest: collision cost does not grow with the size of the world: the grid keeps each lookup tiny
ok 778 - collision cost does not grow with the size of the world: the grid keeps each lookup tiny
  ---
  duration_ms: 0.882022
  type: 'test'
  ...
# Subtest: residents are held by the same colliders as the player, so nobody walks through a wall
ok 779 - residents are held by the same colliders as the player, so nobody walks through a wall
  ---
  duration_ms: 324.474785
  type: 'test'
  ...
# Subtest: the role layers hand the same shapes to a Three.js renderer
ok 780 - the role layers hand the same shapes to a Three.js renderer
  ---
  duration_ms: 5.948257
  type: 'test'
  ...
# Subtest: the shared meguru denominators match a fresh count of WORLDS and the world map
ok 781 - the shared meguru denominators match a fresh count of WORLDS and the world map
  ---
  duration_ms: 147.243112
  type: 'test'
  ...
# Subtest: ①-1 ふつうの ばしょ: toast は 出さない。左上の 名まえが かわり、ちず と セーブには きろくされる
ok 782 - ①-1 ふつうの ばしょ: toast は 出さない。左上の 名まえが かわり、ちず と セーブには きろくされる
  ---
  duration_ms: 1507.259567
  type: 'test'
  ...
# Subtest: ①-2 おおきな めじるし(landmark)は toast では なく 左上の 名まえの 静かな 強調。きろくは のこる
ok 783 - ①-2 おおきな めじるし(landmark)は toast では なく 左上の 名まえの 静かな 強調。きろくは のこる
  ---
  duration_ms: 1245.1386
  type: 'test'
  ...
# Subtest: ①-3 ひみつは せんようの しらせ。なまえは 見つけた あとに そえる だけ
ok 784 - ①-3 ひみつは せんようの しらせ。なまえは 見つけた あとに そえる だけ
  ---
  duration_ms: 2216.108674
  type: 'test'
  ...
# Subtest: ①-4 地区(zone)に 入っても toast は 出さない(2026-10-01 v2)。ちずの 地区は ひろがり、中の id は どこにも 出ない
ok 785 - ①-4 地区(zone)に 入っても toast は 出さない(2026-10-01 v2)。ちずの 地区は ひろがり、中の id は どこにも 出ない
  ---
  duration_ms: 1318.212249
  type: 'test'
  ...
# Subtest: ②-1 おなじ ばしょへ もどっても もう「みつけた」と 出さない
ok 786 - ②-1 おなじ ばしょへ もどっても もう「みつけた」と 出さない
  ---
  duration_ms: 2338.116296
  type: 'test'
  ...
# Subtest: ②-2 セーブに のこした きろくを よみなおしても 2かいめ は 出ない(セーブ互換)
ok 787 - ②-2 セーブに のこした きろくを よみなおしても 2かいめ は 出ない(セーブ互換)
  ---
  duration_ms: 2468.842703
  type: 'test'
  ...
# Subtest: ②-3 めじるしは しらせない。ちずの ボタンも 2かいめ は ひからない
ok 788 - ②-3 めじるしは しらせない。ちずの ボタンも 2かいめ は ひからない
  ---
  duration_ms: 2363.114023
  type: 'test'
  ...
# Subtest: ③-1 1フレームに いくつ 見つけても 出すのは 1つ。つよい ものから
ok 789 - ③-1 1フレームに いくつ 見つけても 出すのは 1つ。つよい ものから
  ---
  duration_ms: 1674.107522
  type: 'test'
  ...
# Subtest: ③-2 じゅんばんは region → secret → landmark → みち → zone → ふつうの spot
ok 790 - ③-2 じゅんばんは region → secret → landmark → みち → zone → ふつうの spot
  ---
  duration_ms: 3811.321147
  type: 'test'
  ...
# Subtest: ③-3 地域の はっけんと 二重に 出さない(はじめての 地域では 着いた ばしょの しらせを かさねない)
ok 791 - ③-3 地域の はっけんと 二重に 出さない(はじめての 地域では 着いた ばしょの しらせを かさねない)
  ---
  duration_ms: 3267.726138
  type: 'test'
  ...
# Subtest: ④-1 住民に ちかづいた ことは はっけんに しない(「はなす」だけ)
ok 792 - ④-1 住民に ちかづいた ことは はっけんに しない(「はなす」だけ)
  ---
  duration_ms: 3271.381053
  type: 'test'
  ...
# Subtest: ④-2 しらせは あるくのを とめない(ボタンも おおいも 出さない)
ok 793 - ④-2 しらせは あるくのを とめない(ボタンも おおいも 出さない)
  ---
  duration_ms: 1285.72315
  type: 'test'
  ...
# Subtest: ④-3 しらせの あいだ、した の そうさ せつめいは よわめる(ふたつが まざらない)
ok 794 - ④-3 しらせの あいだ、した の そうさ せつめいは よわめる(ふたつが まざらない)
  ---
  duration_ms: 1968.638885
  type: 'test'
  ...
# Subtest: ⑤-1「ちずに きろくした」と 出た ものは その とき ちずに ある
ok 795 - ⑤-1「ちずに きろくした」と 出た ものは その とき ちずに ある
  ---
  duration_ms: 2224.223833
  type: 'test'
  ...
# Subtest: ⑤-2 こえて いる あいだ に 見つけた めじるしも ちずに のこる
ok 796 - ⑤-2 こえて いる あいだ に 見つけた めじるしも ちずに のこる
  ---
  duration_ms: 3116.214569
  type: 'test'
  ...
# Subtest: ⑤-3 たんさく率の けいさんは 1つも かえて いない
ok 797 - ⑤-3 たんさく率の けいさんは 1つも かえて いない
  ---
  duration_ms: 3327.951881
  type: 'test'
  ...
# Subtest: ⑤-4 みちの はっけんは 出かたが かわる だけ。ひらく じょうけんは そのまま
ok 798 - ⑤-4 みちの はっけんは 出かたが かわる だけ。ひらく じょうけんは そのまま
  ---
  duration_ms: 1702.52164
  type: 'test'
  ...
# Subtest: ⑥-1 travelToRegion() と その ばの ボタンは 1つも かえて いない
ok 799 - ⑥-1 travelToRegion() と その ばの ボタンは 1つも かえて いない
  ---
  duration_ms: 1370.732005
  type: 'test'
  ...
# Subtest: ⑥-2 たんさくを とじると しらせも のこらない
ok 800 - ⑥-2 たんさくを とじると しらせも のこらない
  ---
  duration_ms: 1199.658558
  type: 'test'
  ...
# Subtest: ⑦-1 レベルは buildWorld() が ほんとうに おく ものから きまる
ok 801 - ⑦-1 レベルは buildWorld() が ほんとうに おく ものから きまる
  ---
  duration_ms: 36.826906
  type: 'test'
  ...
# Subtest: ⑦-2 目じるしの ない 通過点では しらせない。でも きろくは のこる(探索率は かわらない)
ok 802 - ⑦-2 目じるしの ない 通過点では しらせない。でも きろくは のこる(探索率は かわらない)
  ---
  duration_ms: 1394.190043
  type: 'test'
  ...
# Subtest: ⑦-3 目じるしの ある ばしょ(L2)も toast は 出さない(2026-10-01 v2)。左上の 名まえ と きろく だけ
ok 803 - ⑦-3 目じるしの ある ばしょ(L2)も toast は 出さない(2026-10-01 v2)。左上の 名まえ と きろく だけ
  ---
  duration_ms: 1249.673572
  type: 'test'
  ...
# Subtest: ⑦-4「ちずに きろくした」は はじめの うちだけ(なんども くりかえさない)
ok 804 - ⑦-4「ちずに きろくした」は はじめの うちだけ(なんども くりかえさない)
  ---
  duration_ms: 1326.761257
  type: 'test'
  ...
# Subtest: ⑦-5 はじめて あそぶ ひとには「ちずに きろくした」を そえる
ok 805 - ⑦-5 はじめて あそぶ ひとには「ちずに きろくした」を そえる
  ---
  duration_ms: 1918.318917
  type: 'test'
  ...
# Subtest: ⑦-6 レベルは セーブに 何も 足さない(旧セーブでも そのまま 動く)
ok 806 - ⑦-6 レベルは セーブに 何も 足さない(旧セーブでも そのまま 動く)
  ---
  duration_ms: 1962.751325
  type: 'test'
  ...
# Subtest: ⑦-7 監査の けっかと 実装が そろって いる
ok 807 - ⑦-7 監査の けっかと 実装が そろって いる
  ---
  duration_ms: 27.95639
  type: 'test'
  ...
# Subtest: ⑧-1 4つの みはらしに、その ばしょ だけの けしきが ある
ok 808 - ⑧-1 4つの みはらしに、その ばしょ だけの けしきが ある
  ---
  duration_ms: 1004.647029
  type: 'test'
  ...
# Subtest: ⑧-2 主役は 地域ごとに ちがう(どこにも おなじ てすりを 置かない)
ok 809 - ⑧-2 主役は 地域ごとに ちがう(どこにも おなじ てすりを 置かない)
  ---
  duration_ms: 1002.790455
  type: 'test'
  ...
# Subtest: ⑧-3 けしきは あたりはんていを 1つも ふやさない(みち・出口・住民を ふさがない)
ok 810 - ⑧-3 けしきは あたりはんていを 1つも ふやさない(みち・出口・住民を ふさがない)
  ---
  duration_ms: 912.440661
  type: 'test'
  ...
# Subtest: ⑧-4 gate の 発火は 1つも かわらない(connection に さわって いない)
ok 811 - ⑧-4 gate の 発火は 1つも かわらない(connection に さわって いない)
  ---
  duration_ms: 1013.369063
  type: 'test'
  ...
# Subtest: ⑧-5 4つとも L2。toast は 出さず(2026-10-01 v2)、左上の 名まえ と きろく だけ
ok 812 - ⑧-5 4つとも L2。toast は 出さず(2026-10-01 v2)、左上の 名まえ と きろく だけ
  ---
  duration_ms: 1230.219719
  type: 'test'
  ...
# Subtest: ⑧-6 2かいめ は 出さない。旧セーブで もう 見つけて いれば けしきだけ 見える
ok 813 - ⑧-6 2かいめ は 出さない。旧セーブで もう 見つけて いれば けしきだけ 見える
  ---
  duration_ms: 1518.623634
  type: 'test'
  ...
# Subtest: ⑧-7 spot / path / zone / secret の かずは 1つも ふえて いない
ok 814 - ⑧-7 spot / path / zone / secret の かずは 1つも ふえて いない
  ---
  duration_ms: 31.781935
  type: 'test'
  ...
# Subtest: A1. うごく ボタンしか 出さない: なにも ない ときは その ばの ボタンが 1つも ない
ok 815 - A1. うごく ボタンしか 出さない: なにも ない ときは その ばの ボタンが 1つも ない
  ---
  duration_ms: 838.021571
  type: 'test'
  ...
# Subtest: A2. その ばの ボタンは 1 枠。住民が ちかいと「はなす」、のりばに 立つと「のる/もぐる」
ok 816 - A2. その ばの ボタンは 1 枠。住民が ちかいと「はなす」、のりばに 立つと「のる/もぐる」
  ---
  duration_ms: 815.72282
  type: 'test'
  ...
# Subtest: A3. こえて いる あいだ、右がわの ボタンは ぜんぶ ロックされる
ok 817 - A3. こえて いる あいだ、右がわの ボタンは ぜんぶ ロックされる
  ---
  duration_ms: 2470.609902
  type: 'test'
  ...
# Subtest: A7. hidden を つけた ボタンは ほんとうに きえる(CSS の きまりが ある)
ok 818 - A7. hidden を つけた ボタンは ほんとうに きえる(CSS の きまりが ある)
  ---
  duration_ms: 1.071613
  type: 'test'
  ...
# Subtest: A8. のりばでは、なにが おきるのかを ボタンの した にも 出す
ok 819 - A8. のりばでは、なにが おきるのかを ボタンの した にも 出す
  ---
  duration_ms: 354.866691
  type: 'test'
  ...
# Subtest: A4. めぐる中の「たび」が はたらく。openExclusiveMenu では はじかれて いた
ok 820 - A4. めぐる中の「たび」が はたらく。openExclusiveMenu では はじかれて いた
  ---
  duration_ms: 473.604818
  type: 'test'
  ...
# Subtest: A5. たびが かぶさって いる あいだ せかいは とまり、とじると つづきから うごく
ok 821 - A5. たびが かぶさって いる あいだ せかいは とまり、とじると つづきから うごく
  ---
  duration_ms: 829.74119
  type: 'test'
  ...
# Subtest: A6. たびから 地域を えらぶと、これまで どおり travelToRegion が はしり めぐるも ついて いく
ok 822 - A6. たびから 地域を えらぶと、これまで どおり travelToRegion が はしり めぐるも ついて いく
  ---
  duration_ms: 644.685619
  type: 'test'
  ...
# Subtest: B1. 見つけた 地域の まわり だけが 紙に のる。0% → 100% で だんだん ひろがる
ok 823 - B1. 見つけた 地域の まわり だけが 紙に のる。0% → 100% で だんだん ひろがる
  ---
  duration_ms: 25.492922
  type: 'test'
  ...
# Subtest: B2. 50% では、まだ 行って いない ところの かたちが はっきり のこって いる
ok 824 - B2. 50% では、まだ 行って いない ところの かたちが はっきり のこって いる
  ---
  duration_ms: 21.227662
  type: 'test'
  ...
# Subtest: B3. 見つけて いない 特殊層(ほしぞら・しんかい・きおく)は 1 文字も もれない
ok 825 - B3. 見つけて いない 特殊層(ほしぞら・しんかい・きおく)は 1 文字も もれない
  ---
  duration_ms: 28.298185
  type: 'test'
  ...
# Subtest: B4. 探索率の しきは ひとつも かわって いない(471 spot / 654 path / 118 zone / 107 ひみつ)
ok 826 - B4. 探索率の しきは ひとつも かわって いない(471 spot / 654 path / 118 zone / 107 ひみつ)
  ---
  duration_ms: 20.773119
  type: 'test'
  ...
# Subtest: C1. ジャングルは 南西の 外洋に うかぶ しま。本土の どの 地域とも 陸つづきに 見えない
ok 827 - C1. ジャングルは 南西の 外洋に うかぶ しま。本土の どの 地域とも 陸つづきに 見えない
  ---
  duration_ms: 30.005395
  type: 'test'
  ...
# Subtest: C2. かいがんせん(本土)は しまに さわらない。しまは べつの 地形として もつ
ok 828 - C2. かいがんせん(本土)は しまに さわらない。しまは べつの 地形として もつ
  ---
  duration_ms: 21.853264
  type: 'test'
  ...
# Subtest: C3. しまは ジャングルを 見つける まで 1 てんも 出ない(なまえも かたちも)
ok 829 - C3. しまは ジャングルを 見つける まで 1 てんも 出ない(なまえも かたちも)
  ---
  duration_ms: 20.861571
  type: 'test'
  ...
# Subtest: C4. ジャングルの なかみ(spot / path / zone / ひみつ)は 1つも かわって いない
ok 830 - C4. ジャングルの なかみ(spot / path / zone / ひみつ)は 1つも かわって いない
  ---
  duration_ms: 423.099441
  type: 'test'
  ...
# Subtest: C5. しまに した あとの みちの かず・つなぎ
ok 831 - C5. しまに した あとの みちの かず・つなぎ
  ---
  duration_ms: 21.386451
  type: 'test'
  ...
# Subtest: D1. 地形には ぜんぶ「あるいて いる ときの けしき」の いみが ついて いる
ok 832 - D1. 地形には ぜんぶ「あるいて いる ときの けしき」の いみが ついて いる
  ---
  duration_ms: 50.686105
  type: 'test'
  ...
# Subtest: D2. 地形の いみは 世界地図の データに 1文字も まざらない
ok 833 - D2. 地形の いみは 世界地図の データに 1文字も まざらない
  ---
  duration_ms: 20.031832
  type: 'test'
  ...
# Subtest: the fauna classifier flags birds, fish, mammals, reptiles and bugs but not plants, shells, paw prints or coral
ok 834 - the fauna classifier flags birds, fish, mammals, reptiles and bugs but not plants, shells, paw prints or coral
  ---
  duration_ms: 118.748274
  type: 'test'
  ...
# Subtest: the jungle random props / lane / hint contain no parrot or snake
ok 835 - the jungle random props / lane / hint contain no parrot or snake
  ---
  duration_ms: 23.680364
  type: 'test'
  ...
# Subtest: no random scenery pool in any region contains living fauna (props, lane, wall, hint, zone lanes, spot props, local flavor)
ok 836 - no random scenery pool in any region contains living fauna (props, lane, wall, hint, zone lanes, spot props, local flavor)
  ---
  duration_ms: 29.575268
  type: 'test'
  ...
# Subtest: the built worlds place no fauna as scenery: every living creature on screen is a registry resident
ok 837 - the built worlds place no fauna as scenery: every living creature on screen is a registry resident
  ---
  duration_ms: 2297.156122
  type: 'test'
  ...
# Subtest: the fauna cleanup does not change the resident registry or the resident placement per region
ok 838 - the fauna cleanup does not change the resident registry or the resident placement per region
  ---
  duration_ms: 4242.931512
  type: 'test'
  ...
# Subtest: scenery is kept rich, but as space rather than scattered trinkets: pools, ground areas and framing all stay in place
ok 839 - scenery is kept rich, but as space rather than scattered trinkets: pools, ground areas and framing all stay in place
  ---
  duration_ms: 2193.941247
  type: 'test'
  ...
# Subtest: the snow world no longer scatters the snowman partner: no ⛄ in props, lane, hint or spot props, density unchanged
ok 840 - the snow world no longer scatters the snowman partner: no ⛄ in props, lane, hint or spot props, density unchanged
  ---
  duration_ms: 25.637577
  type: 'test'
  ...
# Subtest: companion, rare companion and partner emoji are known to the audit, including the ☃️/⛄ alias of the snowman
ok 841 - companion, rare companion and partner emoji are known to the audit, including the ☃️/⛄ alias of the snowman
  ---
  duration_ms: 32.117353
  type: 'test'
  ...
# Subtest: no random scenery pool (props / lane / wall / hint / zone lanes / local flavor) contains a companion, partner or character-asset emoji
ok 842 - no random scenery pool (props / lane / wall / hint / zone lanes / local flavor) contains a companion, partner or character-asset emoji
  ---
  duration_ms: 27.316435
  type: 'test'
  ...
# Subtest: a character emoji sneaking back into a random pool or a second statue spot is reported by the audit
ok 843 - a character emoji sneaking back into a random pool or a second statue spot is reported by the audit
  ---
  duration_ms: 36.556797
  type: 'test'
  ...
# Subtest: every spot says what can be done there, and the list comes from the world, not from a hand-written table
ok 844 - every spot says what can be done there, and the list comes from the world, not from a hand-written table
  ---
  duration_ms: 2132.848333
  type: 'test'
  ...
# Subtest: the 13 regions do not share one set of AI numbers
ok 845 - the 13 regions do not share one set of AI numbers
  ---
  duration_ms: 0.304869
  type: 'test'
  ...
# Subtest: a resident picks an activity, walks there along the paths and does it, rather than drifting at random
ok 846 - a resident picks an activity, walks there along the paths and does it, rather than drifting at random
  ---
  duration_ms: 2319.148591
  type: 'test'
  ...
# Subtest: residents are held by the same world-space colliders as the player and never enter the sea you may not walk in
ok 847 - residents are held by the same world-space colliders as the player and never enter the sea you may not walk in
  ---
  duration_ms: 30494.810936
  type: 'test'
  ...
# Subtest: every way a resident is placed puts them somewhere they can actually stand
ok 848 - every way a resident is placed puts them somewhere they can actually stand
  ---
  duration_ms: 27571.805868
  type: 'test'
  ...
# Subtest: the same seed replays the same life, so this suite cannot pass by luck
ok 849 - the same seed replays the same life, so this suite cannot pass by luck
  ---
  duration_ms: 2387.789765
  type: 'test'
  ...
# Subtest: talking starts by two residents coming together and facing each other, never at a distance
ok 850 - talking starts by two residents coming together and facing each other, never at a distance
  ---
  duration_ms: 10910.818389
  type: 'test'
  ...
# Subtest: nobody is asked to talk by three people at once: an interaction is reserved before it starts
ok 851 - nobody is asked to talk by three people at once: an interaction is reserved before it starts
  ---
  duration_ms: 7100.149899
  type: 'test'
  ...
# Subtest: a gathering forms as a few residents arriving at the same place, and stays small
ok 852 - a gathering forms as a few residents arriving at the same place, and stays small
  ---
  duration_ms: 12048.553439
  type: 'test'
  ...
# Subtest: the time of day changes what residents do, and not everybody changes at the same moment
ok 853 - the time of day changes what residents do, and not everybody changes at the same moment
  ---
  duration_ms: 15284.865977
  type: 'test'
  ...
# Subtest: the weather changes where residents are: rain moves them under a roof, but not all of them
ok 854 - the weather changes where residents are: rain moves them under a roof, but not all of them
  ---
  duration_ms: 19433.625207
  type: 'test'
  ...
# Subtest: a quiet district stays quiet and a busy one does not: the district crowd figure reaches the life AI
ok 855 - a quiet district stays quiet and a busy one does not: the district crowd figure reaches the life AI
  ---
  duration_ms: 7403.332883
  type: 'test'
  ...
# Subtest: behaviour and emotion are two different things
ok 856 - behaviour and emotion are two different things
  ---
  duration_ms: 18579.415821
  type: 'test'
  ...
# Subtest: far-away residents drop to the cheap update, and the cost does not grow with the size of the world
ok 857 - far-away residents drop to the cheap update, and the cost does not grow with the size of the world
  ---
  duration_ms: 8893.715956
  type: 'test'
  ...
# Subtest: nobody is duplicated, the ones walking with you stay out of the resident life, and Naoto keeps the special place
ok 858 - nobody is duplicated, the ones walking with you stay out of the resident life, and Naoto keeps the special place
  ---
  duration_ms: 14769.334556
  type: 'test'
  ...
# Subtest: the life AI leaks nothing to the map: living residents do not discover spots, districts or paths for you
ok 859 - the life AI leaks nothing to the map: living residents do not discover spots, districts or paths for you
  ---
  duration_ms: 19870.593024
  type: 'test'
  ...
# Subtest: you can still talk to a resident whatever they are doing, and they go back to their life afterwards
ok 860 - you can still talk to a resident whatever they are doing, and they go back to their life afterwards
  ---
  duration_ms: 2654.918624
  type: 'test'
  ...
# Subtest: the renderer can read what a resident is doing and feeling through one stable door
ok 861 - the renderer can read what a resident is doing and feeling through one stable door
  ---
  duration_ms: 1021.243107
  type: 'test'
  ...
# Subtest: running a whole day through, nobody freezes, nobody is held in an interaction for ever and nobody vanishes
ok 862 - running a whole day through, nobody freezes, nobody is held in an interaction for ever and nobody vanishes
  ---
  duration_ms: 23231.801105
  type: 'test'
  ...
# Subtest: じかんは ハーネスの とけい だけから くる(決定性の みはり)
ok 863 - じかんは ハーネスの とけい だけから くる(決定性の みはり)
  ---
  duration_ms: 9389.798351
  type: 'test'
  ...
# Subtest: a region you have never walked shows no paths, no spots and no landmarks: only the shape of the map
ok 864 - a region you have never walked shows no paths, no spots and no landmarks: only the shape of the map
  ---
  duration_ms: 2343.976587
  type: 'test'
  ...
# Subtest: walking into a district records it, and only the neighbours reachable by an ordinary path are hinted at
ok 865 - walking into a district records it, and only the neighbours reachable by an ordinary path are hinted at
  ---
  duration_ms: 468.708359
  type: 'test'
  ...
# Subtest: a spot appears on the map only once you have stood in it, and its name comes with it
ok 866 - a spot appears on the map only once you have stood in it, and its name comes with it
  ---
  duration_ms: 294.785859
  type: 'test'
  ...
# Subtest: an undiscovered secret leaks nothing: not its place, not its name, not the path to it, not even a marker
ok 867 - an undiscovered secret leaks nothing: not its place, not its name, not the path to it, not even a marker
  ---
  duration_ms: 2078.848649
  type: 'test'
  ...
# Subtest: a secret is added to the map the moment you find it, and not before
ok 868 - a secret is added to the map the moment you find it, and not before
  ---
  duration_ms: 469.442341
  type: 'test'
  ...
# Subtest: landmarks keep their three tiers, and are drawn only when the place they mark is known
ok 869 - landmarks keep their three tiers, and are drawn only when the place they mark is known
  ---
  duration_ms: 2318.041707
  type: 'test'
  ...
# Subtest: an old save that only knows spots is turned into a map without losing anything
ok 870 - an old save that only knows spots is turned into a map without losing anything
  ---
  duration_ms: 405.518233
  type: 'test'
  ...
# Subtest: the map save stays small: ids only, no coordinates, and it fits in the existing save shape
ok 871 - the map save stays small: ids only, no coordinates, and it fits in the existing save shape
  ---
  duration_ms: 2665.419634
  type: 'test'
  ...
# Subtest: opening the map pauses the walk and closing it puts you back where you stood
ok 872 - opening the map pauses the walk and closing it puts you back where you stood
  ---
  duration_ms: 752.497294
  type: 'test'
  ...
# Subtest: with the map closed there is no map work at all: it is built on open and thrown away on close
ok 873 - with the map closed there is no map work at all: it is built on open and thrown away on close
  ---
  duration_ms: 1564.612089
  type: 'test'
  ...
# Subtest: every one of the 13 regions can be drawn from mapData alone, and the progress never counts hidden secrets
ok 874 - every one of the 13 regions can be drawn from mapData alone, and the progress never counts hidden secrets
  ---
  duration_ms: 2091.216812
  type: 'test'
  ...
# Subtest: the map changes nothing about the scenery: the fauna and character audits still come back clean
ok 875 - the map changes nothing about the scenery: the fauna and character audits still come back clean
  ---
  duration_ms: 2238.570093
  type: 'test'
  ...
# Subtest: every region has its own wind, and every district says what moves there
ok 876 - every region has its own wind, and every district says what moves there
  ---
  duration_ms: 3028.182372
  type: 'test'
  ...
# Subtest: worldLayers hands a 3D renderer the air, the districts and the camera, without reading any drawing code
ok 877 - worldLayers hands a 3D renderer the air, the districts and the camera, without reading any drawing code
  ---
  duration_ms: 2153.377151
  type: 'test'
  ...
# Subtest: the camera keeps the rig and only adds a few percent: bob, pull back with speed, open districts, a glance at landmarks
ok 878 - the camera keeps the rig and only adds a few percent: bob, pull back with speed, open districts, a glance at landmarks
  ---
  duration_ms: 353.874347
  type: 'test'
  ...
# Subtest: parallax is a canvas-only layer trick: sky moves least, the foreground most, and no world coordinate changes
ok 879 - parallax is a canvas-only layer trick: sky moves least, the foreground most, and no world coordinate changes
  ---
  duration_ms: 151.575143
  type: 'test'
  ...
# Subtest: only what actually covers you goes see-through, and never too far
ok 880 - only what actually covers you goes see-through, and never too far
  ---
  duration_ms: 20.846131
  type: 'test'
  ...
# Subtest: the environment animation never adds creatures, and it thins out instead of stopping on a slow phone
ok 881 - the environment animation never adds creatures, and it thins out instead of stopping on a slow phone
  ---
  duration_ms: 2291.653175
  type: 'test'
  ...
# Subtest: transition: 27 companions never stand inside an obstacle after arriving (all 20 walk directions: on placement, after 1.5 s idle, and after walking)
ok 882 - transition: 27 companions never stand inside an obstacle after arriving (all 20 walk directions: on placement, after 1.5 s idle, and after walking)
  ---
  duration_ms: 11131.589232
  type: 'test'
  ...
# Subtest: corridor: 27 companions never stand inside an obstacle after arriving (all 20 walk directions: on placement, after 1.5 s idle, and after walking)
ok 883 - corridor: 27 companions never stand inside an obstacle after arriving (all 20 walk directions: on placement, after 1.5 s idle, and after walking)
  ---
  duration_ms: 6302.745248
  type: 'test'
  ...
# Subtest: 1. いまの ゲームで いっしょに あるける いちばん おおい 人数は 27(なかま 26 + こいびと 1)。コードから もとめる
ok 884 - 1. いまの ゲームで いっしょに あるける いちばん おおい 人数は 27(なかま 26 + こいびと 1)。コードから もとめる
  ---
  duration_ms: 180.847188
  type: 'test'
  ...
# Subtest: 2. かたち: 1〜2 は ななめ うしろ、3〜4 は ちいさな V、5 いじょうは 半円〜おうぎ。まえへ 出ない・横 1 列に ならない
ok 885 - 2. かたち: 1〜2 は ななめ うしろ、3〜4 は ちいさな V、5 いじょうは 半円〜おうぎ。まえへ 出ない・横 1 列に ならない
  ---
  duration_ms: 25.817406
  type: 'test'
  ...
# Subtest: 3. せまい ところ(corridor の 帯)は ほそく する。はばは 帯から(px ではなく world)。せまくても 1 本の 線に しない
ok 886 - 3. せまい ところ(corridor の 帯)は ほそく する。はばは 帯から(px ではなく world)。せまくても 1 本の 線に しない
  ---
  duration_ms: 31.714514
  type: 'test'
  ...
# Subtest: 4. 決定論・並び順が かわらない・らんすうを つかわない・O(n)
ok 887 - 4. 決定論・並び順が かわらない・らんすうを つかわない・O(n)
  ---
  duration_ms: 290.106759
  type: 'test'
  ...
# Subtest: 5. region: 1 / 2 / 4 / 8 / 16 / 27 にんで あるいた あと、うしろに ゆるく あつまる(まえへ 出ない・横 1 列に ならない・同じ ばしょに かさならない)
ok 888 - 5. region: 1 / 2 / 4 / 8 / 16 / 27 にんで あるいた あと、うしろに ゆるく あつまる(まえへ 出ない・横 1 列に ならない・同じ ばしょに かさならない)
  ---
  duration_ms: 1530.673535
  type: 'test'
  ...
# Subtest: 6. region に 入った とき、なかまは その ならびに いる(とおくから かけよらない・1 列に ならない)。当たり判定は ふやさない
ok 889 - 6. region に 入った とき、なかまは その ならびに いる(とおくから かけよらない・1 列に ならない)。当たり判定は ふやさない
  ---
  duration_ms: 410.731992
  type: 'test'
  ...
# Subtest: 7. corridor: 27 にんでも 帯の なか・帯が せまい 段では ほそく・引き返しでも 曲がりでも 段の さかいでも とばない
ok 890 - 7. corridor: 27 にんでも 帯の なか・帯が せまい 段では ほそく・引き返しでも 曲がりでも 段の さかいでも とばない
  ---
  duration_ms: 1909.609445
  type: 'test'
  ...
# Subtest: 8. start(): 27 にんで home → forest を あるいて 着いた とき、なかまは ならびの まま(1 列に ならない・ふえない)。セーブに ならびは のこらない
ok 891 - 8. start(): 27 にんで home → forest を あるいて 着いた とき、なかまは ならびの まま(1 列に ならない・ふえない)。セーブに ならびは のこらない
  ---
  duration_ms: 2004.545922
  type: 'test'
  ...
# Subtest: 1. partyLod: ちかい なかまは full、見かけの 大きさで medium / light。さかいで ぱたぱた しない・決定的
ok 892 - 1. partyLod: ちかい なかまは full、見かけの 大きさで medium / light。さかいで ぱたぱた しない・決定的
  ---
  duration_ms: 127.159766
  type: 'test'
  ...
# Subtest: 2. 1 / 4 / 8 / 16 / 27 にん: 全員 えがく・filter を まいかい つかわない・うしろの なかまほど かるい。16 にん いじょうは 命令 1 にん 2 いか
ok 893 - 2. 1 / 4 / 8 / 16 / 27 にん: 全員 えがく・filter を まいかい つかわない・うしろの なかまほど かるい。16 にん いじょうは 命令 1 にん 2 いか
  ---
  duration_ms: 1064.976968
  type: 'test'
  ...
# Subtest: 3. え の したく: 1 回 作って つかいまわす(つぎの frame は 作らない)。おなじ え は おなじ もの。destroy で すてる
ok 894 - 3. え の したく: 1 回 作って つかいまわす(つぎの frame は 作らない)。おなじ え は おなじ もの。destroy で すてる
  ---
  duration_ms: 387.697385
  type: 'test'
  ...
# Subtest: 4. したくが できない(canvas が 作れない / こける)ときは もとの えがきかた へ。こわれない・全員 えがく
ok 895 - 4. したくが できない(canvas が 作れない / こける)ときは もとの えがきかた へ。こわれない・全員 えがく
  ---
  duration_ms: 673.164693
  type: 'test'
  ...
# Subtest: 5. 暗転の こさで 道の え を えがくか きめる: 0.95 いじょう は えがかない
ok 896 - 5. 暗転の こさで 道の え を えがくか きめる: 0.95 いじょう は えがかない
  ---
  duration_ms: 47.358677
  type: 'test'
  ...
# Subtest: 6. 27 にんで home → forest → home: 暗転の こい frame は 道を えがかない。組むのは 1 回(二重 build なし)。なかまは 27 のまま
ok 897 - 6. 27 にんで home → forest → home: 暗転の こい frame は 道を えがかない。組むのは 1 回(二重 build なし)。なかまは 27 のまま
  ---
  duration_ms: 3093.323417
  type: 'test'
  ...
# Subtest: 7. 27 にん: 着く まえに 引き返す(組んだ ものを すてる)・とちゅうで reload・reduced motion は transition
ok 898 - 7. 27 にん: 着く まえに 引き返す(組んだ ものを すてる)・とちゅうで reload・reduced motion は transition
  ---
  duration_ms: 4525.895809
  type: 'test'
  ...
# Subtest: 8. ほかの 出口・special は いまの まま(連続で あるくのは 許可リストの 5 本だけ。Phase 4E-4A)
ok 899 - 8. ほかの 出口・special は いまの まま(連続で あるくのは 許可リストの 5 本だけ。Phase 4E-4A)
  ---
  duration_ms: 2048.325538
  type: 'test'
  ...
# Subtest: 1. 27 にんの なかまは forest / mountain / city で あるいても とまっても 障害物に めりこまない(player と おなじ あたり)
ok 900 - 1. 27 にんの なかまは forest / mountain / city で あるいても とまっても 障害物に めりこまない(player と おなじ あたり)
  ---
  duration_ms: 5089.13657
  type: 'test'
  ...
# Subtest: 2. player も まえと おなじ あたりで とまる(めりこまない)。なかまが いても player の あるく みちは かわらない
ok 901 - 2. player も まえと おなじ あたりで とまる(めりこまない)。なかまが いても player の あるく みちは かわらない
  ---
  duration_ms: 1676.446628
  type: 'test'
  ...
# Subtest: 3. かたく 見える 物には あたりが ある: fore の 岩・見はり小屋・柵、切り株・丸太・大岩、道ばたの 木と 建物
ok 902 - 3. かたく 見える 物には あたりが ある: fore の 岩・見はり小屋・柵、切り株・丸太・大岩、道ばたの 木と 建物
  ---
  duration_ms: 1115.472783
  type: 'test'
  ...
# Subtest: 4. 道の 面は あいて いる: 道はばの 3/4 の なかは どこでも player(半径 22)が 立てる。はし(±half)の かすりは main(12)より ふえない(13 地域)
ok 903 - 4. 道の 面は あいて いる: 道はばの 3/4 の なかは どこでも player(半径 22)が 立てる。はし(±half)の かすりは main(12)より ふえない(13 地域)
  ---
  duration_ms: 23178.776263
  type: 'test'
  ...
# Subtest: 5. 道の そばの かたい 物: 絵の 中心部に player が 立てる 数が main の 半分 いか(道の 面の うえの 物は のぞく)
ok 904 - 5. 道の そばの かたい 物: 絵の 中心部に player が 立てる 数が main の 半分 いか(道の 面の うえの 物は のぞく)
  ---
  duration_ms: 1255.420155
  type: 'test'
  ...
# Subtest: 6. corridor: なかまも player と おなじ corridorBody で はしの いしを よける。帯の そとへ 出ない・1 frame で とばない
ok 905 - 6. corridor: なかまも player と おなじ corridorBody で はしの いしを よける。帯の そとへ 出ない・1 frame で とばない
  ---
  duration_ms: 3427.359377
  type: 'test'
  ...
# Subtest: 7. まわりこみ: 生け垣の むこうに 取り残されない(ならびの 点は player から 行ける ところ)。つまりの きろくは セーブに のこらない
ok 906 - 7. まわりこみ: 生け垣の むこうに 取り残されない(ならびの 点は player から 行ける ところ)。つまりの きろくは セーブに のこらない
  ---
  duration_ms: 379.855461
  type: 'test'
  ...
# Subtest: 8. たて看板(建物・がけ)の あたりは もとの あたりの なかで 道がわを けずる だけ(見る むきで 見えない かべに ならない)
ok 907 - 8. たて看板(建物・がけ)の あたりは もとの あたりの なかで 道がわを けずる だけ(見る むきで 見えない かべに ならない)
  ---
  duration_ms: 937.266498
  type: 'test'
  ...
# Subtest: 1. connection は 14 本。b あり 13 / gate 13 / 未実装 0 / special 2
ok 908 - 1. connection は 14 本。b あり 13 / gate 13 / 未実装 0 / special 2
  ---
  duration_ms: 130.939177
  type: 'test'
  ...
# Subtest: 2. gate の 端点は ぜんぶで 26。出口を 1 つも もたない 地域は 1 つだけ
ok 909 - 2. gate の 端点は ぜんぶで 26。出口を 1 つも もたない 地域は 1 つだけ
  ---
  duration_ms: 22.794233
  type: 'test'
  ...
# Subtest: 3. 未実装 connection は 0 本(ぜんぶの みちが 通れる)
ok 910 - 3. 未実装 connection は 0 本(ぜんぶの みちが 通れる)
  ---
  duration_ms: 31.839551
  type: 'test'
  ...
# Subtest: 4. mouths の spot は ぜんぶ じっさいに あって、ひみつでは ない
ok 911 - 4. mouths の spot は ぜんぶ じっさいに あって、ひみつでは ない
  ---
  duration_ms: 22.520932
  type: 'test'
  ...
# Subtest: 5. anchor 候補は ぜんぶ 既存の spot で たりる(新しい spot は いらない)
ok 912 - 5. anchor 候補は ぜんぶ 既存の spot で たりる(新しい spot は いらない)
  ---
  duration_ms: 36.486596
  type: 'test'
  ...
# Subtest: 6. **よその 地域を つらぬいて いる みちは 1 本も ない**
ok 913 - 6. **よその 地域を つらぬいて いる みちは 1 本も ない**
  ---
  duration_ms: 45.441655
  type: 'test'
  ...
# Subtest: 7. 分水界の 点列は にしのやまちの 南はし 4 点と おなじ
ok 914 - 7. 分水界の 点列は にしのやまちの 南はし 4 点と おなじ
  ---
  duration_ms: 21.454688
  type: 'test'
  ...
# Subtest: 8. home の 2 本は どちらも おおきなき。いまの sim は 1 spot 1 gate しか ひろえない
ok 915 - 8. home の 2 本は どちらも おおきなき。いまの sim は 1 spot 1 gate しか ひろえない
  ---
  duration_ms: 23.515087
  type: 'test'
  ...
# Subtest: 9. 通常 11 地域の 次数。一本道では なく、わが 1 つ ある
ok 916 - 9. 通常 11 地域の 次数。一本道では なく、わが 1 つ ある
  ---
  duration_ms: 35.431985
  type: 'test'
  ...
# Subtest: 10. 探索率の 分母(region 11 / link 13 / tier1 17 / zone 103)
ok 917 - 10. 探索率の 分母(region 11 / link 13 / tier1 17 / zone 103)
  ---
  duration_ms: 20.362665
  type: 'test'
  ...
# Subtest: 11. 地域の かずと 世界の 中みは 1 つも 動いて いない
ok 918 - 11. 地域の かずと 世界の 中みは 1 つも 動いて いない
  ---
  duration_ms: 41.024869
  type: 'test'
  ...
# Subtest: 12. 「たび」は 無変更。まだ あるいて 行けない 地域へも たびでは 行ける
ok 919 - 12. 「たび」は 無変更。まだ あるいて 行けない 地域へも たびでは 行ける
  ---
  duration_ms: 30.447236
  type: 'test'
  ...
# Subtest: 1. 正本から きえた。connection 15 → 14 / 未実装 0
ok 920 - 1. 正本から きえた。connection 15 → 14 / 未実装 0
  ---
  duration_ms: 133.004569
  type: 'test'
  ...
# Subtest: 2. 探索率の link 分母が 13 → 12。**かずを たもつ ための 代わりは 足して いない**
ok 921 - 2. 探索率の link 分母が 13 → 12。**かずを たもつ ための 代わりは 足して いない**
  ---
  duration_ms: 25.776519
  type: 'test'
  ...
# Subtest: 3. worldLinksFrom(): 両はしの spot を ぜんぶ 見つけても もう 出て こない
ok 922 - 3. worldLinksFrom(): 両はしの spot を ぜんぶ 見つけても もう 出て こない
  ---
  duration_ms: 32.886967
  type: 'test'
  ...
# Subtest: 4. 世界地図に ゴーストの 線が 出ない(100% でも)
ok 923 - 4. 世界地図に ゴーストの 線が 出ない(100% でも)
  ---
  duration_ms: 23.821428
  type: 'test'
  ...
# Subtest: 5. **ふるい セーブに きろくが のこって いても 無害**(エラー / 水増し / 線の 復活 なし)
ok 924 - 5. **ふるい セーブに きろくが のこって いても 無害**(エラー / 水増し / 線の 復活 なし)
  ---
  duration_ms: 44.751957
  type: 'test'
  ...
# Subtest: 6. 連結性: いなか ⇄ みずべ は **もり けいゆ**でも **にしまわり**でも 行ける
ok 925 - 6. 連結性: いなか ⇄ みずべ は **もり けいゆ**でも **にしまわり**でも 行ける
  ---
  duration_ms: 41.381195
  type: 'test'
  ...
# Subtest: 7. 通常世界は ひとつの まま。あるいて 9 地域 / のりもの こみで 12 地域
ok 926 - 7. 通常世界は ひとつの まま。あるいて 9 地域 / のりもの こみで 12 地域
  ---
  duration_ms: 42.385607
  type: 'test'
  ...
# Subtest: 8. 既存の 13 gate が ぜんぶ 健在。出口の 組み合わせも 変わって いない
ok 927 - 8. 既存の 13 gate が ぜんぶ 健在。出口の 組み合わせも 変わって いない
  ---
  duration_ms: 1673.402413
  type: 'test'
  ...
# Subtest: 9. **spot は けして いない。**かわぞい も かわぎし も そのまま はたらく
ok 928 - 9. **spot は けして いない。**かわぞい も かわぎし も そのまま はたらく
  ---
  duration_ms: 37.133105
  type: 'test'
  ...
# Subtest: 10. region の なかみ・たび・なかま・住民は 1 つも 変わって いない
ok 929 - 10. region の なかみ・たび・なかま・住民は 1 つも 変わって いない
  ---
  duration_ms: 486.100772
  type: 'test'
  ...
# Subtest: 11. **よその region を 貫通する 線が 1 本も なくなった**(けした いちばんの りゆう)
ok 930 - 11. **よその region を 貫通する 線が 1 本も なくなった**(けした いちばんの りゆう)
  ---
  duration_ms: 29.945331
  type: 'test'
  ...
# Subtest: A1. forest|snow は 正本・地図・みちの はっけん の どこにも のこって いない
ok 931 - A1. forest|snow は 正本・地図・みちの はっけん の どこにも のこって いない
  ---
  duration_ms: 130.039848
  type: 'test'
  ...
# Subtest: A2. もり → やま → ゆきぐに が 正式な みちに なる。ゆきぐには やま だけ
ok 932 - A2. もり → やま → ゆきぐに が 正式な みちに なる。ゆきぐには やま だけ
  ---
  duration_ms: 28.930865
  type: 'test'
  ...
# Subtest: A3. 探索率の link ぶんぼは 正本から 13。ふるい セーブに のこって いても こわれない
ok 933 - A3. 探索率の link ぶんぼは 正本から 13。ふるい セーブに のこって いても こわれない
  ---
  duration_ms: 25.003316
  type: 'test'
  ...
# Subtest: A4. みちを けしても region の なかみは 1 つも かわって いない
ok 934 - A4. みちを けしても region の なかみは 1 つも かわって いない
  ---
  duration_ms: 21.670031
  type: 'test'
  ...
# Subtest: B1. regionGates は priority → id の きまった じゅんで かえす(データの じゅんに よらない)
ok 935 - B1. regionGates は priority → id の きまった じゅんで かえす(データの じゅんに よらない)
  ---
  duration_ms: 35.716964
  type: 'test'
  ...
# Subtest: B2. 1 つの spot に 出口が 2 つ あっても、両方 もてる
ok 936 - B2. 1 つの spot に 出口が 2 つ あっても、両方 もてる
  ---
  duration_ms: 90.760044
  type: 'test'
  ...
# Subtest: B3. どちらへ 出るかは いち と むきで きまる。**配列の じゅんばんに よらない**
ok 937 - B3. どちらへ 出るかは いち と むきで きまる。**配列の じゅんばんに よらない**
  ---
  duration_ms: 19.267517
  type: 'test'
  ...
# Subtest: B4. むきでも priority でも きまらない ときは わざと えらばない
ok 938 - B4. むきでも priority でも きまらない ときは わざと えらばない
  ---
  duration_ms: 46.277522
  type: 'test'
  ...
# Subtest: B5. 出口が 1 つの ときは これまでどおり。bearing が なくても うごく
ok 939 - B5. 出口が 1 つの ときは これまでどおり。bearing が なくても うごく
  ---
  duration_ms: 32.393054
  type: 'test'
  ...
# Subtest: B6. じっさいに あるいて、にしなら もり・ひがしなら かわへ 出る
ok 940 - B6. じっさいに あるいて、にしなら もり・ひがしなら かわへ 出る
  ---
  duration_ms: 184.232027
  type: 'test'
  ...
# Subtest: B7. 1 かいの よこぎりで gate は 1 どだけ(演出の 二じゅう はじまり なし)
ok 941 - B7. 1 かいの よこぎりで gate は 1 どだけ(演出の 二じゅう はじまり なし)
  ---
  duration_ms: 139.05469
  type: 'test'
  ...
# Subtest: B8. ride の 出口は 1 つの spot に 1 本まで(ボタンを ふやさない ための ルール)
ok 942 - B8. ride の 出口は 1 つの spot に 1 本まで(ボタンを ふやさない ための ルール)
  ---
  duration_ms: 59.35764
  type: 'test'
  ...
# Subtest: C1. これまでの 出口は そのまま。おうち → もり → いなか が あるける
ok 943 - C1. これまでの 出口は そのまま。おうち → もり → いなか が あるける
  ---
  duration_ms: 473.940814
  type: 'test'
  ...
# Subtest: C2. きめられた 出口 いがいからは 外へ 出られない(おうち ぜんぶの spot)
ok 944 - C2. きめられた 出口 いがいからは 外へ 出られない(おうち ぜんぶの spot)
  ---
  duration_ms: 376.726114
  type: 'test'
  ...
# Subtest: C3. 「たび」は 無変更。けした みちの さきへも たびでは 行ける
ok 945 - C3. 「たび」は 無変更。けした みちの さきへも たびでは 行ける
  ---
  duration_ms: 41.620346
  type: 'test'
  ...
# Subtest: C4. Fog: 見つけて いない 地域・みち・特殊移動は 1 つも もれない
ok 946 - C4. Fog: 見つけて いない 地域・みち・特殊移動は 1 つも もれない
  ---
  duration_ms: 18.878601
  type: 'test'
  ...
# Subtest: C5. なかまは ついてくる。住民は だぶらない
ok 947 - C5. なかまは ついてくる。住民は だぶらない
  ---
  duration_ms: 86.692174
  type: 'test'
  ...
# Subtest: 1. この PR の 2 本に あるく 出口が ある。connection は ふえて いない
ok 948 - 1. この PR の 2 本に あるく 出口が ある。connection は ふえて いない
  ---
  duration_ms: 134.80747
  type: 'test'
  ...
# Subtest: 2. anchor は ぜんぶ 既存の 非秘密 spot。**新しい spot は 1 つも つくって いない**
ok 949 - 2. anchor は ぜんぶ 既存の 非秘密 spot。**新しい spot は 1 つも つくって いない**
  ---
  duration_ms: 22.733161
  type: 'test'
  ...
# Subtest: 3. かわ・みずうみ の 2 つの 入口は かさならない。かわぎし は いなか用に あいて いる
ok 950 - 3. かわ・みずうみ の 2 つの 入口は かさならない。かわぎし は いなか用に あいて いる
  ---
  duration_ms: 302.334085
  type: 'test'
  ...
# Subtest: 4. おおきなきに 出口が 2 つ。にしなら もり・ひがしなら かわ
ok 951 - 4. おおきなきに 出口が 2 つ。にしなら もり・ひがしなら かわ
  ---
  duration_ms: 130.190294
  type: 'test'
  ...
# Subtest: 5. **とりちがえない**。にしへ よって かわに 出る / ひがしへ よって もりに 出る ことは ない
ok 952 - 5. **とりちがえない**。にしへ よって かわに 出る / ひがしへ よって もりに 出る ことは ない
  ---
  duration_ms: 435.800748
  type: 'test'
  ...
# Subtest: 6. まっすぐ あるいた ときは これまでどおり もり(既存の たいけんを かえない)
ok 953 - 6. まっすぐ あるいた ときは これまでどおり もり(既存の たいけんを かえない)
  ---
  duration_ms: 62.612077
  type: 'test'
  ...
# Subtest: 7. 1 かいの よこぎりで gate は 1 どだけ(演出の 二じゅう はじまり なし)
ok 954 - 7. 1 かいの よこぎりで gate は 1 どだけ(演出の 二じゅう はじまり なし)
  ---
  duration_ms: 214.037928
  type: 'test'
  ...
# Subtest: 8. おうち ⇄ かわ・みずうみ を 行って もどれる
ok 955 - 8. おうち ⇄ かわ・みずうみ を 行って もどれる
  ---
  duration_ms: 249.908784
  type: 'test'
  ...
# Subtest: 9. やま ⇄ かわ・みずうみ を 行って もどれる
ok 956 - 9. やま ⇄ かわ・みずうみ を 行って もどれる
  ---
  duration_ms: 437.395067
  type: 'test'
  ...
# Subtest: 10. たにの 川すじが あるいて つながる: やま → かわ → おうち → もり
ok 957 - 10. たにの 川すじが あるいて つながる: やま → かわ → おうち → もり
  ---
  duration_ms: 509.316048
  type: 'test'
  ...
# Subtest: 11. Phase 2.1 の しくみを そのまま つかう(あたらしい engine を つくって いない)
ok 958 - 11. Phase 2.1 の しくみを そのまま つかう(あたらしい engine を つくって いない)
  ---
  duration_ms: 435.84439
  type: 'test'
  ...
# Subtest: 12. non-region terrain: どの 出口も あいだの ちけいを もつ(いきなり ワープ しない)
ok 959 - 12. non-region terrain: どの 出口も あいだの ちけいを もつ(いきなり ワープ しない)
  ---
  duration_ms: 18.633545
  type: 'test'
  ...
# Subtest: 13. UI は ふえて いない。あるく 出口では context action を 出さない
ok 960 - 13. UI は ふえて いない。あるく 出口では context action を 出さない
  ---
  duration_ms: 618.747771
  type: 'test'
  ...
# Subtest: 14. 探索率の ぶんぼは 1 つも 動いて いない(gate を つけただけ)
ok 961 - 14. 探索率の ぶんぼは 1 つも 動いて いない(gate を つけただけ)
  ---
  duration_ms: 22.949479
  type: 'test'
  ...
# Subtest: 15. きめられた 出口 いがいからは 外へ 出られない(かわ・やま ぜんぶの spot)
ok 962 - 15. きめられた 出口 いがいからは 外へ 出られない(かわ・やま ぜんぶの spot)
  ---
  duration_ms: 2667.89576
  type: 'test'
  ...
# Subtest: 16. Fog: gate を つけても 見つけて いない ものは もれない
ok 963 - 16. Fog: gate を つけても 見つけて いない ものは もれない
  ---
  duration_ms: 21.90652
  type: 'test'
  ...
# Subtest: 17. 「たび」は 無変更。なかまは ついてくる。住民は だぶらない
ok 964 - 17. 「たび」は 無変更。なかまは ついてくる。住民は だぶらない
  ---
  duration_ms: 450.653772
  type: 'test'
  ...
# Subtest: 1. この PR の 2 本に あるく 出口が ある。connection は ふえて いない
ok 965 - 1. この PR の 2 本に あるく 出口が ある。connection は ふえて いない
  ---
  duration_ms: 129.439785
  type: 'test'
  ...
# Subtest: 2. forest|snow の ちょくつうろは 復活して いない。もり → やま → ゆきぐに
ok 966 - 2. forest|snow の ちょくつうろは 復活して いない。もり → やま → ゆきぐに
  ---
  duration_ms: 23.04485
  type: 'test'
  ...
# Subtest: 3. anchor は ぜんぶ 既存の 非秘密 spot。**新しい spot は 1 つも つくって いない**
ok 967 - 3. anchor は ぜんぶ 既存の 非秘密 spot。**新しい spot は 1 つも つくって いない**
  ---
  duration_ms: 32.127995
  type: 'test'
  ...
# Subtest: 4. やまの 出口は 4 つ。foot / ひがしの てんぼう / ちょうじょう / かぜのきれめ に やくわりが ぶんさん
ok 968 - 4. やまの 出口は 4 つ。foot / ひがしの てんぼう / ちょうじょう / かぜのきれめ に やくわりが ぶんさん
  ---
  duration_ms: 336.898655
  type: 'test'
  ...
# Subtest: 5. **やまの なかから かわ・みずうみへ もどれる**(もりの 出口が じゃまして いない)
ok 969 - 5. **やまの なかから かわ・みずうみへ もどれる**(もりの 出口が じゃまして いない)
  ---
  duration_ms: 16630.735634
  type: 'test'
  ...
# Subtest: 6. ひがしの てんぼうからは もりへ 出る(よこに ずれた ばしょだけ)
ok 970 - 6. ひがしの てんぼうからは もりへ 出る(よこに ずれた ばしょだけ)
  ---
  duration_ms: 250.839571
  type: 'test'
  ...
# Subtest: 7. もり ⇄ やま を 行って もどれる
ok 971 - 7. もり ⇄ やま を 行って もどれる
  ---
  duration_ms: 588.711397
  type: 'test'
  ...
# Subtest: 8. やま ⇄ ゆきぐに を 行って もどれる。どちらも おくが みね
ok 972 - 8. やま ⇄ ゆきぐに を 行って もどれる。どちらも おくが みね
  ---
  duration_ms: 412.815407
  type: 'test'
  ...
# Subtest: 9. にしの 大山塊が あるいて つながる: もり → やま → ゆきぐに → やま → かわ
ok 973 - 9. にしの 大山塊が あるいて つながる: もり → やま → ゆきぐに → やま → かわ
  ---
  duration_ms: 953.099463
  type: 'test'
  ...
# Subtest: 10. 1 かいの よこぎりで gate は 1 どだけ(演出の 二じゅう はじまり なし)
ok 974 - 10. 1 かいの よこぎりで gate は 1 どだけ(演出の 二じゅう はじまり なし)
  ---
  duration_ms: 1252.865286
  type: 'test'
  ...
# Subtest: 11. Phase 2.1 の しくみを そのまま つかう(あたらしい engine を つくって いない)
ok 975 - 11. Phase 2.1 の しくみを そのまま つかう(あたらしい engine を つくって いない)
  ---
  duration_ms: 671.10768
  type: 'test'
  ...
# Subtest: 12. non-region terrain: どの 出口も あいだの ちけいを もつ(いきなり ワープ しない)
ok 976 - 12. non-region terrain: どの 出口も あいだの ちけいを もつ(いきなり ワープ しない)
  ---
  duration_ms: 21.856352
  type: 'test'
  ...
# Subtest: 13. UI は ふえて いない。あるく 出口では context action を 出さない
ok 977 - 13. UI は ふえて いない。あるく 出口では context action を 出さない
  ---
  duration_ms: 898.159552
  type: 'test'
  ...
# Subtest: 14. 探索率の ぶんぼは 1 つも 動いて いない(gate を つけただけ)
ok 978 - 14. 探索率の ぶんぼは 1 つも 動いて いない(gate を つけただけ)
  ---
  duration_ms: 19.355519
  type: 'test'
  ...
# Subtest: 15. きめられた 出口 いがいからは 外へ 出られない(もり・やま・ゆきぐに ぜんぶの spot)
ok 979 - 15. きめられた 出口 いがいからは 外へ 出られない(もり・やま・ゆきぐに ぜんぶの spot)
  ---
  duration_ms: 5141.480627
  type: 'test'
  ...
# Subtest: 16. Fog: もりを 知った だけで ゆきぐにの ばしょも そんざいも わからない
ok 980 - 16. Fog: もりを 知った だけで ゆきぐにの ばしょも そんざいも わからない
  ---
  duration_ms: 20.639613
  type: 'test'
  ...
# Subtest: 17. 「たび」は 無変更。なかまは ついてくる。住民は だぶらない
ok 981 - 17. 「たび」は 無変更。なかまは ついてくる。住民は だぶらない
  ---
  duration_ms: 771.661623
  type: 'test'
  ...
# Subtest: 18. 4 つの anchor は entry から **みちを たどって** 行ける(じっさいに あそべる)
ok 982 - 18. 4 つの anchor は entry から **みちを たどって** 行ける(じっさいに あそべる)
  ---
  duration_ms: 26.308755
  type: 'test'
  ...
# Subtest: 1. 2 本に あるく 出口が ついた。connection は ふえて いない
ok 983 - 1. 2 本に あるく 出口が ついた。connection は ふえて いない
  ---
  duration_ms: 127.346863
  type: 'test'
  ...
# Subtest: 2. anchor は ぜんぶ 既存の 非秘密 spot。**新しい spot は 1 つも つくって いない**
ok 984 - 2. anchor は ぜんぶ 既存の 非秘密 spot。**新しい spot は 1 つも つくって いない**
  ---
  duration_ms: 21.829244
  type: 'test'
  ...
# Subtest: 3. うみ: あるく(みなと) / ふね(ぼうはてい) / もぐる(どうくつ) が 混線しない
ok 985 - 3. うみ: あるく(みなと) / ふね(ぼうはてい) / もぐる(どうくつ) が 混線しない
  ---
  duration_ms: 203.893884
  type: 'test'
  ...
# Subtest: 4. **うみで あるいて ふね・もぐるへ 出て しまう ことが ない**(8 むき 実測)
ok 986 - 4. **うみで あるいて ふね・もぐるへ 出て しまう ことが ない**(8 むき 実測)
  ---
  duration_ms: 77243.532844
  type: 'test'
  ...
# Subtest: 5. ride ボタンは ぼうはてい / かいしょくどうくつ でしか 出ない
ok 987 - 5. ride ボタンは ぼうはてい / かいしょくどうくつ でしか 出ない
  ---
  duration_ms: 1249.663619
  type: 'test'
  ...
# Subtest: 6. まち: 山ごえ(おおどおりのはし) / 河口(ふなつきば) / キャラバン(やたい) が 誤発火しない
ok 988 - 6. まち: 山ごえ(おおどおりのはし) / 河口(ふなつきば) / キャラバン(やたい) が 誤発火しない
  ---
  duration_ms: 169068.003932
  type: 'test'
  ...
# Subtest: 7. いなか: たなだのてんぼう(まち) / ちんじゅのもり(もり) / そらのりば(ほしぞら) が じゃましあわない
ok 989 - 7. いなか: たなだのてんぼう(まち) / ちんじゅのもり(もり) / そらのりば(ほしぞら) が じゃましあわない
  ---
  duration_ms: 120878.810553
  type: 'test'
  ...
# Subtest: 8. まち ⇄ いなか を 行って もどれる
ok 990 - 8. まち ⇄ いなか を 行って もどれる
  ---
  duration_ms: 670.339132
  type: 'test'
  ...
# Subtest: 9. まち ⇄ うみ を 行って もどれる
ok 991 - 9. まち ⇄ うみ を 行って もどれる
  ---
  duration_ms: 499.865633
  type: 'test'
  ...
# Subtest: 10. **あるいて せかいが 1 つに つながる**: おうち → もり → いなか → まち → うみ
ok 992 - 10. **あるいて せかいが 1 つに つながる**: おうち → もり → いなか → まち → うみ
  ---
  duration_ms: 877.303305
  type: 'test'
  ...
# Subtest: 11. 1 かいの よこぎりで gate は 1 どだけ(演出の 二じゅう はじまり なし)
ok 993 - 11. 1 かいの よこぎりで gate は 1 どだけ(演出の 二じゅう はじまり なし)
  ---
  duration_ms: 1407.718983
  type: 'test'
  ...
# Subtest: 12. Phase 2.1 の しくみを そのまま つかう。gate 解決は 配列順に よらない
ok 994 - 12. Phase 2.1 の しくみを そのまま つかう。gate 解決は 配列順に よらない
  ---
  duration_ms: 780.597153
  type: 'test'
  ...
# Subtest: 13. non-region terrain: 両がわ 6 段階。みやこがわは たにの おおかわと べつ水系
ok 995 - 13. non-region terrain: 両がわ 6 段階。みやこがわは たにの おおかわと べつ水系
  ---
  duration_ms: 33.097597
  type: 'test'
  ...
# Subtest: 14. 探索率の ぶんぼは 1 つも 動いて いない(gate を つけただけ)
ok 996 - 14. 探索率の ぶんぼは 1 つも 動いて いない(gate を つけただけ)
  ---
  duration_ms: 32.299716
  type: 'test'
  ...
# Subtest: 15. きめられた 出口 いがいからは 外へ 出られない(まち・いなか・うみ ぜんぶの spot)
ok 997 - 15. きめられた 出口 いがいからは 外へ 出られない(まち・いなか・うみ ぜんぶの spot)
  ---
  duration_ms: 5388.872413
  type: 'test'
  ...
# Subtest: 16. Fog: いなかを 知った だけで まち・うみは もれない
ok 998 - 16. Fog: いなかを 知った だけで まち・うみは もれない
  ---
  duration_ms: 19.733528
  type: 'test'
  ...
# Subtest: 17. anchor は entry から みちを たどって 行ける。たび・なかま・住民も そのまま
ok 999 - 17. anchor は entry から みちを たどって 行ける。たび・なかま・住民も そのまま
  ---
  duration_ms: 766.865396
  type: 'test'
  ...
# Subtest: 1. 2 本に あるく 出口が ついた。connection は ふえて いない
ok 1000 - 1. 2 本に あるく 出口が ついた。connection は ふえて いない
  ---
  duration_ms: 127.515102
  type: 'test'
  ...
# Subtest: 2. anchor は ぜんぶ 既存の 非秘密 spot。**新しい spot は 1 つも つくって いない**
ok 1001 - 2. anchor は ぜんぶ 既存の 非秘密 spot。**新しい spot は 1 つも つくって いない**
  ---
  duration_ms: 22.18719
  type: 'test'
  ...
# Subtest: 3. さばくの 2 つの 入口は だんごに ならない(まちがわと やまがわが はなれて いる)
ok 1002 - 3. さばくの 2 つの 入口は だんごに ならない(まちがわと やまがわが はなれて いる)
  ---
  duration_ms: 29.854766
  type: 'test'
  ...
# Subtest: 4. **さばく: あるいて まち・やま いがいへ 出て しまう ことが ない**(ぜんぶの spot x 8 むき 実測)
ok 1003 - 4. **さばく: あるいて まち・やま いがいへ 出て しまう ことが ない**(ぜんぶの spot x 8 むき 実測)
  ---
  duration_ms: 204439.397362
  type: 'test'
  ...
# Subtest: 5. まち: やたい(さばく) / おおどおり(いなか) / ふなつきば(うみ) が 混線しない
ok 1004 - 5. まち: やたい(さばく) / おおどおり(いなか) / ふなつきば(うみ) が 混線しない
  ---
  duration_ms: 364122.411971
  type: 'test'
  ...
# Subtest: 6. **やまの 4 つの 出口が たがいを ふさがない**(かわ / もり / ゆきぐに / さばく)
ok 1005 - 6. **やまの 4 つの 出口が たがいを ふさがない**(かわ / もり / ゆきぐに / さばく)
  ---
  duration_ms: 168126.756534
  type: 'test'
  ...
# Subtest: 7. まち ⇄ さばく を 行って もどれる
ok 1006 - 7. まち ⇄ さばく を 行って もどれる
  ---
  duration_ms: 326.57689
  type: 'test'
  ...
# Subtest: 8. さばく ⇄ やま を 行って もどれる
ok 1007 - 8. さばく ⇄ やま を 行って もどれる
  ---
  duration_ms: 212.111625
  type: 'test'
  ...
# Subtest: 9. **さばくの こりつが とけた**: あるいて せかいが ひとつに つながる
ok 1008 - 9. **さばくの こりつが とけた**: あるいて せかいが ひとつに つながる
  ---
  duration_ms: 13.06388
  type: 'test'
  ...
# Subtest: 10. わ に なって いる: city → desert → mountain → … → city
ok 1009 - 10. わ に なって いる: city → desert → mountain → … → city
  ---
  duration_ms: 13.975673
  type: 'test'
  ...
# Subtest: 11. ジャングルとは つながない。desert|jungle は 復活して いない
ok 1010 - 11. ジャングルとは つながない。desert|jungle は 復活して いない
  ---
  duration_ms: 98.315658
  type: 'test'
  ...
# Subtest: 12. のりものを ふやして いない。あたらしい 2 本は どちらも あるき
ok 1011 - 12. のりものを ふやして いない。あたらしい 2 本は どちらも あるき
  ---
  duration_ms: 369.143153
  type: 'test'
  ...
# Subtest: 13. Phase 2.1 の しくみを そのまま つかう。gate 解決は 配列順に よらない
ok 1012 - 13. Phase 2.1 の しくみを そのまま つかう。gate 解決は 配列順に よらない
  ---
  duration_ms: 420.849214
  type: 'test'
  ...
# Subtest: 14. 1 かいの よこぎりで gate は 1 どだけ(演出の 二じゅう はじまり なし)
ok 1013 - 14. 1 かいの よこぎりで gate は 1 どだけ(演出の 二じゅう はじまり なし)
  ---
  duration_ms: 558.72566
  type: 'test'
  ...
# Subtest: 15. non-region terrain: 両がわ 6 段。まちの となりが いきなり すなの せかいでは ない
ok 1014 - 15. non-region terrain: 両がわ 6 段。まちの となりが いきなり すなの せかいでは ない
  ---
  duration_ms: 15.366597
  type: 'test'
  ...
# Subtest: 16. きめられた 出口 いがいからは 外へ 出られない(まち・さばく・やま ぜんぶの spot)
ok 1015 - 16. きめられた 出口 いがいからは 外へ 出られない(まち・さばく・やま ぜんぶの spot)
  ---
  duration_ms: 2775.082943
  type: 'test'
  ...
# Subtest: 17. 探索率の ぶんぼは 1 つも 動いて いない(gate を つけただけ)
ok 1016 - 17. 探索率の ぶんぼは 1 つも 動いて いない(gate を つけただけ)
  ---
  duration_ms: 12.456886
  type: 'test'
  ...
# Subtest: 18. Fog: まちを 知った だけで さばく・やまは もれない
ok 1017 - 18. Fog: まちを 知った だけで さばく・やまは もれない
  ---
  duration_ms: 14.839373
  type: 'test'
  ...
# Subtest: 19. anchor は entry から みちを たどって 行ける。たび・なかま・住民も そのまま
ok 1018 - 19. anchor は entry から みちを たどって 行ける。たび・なかま・住民も そのまま
  ---
  duration_ms: 432.645406
  type: 'test'
  ...
# Subtest: 20. countryside|river_lake は Phase 3B-Final で けした。この PR の 2 本は のこる
ok 1019 - 20. countryside|river_lake は Phase 3B-Final で けした。この PR の 2 本は のこる
  ---
  duration_ms: 245.913091
  type: 'test'
  ...
# Subtest: 1. REGION_FRAME を もつのは 12 地域。きおくのみずうみ だけ もたない
ok 1020 - 1. REGION_FRAME を もつのは 12 地域。きおくのみずうみ だけ もたない
  ---
  duration_ms: 143.678541
  type: 'test'
  ...
# Subtest: 2. frame の 値は ぜんぶ 有限。yaw は **まるめて いない** 自由な 実数
ok 1021 - 2. frame の 値は ぜんぶ 有限。yaw は **まるめて いない** 自由な 実数
  ---
  duration_ms: 23.858128
  type: 'test'
  ...
# Subtest: 3. toGlobal → toLocal の 往復が 一致する(471 spot ぜんぶ)
ok 1022 - 3. toGlobal → toLocal の 往復が 一致する(471 spot ぜんぶ)
  ---
  duration_ms: 30.684711
  type: 'test'
  ...
# Subtest: 4. むき(dir)の 往復が 一致する。いちは 足さない
ok 1023 - 4. むき(dir)の 往復が 一致する。いちは 足さない
  ---
  duration_ms: 25.713009
  type: 'test'
  ...
# Subtest: 5. yaw の 往復が 一致する
ok 1024 - 5. yaw の 往復が 一致する
  ---
  duration_ms: 37.163913
  type: 'test'
  ...
# Subtest: 6. walk connection 10 本の closure が 目標(< 400)に おさまる
ok 1025 - 6. walk connection 10 本の closure が 目標(< 400)に おさまる
  ---
  duration_ms: 20.854687
  type: 'test'
  ...
# Subtest: 7. special connection は closure を しばらない。layer の 上下だけ しばる
ok 1026 - 7. special connection は closure を しばらない。layer の 上下だけ しばる
  ---
  duration_ms: 36.903491
  type: 'test'
  ...
# Subtest: 8. きおくのみずうみ は 通常 global 地理の そと。逆引きの かんすうは ない
ok 1027 - 8. きおくのみずうみ は 通常 global 地理の そと。逆引きの かんすうは ない
  ---
  duration_ms: 27.474019
  type: 'test'
  ...
# Subtest: 9. special layer(そら / ちじょう / うみのそこ)が 区別できる
ok 1028 - 9. special layer(そら / ちじょう / うみのそこ)が 区別できる
  ---
  duration_ms: 32.848077
  type: 'test'
  ...
# Subtest: 10. REGION_FRAME は mapX / mapY を つかって いない(世界地図とは べつの そう)
ok 1029 - 10. REGION_FRAME は mapX / mapY を つかって いない(世界地図とは べつの そう)
  ---
  duration_ms: 20.228084
  type: 'test'
  ...
# Subtest: 11. **消しても うごきが 変わらない**(まだ だれにも つかわれて いない)
ok 1030 - 11. **消しても うごきが 変わらない**(まだ だれにも つかわれて いない)
  ---
  duration_ms: 5349.702015
  type: 'test'
  ...
# Subtest: 12. 分母・spot・たび・セーブの かたちは 1 つも 動いて いない
ok 1031 - 12. 分母・spot・たび・セーブの かたちは 1 つも 動いて いない
  ---
  duration_ms: 32.326937
  type: 'test'
  ...
# Subtest: 1. corridor は 13 本 = gate を もつ connection ぜんぶ。きおくのみずうみ は 入らない
ok 1032 - 1. corridor は 13 本 = gate を もつ connection ぜんぶ。きおくのみずうみ は 入らない
  ---
  duration_ms: 127.306786
  type: 'test'
  ...
# Subtest: 2. walk / sea / vertical の わけかた と のりもの は 正本の gate / ride から
ok 1033 - 2. walk / sea / vertical の わけかた と のりもの は 正本の gate / ride から
  ---
  duration_ms: 26.812269
  type: 'test'
  ...
# Subtest: 3. こえかた(way)は むきごと。regionGates() と 1 本も ずれない
ok 1034 - 3. こえかた(way)は むきごと。regionGates() と 1 本も ずれない
  ---
  duration_ms: 4607.390057
  type: 'test'
  ...
# Subtest: 4. りょうはしは gate の 出口 spot を toGlobal した もの。ぜんぶ 有限
ok 1035 - 4. りょうはしは gate の 出口 spot を toGlobal した もの。ぜんぶ 有限
  ---
  duration_ms: 33.192439
  type: 'test'
  ...
# Subtest: 5. physicalGap と travelLength は べつもの。special は gap を しばらない
ok 1036 - 5. physicalGap と travelLength は べつもの。special は gap を しばらない
  ---
  duration_ms: 19.349843
  type: 'test'
  ...
# Subtest: 6. 段(terrain)は 正本の gate land / stages / transition を そのまま つかう。手で うつして いない
ok 1037 - 6. 段(terrain)は 正本の gate land / stages / transition を そのまま つかう。手で うつして いない
  ---
  duration_ms: 23.291572
  type: 'test'
  ...
# Subtest: 7. 方角は gate を 出る むき(leave)を global に うつした もの。8 方位
ok 1038 - 7. 方角は gate を 出る むき(leave)を global に うつした もの。8 方位
  ---
  duration_ms: 29.871783
  type: 'test'
  ...
# Subtest: 8. compassLabel: 8 方位の さかいめ
ok 1039 - 8. compassLabel: 8 方位の さかいめ
  ---
  duration_ms: 25.147825
  type: 'test'
  ...
# Subtest: 9. 方角に mapX / mapY も chart の 中心も つかって いない
ok 1040 - 9. 方角に mapX / mapY も chart の 中心も つかって いない
  ---
  duration_ms: 48.729534
  type: 'test'
  ...
# Subtest: 10. いき と かえり の つじつま
ok 1041 - 10. いき と かえり の つじつま
  ---
  duration_ms: 19.473097
  type: 'test'
  ...
# Subtest: 11. graph は 12 地域 ひとつながり。きおくのみずうみ は そと。逆引きは ない
ok 1042 - 11. graph は 12 地域 ひとつながり。きおくのみずうみ は そと。逆引きは ない
  ---
  duration_ms: 2220.466509
  type: 'test'
  ...
# Subtest: 12. findRegionRoute: だいひょうの みち
ok 1043 - 12. findRegionRoute: だいひょうの みち
  ---
  duration_ms: 29.881523
  type: 'test'
  ...
# Subtest: 13. はじめて よんだ ときに 1 どだけ つくる(毎フレーム つくらない)
ok 1044 - 13. はじめて よんだ ときに 1 どだけ つくる(毎フレーム つくらない)
  ---
  duration_ms: 20.69671
  type: 'test'
  ...
# Subtest: 14. **消しても うごきが 変わらない**(まだ だれにも つかわれて いない)
ok 1045 - 14. **消しても うごきが 変わらない**(まだ だれにも つかわれて いない)
  ---
  duration_ms: 6106.293199
  type: 'test'
  ...
# Subtest: 15. 分母・spot・たび・セーブ・REGION_FRAME は 1 つも 動いて いない
ok 1046 - 15. 分母・spot・たび・セーブ・REGION_FRAME は 1 つも 動いて いない
  ---
  duration_ms: 31.418136
  type: 'test'
  ...
# Subtest: 1. 遠景は 37 個。12 地域 すべてに ある。きおくのみずうみ は 入らない
ok 1047 - 1. 遠景は 37 個。12 地域 すべてに ある。きおくのみずうみ は 入らない
  ---
  duration_ms: 136.894803
  type: 'test'
  ...
# Subtest: 2. 行き先と 経路は graph / corridor に 実在する
ok 1048 - 2. 行き先と 経路は graph / corridor に 実在する
  ---
  duration_ms: 27.60686
  type: 'test'
  ...
# Subtest: 3. 方角は corridor の 出口の 向き。REGION_FRAME の 原点どうしは つかわない
ok 1049 - 3. 方角は corridor の 出口の 向き。REGION_FRAME の 原点どうしは つかわない
  ---
  duration_ms: 35.355872
  type: 'test'
  ...
# Subtest: 4. 分類・順位・LOD の 値が 正しい
ok 1050 - 4. 分類・順位・LOD の 値が 正しい
  ---
  duration_ms: 24.967878
  type: 'test'
  ...
# Subtest: 5. px を もたない(renderer に よらない いみデータ)
ok 1051 - 5. px を もたない(renderer に よらない いみデータ)
  ---
  duration_ms: 37.326668
  type: 'test'
  ...
# Subtest: 6. 見える 条件は 決定的。実時刻を 読まない
ok 1052 - 6. 見える 条件は 決定的。実時刻を 読まない
  ---
  duration_ms: 137.532433
  type: 'test'
  ...
# Subtest: 7. 街の 光は 夜だけ(夕方は うすく)。昼は 出ない
ok 1053 - 7. 街の 光は 夜だけ(夕方は うすく)。昼は 出ない
  ---
  duration_ms: 31.684497
  type: 'test'
  ...
# Subtest: 8. しま は うみ から だけ。道を 見つける まで 出ない。夜と 雨も 出ない
ok 1054 - 8. しま は うみ から だけ。道を 見つける まで 出ない。夜と 雨も 出ない
  ---
  duration_ms: 22.105429
  type: 'test'
  ...
# Subtest: 9. ほしぞら は 地上の 遠景では なく 上の 光。見つける まで 出ない
ok 1055 - 9. ほしぞら は 地上の 遠景では なく 上の 光。見つける まで 出ない
  ---
  duration_ms: 32.071339
  type: 'test'
  ...
# Subtest: 10. 1 画面に 出るのは 3 つ まで(順位で しぼる)
ok 1056 - 10. 1 画面に 出るのは 3 つ まで(順位で しぼる)
  ---
  duration_ms: 27.752629
  type: 'test'
  ...
# Subtest: 11. 1 どだけ 組み立てて freeze(毎フレーム つくらない)
ok 1057 - 11. 1 どだけ 組み立てて freeze(毎フレーム つくらない)
  ---
  duration_ms: 56.9878
  type: 'test'
  ...
# Subtest: 12. mapX / mapY を つかって いない
ok 1058 - 12. mapX / mapY を つかって いない
  ---
  duration_ms: 41.330494
  type: 'test'
  ...
# Subtest: 13. **消しても うごきが 変わらない**(つかうのは Phase 4D-2 の 遠景 PoC だけ)
ok 1059 - 13. **消しても うごきが 変わらない**(つかうのは Phase 4D-2 の 遠景 PoC だけ)
  ---
  duration_ms: 6205.753369
  type: 'test'
  ...
# Subtest: 14. 分母・spot・たび・セーブ・世界地図・corridor は 1 つも 動いて いない
ok 1060 - 14. 分母・spot・たび・セーブ・世界地図・corridor は 1 つも 動いて いない
  ---
  duration_ms: 196.605537
  type: 'test'
  ...
# Subtest: 1. start() は 遠景を もつ 地域に データを わたす(きおくのみずうみ には わたさない)
ok 1061 - 1. start() は 遠景を もつ 地域に データを わたす(きおくのみずうみ には わたさない)
  ---
  duration_ms: 1630.530464
  type: 'test'
  ...
# Subtest: 2. 方角固定: yaw 0〜315 で 画面の x は 方角 + カメラの 向き + 視野 だけで きまる(home / sea)
ok 1062 - 2. 方角固定: yaw 0〜315 で 画面の x は 方角 + カメラの 向き + 視野 だけで きまる(home / sea)
  ---
  duration_ms: 573.913129
  type: 'test'
  ...
# Subtest: 3. 見える 条件: 島は 見つけてから、街の 灯は 夕方・夜 だけ、しんかいは 地平線でなく たての 位置
ok 1063 - 3. 見える 条件: 島は 見つけてから、街の 灯は 夕方・夜 だけ、しんかいは 地平線でなく たての 位置
  ---
  duration_ms: 982.339842
  type: 'test'
  ...
# Subtest: 4. 性能 tier: 1 画面 3 / 2 / 1。lod.maxTier より おもい tier では 出さない
ok 1064 - 4. 性能 tier: 1 画面 3 / 2 / 1。lod.maxTier より おもい tier では 出さない
  ---
  duration_ms: 459.910231
  type: 'test'
  ...
# Subtest: 5. よいやすい せってい: 位置は おなじ、よこの ずれは よわく、ちらつかない。あらわれる ときは fade
ok 1065 - 5. よいやすい せってい: 位置は おなじ、よこの ずれは よわく、ちらつかない。あらわれる ときは fade
  ---
  duration_ms: 1074.568912
  type: 'test'
  ...
# Subtest: 6. 2D 命令は 1 フレーム +30 いか(home / sea の いちばん おおい ばめん)
ok 1066 - 6. 2D 命令は 1 フレーム +30 いか(home / sea の いちばん おおい ばめん)
  ---
  duration_ms: 2705.691862
  type: 'test'
  ...
# Subtest: 7. renderer contract: データは よむ だけ。view・セーブ・地図の 座標・buildWorld は つかわない
ok 1067 - 7. renderer contract: データは よむ だけ。view・セーブ・地図の 座標・buildWorld は つかわない
  ---
  duration_ms: 297.234097
  type: 'test'
  ...
# Subtest: 8. **消しても うごきが 変わらない**: 4D-2 を 消した meguru.js と sim の 指紋が おなじ。ほかの 地域の え も おなじ
ok 1068 - 8. **消しても うごきが 変わらない**: 4D-2 を 消した meguru.js と sim の 指紋が おなじ。ほかの 地域の え も おなじ
  ---
  duration_ms: 5056.40399
  type: 'test'
  ...
# Subtest: 9. 分母・spot・たび・世界地図・corridor・DistantFeature の かずは 動いて いない
ok 1069 - 9. 分母・spot・たび・世界地図・corridor・DistantFeature の かずは 動いて いない
  ---
  duration_ms: 42.117336
  type: 'test'
  ...
# Subtest: 1. 12 地域 ぜんぶで 同じ パイプラインが うごく(start() から renderer へ)。きおくのみずうみ は 出さない
ok 1070 - 1. 12 地域 ぜんぶで 同じ パイプラインが うごく(start() から renderer へ)。きおくのみずうみ は 出さない
  ---
  duration_ms: 3659.890329
  type: 'test'
  ...
# Subtest: 2. よこは 方角固定: 12 地域の 代表 1 つずつ、yaw 0〜315 で 正しい がわへ うごく
ok 1071 - 2. よこは 方角固定: 12 地域の 代表 1 つずつ、yaw 0〜315 で 正しい がわへ うごく
  ---
  duration_ms: 4974.64398
  type: 'test'
  ...
# Subtest: 3. どの 地域も 遠景が じっさいに 画面に 出る。kind 11 種 ぜんぶ 描ける
ok 1072 - 3. どの 地域も 遠景が じっさいに 画面に 出る。kind 11 種 ぜんぶ 描ける
  ---
  duration_ms: 5705.261527
  type: 'test'
  ...
# Subtest: 4. たて: 方位を もたず、意味の 位置(上 / 中央上 / 中央下 / 水ぎわ)に 出る。カメラが まわっても うごかない
ok 1073 - 4. たて: 方位を もたず、意味の 位置(上 / 中央上 / 中央下 / 水ぎわ)に 出る。カメラが まわっても うごかない
  ---
  duration_ms: 1366.590967
  type: 'test'
  ...
# Subtest: 5. 1 画面は たても ふくめて 3 / 2 / 1。同じ 方角は 2 まで、山影は 1 まい。低 tier は mid だけ
ok 1074 - 5. 1 画面は たても ふくめて 3 / 2 / 1。同じ 方角は 2 まで、山影は 1 まい。低 tier は mid だけ
  ---
  duration_ms: 36836.498515
  type: 'test'
  ...
# Subtest: 6. 見える 条件は visibleDistant の まま: ほしぞら・島は 見つけてから、下の 暗さは 出口の ちかく、街の 灯は 夕夜
ok 1075 - 6. 見える 条件は visibleDistant の まま: ほしぞら・島は 見つけてから、下の 暗さは 出口の ちかく、街の 灯は 夕夜
  ---
  duration_ms: 3608.291246
  type: 'test'
  ...
# Subtest: 7. 地域の みとおし(view)で こさを おさえる: 森・ジャングルは うすい。高い ところ(やまなみ)から 見る 山は ひくい
ok 1076 - 7. 地域の みとおし(view)で こさを おさえる: 森・ジャングルは うすい。高い ところ(やまなみ)から 見る 山は ひくい
  ---
  duration_ms: 897.031302
  type: 'test'
  ...
# Subtest: 8. よいやすい せってい: 12 地域 ぜんぶ 位置は おなじ・よこの ずれは 3 わり・ちらつかない
ok 1077 - 8. よいやすい せってい: 12 地域 ぜんぶ 位置は おなじ・よこの ずれは 3 わり・ちらつかない
  ---
  duration_ms: 4558.253519
  type: 'test'
  ...
# Subtest: 9. 2D 命令: 12 地域・ぜんぶの 向き・ぜんぶの tier の 最悪でも +30 いか
ok 1078 - 9. 2D 命令: 12 地域・ぜんぶの 向き・ぜんぶの tier の 最悪でも +30 いか
  ---
  duration_ms: 52814.062405
  type: 'test'
  ...
# Subtest: 10. renderer contract と 不変: 地域名で わけない・buildWorld / mapX を つかわない・セーブ / 当たり判定 / 住民 は そのまま
ok 1079 - 10. renderer contract と 不変: 地域名で わけない・buildWorld / mapX を つかわない・セーブ / 当たり判定 / 住民 は そのまま
  ---
  duration_ms: 2493.276411
  type: 'test'
  ...
# Subtest: 1. どの backdrop の どの そうも、右へ まわると 左へ ながれる(逆向き 0)。1 周 2° きざみ
ok 1080 - 1. どの backdrop の どの そうも、右へ まわると 左へ ながれる(逆向き 0)。1 周 2° きざみ
  ---
  duration_ms: 10037.783083
  type: 'test'
  ...
# Subtest: 2. 速さ: C だった 5 種は 角度どおりの 0.6〜1.2 倍、ほかは これまでの 速さ(0.1〜0.7 倍)の まま
ok 1081 - 2. 速さ: C だった 5 種は 角度どおりの 0.6〜1.2 倍、ほかは これまでの 速さ(0.1〜0.7 倍)の まま
  ---
  duration_ms: 3391.926754
  type: 'test'
  ...
# Subtest: 3. じっさいの 波の 形も 左へ ながれる(描いた 点で たしかめる)
ok 1082 - 3. じっさいの 波の 形も 左へ ながれる(描いた 点で たしかめる)
  ---
  duration_ms: 938.612153
  type: 'test'
  ...
# Subtest: 4. 1 周で 模様が つながる: 0° / 360° と ±180° の 前後で ずれが とばない
ok 1083 - 4. 1 周で 模様が つながる: 0° / 360° と ±180° の 前後で ずれが とばない
  ---
  duration_ms: 2384.154338
  type: 'test'
  ...
# Subtest: 5. 形は かえない: yaw 0・よこ 0 では どの そうも ずれ 0。描く 命令の かずは 向きで かわらない
ok 1084 - 5. 形は かえない: yaw 0・よこ 0 では どの そうも ずれ 0。描く 命令の かずは 向きで かわらない
  ---
  duration_ms: 3388.203095
  type: 'test'
  ...
# Subtest: 6. よいやすい せってい: 回転の 向きは おなじ(左へ)、歩いた ぶんの よこの ずれは 3 わり
ok 1085 - 6. よいやすい せってい: 回転の 向きは おなじ(左へ)、歩いた ぶんの よこの ずれは 3 わり
  ---
  duration_ms: 1649.9196
  type: 'test'
  ...
# Subtest: 7. 実時刻・地図の 座標を つかわない。遠景レイヤー(方角固定)は そのまま
ok 1086 - 7. 実時刻・地図の 座標を つかわない。遠景レイヤー(方角固定)は そのまま
  ---
  duration_ms: 46.019976
  type: 'test'
  ...
# Subtest: 8. セーブ・当たり判定・住民・たび・分母・DistantFeature は 動かない
ok 1087 - 8. セーブ・当たり判定・住民・たび・分母・DistantFeature は 動かない
  ---
  duration_ms: 3598.647508
  type: 'test'
  ...
# Subtest: 1. spec は walk の 10 本。Phase 4C の walk corridor と 1 対 1。special と きおくのみずうみ は 入らない
ok 1088 - 1. spec は walk の 10 本。Phase 4C の walk corridor と 1 対 1。special と きおくのみずうみ は 入らない
  ---
  duration_ms: 139.841252
  type: 'test'
  ...
# Subtest: 2. はし は gate の 出口 spot と 一致。むきも gate と あう
ok 1089 - 2. はし は gate の 出口 spot と 一致。むきも gate と あう
  ---
  duration_ms: 3646.07166
  type: 'test'
  ...
# Subtest: 3. 段の かずは land と おなじ。ことばは gate の land から(むきごと)。地面は 11 種
ok 1090 - 3. 段の かずは land と おなじ。ことばは gate の land から(むきごと)。地面は 11 種
  ---
  duration_ms: 27.630857
  type: 'test'
  ...
# Subtest: 4. walkLength = 段 × 450。初回 8.7〜10.4 秒、再訪は 1.4 倍の はやさ(かたちは 同じ)
ok 1091 - 4. walkLength = 段 × 450。初回 8.7〜10.4 秒、再訪は 1.4 倍の はやさ(かたちは 同じ)
  ---
  duration_ms: 44.801428
  type: 'test'
  ...
# Subtest: 5. むきは a の 出口 → b へ 入る むき へ なめらかに。はじめと おわりの 半段は まっすぐ
ok 1092 - 5. むきは a の 出口 → b へ 入る むき へ なめらかに。はじめと おわりの 半段は まっすぐ
  ---
  duration_ms: 39.979291
  type: 'test'
  ...
# Subtest: 6. 曲がる はやさ(260/s): めやす 30°/s。こえる ものには しるし。U ターン寄りは countryside|forest
ok 1093 - 6. 曲がる はやさ(260/s): めやす 30°/s。こえる ものには しるし。U ターン寄りは countryside|forest
  ---
  duration_ms: 131.611793
  type: 'test'
  ...
# Subtest: 7. 幅は いみの クラス(narrow / normal / wide)。world たんいの 幅と よこずれの 上限を みちびける
ok 1094 - 7. 幅は いみの クラス(narrow / normal / wide)。world たんいの 幅と よこずれの 上限を みちびける
  ---
  duration_ms: 21.06515
  type: 'test'
  ...
# Subtest: 8. 当たり判定は いみだけ。region の collider を もちこまない。障害物の 上限 24
ok 1095 - 8. 当たり判定は いみだけ。region の collider を もちこまない。障害物の 上限 24
  ---
  duration_ms: 30.141268
  type: 'test'
  ...
# Subtest: 9. いきと かえり: かたち・長さ・幅は 1 つを 共有、むきだけ さかさ
ok 1096 - 9. いきと かえり: かたち・長さ・幅は 1 つを 共有、むきだけ さかさ
  ---
  duration_ms: 32.425186
  type: 'test'
  ...
# Subtest: 10. handoff: 出口の pose ↔ s / u ↔ 入口の pose。むきの とびは 0.5° 未満、位置は spot の なか
ok 1097 - 10. handoff: 出口の pose ↔ s / u ↔ 入口の pose。むきの とびは 0.5° 未満、位置は spot の なか
  ---
  duration_ms: 27.211065
  type: 'test'
  ...
# Subtest: 11. closure の のこりを もちこまない: はしは spot の local 座標 そのもの。global の 位置では きめない
ok 1098 - 11. closure の のこりを もちこまない: はしは spot の local 座標 そのもの。global の 位置では きめない
  ---
  duration_ms: 40.588999
  type: 'test'
  ...
# Subtest: 12. fallback: reduced motion・perfTier 2・失敗・許可リスト外 は いまの transition
ok 1099 - 12. fallback: reduced motion・perfTier 2・失敗・許可リスト外 は いまの transition
  ---
  duration_ms: 23.244342
  type: 'test'
  ...
# Subtest: 13. CorridorState の かたち。s は 0〜walkLength の world 距離、u は よこの world 距離
ok 1100 - 13. CorridorState の かたち。s は 0〜walkLength の world 距離、u は よこの world 距離
  ---
  duration_ms: 41.316785
  type: 'test'
  ...
# Subtest: 14. 1 どだけ 組み立てて freeze。生成は かるい
ok 1101 - 14. 1 どだけ 組み立てて freeze。生成は かるい
  ---
  duration_ms: 24.419651
  type: 'test'
  ...
# Subtest: 15. まだ だれも つかって いない: simulation / renderer / UI / script.js から よばない
ok 1102 - 15. まだ だれも つかって いない: simulation / renderer / UI / script.js から よばない
  ---
  duration_ms: 69.301024
  type: 'test'
  ...
# Subtest: 16. **消しても うごきが 変わらない**: 4E-1 を 消した meguru.js と ゲームの 指紋が おなじ
ok 1103 - 16. **消しても うごきが 変わらない**: 4E-1 を 消した meguru.js と ゲームの 指紋が おなじ
  ---
  duration_ms: 7168.645564
  type: 'test'
  ...
# Subtest: 17. 分母・spot・たび・セーブ・世界地図・corridor・遠景・transition は 1 つも 動いて いない
ok 1104 - 17. 分母・spot・たび・セーブ・世界地図・corridor・遠景・transition は 1 つも 動いて いない
  ---
  duration_ms: 93.597442
  type: 'test'
  ...
# Subtest: 1. corridor を あるくのは 許可リストの 5 本(行きと 帰り)だけ。ほかの 出口は いまの transition(Phase 4E-4A で LOW 4 本を たした)
ok 1105 - 1. corridor を あるくのは 許可リストの 5 本(行きと 帰り)だけ。ほかの 出口は いまの transition(Phase 4E-4A で LOW 4 本を たした)
  ---
  duration_ms: 2434.374754
  type: 'test'
  ...
# Subtest: 2. fallback: よいやすい せってい・perfTier 2・しっぱいした・おもい・形が あわない → transition。perfTier 0 / 1 は corridor
ok 1106 - 2. fallback: よいやすい せってい・perfTier 2・しっぱいした・おもい・形が あわない → transition。perfTier 0 / 1 は corridor
  ---
  duration_ms: 87.400143
  type: 'test'
  ...
# Subtest: 3. home → forest: 長さは spec の まま、初回 10.4 秒 / 再訪 7.4 秒、段は 0 → 5、着く がわは forest の 入口
ok 1107 - 3. home → forest: 長さは spec の まま、初回 10.4 秒 / 再訪 7.4 秒、段は 0 → 5、着く がわは forest の 入口
  ---
  duration_ms: 109.969038
  type: 'test'
  ...
# Subtest: 4. forest → home も おなじ 形を さかさに つかう(長さ・段・幅は おなじ、ことばは forest がわ)
ok 1108 - 4. forest → home も おなじ 形を さかさに つかう(長さ・段・幅は おなじ、ことばは forest がわ)
  ---
  duration_ms: 73.152144
  type: 'test'
  ...
# Subtest: 5. s / u: 左右に あるけるが 帯の そとへは 出ない(幅クラスから)。レールでは ない
ok 1109 - 5. s / u: 左右に あるけるが 帯の そとへは 出ない(幅クラスから)。レールでは ない
  ---
  duration_ms: 159.963325
  type: 'test'
  ...
# Subtest: 6. むき: 入る しゅんかんに カメラは うごかない。曲がる はやさは spec どおり(初回 10.9°/s)、着く ときの ずれは 1° 未満
ok 1110 - 6. むき: 入る しゅんかんに カメラは うごかない。曲がる はやさは spec どおり(初回 10.9°/s)、着く ときの ずれは 1° 未満
  ---
  duration_ms: 167.215721
  type: 'test'
  ...
# Subtest: 7. 当たり判定: 帯の はしの いし だけ(1 段 1 こ・24 こ いない)。いしに めりこまない。region の 当たり判定は もたない
ok 1111 - 7. 当たり判定: 帯の はしの いし だけ(1 段 1 こ・24 こ いない)。いしに めりこまない。region の 当たり判定は もたない
  ---
  duration_ms: 63.361297
  type: 'test'
  ...
# Subtest: 8. なかまは ついてくる(帯の なか・じぶんの ちかく・かずは おなじ)。住民は 0
ok 1112 - 8. なかまは ついてくる(帯の なか・じぶんの ちかく・かずは おなじ)。住民は 0
  ---
  duration_ms: 116.94667
  type: 'test'
  ...
# Subtest: 9. 引き返し: とちゅうで もどると 出発 地域の 同じ 出口へ(commit しない)
ok 1113 - 9. 引き返し: とちゅうで もどると 出発 地域の 同じ 出口へ(commit しない)
  ---
  duration_ms: 59.767878
  type: 'test'
  ...
# Subtest: 10. け しき: 飾りは 150 こ いない、段の 地面の 種類で かわり、となりの 段と なめらかに まざる。地面の いろは 出発 → 到着 へ とばずに。背景は まんなかで 1 回だけ(Phase 4E-4A)。遠景は すすみぐあいで まざる
ok 1114 - 10. け しき: 飾りは 150 こ いない、段の 地面の 種類で かわり、となりの 段と なめらかに まざる。地面の いろは 出発 → 到着 へ とばずに。背景は まんなかで 1 回だけ(Phase 4E-4A)。遠景は すすみぐあいで まざる
  ---
  duration_ms: 80.562337
  type: 'test'
  ...
# Subtest: 11. start(): home → forest を あるく。とちゅうの セーブは home の まま、着いた ときだけ forest。corridor の あとかたは のこらない
ok 1115 - 11. start(): home → forest を あるく。とちゅうの セーブは home の まま、着いた ときだけ forest。corridor の あとかたは のこらない
  ---
  duration_ms: 592.870658
  type: 'test'
  ...
# Subtest: 12. とちゅうで reload(もどる → もう いちど start)すると 出発 地域から。セーブの かたちは かわらない
ok 1116 - 12. とちゅうで reload(もどる → もう いちど start)すると 出発 地域から。セーブの かたちは かわらない
  ---
  duration_ms: 171.475103
  type: 'test'
  ...
# Subtest: 13. とちゅうで 引き返すと home の 大きな 木へ。地域も セーブも かわらない
ok 1117 - 13. とちゅうで 引き返すと home の 大きな 木へ。地域も セーブも かわらない
  ---
  duration_ms: 122.566879
  type: 'test'
  ...
# Subtest: 20. corridor の あいだ、しらせ・その ばの ボタン(はなす / のる)は 出ない(こえた frame に 出た ものも のこらない)
ok 1118 - 20. corridor の あいだ、しらせ・その ばの ボタン(はなす / のる)は 出ない(こえた frame に 出た ものも のこらない)
  ---
  duration_ms: 970.815863
  type: 'test'
  ...
# Subtest: 21. 着く まえに 1 かい だけ 組み(prepare)、着いた ときに それを そのまま つかう(buildWorld を 2 かい よばない)。帰りも おなじ しくみ
ok 1119 - 21. 着く まえに 1 かい だけ 組み(prepare)、着いた ときに それを そのまま つかう(buildWorld を 2 かい よばない)。帰りも おなじ しくみ
  ---
  duration_ms: 590.920865
  type: 'test'
  ...
# Subtest: 22. commit で しっぱい: 地域が かわる まえ でも かわった あと でも、出発 地域へ もどる。セーブは home、corridor の あとかたなし、つぎは transition
ok 1120 - 22. commit で しっぱい: 地域が かわる まえ でも かわった あと でも、出発 地域へ もどる。セーブは home、corridor の あとかたなし、つぎは transition
  ---
  duration_ms: 1744.016915
  type: 'test'
  ...
# Subtest: 23. 終端 ちかくの 競合: 組んだ あとで 引き返す / もどる / reload / 暗く なりかけて 引き返す — どれも forest へ commit しない
ok 1121 - 23. 終端 ちかくの 競合: 組んだ あとで 引き返す / もどる / reload / 暗く なりかけて 引き返す — どれも forest へ commit しない
  ---
  duration_ms: 1555.196086
  type: 'test'
  ...
# Subtest: 24. けしきは はじめて でも 2 かいめ でも おなじ(はやさ だけ かわる)。いしは まっすぐ あるく 道の うえに ない
ok 1122 - 24. けしきは はじめて でも 2 かいめ でも おなじ(はやさ だけ かわる)。いしは まっすぐ あるく 道の うえに ない
  ---
  duration_ms: 36.466042
  type: 'test'
  ...
# Subtest: 25. なかまは 段の さかいでも とばない・きえない(ずっと 同じ かず、1 frame の うごきは ちいさい)
ok 1123 - 25. なかまは 段の さかいでも とばない・きえない(ずっと 同じ かず、1 frame の うごきは ちいさい)
  ---
  duration_ms: 569.317712
  type: 'test'
  ...
# Subtest: 14. よいやすい せってい・perfTier 2 は いまの transition(corridor は つかわない)。地域の いどうは できる
ok 1124 - 14. よいやすい せってい・perfTier 2 は いまの transition(corridor は つかわない)。地域の いどうは できる
  ---
  duration_ms: 856.398073
  type: 'test'
  ...
# Subtest: 15. home.bigtree の 2 つの 出口を とりちがえない: かわ(river_lake)の むきは home|river_lake、もりの むきは home|forest(Phase 4E-4A から どちらも corridor)
ok 1125 - 15. home.bigtree の 2 つの 出口を とりちがえない: かわ(river_lake)の むきは home|river_lake、もりの むきは home|forest(Phase 4E-4A から どちらも corridor)
  ---
  duration_ms: 847.115684
  type: 'test'
  ...
# Subtest: 16. 着く がわが 組み立てられない とき: home の 出口へ もどる。セーブは home、つぎからは transition
ok 1126 - 16. 着く がわが 組み立てられない とき: home の 出口へ もどる。セーブは home、つぎからは transition
  ---
  duration_ms: 509.004748
  type: 'test'
  ...
# Subtest: 17. walk で ない 出口(例: countryside の ゴンドラ)は いまの transition の まま(Phase 4E-4C で walk は 10 本 ぜんぶ corridor)
ok 1127 - 17. walk で ない 出口(例: countryside の ゴンドラ)は いまの transition の まま(Phase 4E-4C で walk は 10 本 ぜんぶ corridor)
  ---
  duration_ms: 261.693131
  type: 'test'
  ...
# Subtest: 18. 4E-2 の コードは 印の ついた ところ だけ。simulation・renderer・セーブ・たび は かえて いない
ok 1128 - 18. 4E-2 の コードは 印の ついた ところ だけ。simulation・renderer・セーブ・たび は かえて いない
  ---
  duration_ms: 18.668892
  type: 'test'
  ...
# Subtest: 19. 分母・spot・たび・セーブ・世界地図・corridor の かずは うごいて いない
ok 1129 - 19. 分母・spot・たび・セーブ・世界地図・corridor の かずは うごいて いない
  ---
  duration_ms: 29.333936
  type: 'test'
  ...
# Subtest: 1. じょうたいの きまり: 道の のこり 810 で 組みはじめ、のこり 1485 より もどったら すてる(あそび)。こけた あと・着いた あとは なにも しない(Phase 4E-4A で 割合 → のこり きょり)
ok 1130 - 1. じょうたいの きまり: 道の のこり 810 で 組みはじめ、のこり 1485 より もどったら すてる(あそび)。こけた あと・着いた あとは なにも しない(Phase 4E-4A で 割合 → のこり きょり)
  ---
  duration_ms: 136.609401
  type: 'test'
  ...
# Subtest: 2. buildWorldSteps: くぎって 組んでも・とちゅうで ほかの ことを しても、buildWorld と おなじ world(13 地域)
ok 1131 - 2. buildWorldSteps: くぎって 組んでも・とちゅうで ほかの ことを しても、buildWorld と おなじ world(13 地域)
  ---
  duration_ms: 14949.570484
  type: 'test'
  ...
# Subtest: 3. home → forest: 0.70 から 組みはじめ、着く まえに ready。組んで いる あいだ 正本は home。着いた ときに その world を つかう(二重 build なし)
ok 1132 - 3. home → forest: 0.70 から 組みはじめ、着く まえに ready。組んで いる あいだ 正本は home。着いた ときに その world を つかう(二重 build なし)
  ---
  duration_ms: 511.661772
  type: 'test'
  ...
# Subtest: 4. 帰り(forest → home)も 同じ しくみ。2 かいめ(はやあし 1.4 倍)でも 着く まえに ready
ok 1133 - 4. 帰り(forest → home)も 同じ しくみ。2 かいめ(はやあし 1.4 倍)でも 着く まえに ready
  ---
  duration_ms: 887.806848
  type: 'test'
  ...
# Subtest: 5. まにあわない(組みかけ で 着いた): のこりを その場で 組んで つかう。二重 build なし
ok 1134 - 5. まにあわない(組みかけ で 着いた): のこりを その場で 組んで つかう。二重 build なし
  ---
  duration_ms: 457.458266
  type: 'test'
  ...
# Subtest: 6. こける(台帳 / 組む とちゅう / 絵の したく / 着く ときの たしかめ): 歩きつづけ、着いた ときに 4E-2 の 着き方で forest へ。その 旅では 組みなおさない
ok 1135 - 6. こける(台帳 / 組む とちゅう / 絵の したく / 着く ときの たしかめ): 歩きつづけ、着いた ときに 4E-2 の 着き方で forest へ。その 旅では 組みなおさない
  ---
  duration_ms: 2383.672946
  type: 'test'
  ...
# Subtest: 7. 引き返し: 組む まえ / 組みかけ / ready の あと。0.45 より もどったら すてる。もどりきれば home。また すすめば 組みなおす
ok 1136 - 7. 引き返し: 組む まえ / 組みかけ / ready の あと。0.45 より もどったら すてる。もどりきれば home。また すすめば 組みなおす
  ---
  duration_ms: 1243.08037
  type: 'test'
  ...
# Subtest: 8. reload(組みかけ / ready で やめる): 組んだ ものは すて、セーブは home。つぎは home から
ok 1137 - 8. reload(組みかけ / ready で やめる): 組んだ ものは すて、セーブは home。つぎは home から
  ---
  duration_ms: 712.80821
  type: 'test'
  ...
# Subtest: 9. 10 往復しても たまらない(組んだ world・わたす もの・ログ)。まいかい 組んで 1 回 つかう
ok 1138 - 9. 10 往復しても たまらない(組んだ world・わたす もの・ログ)。まいかい 組んで 1 回 つかう
  ---
  duration_ms: 4150.076664
  type: 'test'
  ...
# Subtest: 10. 27 にんでも 組んで 着く(ならびは そのまま)。セーブに あたらしい key は ない
ok 1139 - 10. 27 にんでも 組んで 着く(ならびは そのまま)。セーブに あたらしい key は ない
  ---
  duration_ms: 3079.030436
  type: 'test'
  ...
# Subtest: 11. reduced motion・perfTier 2 は いまの transition(preload も しない)。ほかの 出口・special も そのまま
ok 1140 - 11. reduced motion・perfTier 2 は いまの transition(preload も しない)。ほかの 出口・special も そのまま
  ---
  duration_ms: 2975.928689
  type: 'test'
  ...
# Subtest: 1. 許可リストは 5 本(かさならない)。のこり 5 本と special・memory_lake は いまの transition。LOW 4 本は 形が そろって いる
ok 1141 - 1. 許可リストは 5 本(かさならない)。のこり 5 本と special・memory_lake は いまの transition。LOW 4 本は 形が そろって いる
  ---
  duration_ms: 4120.171032
  type: 'test'
  ...
# Subtest: 2. 組みはじめ は 道の のこり 810(6 段 = 0.70)。5 本とも 曲がる はやさは 初回 / 2 かいめ 30°/s いか
ok 1142 - 2. 組みはじめ は 道の のこり 810(6 段 = 0.70)。5 本とも 曲がる はやさは 初回 / 2 かいめ 30°/s いか
  ---
  duration_ms: 24.57466
  type: 'test'
  ...
# Subtest: 3. 5 本 × 行きと 帰り(27 にん): 0.70 から 組み、着く まえに ready、組んだ world を 1 回 つかう。正本は 着く まで 出発 地域。はっけん・セーブの key・なかま
ok 1143 - 3. 5 本 × 行きと 帰り(27 にん): 0.70 から 組み、着く まえに ready、組んだ world を 1 回 つかう。正本は 着く まで 出発 地域。はっけん・セーブの key・なかま
  ---
  duration_ms: 101700.256131
  type: 'test'
  ...
# Subtest: 4. reload(組みかけ / ready で やめる): セーブは 出発 地域、組んだ ものは のこらない(home|forest いがい の 9 本)
ok 1144 - 4. reload(組みかけ / ready で やめる): セーブは 出発 地域、組んだ ものは のこらない(home|forest いがい の 9 本)
  ---
  duration_ms: 12214.70096
  type: 'test'
  ...
# Subtest: 5. しっぱい: 組む とちゅう / 絵の デコード / 着く ときの たしかめ で こけても 移動は とまらない(5 本)
ok 1145 - 5. しっぱい: 組む とちゅう / 絵の デコード / 着く ときの たしかめ で こけても 移動は とまらない(5 本)
  ---
  duration_ms: 13270.59218
  type: 'test'
  ...
# Subtest: 6. 絵の さきどり デコード: あるける 出口に ちかづくと その corridor の 段と 両端の ことば だけを 1 回(4E-4B: 道 ぜんぶの 段)。セーブ・地域は かわらない
ok 1146 - 6. 絵の さきどり デコード: あるける 出口に ちかづくと その corridor の 段と 両端の ことば だけを 1 回(4E-4B: 道 ぜんぶの 段)。セーブ・地域は かわらない
  ---
  duration_ms: 3723.543599
  type: 'test'
  ...
# Subtest: 7. 景色(5 本 × 行きと 帰り): 背景は まんなかで 1 回だけ 出発 → 到着。はしは 端の 地域の いろ。いろは とばない
ok 1147 - 7. 景色(5 本 × 行きと 帰り): 背景は まんなかで 1 回だけ 出発 → 到着。はしは 端の 地域の いろ。いろは とばない
  ---
  duration_ms: 306.368843
  type: 'test'
  ...
# Subtest: 8. home.bigtree の 2 出口: むきで 1 つに きまる(もり / かわ を とりちがえない)。city の 3 出口・mountain の 4 出口も とりちがえない
ok 1148 - 8. home.bigtree の 2 出口: むきで 1 つに きまる(もり / かわ を とりちがえない)。city の 3 出口・mountain の 4 出口も とりちがえない
  ---
  duration_ms: 6466.293115
  type: 'test'
  ...
# Subtest: 1. 曲がる はやさ: 8 本 × 行き / 帰り × 初回 / 2 かいめ を はかる。MEDIUM 3 本は 2 かいめでも 28°/s いか、4E-4A の 5 本は かわらない
ok 1149 - 1. 曲がる はやさ: 8 本 × 行き / 帰り × 初回 / 2 かいめ を はかる。MEDIUM 3 本は 2 かいめでも 28°/s いか、4E-4A の 5 本は かわらない
  ---
  duration_ms: 524.695879
  type: 'test'
  ...
# Subtest: 2. 曲がる 量 と 両はしの むきは 4C / 4E-1 の まま(ひろげる だけ)。むきの 積分 = 出口の むき、行きと 帰りは 同じ かたちを さかさに
ok 1150 - 2. 曲がる 量 と 両はしの むきは 4C / 4E-1 の まま(ひろげる だけ)。むきの 積分 = 出口の むき、行きと 帰りは 同じ かたちを さかさに
  ---
  duration_ms: 162.68294
  type: 'test'
  ...
# Subtest: 3. カメラ・なかま 27 にん・帯: MEDIUM 3 本 × 行き / 帰り(2 かいめ 1.4 倍)で なめらかに ついて いく。帯の そとへ 出ない
ok 1151 - 3. カメラ・なかま 27 にん・帯: MEDIUM 3 本 × 行き / 帰り(2 かいめ 1.4 倍)で なめらかに ついて いく。帯の そとへ 出ない
  ---
  duration_ms: 7663.018512
  type: 'test'
  ...
# Subtest: 4. 景色(MEDIUM 3 本): 森 → 岩 → 山、山 → 川 → 湖(海に ならない)、まち → 運河 / 港 → 海(深い 海・ジャングル・ふね を まぜない)
ok 1152 - 4. 景色(MEDIUM 3 本): 森 → 岩 → 山、山 → 川 → 湖(海に ならない)、まち → 運河 / 港 → 海(深い 海・ジャングル・ふね を まぜない)
  ---
  duration_ms: 234.650034
  type: 'test'
  ...
# Subtest: 5. city の 3 出口: desert・sea・countryside とも corridor(4E-4C)。special(ふね・ゴンドラ・もぐる)は 許可リストに ない
ok 1153 - 5. city の 3 出口: desert・sea・countryside とも corridor(4E-4C)。special(ふね・ゴンドラ・もぐる)は 許可リストに ない
  ---
  duration_ms: 603.068608
  type: 'test'
  ...
# Subtest: 1. 曲がりの 表(10 本): どれも 2 かいめ 30°/s いか・倍率 1.4(cap なし)。HIGH 2 本は city|countryside = level 2、countryside|forest = 一定 曲率(level 3)
ok 1154 - 1. 曲がりの 表(10 本): どれも 2 かいめ 30°/s いか・倍率 1.4(cap なし)。HIGH 2 本は city|countryside = level 2、countryside|forest = 一定 曲率(level 3)
  ---
  duration_ms: 139.727607
  type: 'test'
  ...
# Subtest: 2. countryside|forest の 一定 曲率: 行き / 帰り とも 道 ぜんぶ おなじ はやさで 曲がる。曲がる 量・両はし の むき・ぎゃく むき は 4E-1 の まま
ok 1155 - 2. countryside|forest の 一定 曲率: 行き / 帰り とも 道 ぜんぶ おなじ はやさで 曲がる。曲がる 量・両はし の むき・ぎゃく むき は 4E-1 の まま
  ---
  duration_ms: 74.413332
  type: 'test'
  ...
# Subtest: 3. カメラ・なかま 27 にん(HIGH 2 本 × 行き / 帰り、2 かいめ 1.4 倍 + とちゅうの U ターン): カメラは 上限 いか、なかまは とばない・ひろがらない
ok 1156 - 3. カメラ・なかま 27 にん(HIGH 2 本 × 行き / 帰り、2 かいめ 1.4 倍 + とちゅうの U ターン): カメラは 上限 いか、なかまは とばない・ひろがらない
  ---
  duration_ms: 9551.10539
  type: 'test'
  ...
# Subtest: 4. 景色 city|countryside: まち(灰 / ネオン) → 道・畑 → 村。いろは ひとつの むき、背景は 1 回、home の いえ・海 を まぜない
ok 1157 - 4. 景色 city|countryside: まち(灰 / ネオン) → 道・畑 → 村。いろは ひとつの むき、背景は 1 回、home の いえ・海 を まぜない
  ---
  duration_ms: 43.372297
  type: 'test'
  ...
# Subtest: 5. 景色 countryside|forest: 村・畑 → 雑木林 → 深い 森。村の はしは countryside の いろ(home の いえなみ・いろ で ない)。背景は 1 回、星の ことば なし
ok 1158 - 5. 景色 countryside|forest: 村・畑 → 雑木林 → 深い 森。村の はしは countryside の いろ(home の いえなみ・いろ で ない)。背景は 1 回、星の ことば なし
  ---
  duration_ms: 39.012734
  type: 'test'
  ...
# Subtest: 6. HIGH 2 本 × 行き / 帰り(start): あるく あいだ たび・ちず は つかえない / もどる・パッド は つかえる、着くと もとどおり。遠景に ゴンドラ(星の とまりば)の ひかり は 出ない。はっけんは 1 回
ok 1159 - 6. HIGH 2 本 × 行き / 帰り(start): あるく あいだ たび・ちず は つかえない / もどる・パッド は つかえる、着くと もとどおり。遠景に ゴンドラ(星の とまりば)の ひかり は 出ない。はっけんは 1 回
  ---
  duration_ms: 2446.840946
  type: 'test'
  ...
# Subtest: 7. HIGH 2 本 の fallback(start): よいやすい せってい・perfTier 2 は corridor を つかわず いまの transition で 着く
ok 1160 - 7. HIGH 2 本 の fallback(start): よいやすい せってい・perfTier 2 は corridor を つかわず いまの transition で 着く
  ---
  duration_ms: 2974.629698
  type: 'test'
  ...
# Subtest: 8. gate の 表(13 地域 × 出口): 地域 × spot × connection × mode。walk 10 本 × 2 = 20 出口 は corridor、special 5 出口 は transition、memory_lake は 出口 なし
ok 1161 - 8. gate の 表(13 地域 × 出口): 地域 × spot × connection × mode。walk 10 本 × 2 = 20 出口 は corridor、special 5 出口 は transition、memory_lake は 出口 なし
  ---
  duration_ms: 2089.545988
  type: 'test'
  ...
# Subtest: 9. special の 表(ふね・ゴンドラ・もぐる): 許可リストに いれても walk で ない ので transition。corridor の spec も ない
ok 1162 - 9. special の 表(ふね・ゴンドラ・もぐる): 許可リストに いれても walk で ない ので transition。corridor の spec も ない
  ---
  duration_ms: 954.072424
  type: 'test'
  ...
# Subtest: 10. 端の いろ の きまり(地形 × 地域 の きまり で、本ごと で ない): 10 本 の 端の 段を ほかの 地域の いろの 地形に かえても、道の はしは 端の 地域の いろ
ok 1163 - 10. 端の いろ の きまり(地形 × 地域 の きまり で、本ごと で ない): 10 本 の 端の 段を ほかの 地域の いろの 地形に かえても、道の はしは 端の 地域の いろ
  ---
  duration_ms: 140.148392
  type: 'test'
  ...
# Subtest: every region carries its own look: colours, backdrop, air, view distance, ground layers and structures all differ
ok 1164 - every region carries its own look: colours, backdrop, air, view distance, ground layers and structures all differ
  ---
  duration_ms: 122.539045
  type: 'test'
  ...
# Subtest: density follows the plan: the jungle and forest are dense, the desert and the memory lake are open
ok 1165 - density follows the plan: the jungle and forest are dense, the desert and the memory lake are open
  ---
  duration_ms: 3937.480926
  type: 'test'
  ...
# Subtest: the ground is never a big empty space: detail is generated from the world grid anywhere you stand
ok 1166 - the ground is never a big empty space: detail is generated from the world grid anywhere you stand
  ---
  duration_ms: 2281.017389
  type: 'test'
  ...
# Subtest: structures are canvas shapes with a region, never emoji, and never a living creature
ok 1167 - structures are canvas shapes with a region, never emoji, and never a living creature
  ---
  duration_ms: 3816.53608
  type: 'test'
  ...
# Subtest: water regions have real terrain and nobody can walk into the water
ok 1168 - water regions have real terrain and nobody can walk into the water
  ---
  duration_ms: 622.675435
  type: 'test'
  ...
# Subtest: the world layer still works with no canvas at all (the renderer stays swappable)
ok 1169 - the world layer still works with no canvas at all (the renderer stays swappable)
  ---
  duration_ms: 2296.16595
  type: 'test'
  ...
# Subtest: weather and time reach the regions that should have them: no rain under the sea or in the sky stop
ok 1170 - weather and time reach the regions that should have them: no rain under the sea or in the sky stop
  ---
  duration_ms: 17.633794
  type: 'test'
  ...
# Subtest: forest: drawing goes to the raw context; only text (emoji → illustration) goes through the wrapped context
ok 1171 - forest: drawing goes to the raw context; only text (emoji → illustration) goes through the wrapped context
  ---
  duration_ms: 635.621495
  type: 'test'
  ...
# Subtest: mountain: drawing goes to the raw context; only text (emoji → illustration) goes through the wrapped context
ok 1172 - mountain: drawing goes to the raw context; only text (emoji → illustration) goes through the wrapped context
  ---
  duration_ms: 320.700659
  type: 'test'
  ...
# Subtest: city: drawing goes to the raw context; only text (emoji → illustration) goes through the wrapped context
ok 1173 - city: drawing goes to the raw context; only text (emoji → illustration) goes through the wrapped context
  ---
  duration_ms: 413.339831
  type: 'test'
  ...
# Subtest: ground details: the per-cell memo returns exactly what a fresh world computes, across many queries and all regions
ok 1174 - ground details: the per-cell memo returns exactly what a fresh world computes, across many queries and all regions
  ---
  duration_ms: 39917.59619
  type: 'test'
  ...
# Subtest: city: ばらつき は city の 🏢 / 🏬 だけ。ほか の 地域 と 絵 は そのまま
ok 1175 - city: ばらつき は city の 🏢 / 🏬 だけ。ほか の 地域 と 絵 は そのまま
  ---
  duration_ms: 133.358941
  type: 'test'
  ...
# Subtest: city: おなじ いち は いつも おなじ 大きさ(決定的)。はば と たかさ は きめた はんい の なか
ok 1176 - city: おなじ いち は いつも おなじ 大きさ(決定的)。はば と たかさ は きめた はんい の なか
  ---
  duration_ms: 406.720376
  type: 'test'
  ...
# Subtest: city: 絵文字 を えがく ところ で ばらつき を わたす(ほか の 絵文字 は いままで どおり)
ok 1177 - city: 絵文字 を えがく ところ で ばらつき を わたす(ほか の 絵文字 は いままで どおり)
  ---
  duration_ms: 5.99835
  type: 'test'
  ...
# Subtest: city: 1 フレーム で えがく ビル の たて よこ の ひ が ばらける
ok 1178 - city: 1 フレーム で えがく ビル の たて よこ の ひ が ばらける
  ---
  duration_ms: 1955.153628
  type: 'test'
  ...
# Subtest: city: props・当たり判定 は そのまま(えがく とき だけ)
ok 1179 - city: props・当たり判定 は そのまま(えがく とき だけ)
  ---
  duration_ms: 533.660483
  type: 'test'
  ...
# Subtest: river_lake(night): もや は ふち を ぼかした 1 まい。かたい おび は ない
ok 1180 - river_lake(night): もや は ふち を ぼかした 1 まい。かたい おび は ない
  ---
  duration_ms: 1599.594161
  type: 'test'
  ...
# Subtest: river_lake(morning): もや は ふち を ぼかした 1 まい。かたい おび は ない
ok 1181 - river_lake(morning): もや は ふち を ぼかした 1 まい。かたい おび は ない
  ---
  duration_ms: 1506.762962
  type: 'test'
  ...
# Subtest: river_lake(day): 昼 は もや を えがかない(いままで どおり)
ok 1182 - river_lake(day): 昼 は もや を えがかない(いままで どおり)
  ---
  duration_ms: 1482.513364
  type: 'test'
  ...
# Subtest: river_lake: もや の とまり は 3 つ の やま(もと の 3 本 の おび の まんなか)
ok 1183 - river_lake: もや の とまり は 3 つ の やま(もと の 3 本 の おび の まんなか)
  ---
  duration_ms: 23.099106
  type: 'test'
  ...
# Subtest: counts: spot / path / zone / secret / 分母 / 遠景 / 発見レベル は 1 つも かわらない
ok 1184 - counts: spot / path / zone / secret / 分母 / 遠景 / 発見レベル は 1 つも かわらない
  ---
  duration_ms: 23.017824
  type: 'test'
  ...
# Subtest: river_lake: props・当たり判定 は そのまま
ok 1185 - river_lake: props・当たり判定 は そのまま
  ---
  duration_ms: 295.680054
  type: 'test'
  ...
# Subtest: save: 形 は かわらない(ばらつき・もや は セーブ しない)
ok 1186 - save: 形 は かわらない(ばらつき・もや は セーブ しない)
  ---
  duration_ms: 1452.145636
  type: 'test'
  ...
# Subtest: arch: drawStructure が しって いる 1 つ の かたち。地形 として えがく
ok 1187 - arch: drawStructure が しって いる 1 つ の かたち。地形 として えがく
  ---
  duration_ms: 142.049815
  type: 'test'
  ...
# Subtest: arch: いわのアーチ は rock、ほねのアーチ は bone。1 つ の かたち を ぬりわける
ok 1188 - arch: いわのアーチ は rock、ほねのアーチ は bone。1 つ の かたち を ぬりわける
  ---
  duration_ms: 371.188673
  type: 'test'
  ...
# Subtest: arch: rock は 穴を くりぬいた 岩、bone は 線 の ほね。えがきかた が ちがう
ok 1189 - arch: rock は 穴を くりぬいた 岩、bone は 線 の ほね。えがきかた が ちがう
  ---
  duration_ms: 2639.206223
  type: 'test'
  ...
# Subtest: arch: 1 フレーム の よびだし の ふえかた は ちいさい(2 か所 だけ)
ok 1190 - arch: 1 フレーム の よびだし の ふえかた は ちいさい(2 か所 だけ)
  ---
  duration_ms: 2889.673244
  type: 'test'
  ...
# Subtest: deco: 7 か所 とも deco で、view に して いない。しらせ の レベル は そのまま
ok 1191 - deco: 7 か所 とも deco で、view に して いない。しらせ の レベル は そのまま
  ---
  duration_ms: 1179.862795
  type: 'test'
  ...
# Subtest: deco: solid に しない。当たり判定 に も 地図 に も のらない。カメラ も ふりむかない
ok 1192 - deco: solid に しない。当たり判定 に も 地図 に も のらない。カメラ も ふりむかない
  ---
  duration_ms: 2235.103308
  type: 'test'
  ...
# Subtest: deco: \#319 の view 4 か所 は keep を もたず、いち も かわらない ルール の まま
ok 1193 - deco: \#319 の view 4 か所 は keep を もたず、いち も かわらない ルール の まま
  ---
  duration_ms: 950.166243
  type: 'test'
  ...
# Subtest: counts: spot / path / zone / secret / 分母 / 遠景 / 発見レベル は 1 つも かわらない
ok 1194 - counts: spot / path / zone / secret / 分母 / 遠景 / 発見レベル は 1 つも かわらない
  ---
  duration_ms: 24.789083
  type: 'test'
  ...
# Subtest: counts: props が ふえる の は deco を もつ 6 地域 だけ(その かず だけ)
ok 1195 - counts: props が ふえる の は deco を もつ 6 地域 だけ(その かず だけ)
  ---
  duration_ms: 2092.442775
  type: 'test'
  ...
# Subtest: save: 形 は かわらない(deco は セーブ しない)
ok 1196 - save: 形 は かわらない(deco は セーブ しない)
  ---
  duration_ms: 1170.807117
  type: 'test'
  ...
# Subtest: snow: じめん の いろ は そのまま(世界地図・地域地図・corridor が つかう)
ok 1197 - snow: じめん の いろ は そのまま(世界地図・地域地図・corridor が つかう)
  ---
  duration_ms: 130.32635
  type: 'test'
  ...
# Subtest: snow: みち は 圧雪 の 青灰。雪面 から 読める が、青く しすぎない
ok 1198 - snow: みち は 圧雪 の 青灰。雪面 から 読める が、青く しすぎない
  ---
  duration_ms: 31.977009
  type: 'test'
  ...
# Subtest: snow: 雪面 の 起伏 と 足あと は 白 で なく 青灰〜薄紫。きらきら と 氷 は そのまま
ok 1199 - snow: 雪面 の 起伏 と 足あと は 白 で なく 青灰〜薄紫。きらきら と 氷 は そのまま
  ---
  duration_ms: 225.834953
  type: 'test'
  ...
# Subtest: memory_lake: 霧 は memory_lake の 木 と 草 だけ。ほか の 地域 と あかり は うすく しない
ok 1200 - memory_lake: 霧 は memory_lake の 木 と 草 だけ。ほか の 地域 と あかり は うすく しない
  ---
  duration_ms: 27.741373
  type: 'test'
  ...
# Subtest: memory_lake: ちかく は くっきり、とおく ほど 霧 に しずむ(ゆうれい に しない)
ok 1201 - memory_lake: ちかく は くっきり、とおく ほど 霧 に しずむ(ゆうれい に しない)
  ---
  duration_ms: 19.975102
  type: 'test'
  ...
# Subtest: memory_lake: 絵文字 の fade に 霧 を かける(描く 命令 は ふやさない)
ok 1202 - memory_lake: 絵文字 の fade に 霧 を かける(描く 命令 は ふやさない)
  ---
  duration_ms: 5.443655
  type: 'test'
  ...
# Subtest: memory_lake: props・木 の 壁・当たり判定 は そのまま(霧 は 見た目 だけ)
ok 1203 - memory_lake: props・木 の 壁・当たり判定 は そのまま(霧 は 見た目 だけ)
  ---
  duration_ms: 106.720743
  type: 'test'
  ...
# Subtest: star_stop(day): 地平線 を またぐ 霞 の おび が ある。地上 は 霞 の むこう
ok 1204 - star_stop(day): 地平線 を またぐ 霞 の おび が ある。地上 は 霞 の むこう
  ---
  duration_ms: 1467.12241
  type: 'test'
  ...
# Subtest: star_stop(night): 地平線 を またぐ 霞 の おび が ある。地上 は 霞 の むこう
ok 1205 - star_stop(night): 地平線 を またぐ 霞 の おび が ある。地上 は 霞 の むこう
  ---
  duration_ms: 1388.581911
  type: 'test'
  ...
# Subtest: star_stop: 遠景 は 1 つ(land_below)の まま。ほか の 地域 に 地平線 の した の 遠景 は ない
ok 1206 - star_stop: 遠景 は 1 つ(land_below)の まま。ほか の 地域 に 地平線 の した の 遠景 は ない
  ---
  duration_ms: 34.530665
  type: 'test'
  ...
# Subtest: counts: spot / path / zone / secret / 分母 / 遠景 / 発見レベル は 1 つも かわらない
ok 1207 - counts: spot / path / zone / secret / 分母 / 遠景 / 発見レベル は 1 つも かわらない
  ---
  duration_ms: 22.761377
  type: 'test'
  ...
# Subtest: snow / star_stop / memory_lake: props・当たり判定 は そのまま(いろ と 霞 と 霧 だけ)
ok 1208 - snow / star_stop / memory_lake: props・当たり判定 は そのまま(いろ と 霞 と 霧 だけ)
  ---
  duration_ms: 432.657349
  type: 'test'
  ...
# Subtest: save: 形 は かわらない(霧 や 霞 は セーブ しない)
ok 1209 - save: 形 は かわらない(霧 や 霞 は セーブ しない)
  ---
  duration_ms: 1021.432345
  type: 'test'
  ...
# Subtest: 1. さばく ↔ ジャングルの 徒歩の みちは もう ない
ok 1210 - 1. さばく ↔ ジャングルの 徒歩の みちは もう ない
  ---
  duration_ms: 131.708991
  type: 'test'
  ...
# Subtest: 2. jungle|sea は special sea connection。ふつうの 徒歩の みちでは ない
ok 1211 - 2. jungle|sea は special sea connection。ふつうの 徒歩の みちでは ない
  ---
  duration_ms: 31.816118
  type: 'test'
  ...
# Subtest: 3. 出発と 上陸は、どちらも 実在する 非秘密の spot
ok 1212 - 3. 出発と 上陸は、どちらも 実在する 非秘密の spot
  ---
  duration_ms: 23.467539
  type: 'test'
  ...
# Subtest: 4. 外洋は region では ない。non-region geography として もって いる
ok 1213 - 4. 外洋は region では ない。non-region geography として もって いる
  ---
  duration_ms: 21.585586
  type: 'test'
  ...
# Subtest: 5. 海路は Phase 2.1 の transition 正本に そのまま のって いる
ok 1214 - 5. 海路は Phase 2.1 の transition 正本に そのまま のって いる
  ---
  duration_ms: 210.198463
  type: 'test'
  ...
# Subtest: 6. 初回は すこし ながく、2 かいめ からは みじかい。よいやすい せっていも きく
ok 1215 - 6. 初回は すこし ながく、2 かいめ からは みじかい。よいやすい せっていも きく
  ---
  duration_ms: 194.568132
  type: 'test'
  ...
# Subtest: 7. 音は sim/world がわ。え の がわは 音を 鳴らさない
ok 1216 - 7. 音は sim/world がわ。え の がわは 音を 鳴らさない
  ---
  duration_ms: 11.714816
  type: 'test'
  ...
# Subtest: 8. うみ → ふね → ジャングル。もどりも おなじ しくみで わたれる
ok 1217 - 8. うみ → ふね → ジャングル。もどりも おなじ しくみで わたれる
  ---
  duration_ms: 5129.877141
  type: 'test'
  ...
# Subtest: 9. なかまは いっしょに わたる。住民は のせない。二重に 出ない
ok 1218 - 9. なかまは いっしょに わたる。住民は のせない。二重に 出ない
  ---
  duration_ms: 3095.822859
  type: 'test'
  ...
# Subtest: 10. わたって いる あいだ、二重に はじまらない。ボタンも ぜんぶ ロックされる
ok 1219 - 10. わたって いる あいだ、二重に はじまらない。ボタンも ぜんぶ ロックされる
  ---
  duration_ms: 3113.852433
  type: 'test'
  ...
# Subtest: 11. 「たび」は これまで どおり。あるいて 行けなくても たびでは 行ける
ok 1220 - 11. 「たび」は これまで どおり。あるいて 行けなくても たびでは 行ける
  ---
  duration_ms: 635.704885
  type: 'test'
  ...
# Subtest: 12. 海路を 見つける まで、島も 航路も 1 つも もれない
ok 1221 - 12. 海路を 見つける まで、島も 航路も 1 つも もれない
  ---
  duration_ms: 23.904968
  type: 'test'
  ...
# Subtest: 13. 海路の はっけんは、りょうがわの 入口を どちらも 見つけた ときだけ
ok 1222 - 13. 海路の はっけんは、りょうがわの 入口を どちらも 見つけた ときだけ
  ---
  duration_ms: 27.532709
  type: 'test'
  ...
# Subtest: 14. 世界地図の 海路は 徒歩の みちと おなじ 線に しない
ok 1223 - 14. 世界地図の 海路は 徒歩の みちと おなじ 線に しない
  ---
  duration_ms: 5.718679
  type: 'test'
  ...
# Subtest: 15. 探索率: 通常 link の ぶんぼに ひみつも ゴンドラも 入って いない
ok 1224 - 15. 探索率: 通常 link の ぶんぼに ひみつも ゴンドラも 入って いない
  ---
  duration_ms: 48.94825
  type: 'test'
  ...
# Subtest: 16. 地域の なかみは 1 つも かわって いない
ok 1225 - 16. 地域の なかみは 1 つも かわって いない
  ---
  duration_ms: 21.963305
  type: 'test'
  ...
# Subtest: 17. ひみつは 1 つも 世界地図へ もれない(海路を 足した あとも)
ok 1226 - 17. ひみつは 1 つも 世界地図へ もれない(海路を 足した あとも)
  ---
  duration_ms: 49.061271
  type: 'test'
  ...
# Subtest: every dex entry becomes exactly one inhabitant somewhere; the current pet, companions and partner are not duplicated
ok 1227 - every dex entry becomes exactly one inhabitant somewhere; the current pet, companions and partner are not duplicated
  ---
  duration_ms: 2135.979673
  type: 'test'
  ...
# Subtest: Naoto never appears before the secret is unlocked, and afterwards waits at the far end of the memory lake
ok 1228 - Naoto never appears before the secret is unlocked, and afterwards waits at the far end of the memory lake
  ---
  duration_ms: 2489.393911
  type: 'test'
  ...
# Subtest: entering めぐる from the travel screen switches to the field, inhabitants live, talking works, and returning restores home
ok 1229 - entering めぐる from the travel screen switches to the field, inhabitants live, talking works, and returning restores home
  ---
  duration_ms: 594.256811
  type: 'test'
  ...
# Subtest: げんざいち keeps the home world and only changes its flavour; sleeping blocks entry
ok 1230 - げんざいち keeps the home world and only changes its flavour; sleeping blocks entry
  ---
  duration_ms: 64.467574
  type: 'test'
  ...
# Subtest: the simulation runs with no renderer or DOM: world coordinates, movement, obstacles, meeting and talking
ok 1231 - the simulation runs with no renderer or DOM: world coordinates, movement, obstacles, meeting and talking
  ---
  duration_ms: 1151.134889
  type: 'test'
  ...
# Subtest: the renderer is swappable: a custom renderer receives sim.view() and the world is never given screen coordinates
ok 1232 - the renderer is swappable: a custom renderer receives sim.view() and the world is never given screen coordinates
  ---
  duration_ms: 427.316993
  type: 'test'
  ...
# Subtest: every region is a spot graph: all spots reachable from the entrance, at least one loop and one secret place, crowds uneven
ok 1233 - every region is a spot graph: all spots reachable from the entrance, at least one loop and one secret place, crowds uneven
  ---
  duration_ms: 441.068655
  type: 'test'
  ...
# Subtest: camera-relative input, a camera that turns toward the walk direction, spot discovery events and facing
ok 1234 - camera-relative input, a camera that turns toward the walk direction, spot discovery events and facing
  ---
  duration_ms: 439.816491
  type: 'test'
  ...
# Subtest: spot discoveries are saved per region and survive re-entering
ok 1235 - spot discoveries are saved per region and survive re-entering
  ---
  duration_ms: 738.62648
  type: 'test'
  ...
# Subtest: holding one pad direction never spins the camera: the input frame is locked while the finger stays down
ok 1236 - holding one pad direction never spins the camera: the input frame is locked while the finger stays down
  ---
  duration_ms: 420.706971
  type: 'test'
  ...
# Subtest: regions differ in size and structure; zones give a mood that changes with depth; the forest is the maze
ok 1237 - regions differ in size and structure; zones give a mood that changes with depth; the forest is the maze
  ---
  duration_ms: 713.103456
  type: 'test'
  ...
# Subtest: こえかたは 4つの あいだ(approach → cross → arrive → settle)で できて いる
ok 1238 - こえかたは 4つの あいだ(approach → cross → arrive → settle)で できて いる
  ---
  duration_ms: 1.612859
  type: 'test'
  ...
# Subtest: のぼり / くだりは connection では なく layer の さ から きまる(かえりは 逆)
ok 1239 - のぼり / くだりは connection では なく layer の さ から きまる(かえりは 逆)
  ---
  duration_ms: 1243.581024
  type: 'test'
  ...
# Subtest: 入れかえの しゅんかんは ぜったいに すけない(cross の あいだは ずっと 1)
ok 1240 - 入れかえの しゅんかんは ぜったいに すけない(cross の あいだは ずっと 1)
  ---
  duration_ms: 0.746144
  type: 'test'
  ...
# Subtest: settle が あり、操作は settle の あたまで もどる(ながく うばわない)
ok 1241 - settle が あり、操作は settle の あたまで もどる(ながく うばわない)
  ---
  duration_ms: 0.212921
  type: 'test'
  ...
# Subtest: 2かいめ は みじかく、よいやすい せっていは もっと みじかい(なくしはしない)
ok 1242 - 2かいめ は みじかく、よいやすい せっていは もっと みじかい(なくしはしない)
  ---
  duration_ms: 0.357198
  type: 'test'
  ...
# Subtest: 端末の おもさで つぶの かずを へらす(えの がわが よむ 1つの すう字)
ok 1243 - 端末の おもさで つぶの かずを へらす(えの がわが よむ 1つの すう字)
  ---
  duration_ms: 0.204488
  type: 'test'
  ...
# Subtest: 音は いみの がわ(cue)に あり、え の かんすうからは 鳴らさない
ok 1244 - 音は いみの がわ(cue)に あり、え の かんすうからは 鳴らさない
  ---
  duration_ms: 5.447511
  type: 'test'
  ...
# Subtest: plan は 3D 化に そのまま つかえる いみ だけ を もつ
ok 1245 - plan は 3D 化に そのまま つかえる いみ だけ を もつ
  ---
  duration_ms: 200.238714
  type: 'test'
  ...
# Subtest: こえた ときに カメラが とばない(出るときの むきを ひきついで ゆっくり もどす)
ok 1246 - こえた ときに カメラが とばない(出るときの むきを ひきついで ゆっくり もどす)
  ---
  duration_ms: 365.451795
  type: 'test'
  ...
# Subtest: ひきつぎが ない とき(たび)は これまでどおり
ok 1247 - ひきつぎが ない とき(たび)は これまでどおり
  ---
  duration_ms: 146.723288
  type: 'test'
  ...
# Subtest: 鳥居・山道・のりば・どうくつには その ばしょ だけの きぶんが ある
ok 1248 - 鳥居・山道・のりば・どうくつには その ばしょ だけの きぶんが ある
  ---
  duration_ms: 1215.486969
  type: 'test'
  ...
# Subtest: えんしゅつを 足しても 地理正本・データの かずは 1つも かわらない
ok 1249 - えんしゅつを 足しても 地理正本・データの かずは 1つも かわらない
  ---
  duration_ms: 0.508646
  type: 'test'
  ...
# Subtest: こえる ための データに ひみつは 出て こない
ok 1250 - こえる ための データに ひみつは 出て こない
  ---
  duration_ms: 1769.391654
  type: 'test'
  ...
# Subtest: 1. 代表ルートが 出口の いみデータを もつ(あるく 10・たてじく 2・海路 1)
ok 1251 - 1. 代表ルートが 出口の いみデータを もつ(あるく 10・たてじく 2・海路 1)
  ---
  duration_ms: 128.92989
  type: 'test'
  ...
# Subtest: 2. きめられた 出口 いがいから region の 外へ 出られない
ok 1252 - 2. きめられた 出口 いがいから region の 外へ 出られない
  ---
  duration_ms: 2240.025026
  type: 'test'
  ...
# Subtest: 3. あるいて こえる: おうち → もり → いなか。むきも ひきつぐ
ok 1253 - 3. あるいて こえる: おうち → もり → いなか。むきも ひきつぐ
  ---
  duration_ms: 1474.013601
  type: 'test'
  ...
# Subtest: 4. 入った しゅんかんに もどされない。はなれれば また こえられる
ok 1254 - 4. 入った しゅんかんに もどされない。はなれれば また こえられる
  ---
  duration_ms: 419.887907
  type: 'test'
  ...
# Subtest: 5. ゴンドラは たてじくの 上、もぐるは 下。どちらも あるいては 出ない
ok 1255 - 5. ゴンドラは たてじくの 上、もぐるは 下。どちらも あるいては 出ない
  ---
  duration_ms: 635.836881
  type: 'test'
  ...
# Subtest: 6. 鳥居 → 山道 → のりば。鳥居と のりばは 直結して いない
ok 1256 - 6. 鳥居 → 山道 → のりば。鳥居と のりばは 直結して いない
  ---
  duration_ms: 18.490058
  type: 'test'
  ...
# Subtest: 7. 住民は region を こえない。なかまは ついてくるし 二重に 出ない
ok 1257 - 7. 住民は region を こえない。なかまは ついてくるし 二重に 出ない
  ---
  duration_ms: 308.929414
  type: 'test'
  ...
# Subtest: 8. あるいて こえても「たび」の ひようが かからない
ok 1258 - 8. あるいて こえても「たび」の ひようが かからない
  ---
  duration_ms: 21.46603
  type: 'test'
  ...
# Subtest: 9. はじめて きた ことは のこる。region はっけんと みちの はっけんが すすむ
ok 1259 - 9. はじめて きた ことは のこる。region はっけんと みちの はっけんが すすむ
  ---
  duration_ms: 17.695721
  type: 'test'
  ...
# Subtest: 10. みちの はっけんは これまでどおり「両がわの 入口を 見つけた とき」だけ
ok 1260 - 10. みちの はっけんは これまでどおり「両がわの 入口を 見つけた とき」だけ
  ---
  duration_ms: 40.736276
  type: 'test'
  ...
# Subtest: 11. 出口を ふやしても ひみつは もれない
ok 1261 - 11. 出口を ふやしても ひみつは もれない
  ---
  duration_ms: 1067.554881
  type: 'test'
  ...
# Subtest: 12. region-local な せかいは こわれて いない
ok 1262 - 12. region-local な せかいは こわれて いない
  ---
  duration_ms: 2275.504945
  type: 'test'
  ...
# Subtest: 13. 往復しても こわれない: おうち → いなか → もり → いなか → おうち
ok 1263 - 13. 往復しても こわれない: おうち → いなか → もり → いなか → おうち
  ---
  duration_ms: 3334.135592
  type: 'test'
  ...
# Subtest: 14. たてじくは 3D 化に つかえる いみデータ
ok 1264 - 14. たてじくは 3D 化に つかえる いみデータ
  ---
  duration_ms: 19.750544
  type: 'test'
  ...
# Subtest: occlusion: ランドマーク を ふさぐ 木 は すける。地形(がけ・岩)は すけない
ok 1265 - occlusion: ランドマーク を ふさぐ 木 は すける。地形(がけ・岩)は すけない
  ---
  duration_ms: 137.046874
  type: 'test'
  ...
# Subtest: たきのみはらし: みき は solid の まま、いち も かわらない(すけるのは えがく とき だけ)
ok 1266 - たきのみはらし: みき は solid の まま、いち も かわらない(すけるのは えがく とき だけ)
  ---
  duration_ms: 481.944099
  type: 'test'
  ...
# Subtest: landmarkNearAlpha: ふつう に ながめる 大きさ は そのまま、レンズ の なか は えがかない
ok 1267 - landmarkNearAlpha: ふつう に ながめる 大きさ は そのまま、レンズ の なか は えがかない
  ---
  duration_ms: 25.995802
  type: 'test'
  ...
# Subtest: OCCLUDER_SHIFT: かたがわ に はりだす かたち だけ。side の ほう へ ずらす
ok 1268 - OCCLUDER_SHIFT: かたがわ に はりだす かたち だけ。side の ほう へ ずらす
  ---
  duration_ms: 25.048154
  type: 'test'
  ...
# Subtest: ちいさな 絵文字: みちばた の もの は、じぶん より ある ていど おおきい とき だけ すける
ok 1269 - ちいさな 絵文字: みちばた の もの は、じぶん より ある ていど おおきい とき だけ すける
  ---
  duration_ms: 27.99266
  type: 'test'
  ...
# Subtest: jungle 夜: もちあげ は jungle だけ。floor と mul は ひかえめ
ok 1270 - jungle 夜: もちあげ は jungle だけ。floor と mul は ひかえめ
  ---
  duration_ms: 24.521742
  type: 'test'
  ...
# Subtest: jungle 夜: みき の あいだ の もや を ぬる。ぬれた は の ひかり は 1 かい の fill
ok 1271 - jungle 夜: みき の あいだ の もや を ぬる。ぬれた は の ひかり は 1 かい の fill
  ---
  duration_ms: 1784.649405
  type: 'test'
  ...
# Subtest: jungle 昼: もや も ひかり も えがかない
ok 1272 - jungle 昼: もや も ひかり も えがかない
  ---
  duration_ms: 1872.538423
  type: 'test'
  ...
# Subtest: star_stop: 霞 は 地平線 で いちばん こく、地上 の こい ところ でも 0.7 のこる
ok 1273 - star_stop: 霞 は 地平線 で いちばん こく、地上 の こい ところ でも 0.7 のこる
  ---
  duration_ms: 41.525871
  type: 'test'
  ...
# Subtest: deco: くぼちのみはらし に しだ、つりばし に つりばし。見た目 だけ
ok 1274 - deco: くぼちのみはらし に しだ、つりばし に つりばし。見た目 だけ
  ---
  duration_ms: 706.193448
  type: 'test'
  ...
# Subtest: counts: spot / path / zone / secret / 分母 / 遠景 / 発見レベル は かわらない
ok 1275 - counts: spot / path / zone / secret / 分母 / 遠景 / 発見レベル は かわらない
  ---
  duration_ms: 23.664741
  type: 'test'
  ...
# Subtest: collision: forest / jungle の 障害物 は main と おなじ かず(deco は solid で ない)
ok 1276 - collision: forest / jungle の 障害物 は main と おなじ かず(deco は solid で ない)
  ---
  duration_ms: 965.425864
  type: 'test'
  ...
# Subtest: save: 形 は かわらない
ok 1277 - save: 形 は かわらない
  ---
  duration_ms: 1632.124637
  type: 'test'
  ...
# Subtest: worldLayers: every region can be read by meaning, and every drawn structure has a role
ok 1278 - worldLayers: every region can be read by meaning, and every drawn structure has a role
  ---
  duration_ms: 2882.821525
  type: 'test'
  ...
# Subtest: no giant "material" illustration stands in for a landmark: waves, ice cubes, stars, wheat become canvas shapes or nothing
ok 1279 - no giant "material" illustration stands in for a landmark: waves, ice cubes, stars, wheat become canvas shapes or nothing
  ---
  duration_ms: 2378.357721
  type: 'test'
  ...
# Subtest: composition changes inside a region: zones swap the framing kind, the plant pool and place one hero
ok 1280 - composition changes inside a region: zones swap the framing kind, the plant pool and place one hero
  ---
  duration_ms: 2008.696442
  type: 'test'
  ...
# Subtest: fallen logs and rocks lie at different angles and gather instead of lining up
ok 1281 - fallen logs and rocks lie at different angles and gather instead of lining up
  ---
  duration_ms: 403.319543
  type: 'test'
  ...
# Subtest: the world is still data only: layers, heroes and zone composition need no canvas, and PR \#277 stays intact
ok 1282 - the world is still data only: layers, heroes and zone composition need no canvas, and PR \#277 stays intact
  ---
  duration_ms: 2353.44422
  type: 'test'
  ...
# Subtest: 1. 正式地理 v2(D2): 13地域が 1回ずつ、地上10・水面下1・上空1・記憶1
ok 1283 - 1. 正式地理 v2(D2): 13地域が 1回ずつ、地上10・水面下1・上空1・記憶1
  ---
  duration_ms: 131.500891
  type: 'test'
  ...
# Subtest: 2. 接続表が 正本の 14本と ぴったり あう。入口の spot も ぜんぶ 実在して、ひみつでは ない
ok 1284 - 2. 接続表が 正本の 14本と ぴったり あう。入口の spot も ぜんぶ 実在して、ひみつでは ない
  ---
  duration_ms: 29.53126
  type: 'test'
  ...
# Subtest: 3. 二つの水系。たにの おおかわと みやこがわは べつの 川で、上流で つながって いない
ok 1285 - 3. 二つの水系。たにの おおかわと みやこがわは べつの 川で、上流で つながって いない
  ---
  duration_ms: 23.566099
  type: 'test'
  ...
# Subtest: 4/5. たてじくは 2か所。ほしぞらは いなかの 山の上、しんかいは うみの 外洋の下
ok 1286 - 4/5. たてじくは 2か所。ほしぞらは いなかの 山の上、しんかいは うみの 外洋の下
  ---
  duration_ms: 24.43732
  type: 'test'
  ...
# Subtest: 6/7/8. まだ 見つけて いない 地域・みち・大めじるしは、なまえも かたちも 出ない
ok 1287 - 6/7/8. まだ 見つけて いない 地域・みち・大めじるしは、なまえも かたちも 出ない
  ---
  duration_ms: 33.497902
  type: 'test'
  ...
# Subtest: 9. ひみつ spot・ひみつ path・ひみつ zone が せかいのちずへ 1つも もれない
ok 1288 - 9. ひみつ spot・ひみつ path・ひみつ zone が せかいのちずへ 1つも もれない
  ---
  duration_ms: 23.388883
  type: 'test'
  ...
# Subtest: 10. 旧セーブの 訪問ずみ 地域が、そのまま 見つけた ことに なる。でも みちは ひらかない
ok 1289 - 10. 旧セーブの 訪問ずみ 地域が、そのまま 見つけた ことに なる。でも みちは ひらかない
  ---
  duration_ms: 31.9955
  type: 'test'
  ...
# Subtest: 11. みちは りょうがわの 入口 spot を どちらも 見つけた ときだけ ひらく
ok 1290 - 11. みちは りょうがわの 入口 spot を どちらも 見つけた ときだけ ひらく
  ---
  duration_ms: 24.345723
  type: 'test'
  ...
# Subtest: 12. せかい たんさくりつ: ぶんぼに ひみつが 1つも 入って いない
ok 1291 - 12. せかい たんさくりつ: ぶんぼに ひみつが 1つも 入って いない
  ---
  duration_ms: 33.491331
  type: 'test'
  ...
# Subtest: 13. たんさくりつから のこりの ひみつの かずが ぎゃくさんできない
ok 1292 - 13. たんさくりつから のこりの ひみつの かずが ぎゃくさんできない
  ---
  duration_ms: 21.749384
  type: 'test'
  ...
# Subtest: 14. 図上の おおきさ: おうちが 点に ならず、さばくの ひろさも のこる
ok 1293 - 14. 図上の おおきさ: おうちが 点に ならず、さばくの ひろさも のこる
  ---
  duration_ms: 32.705808
  type: 'test'
  ...
# Subtest: 15. GEO_AREA は 実際の world から 測った 値と あう(halfW では なく 実 box)
ok 1294 - 15. GEO_AREA は 実際の world から 測った 値と あう(halfW では なく 実 box)
  ---
  duration_ms: 2036.863878
  type: 'test'
  ...
# Subtest: 16. せかいのちずから 地域の ちずへ 入れて、もどれる。開いただけでは 発見状態が かわらない
ok 1295 - 16. せかいのちずから 地域の ちずへ 入れて、もどれる。開いただけでは 発見状態が かわらない
  ---
  duration_ms: 855.040556
  type: 'test'
  ...
# Subtest: 17. せかいのちずを とじて いる あいだ、たんさくの けいさんは 1フレームも ふえない
ok 1296 - 17. せかいのちずを とじて いる あいだ、たんさくの けいさんは 1フレームも ふえない
  ---
  duration_ms: 1546.588464
  type: 'test'
  ...
# Subtest: 18. せかいのちずの セーブは id だけ。地域の はっけんと みちの はっけんを べつに もつ
ok 1297 - 18. せかいのちずの セーブは id だけ。地域の はっけんと みちの はっけんを べつに もつ
  ---
  duration_ms: 447.562859
  type: 'test'
  ...
# Subtest: 19. 旧セーブ(せかいの きろくが ない)でも こわれない
ok 1298 - 19. 旧セーブ(せかいの きろくが ない)でも こわれない
  ---
  duration_ms: 454.285964
  type: 'test'
  ...
# Subtest: 20. 地域の ちずは これまでどおり。せかいのちずの ために 1つも かわって いない
ok 1299 - 20. 地域の ちずは これまでどおり。せかいのちずの ために 1つも かわって いない
  ---
  duration_ms: 587.763712
  type: 'test'
  ...
# Subtest: 21. D2 へ かえても、地域の なかみは 1つも うごいて いない
ok 1300 - 21. D2 へ かえても、地域の なかみは 1つも うごいて いない
  ---
  duration_ms: 4035.633696
  type: 'test'
  ...
# Subtest: 22. 地理正本 v1: 山は 3 つの モチーフ。にしは あるける 山地、ひがしは region では ない 巨大山地
ok 1301 - 22. 地理正本 v1: 山は 3 つの モチーフ。にしは あるける 山地、ひがしは region では ない 巨大山地
  ---
  duration_ms: 20.056954
  type: 'test'
  ...
# Subtest: 23. 地理正本 v1: おうちの すぐ近くを 天竜川型が ながれ、とかいへは ながれない
ok 1302 - 23. 地理正本 v1: おうちの すぐ近くを 天竜川型が ながれ、とかいへは ながれない
  ---
  duration_ms: 20.287903
  type: 'test'
  ...
# Subtest: 24. 地理正本 v1: 分水界が 正式な 地形。2 水系を 図の うえで 分ける
ok 1303 - 24. 地理正本 v1: 分水界が 正式な 地形。2 水系を 図の うえで 分ける
  ---
  duration_ms: 21.121998
  type: 'test'
  ...
# Subtest: 25. 地理正本 v1: 源の湖は ふつうの 地形。きおくのみずうみ では ない
ok 1304 - 25. 地理正本 v1: 源の湖は ふつうの 地形。きおくのみずうみ では ない
  ---
  duration_ms: 31.693874
  type: 'test'
  ...
# Subtest: 26. 地理正本 v1: 北西に さばく、南西に ジャングル
ok 1305 - 26. 地理正本 v1: 北西に さばく、南西に ジャングル
  ---
  duration_ms: 19.811475
  type: 'test'
  ...
# Subtest: 27. 地理正本 v1: 生活圏の 三角と、おうち ↔ とかい を 持たない こと
ok 1306 - 27. 地理正本 v1: 生活圏の 三角と、おうち ↔ とかい を 持たない こと
  ---
  duration_ms: 41.293946
  type: 'test'
  ...
# Subtest: 28. 地理正本 v1: もりは「やま と おうちの あいだ」ではなく「おうち → いなか の とちゅう」
ok 1307 - 28. 地理正本 v1: もりは「やま と おうちの あいだ」ではなく「おうち → いなか の とちゅう」
  ---
  duration_ms: 19.730554
  type: 'test'
  ...
# Subtest: 29. 地理正本 v1: 南アルプス型は ひがしの 巨大山地。やまは にしの 中央アルプス型がわ
ok 1308 - 29. 地理正本 v1: 南アルプス型は ひがしの 巨大山地。やまは にしの 中央アルプス型がわ
  ---
  duration_ms: 34.897557
  type: 'test'
  ...
# Subtest: 30. 地理正本 v1: ほしぞらへは **特殊たてじく接続**。ふつうの 徒歩の みちでは ない
ok 1309 - 30. 地理正本 v1: ほしぞらへは **特殊たてじく接続**。ふつうの 徒歩の みちでは ない
  ---
  duration_ms: 20.411879
  type: 'test'
  ...
# Subtest: 31. 地理正本 v1: ゴンドラは 見つけるまで ばれない。探索率も 1 つも かわらない
ok 1310 - 31. 地理正本 v1: ゴンドラは 見つけるまで ばれない。探索率も 1 つも かわらない
  ---
  duration_ms: 23.206926
  type: 'test'
  ...
# Subtest: story pools exist for everyday care, travel, courtship and waking
ok 1311 - story pools exist for everyday care, travel, courtship and waking
  ---
  duration_ms: 118.33677
  type: 'test'
  ...
# Subtest: each midlife event fires once at its age and records a life-log line
ok 1312 - each midlife event fires once at its age and records a life-log line
  ---
  duration_ms: 28.807919
  type: 'test'
  ...
# Subtest: a birthday at a midlife age triggers the event through onAgeChanged
ok 1313 - a birthday at a midlife age triggers the event through onAgeChanged
  ---
  duration_ms: 24.667385
  type: 'test'
  ...
# Subtest: a fresh save is schemaVersion 5 and survives a save/load round trip unchanged
ok 1314 - a fresh save is schemaVersion 5 and survives a save/load round trip unchanged
  ---
  duration_ms: 206.007844
  type: 'test'
  ...
# Subtest: a schemaVersion 3 save keeps its displayed age (18 -> 20 ticks per year)
ok 1315 - a schemaVersion 3 save keeps its displayed age (18 -> 20 ticks per year)
  ---
  duration_ms: 38.778018
  type: 'test'
  ...
# Subtest: a pre-schema save converts the old age scale, stage names, and freePlay
ok 1316 - a pre-schema save converts the old age scale, stage names, and freePlay
  ---
  duration_ms: 32.271643
  type: 'test'
  ...
# Subtest: schemaVersion 5 heals wrong shapes without touching valid values
ok 1317 - schemaVersion 5 heals wrong shapes without touching valid values
  ---
  duration_ms: 60.804909
  type: 'test'
  ...
# Subtest: normalizeStateShape is idempotent on a fresh state
ok 1318 - normalizeStateShape is idempotent on a fresh state
  ---
  duration_ms: 16.421021
  type: 'test'
  ...
# Subtest: the infinite-world return snapshot is normalized with the save
ok 1319 - the infinite-world return snapshot is normalized with the save
  ---
  duration_ms: 50.60259
  type: 'test'
  ...
# Subtest: normal equipment V2 refunds all five owned retired IDs before catalog filtering
ok 1320 - normal equipment V2 refunds all five owned retired IDs before catalog filtering
  ---
  duration_ms: 18.663828
  type: 'test'
  ...
# Subtest: normal equipment V2 refunds flower once and unequips it
ok 1321 - normal equipment V2 refunds flower once and unequips it
  ---
  duration_ms: 17.055206
  type: 'test'
  ...
# Subtest: normal equipment V2 refunds energy1 once and unequips it
ok 1322 - normal equipment V2 refunds energy1 once and unequips it
  ---
  duration_ms: 52.457662
  type: 'test'
  ...
# Subtest: normal equipment V2 refunds hat once and unequips it
ok 1323 - normal equipment V2 refunds hat once and unequips it
  ---
  duration_ms: 16.168872
  type: 'test'
  ...
# Subtest: normal equipment V2 refunds crown once and unequips it
ok 1324 - normal equipment V2 refunds crown once and unequips it
  ---
  duration_ms: 16.484647
  type: 'test'
  ...
# Subtest: normal equipment V2 refunds glasses once and unequips it
ok 1325 - normal equipment V2 refunds glasses once and unequips it
  ---
  duration_ms: 15.59625
  type: 'test'
  ...
# Subtest: normal equipment V2 ignores purchase history without actual ownership
ok 1326 - normal equipment V2 ignores purchase history without actual ownership
  ---
  duration_ms: 18.800734
  type: 'test'
  ...
# Subtest: normal equipment V2 marked saves remove stale retired equipment without refunding again
ok 1327 - normal equipment V2 marked saves remove stale retired equipment without refunding again
  ---
  duration_ms: 15.385642
  type: 'test'
  ...
# Subtest: normal equipment V2 heals malformed migration marker null
ok 1328 - normal equipment V2 heals malformed migration marker null
  ---
  duration_ms: 18.658379
  type: 'test'
  ...
# Subtest: normal equipment V2 heals malformed migration marker []
ok 1329 - normal equipment V2 heals malformed migration marker []
  ---
  duration_ms: 23.822464
  type: 'test'
  ...
# Subtest: normal equipment V2 heals malformed migration marker "bad"
ok 1330 - normal equipment V2 heals malformed migration marker "bad"
  ---
  duration_ms: 15.336589
  type: 'test'
  ...
# Subtest: normal equipment V2 heals malformed migration marker {"normalEquipmentV2":"false"}
ok 1331 - normal equipment V2 heals malformed migration marker {"normalEquipmentV2":"false"}
  ---
  duration_ms: 15.24457
  type: 'test'
  ...
# Subtest: normal equipment V2 heals malformed migration marker {"normalEquipmentV2":1}
ok 1332 - normal equipment V2 heals malformed migration marker {"normalEquipmentV2":1}
  ---
  duration_ms: 25.641091
  type: 'test'
  ...
# Subtest: normal equipment V2 heals malformed migration marker {"normalEquipmentV2":{}}
ok 1333 - normal equipment V2 heals malformed migration marker {"normalEquipmentV2":{}}
  ---
  duration_ms: 15.631582
  type: 'test'
  ...
# Subtest: normal equipment V2 heals malformed money and ownership without creating unowned refunds
ok 1334 - normal equipment V2 heals malformed money and ownership without creating unowned refunds
  ---
  duration_ms: 40.781354
  type: 'test'
  ...
# Subtest: normal equipment V2 refunds survive save/load, repeated normalization and the next life
ok 1335 - normal equipment V2 refunds survive save/load, repeated normalization and the next life
  ---
  duration_ms: 66.649067
  type: 'test'
  ...
# Subtest: normal equipment V2 infinite return never credits its snapshot into the live balance
ok 1336 - normal equipment V2 infinite return never credits its snapshot into the live balance
  ---
  duration_ms: 35.315837
  type: 'test'
  ...
# Subtest: normal equipment V2 does not repay an old infinite snapshot when the live save is marked
ok 1337 - normal equipment V2 does not repay an old infinite snapshot when the live save is marked
  ---
  duration_ms: 34.111363
  type: 'test'
  ...
# Subtest: normal equipment V2 canonicalizes tier aliases and refunds each retired base only once
ok 1338 - normal equipment V2 canonicalizes tier aliases and refunds each retired base only once
  ---
  duration_ms: 16.977118
  type: 'test'
  ...
# Subtest: stack-harvest uses the existing atlas crop within the original block decoration box
ok 1339 - stack-harvest uses the existing atlas crop within the original block decoration box
  ---
  duration_ms: 126.875094
  type: 'test'
  ...
# Subtest: stack-sakura uses the existing atlas crop within the original block decoration box
ok 1340 - stack-sakura uses the existing atlas crop within the original block decoration box
  ---
  duration_ms: 19.225944
  type: 'test'
  ...
# Subtest: stack-leaves uses the existing atlas crop within the original block decoration box
ok 1341 - stack-leaves uses the existing atlas crop within the original block decoration box
  ---
  duration_ms: 24.628947
  type: 'test'
  ...
# Subtest: pending, failed, wrong-size and drawing-error atlases retain the original emoji and recover on load
ok 1342 - pending, failed, wrong-size and drawing-error atlases retain the original emoji and recover on load
  ---
  duration_ms: 28.534708
  type: 'test'
  ...
# Subtest: unmapped stack themes keep their own symbols instead of a different illustration
ok 1343 - unmapped stack themes keep their own symbols instead of a different illustration
  ---
  duration_ms: 67.258133
  type: 'test'
  ...
# Subtest: illustrated play keeps all other Canvas commands, score, rewards and timing identical to emoji fallback
ok 1344 - illustrated play keeps all other Canvas commands, score, rewards and timing identical to emoji fallback
  ---
  duration_ms: 1014.878588
  type: 'test'
  ...
# Subtest: reduced motion and lightweight mode retain the motif; retirement prevents late image work
ok 1345 - reduced motion and lightweight mode retain the motif; retirement prevents late image work
  ---
  duration_ms: 44.635626
  type: 'test'
  ...
# [naotocchi] minigame Error: boom
#     at frame (/home/runner/work/naotocchi/naotocchi/tests/minigame-lifecycle-test.cjs:220:60)
#     at mgRunTagged (evalmachine.<anonymous>:38705:17)
#     at evalmachine.<anonymous>:38750:9
#     at /home/runner/work/naotocchi/naotocchi/tests/helpers/runtime-harness.cjs:233:49
#     at Object.fn (/home/runner/work/naotocchi/naotocchi/tests/helpers/runtime-harness.cjs:207:82)
#     at Object.advance (/home/runner/work/naotocchi/naotocchi/tests/helpers/runtime-harness.cjs:322:57)
#     at TestContext.<anonymous> (/home/runner/work/naotocchi/naotocchi/tests/minigame-lifecycle-test.cjs:224:5)
#     at Test.runInAsyncScope (node:async_hooks:214:14)
#     at Test.run (node:internal/test_runner/test:1047:25)
#     at Test.processPendingSubtests (node:internal/test_runner/test:744:18)
# [naotocchi] minigame Error: start boom
#     at Object.start (/home/runner/work/naotocchi/naotocchi/tests/minigame-lifecycle-test.cjs:237:59)
#     at evalmachine.<anonymous>:39081:39
#     at mgRunTagged (evalmachine.<anonymous>:38705:17)
#     at launch (evalmachine.<anonymous>:39081:7)
#     at Object.startMinigame (evalmachine.<anonymous>:39086:10)
#     at TestContext.<anonymous> (/home/runner/work/naotocchi/naotocchi/tests/minigame-lifecycle-test.cjs:237:9)
#     at Test.runInAsyncScope (node:async_hooks:214:14)
#     at Test.run (node:internal/test_runner/test:1047:25)
#     at Test.processPendingSubtests (node:internal/test_runner/test:744:18)
#     at Test.postRun (node:internal/test_runner/test:1173:19)
# Subtest: score 10 keeps results readable before the reaction begins
ok 1346 - score 10 keeps results readable before the reaction begins
  ---
  duration_ms: 133.74708
  type: 'test'
  ...
# Subtest: score 90 keeps results readable before the reaction begins
ok 1347 - score 90 keeps results readable before the reaction begins
  ---
  duration_ms: 24.402396
  type: 'test'
  ...
# Subtest: a new care conversation replaces results and cancels the delayed game reaction
ok 1348 - a new care conversation replaces results and cancels the delayed game reaction
  ---
  duration_ms: 39.977404
  type: 'test'
  ...
# Subtest: replaying cancels the delayed reaction and old result controls
ok 1349 - replaying cancels the delayed reaction and old result controls
  ---
  duration_ms: 35.469277
  type: 'test'
  ...
# Subtest: retire clears a held key before the next game
ok 1350 - retire clears a held key before the next game
  ---
  duration_ms: 22.163936
  type: 'test'
  ...
# Subtest: complete clears a held key before the next game
ok 1351 - complete clears a held key before the next game
  ---
  duration_ms: 35.127944
  type: 'test'
  ...
# Subtest: blur releases keyboard steering and allows a new press
ok 1352 - blur releases keyboard steering and allows a new press
  ---
  duration_ms: 18.896898
  type: 'test'
  ...
# Subtest: hidden releases keyboard steering and allows a new press
ok 1353 - hidden releases keyboard steering and allows a new press
  ---
  duration_ms: 44.887636
  type: 'test'
  ...
# Subtest: a background switch stops repeating button input without ending the game
ok 1354 - a background switch stops repeating button input without ending the game
  ---
  duration_ms: 17.113914
  type: 'test'
  ...
# Subtest: a background switch releases a touch-held control without a pointerup
ok 1355 - a background switch releases a touch-held control without a pointerup
  ---
  duration_ms: 17.756702
  type: 'test'
  ...
# Subtest: input scope is restored when an event never bubbles to window
ok 1356 - input scope is restored when an event never bubbles to window
  ---
  duration_ms: 19.866718
  type: 'test'
  ...
# Subtest: all 100 registered games can retire without delayed rewards or repopulating the screen
ok 1357 - all 100 registered games can retire without delayed rewards or repopulating the screen
  ---
  duration_ms: 262.899356
  type: 'test'
  ...
# Subtest: first-play instructions include each dynamic goal needed to finish the game
    # Subtest: tilt-maze-3d
    ok 1 - tilt-maze-3d
      ---
      duration_ms: 3.419167
      type: 'test'
      ...
    # Subtest: pingpong-3d
    ok 2 - pingpong-3d
      ---
      duration_ms: 1.286507
      type: 'test'
      ...
    # Subtest: sudoku-mini
    ok 3 - sudoku-mini
      ---
      duration_ms: 1.257473
      type: 'test'
      ...
    # Subtest: area-claim
    ok 4 - area-claim
      ---
      duration_ms: 1.093166
      type: 'test'
      ...
    # Subtest: beach-volley
    ok 5 - beach-volley
      ---
      duration_ms: 1.147718
      type: 'test'
      ...
    1..5
ok 1358 - first-play instructions include each dynamic goal needed to finish the game
  ---
  duration_ms: 62.182193
  type: 'test'
  ...
# Subtest: Sudoku instructions follow the actual 4×4 board
ok 1359 - Sudoku instructions follow the actual 4×4 board
  ---
  duration_ms: 16.218026
  type: 'test'
  ...
# Subtest: Sudoku instructions follow the actual 6×6 board
ok 1360 - Sudoku instructions follow the actual 6×6 board
  ---
  duration_ms: 15.895921
  type: 'test'
  ...
# Subtest: Mancala explains sowing toward the right-hand own store and follows that path
ok 1361 - Mancala explains sowing toward the right-hand own store and follows that path
  ---
  duration_ms: 16.799481
  type: 'test'
  ...
# Subtest: a game whose frame loop throws is closed without rewards and the next game works
ok 1362 - a game whose frame loop throws is closed without rewards and the next game works
  ---
  duration_ms: 29.681294
  type: 'test'
  ...
# Subtest: a game that throws while starting is closed cleanly
ok 1363 - a game that throws while starting is closed cleanly
  ---
  duration_ms: 17.86851
  type: 'test'
  ...
# Subtest: game pass five-second timer refreshes UI and respects null
ok 1364 - game pass five-second timer refreshes UI and respects null
  ---
  duration_ms: 33.162415
  type: 'test'
  ...
# Subtest: game pass five-second timer refreshes UI and respects sleep
ok 1365 - game pass five-second timer refreshes UI and respects sleep
  ---
  duration_ms: 21.776904
  type: 'test'
  ...
# Subtest: game pass five-second timer refreshes UI and respects dead
ok 1366 - game pass five-second timer refreshes UI and respects dead
  ---
  duration_ms: 41.31633
  type: 'test'
  ...
# Subtest: game pass five-second timer refreshes UI and respects transform
ok 1367 - game pass five-second timer refreshes UI and respects transform
  ---
  duration_ms: 29.913678
  type: 'test'
  ...
# Subtest: game pass reload retains only the unexpired part of its five-second deadline
ok 1368 - game pass reload retains only the unexpired part of its five-second deadline
  ---
  duration_ms: 56.476042
  type: 'test'
  ...
# Subtest: game pass infinite return preserves its remaining cooldown
ok 1369 - game pass infinite return preserves its remaining cooldown
  ---
  duration_ms: 31.669166
  type: 'test'
  ...
# Subtest: game pass infinite return preserves its remaining cooldown after reload
ok 1370 - game pass infinite return preserves its remaining cooldown after reload
  ---
  duration_ms: 60.044964
  type: 'test'
  ...
# Subtest: game pass infinite return without an old-life snapshot retains its deadline
ok 1371 - game pass infinite return without an old-life snapshot retains its deadline
  ---
  duration_ms: 43.068247
  type: 'test'
  ...
# Subtest: game pass infinite return never shortens a later saved normal-life deadline
ok 1372 - game pass infinite return never shortens a later saved normal-life deadline
  ---
  duration_ms: 23.605778
  type: 'test'
  ...
# Subtest: the observer legend stays abstract and does not alter the current life
ok 1373 - the observer legend stays abstract and does not alter the current life
  ---
  duration_ms: 133.862983
  type: 'test'
  ...
# Subtest: observer stories keep their clues ambiguous instead of identifying Naoto
ok 1374 - observer stories keep their clues ambiguous instead of identifying Naoto
  ---
  duration_ms: 45.520949
  type: 'test'
  ...
# Subtest: skipping then closing releases the movie and cancels all later scene changes
ok 1375 - skipping then closing releases the movie and cancels all later scene changes
  ---
  duration_ms: 23.071393
  type: 'test'
  ...
# Subtest: opening a different overlay cleans up cinema mode and a following date resets legend choreography
ok 1376 - opening a different overlay cleans up cinema mode and a following date resets legend choreography
  ---
  duration_ms: 22.835337
  type: 'test'
  ...
# Subtest: cinematic legend subtitles and titles contain no emoji
ok 1377 - cinematic legend subtitles and titles contain no emoji
  ---
  duration_ms: 19.280886
  type: 'test'
  ...
# Subtest: date dialogue identifies each speaker with their own portrait and escapes the saved name
ok 1378 - date dialogue identifies each speaker with their own portrait and escapes the saved name
  ---
  duration_ms: 30.014925
  type: 'test'
  ...
# Subtest: repeated dates rotate whole small stories before replaying one, even with the same random roll
ok 1379 - repeated dates rotate whole small stories before replaying one, even with the same random roll
  ---
  duration_ms: 117.766612
  type: 'test'
  ...
# Subtest: the 100-beyond voice stays unnamed and separate from the player
ok 1380 - the 100-beyond voice stays unnamed and separate from the player
  ---
  duration_ms: 31.560853
  type: 'test'
  ...
# Subtest: all 18 partners keep their own speech identity across complete dates and anniversaries
ok 1381 - all 18 partners keep their own speech identity across complete dates and anniversaries
  ---
  duration_ms: 2540.21989
  type: 'test'
  ...
# Subtest: four coherent stories per legend finish without rewards or explicit world answers
ok 1382 - four coherent stories per legend finish without rewards or explicit world answers
  ---
  duration_ms: 98.137173
  type: 'test'
  ...
# Subtest: guest and legacy partner speech keeps illustrated saved appearances without rewriting the relationship
ok 1383 - guest and legacy partner speech keeps illustrated saved appearances without rewriting the relationship
  ---
  duration_ms: 72.311761
  type: 'test'
  ...
# Subtest: underwater dates keep both character asides and the closing consistent with swimming
ok 1384 - underwater dates keep both character asides and the closing consistent with swimming
  ---
  duration_ms: 247.541636
  type: 'test'
  ...
# Subtest: game: only owned crown after dex completion doubles a relevant candidate
ok 1385 - game: only owned crown after dex completion doubles a relevant candidate
  ---
  duration_ms: 166.731465
  type: 'test'
  ...
# Subtest: game: achievement completion removes bias despite other unfinished achievements
ok 1386 - game: achievement completion removes bias despite other unfinished achievements
  ---
  duration_ms: 21.093686
  type: 'test'
  ...
# Subtest: sticker: only owned crown after dex completion doubles a relevant candidate
ok 1387 - sticker: only owned crown after dex completion doubles a relevant candidate
  ---
  duration_ms: 24.32413
  type: 'test'
  ...
# Subtest: sticker: achievement completion removes bias despite other unfinished achievements
ok 1388 - sticker: achievement completion removes bias despite other unfinished achievements
  ---
  duration_ms: 40.744419
  type: 'test'
  ...
# Subtest: moment: only owned crown after dex completion doubles a relevant candidate
ok 1389 - moment: only owned crown after dex completion doubles a relevant candidate
  ---
  duration_ms: 18.41951
  type: 'test'
  ...
# Subtest: moment: achievement completion removes bias despite other unfinished achievements
ok 1390 - moment: achievement completion removes bias despite other unfinished achievements
  ---
  duration_ms: 17.296038
  type: 'test'
  ...
# Subtest: unplayed and record targets form a union, never 4x, and ring ownership has no effect
ok 1391 - unplayed and record targets form a union, never 4x, and ring ownership has no effect
  ---
  duration_ms: 27.403014
  type: 'test'
  ...
# Subtest: actual achievement conditions stop bias before the next achievement notification
ok 1392 - actual achievement conditions stop bias before the next achievement notification
  ---
  duration_ms: 21.396602
  type: 'test'
  ...
# Subtest: danger, manual environment and ring pools never receive a crown multiplier
ok 1393 - danger, manual environment and ring pools never receive a crown multiplier
  ---
  duration_ms: 58.594241
  type: 'test'
  ...
# Subtest: all achievements complete disables every crown target, even with stale missing counters
ok 1394 - all achievements complete disables every crown target, even with stale missing counters
  ---
  duration_ms: 16.51992
  type: 'test'
  ...
# Subtest: unowned sticker bias ends at the collection threshold and never boosts an owned copy
ok 1395 - unowned sticker bias ends at the collection threshold and never boosts an owned copy
  ---
  duration_ms: 33.172439
  type: 'test'
  ...
# Subtest: task bias only fills a missing supply; enough unplaced copies require manual placement
ok 1396 - task bias only fills a missing supply; enough unplaced copies require manual placement
  ---
  duration_ms: 21.248429
  type: 'test'
  ...
# Subtest: sticker candidate weights preserve rarity mass while doubling only the target
ok 1397 - sticker candidate weights preserve rarity mass while doubling only the target
  ---
  duration_ms: 25.339468
  type: 'test'
  ...
# Subtest: environment joint lottery is 90:55 with all-safe candidates, not 90 percent
ok 1398 - environment joint lottery is 90:55 with all-safe candidates, not 90 percent
  ---
  duration_ms: 44.705812
  type: 'test'
  ...
# Subtest: mixed environment keeps negative raw weight and doubles safe weight only
ok 1399 - mixed environment keeps negative raw weight and doubles safe weight only
  ---
  duration_ms: 20.683057
  type: 'test'
  ...
# Subtest: inactive environment remains 45:55 and empty pools cannot produce events
ok 1400 - inactive environment remains 45:55 and empty pools cannot produce events
  ---
  duration_ms: 15.712745
  type: 'test'
  ...
# Subtest: real scheduled environment event uses crown odds and counts exactly once
ok 1401 - real scheduled environment event uses crown odds and counts exactly once
  ---
  duration_ms: 21.41524
  type: 'test'
  ...
# Subtest: legacy crown save reload preserves rewards/history and activates only with dex proof
ok 1402 - legacy crown save reload preserves rewards/history and activates only with dex proof
  ---
  duration_ms: 92.600535
  type: 'test'
  ...
# Subtest: queue crown ordering changes but candidate multiplicity and play count stay intact
ok 1403 - queue crown ordering changes but candidate multiplicity and play count stay intact
  ---
  duration_ms: 60.071264
  type: 'test'
  ...
# Subtest: movable copies on other pages already satisfy supply; rearrangement is manual
ok 1404 - movable copies on other pages already satisfy supply; rearrangement is manual
  ---
  duration_ms: 20.090526
  type: 'test'
  ...
# Subtest: 20th A record removes cached bias before notification without refilling consumed tickets
ok 1405 - 20th A record removes cached bias before notification without refilling consumed tickets
  ---
  duration_ms: 47.210583
  type: 'test'
  ...
# Subtest: actual game queue lottery applies exactly 2x, neither 1x nor 4x
ok 1406 - actual game queue lottery applies exactly 2x, neither 1x nor 4x
  ---
  duration_ms: 32.950245
  type: 'test'
  ...
# Subtest: lantern ownership false: positive growth
ok 1407 - lantern ownership false: positive growth
  ---
  duration_ms: 131.185162
  type: 'test'
  ...
# Subtest: lantern ownership true: positive growth
ok 1408 - lantern ownership true: positive growth
  ---
  duration_ms: 23.618116
  type: 'test'
  ...
# Subtest: lantern stacks once with existing boost, retaining fractional growth
ok 1409 - lantern stacks once with existing boost, retaining fractional growth
  ---
  duration_ms: 26.738263
  type: 'test'
  ...
# Subtest: lantern does not boost loss, decline, initial sodachi or zero
ok 1410 - lantern does not boost loss, decline, initial sodachi or zero
  ---
  duration_ms: 26.044208
  type: 'test'
  ...
# Subtest: lantern leaves eggs and infinite mode unchanged
ok 1411 - lantern leaves eggs and infinite mode unchanged
  ---
  duration_ms: 18.523256
  type: 'test'
  ...
# Subtest: lantern crosses the unchanged sodachi threshold with one level and a fraction
ok 1412 - lantern crosses the unchanged sodachi threshold with one level and a fraction
  ---
  duration_ms: 19.121947
  type: 'test'
  ...
# Subtest: normal game remains one real play and unchanged coins with lantern
ok 1413 - normal game remains one real play and unchanged coins with lantern
  ---
  duration_ms: 39.987248
  type: 'test'
  ...
# Subtest: ring species: unknown doubles; registered immediately restores base
ok 1414 - ring species: unknown doubles; registered immediately restores base
  ---
  duration_ms: 27.233219
  type: 'test'
  ...
# Subtest: ring companion: unknown doubles; registered immediately restores base
ok 1415 - ring companion: unknown doubles; registered immediately restores base
  ---
  duration_ms: 36.139916
  type: 'test'
  ...
# Subtest: ring partner: unknown doubles; registered immediately restores base
ok 1416 - ring partner: unknown doubles; registered immediately restores base
  ---
  duration_ms: 17.522589
  type: 'test'
  ...
# Subtest: ring species uses the actual form dex, including ticket registrations, not raised species
ok 1417 - ring species uses the actual form dex, including ticket registrations, not raised species
  ---
  duration_ms: 16.147389
  type: 'test'
  ...
# Subtest: rare companion registration use the same dex predicate
ok 1418 - rare companion registration use the same dex predicate
  ---
  duration_ms: 35.570419
  type: 'test'
  ...
# Subtest: ring never targets crown pools, risks, manual settings, or secret ren
ok 1419 - ring never targets crown pools, risks, manual settings, or secret ren
  ---
  duration_ms: 18.870479
  type: 'test'
  ...
# Subtest: ring does not promote romantically incompatible candidates
ok 1420 - ring does not promote romantically incompatible candidates
  ---
  duration_ms: 16.090313
  type: 'test'
  ...
# Subtest: ring and crown do not multiply one candidate to four
ok 1421 - ring and crown do not multiply one candidate to four
  ---
  duration_ms: 45.669683
  type: 'test'
  ...
# Subtest: weighted ring sampler doubles each unknown candidate and preserves known base mass
ok 1422 - weighted ring sampler doubles each unknown candidate and preserves known base mass
  ---
  duration_ms: 28.625565
  type: 'test'
  ...
# Subtest: normal companion draw retains regional 4:1 mass before ring bonus
ok 1423 - normal companion draw retains regional 4:1 mass before ring bonus
  ---
  duration_ms: 15.98228
  type: 'test'
  ...
# Subtest: natural transform excludes current, excluded and locked rares, biases only legal choices
ok 1424 - natural transform excludes current, excluded and locked rares, biases only legal choices
  ---
  duration_ms: 15.402968
  type: 'test'
  ...
# Subtest: transform ticket output is identical with and without ring for the same random stream
ok 1425 - transform ticket output is identical with and without ring for the same random stream
  ---
  duration_ms: 15.420886
  type: 'test'
  ...
# Subtest: old save ownership restores passives without new save fields
ok 1426 - old save ownership restores passives without new save fields
  ---
  duration_ms: 50.072392
  type: 'test'
  ...
# Subtest: old save goal-history restores passives without new save fields
ok 1427 - old save goal-history restores passives without new save fields
  ---
  duration_ms: 50.147254
  type: 'test'
  ...
# Subtest: item-all counts consumables ever acquired: a held (never used) life charm counts, no near-death needed
ok 1428 - item-all counts consumables ever acquired: a held (never used) life charm counts, no near-death needed
  ---
  duration_ms: 126.769636
  type: 'test'
  ...
# Subtest: PERFECT and unlocked achievements are never revoked when the items or dex later change
ok 1429 - PERFECT and unlocked achievements are never revoked when the items or dex later change
  ---
  duration_ms: 25.509934
  type: 'test'
  ...
# Subtest: a reached PERFECT celebration is saved as pending and comes back after a reload until it is closed
ok 1430 - a reached PERFECT celebration is saved as pending and comes back after a reload until it is closed
  ---
  duration_ms: 77.695282
  type: 'test'
  ...
# Subtest: a pending celebration without the matching clear flag is dropped (never shown by itself)
ok 1431 - a pending celebration without the matching clear flag is dropped (never shown by itself)
  ---
  duration_ms: 48.856621
  type: 'test'
  ...
# Subtest: a panel pushes one history entry; back closes it; closing by UI removes the entry; home back does nothing
ok 1432 - a panel pushes one history entry; back closes it; closing by UI removes the entry; home back does nothing
  ---
  duration_ms: 54.589485
  type: 'test'
  ...
# Subtest: back during a minigame asks to quit instead of ending it, and stays in the layer
ok 1433 - back during a minigame asks to quit instead of ending it, and stays in the layer
  ---
  duration_ms: 21.500009
  type: 'test'
  ...
# Subtest: Escape closes the top panel through the same path
ok 1434 - Escape closes the top panel through the same path
  ---
  duration_ms: 19.478495
  type: 'test'
  ...
# Subtest: a critical notice (another tab) is not overwritten for 8 s; the latest ordinary notice follows it
ok 1435 - a critical notice (another tab) is not overwritten for 8 s; the latest ordinary notice follows it
  ---
  duration_ms: 30.946736
  type: 'test'
  ...
# Subtest: every overlay is a named modal dialog; story flash and birthday toast are live status regions
ok 1436 - every overlay is a named modal dialog; story flash and birthday toast are live status regions
  ---
  duration_ms: 1.06885
  type: 'test'
  ...
# Subtest: the home screen behind an open panel is inert, and becomes interactive again when it closes
ok 1437 - the home screen behind an open panel is inert, and becomes interactive again when it closes
  ---
  duration_ms: 26.711047
  type: 'test'
  ...
# Subtest: minigame screen shakes go through the reduced-motion guard (the random sequence is unchanged)
ok 1438 - minigame screen shakes go through the reduced-motion guard (the random sequence is unchanged)
  ---
  duration_ms: 10.87652
  type: 'test'
  ...
# Subtest: every achievement has an illustration without changing its definition or saved state
ok 1439 - every achievement has an illustration without changing its definition or saved state
  ---
  duration_ms: 133.375446
  type: 'test'
  ...
# Subtest: achievement grid, recent list, goals and unlock flash share artwork and preserve locks
ok 1440 - achievement grid, recent list, goals and unlock flash share artwork and preserve locks
  ---
  duration_ms: 25.502576
  type: 'test'
  ...
# Subtest: environment notices use matching whole animal PNGs and keep unknown birds intact
ok 1441 - environment notices use matching whole animal PNGs and keep unknown birds intact
  ---
  duration_ms: 37.192161
  type: 'test'
  ...
# Subtest: form-change notices and generic butterfly comments do not assume an adult growth stage
ok 1442 - form-change notices and generic butterfly comments do not assume an adult growth stage
  ---
  duration_ms: 30.888078
  type: 'test'
  ...
# Subtest: food illustrations distinguish onigiri and cooked egg from care rice and hatching egg
ok 1443 - food illustrations distinguish onigiri and cooked egg from care rice and hatching egg
  ---
  duration_ms: 19.314418
  type: 'test'
  ...
# Subtest: cake preserves order, retry and completion while the placed item keeps its illustration
ok 1444 - cake preserves order, retry and completion while the placed item keeps its illustration
  ---
  duration_ms: 27.703541
  type: 'test'
  ...
# Subtest: bento retains its preview interval and shows the actual food even in a wrong slot
ok 1445 - bento retains its preview interval and shows the actual food even in a wrong slot
  ---
  duration_ms: 28.62593
  type: 'test'
  ...
# Subtest: food decoration keeps timeout scoring and retires without late score changes
ok 1446 - food decoration keeps timeout scoring and retires without late score changes
  ---
  duration_ms: 110.190176
  type: 'test'
  ...
# Subtest: bento completion retains all food and text in normal, reduced-motion, low and fallback modes
ok 1447 - bento completion retains all food and text in normal, reduced-motion, low and fallback modes
  ---
  duration_ms: 207.494254
  type: 'test'
  ...
# Subtest: a short absence changes nothing
ok 1448 - a short absence changes nothing
  ---
  duration_ms: 126.730344
  type: 'test'
  ...
# Subtest: ten minutes away lowers stats gently without changing coins
ok 1449 - ten minutes away lowers stats gently without changing coins
  ---
  duration_ms: 24.531394
  type: 'test'
  ...
# Subtest: stats never drop below the floor even when the drift exceeds them
ok 1450 - stats never drop below the floor even when the drift exceeds them
  ---
  duration_ms: 26.739169
  type: 'test'
  ...
# Subtest: a long absence is capped at thirty minutes of drift and cannot endanger a low pet
ok 1451 - a long absence is capped at thirty minutes of drift and cannot endanger a low pet
  ---
  duration_ms: 25.780485
  type: 'test'
  ...
# Subtest: sleeping while away recovers energy instead of draining it
ok 1452 - sleeping while away recovers energy instead of draining it
  ---
  duration_ms: 19.556662
  type: 'test'
  ...
# Subtest: only one main overlay is open at a time
ok 1453 - only one main overlay is open at a time
  ---
  duration_ms: 127.548527
  type: 'test'
  ...
# Subtest: an unknown kind opens nothing and close buttons only close their own overlay
ok 1454 - an unknown kind opens nothing and close buttons only close their own overlay
  ---
  duration_ms: 23.300821
  type: 'test'
  ...
# Subtest: every overlay kind renders its own panel
ok 1455 - every overlay kind renders its own panel
  ---
  duration_ms: 44.706999
  type: 'test'
  ...
# Subtest: performance tiers step up on slow frames and back down after sustained fast frames
ok 1456 - performance tiers step up on slow frames and back down after sustained fast frames
  ---
  duration_ms: 16.561501
  type: 'test'
  ...
# Subtest: the original adult cat stays byte-identical to the approved master
ok 1457 - the original adult cat stays byte-identical to the approved master
  ---
  duration_ms: 18.521434
  type: 'test'
  ...
# Subtest: all ten expression assets are distinct approved transparent RGBA PNGs on the original bounds
ok 1458 - all ten expression assets are distinct approved transparent RGBA PNGs on the original bounds
  ---
  duration_ms: 77.168776
  type: 'test'
  ...
# Subtest: every runtime-allowlisted adult-cat expression path exists
ok 1459 - every runtime-allowlisted adult-cat expression path exists
  ---
  duration_ms: 0.479883
  type: 'test'
  ...
# Subtest: kitten expression assets retain the original small stage bounds and transparent canvas
ok 1460 - kitten expression assets retain the original small stage bounds and transparent canvas
  ---
  duration_ms: 17.834529
  type: 'test'
  ...
# Subtest: otemba expression assets retain the original small stage bounds and transparent canvas
ok 1461 - otemba expression assets retain the original small stage bounds and transparent canvas
  ---
  duration_ms: 9.578015
  type: 'test'
  ...
# Subtest: young expression assets retain the original small stage bounds and transparent canvas
ok 1462 - young expression assets retain the original small stage bounds and transparent canvas
  ---
  duration_ms: 10.436878
  type: 'test'
  ...
# Subtest: calm expression assets retain the original small stage bounds and transparent canvas
ok 1463 - calm expression assets retain the original small stage bounds and transparent canvas
  ---
  duration_ms: 10.958103
  type: 'test'
  ...
# Subtest: elder expression assets retain the original small stage bounds and transparent canvas
ok 1464 - elder expression assets retain the original small stage bounds and transparent canvas
  ---
  duration_ms: 11.416363
  type: 'test'
  ...
# Subtest: toddler expression assets retain the original small stage bounds and transparent canvas
ok 1465 - toddler expression assets retain the original small stage bounds and transparent canvas
  ---
  duration_ms: 10.742418
  type: 'test'
  ...
# Subtest: baby expression assets retain the original small stage bounds and transparent canvas
ok 1466 - baby expression assets retain the original small stage bounds and transparent canvas
  ---
  duration_ms: 11.231274
  type: 'test'
  ...
# Subtest: adult dog expressions are distinct transparent assets with original sprite bounds
ok 1467 - adult dog expressions are distinct transparent assets with original sprite bounds
  ---
  duration_ms: 9.937396
  type: 'test'
  ...
# Subtest: puppy expressions are distinct transparent assets with original sprite bounds
ok 1468 - puppy expressions are distinct transparent assets with original sprite bounds
  ---
  duration_ms: 9.451754
  type: 'test'
  ...
# Subtest: wanpaku expressions are distinct transparent assets with original sprite bounds
ok 1469 - wanpaku expressions are distinct transparent assets with original sprite bounds
  ---
  duration_ms: 9.729653
  type: 'test'
  ...
# Subtest: young dog expressions are distinct transparent assets with original sprite bounds
ok 1470 - young dog expressions are distinct transparent assets with original sprite bounds
  ---
  duration_ms: 9.404283
  type: 'test'
  ...
# Subtest: calm dog expressions are distinct transparent assets with original sprite bounds
ok 1471 - calm dog expressions are distinct transparent assets with original sprite bounds
  ---
  duration_ms: 9.448199
  type: 'test'
  ...
# Subtest: baby dog expressions are distinct transparent assets with original sprite bounds
ok 1472 - baby dog expressions are distinct transparent assets with original sprite bounds
  ---
  duration_ms: 8.581264
  type: 'test'
  ...
# Subtest: toddler dog expressions are distinct transparent assets with original sprite bounds
ok 1473 - toddler dog expressions are distinct transparent assets with original sprite bounds
  ---
  duration_ms: 12.660196
  type: 'test'
  ...
# Subtest: elder dog expressions are distinct transparent assets with original sprite bounds
ok 1474 - elder dog expressions are distinct transparent assets with original sprite bounds
  ---
  duration_ms: 11.324895
  type: 'test'
  ...
# Subtest: starfish/01 master is the exact approved candidate; normal routing uses it
ok 1475 - starfish/01 master is the exact approved candidate; normal routing uses it
  ---
  duration_ms: 1.218234
  type: 'test'
  ...
# Subtest: starfish/02 master is the exact approved candidate; normal routing uses it
ok 1476 - starfish/02 master is the exact approved candidate; normal routing uses it
  ---
  duration_ms: 1.090783
  type: 'test'
  ...
# Subtest: starfish/03 master is the exact approved candidate; normal routing uses it
ok 1477 - starfish/03 master is the exact approved candidate; normal routing uses it
  ---
  duration_ms: 0.891993
  type: 'test'
  ...
# Subtest: man/01 has ten distinct transparent expressions with original bounds
ok 1478 - man/01 has ten distinct transparent expressions with original bounds
  ---
  duration_ms: 11.975444
  type: 'test'
  ...
# Subtest: man/02 has ten distinct transparent expressions with original bounds
ok 1479 - man/02 has ten distinct transparent expressions with original bounds
  ---
  duration_ms: 11.25546
  type: 'test'
  ...
# Subtest: man/03 has ten distinct transparent expressions with original bounds
ok 1480 - man/03 has ten distinct transparent expressions with original bounds
  ---
  duration_ms: 10.377058
  type: 'test'
  ...
# Subtest: man/04 has ten distinct transparent expressions with original bounds
ok 1481 - man/04 has ten distinct transparent expressions with original bounds
  ---
  duration_ms: 12.144399
  type: 'test'
  ...
# Subtest: man/05 has ten distinct transparent expressions with original bounds
ok 1482 - man/05 has ten distinct transparent expressions with original bounds
  ---
  duration_ms: 9.31611
  type: 'test'
  ...
# Subtest: man/06 has ten distinct transparent expressions with original bounds
ok 1483 - man/06 has ten distinct transparent expressions with original bounds
  ---
  duration_ms: 10.014141
  type: 'test'
  ...
# Subtest: man/07 has ten distinct transparent expressions with original bounds
ok 1484 - man/07 has ten distinct transparent expressions with original bounds
  ---
  duration_ms: 9.422551
  type: 'test'
  ...
# Subtest: man/08 has ten distinct transparent expressions with original bounds
ok 1485 - man/08 has ten distinct transparent expressions with original bounds
  ---
  duration_ms: 9.020605
  type: 'test'
  ...
# Subtest: woman/01 has ten distinct transparent expressions with original bounds
ok 1486 - woman/01 has ten distinct transparent expressions with original bounds
  ---
  duration_ms: 8.389465
  type: 'test'
  ...
# Subtest: woman/02 has ten distinct transparent expressions with original bounds
ok 1487 - woman/02 has ten distinct transparent expressions with original bounds
  ---
  duration_ms: 8.997741
  type: 'test'
  ...
# Subtest: woman/03 has ten distinct transparent expressions with original bounds
ok 1488 - woman/03 has ten distinct transparent expressions with original bounds
  ---
  duration_ms: 9.177631
  type: 'test'
  ...
# Subtest: woman/04 has ten distinct transparent expressions with original bounds
ok 1489 - woman/04 has ten distinct transparent expressions with original bounds
  ---
  duration_ms: 9.313376
  type: 'test'
  ...
# Subtest: woman/05 has ten distinct transparent expressions with original bounds
ok 1490 - woman/05 has ten distinct transparent expressions with original bounds
  ---
  duration_ms: 9.530884
  type: 'test'
  ...
# Subtest: woman/06 has ten distinct transparent expressions with original bounds
ok 1491 - woman/06 has ten distinct transparent expressions with original bounds
  ---
  duration_ms: 9.809142
  type: 'test'
  ...
# Subtest: woman/07 has ten distinct transparent expressions with original bounds
ok 1492 - woman/07 has ten distinct transparent expressions with original bounds
  ---
  duration_ms: 9.618325
  type: 'test'
  ...
# Subtest: woman/08 has ten distinct transparent expressions with original bounds
ok 1493 - woman/08 has ten distinct transparent expressions with original bounds
  ---
  duration_ms: 9.831797
  type: 'test'
  ...
# Subtest: penguin/01 has ten distinct transparent expressions with original bounds
ok 1494 - penguin/01 has ten distinct transparent expressions with original bounds
  ---
  duration_ms: 8.930079
  type: 'test'
  ...
# Subtest: penguin/02 has ten distinct transparent expressions with original bounds
ok 1495 - penguin/02 has ten distinct transparent expressions with original bounds
  ---
  duration_ms: 9.879058
  type: 'test'
  ...
# Subtest: penguin/03 has ten distinct transparent expressions with original bounds
ok 1496 - penguin/03 has ten distinct transparent expressions with original bounds
  ---
  duration_ms: 12.307215
  type: 'test'
  ...
# Subtest: penguin/04 has ten distinct transparent expressions with original bounds
ok 1497 - penguin/04 has ten distinct transparent expressions with original bounds
  ---
  duration_ms: 9.405756
  type: 'test'
  ...
# Subtest: penguin/05 has ten distinct transparent expressions with original bounds
ok 1498 - penguin/05 has ten distinct transparent expressions with original bounds
  ---
  duration_ms: 8.432799
  type: 'test'
  ...
# Subtest: penguin/06 has ten distinct transparent expressions with original bounds
ok 1499 - penguin/06 has ten distinct transparent expressions with original bounds
  ---
  duration_ms: 9.117641
  type: 'test'
  ...
# Subtest: penguin/07 has ten distinct transparent expressions with original bounds
ok 1500 - penguin/07 has ten distinct transparent expressions with original bounds
  ---
  duration_ms: 14.158793
  type: 'test'
  ...
# Subtest: penguin/08 has ten distinct transparent expressions with original bounds
ok 1501 - penguin/08 has ten distinct transparent expressions with original bounds
  ---
  duration_ms: 9.70737
  type: 'test'
  ...
# Subtest: turtle/01 has ten distinct transparent expressions with original bounds
ok 1502 - turtle/01 has ten distinct transparent expressions with original bounds
  ---
  duration_ms: 7.672885
  type: 'test'
  ...
# Subtest: turtle/02 has ten distinct transparent expressions with original bounds
ok 1503 - turtle/02 has ten distinct transparent expressions with original bounds
  ---
  duration_ms: 7.92202
  type: 'test'
  ...
# Subtest: turtle/03 has ten distinct transparent expressions with original bounds
ok 1504 - turtle/03 has ten distinct transparent expressions with original bounds
  ---
  duration_ms: 8.230355
  type: 'test'
  ...
# Subtest: turtle/04 has ten distinct transparent expressions with original bounds
ok 1505 - turtle/04 has ten distinct transparent expressions with original bounds
  ---
  duration_ms: 8.355013
  type: 'test'
  ...
# Subtest: turtle/05 has ten distinct transparent expressions with original bounds
ok 1506 - turtle/05 has ten distinct transparent expressions with original bounds
  ---
  duration_ms: 12.725945
  type: 'test'
  ...
# Subtest: turtle/06 has ten distinct transparent expressions with original bounds
ok 1507 - turtle/06 has ten distinct transparent expressions with original bounds
  ---
  duration_ms: 21.642182
  type: 'test'
  ...
# Subtest: turtle/07 has ten distinct transparent expressions with original bounds
ok 1508 - turtle/07 has ten distinct transparent expressions with original bounds
  ---
  duration_ms: 19.249199
  type: 'test'
  ...
# Subtest: turtle/08 has ten distinct transparent expressions with original bounds
ok 1509 - turtle/08 has ten distinct transparent expressions with original bounds
  ---
  duration_ms: 8.943008
  type: 'test'
  ...
# Subtest: frog/01 has ten distinct transparent expressions with original bounds
ok 1510 - frog/01 has ten distinct transparent expressions with original bounds
  ---
  duration_ms: 7.972907
  type: 'test'
  ...
# Subtest: frog/02 has ten distinct transparent expressions with original bounds
ok 1511 - frog/02 has ten distinct transparent expressions with original bounds
  ---
  duration_ms: 7.679756
  type: 'test'
  ...
# Subtest: frog/03 has ten distinct transparent expressions with original bounds
ok 1512 - frog/03 has ten distinct transparent expressions with original bounds
  ---
  duration_ms: 7.958746
  type: 'test'
  ...
# Subtest: frog/04 has ten distinct transparent expressions with original bounds
ok 1513 - frog/04 has ten distinct transparent expressions with original bounds
  ---
  duration_ms: 10.762098
  type: 'test'
  ...
# Subtest: frog/05 has ten distinct transparent expressions with original bounds
ok 1514 - frog/05 has ten distinct transparent expressions with original bounds
  ---
  duration_ms: 8.654995
  type: 'test'
  ...
# Subtest: frog/06 has ten distinct transparent expressions with original bounds
ok 1515 - frog/06 has ten distinct transparent expressions with original bounds
  ---
  duration_ms: 8.156354
  type: 'test'
  ...
# Subtest: frog/07 has ten distinct transparent expressions with original bounds
ok 1516 - frog/07 has ten distinct transparent expressions with original bounds
  ---
  duration_ms: 10.716729
  type: 'test'
  ...
# Subtest: frog/08 has ten distinct transparent expressions with original bounds
ok 1517 - frog/08 has ten distinct transparent expressions with original bounds
  ---
  duration_ms: 9.413557
  type: 'test'
  ...
# Subtest: clownfish/01 has ten distinct transparent expressions with original bounds
ok 1518 - clownfish/01 has ten distinct transparent expressions with original bounds
  ---
  duration_ms: 11.408721
  type: 'test'
  ...
# Subtest: clownfish/02 has ten distinct transparent expressions with original bounds
ok 1519 - clownfish/02 has ten distinct transparent expressions with original bounds
  ---
  duration_ms: 10.416027
  type: 'test'
  ...
# Subtest: clownfish/03 has ten distinct transparent expressions with original bounds
ok 1520 - clownfish/03 has ten distinct transparent expressions with original bounds
  ---
  duration_ms: 9.157712
  type: 'test'
  ...
# Subtest: clownfish/04 has ten distinct transparent expressions with original bounds
ok 1521 - clownfish/04 has ten distinct transparent expressions with original bounds
  ---
  duration_ms: 16.021598
  type: 'test'
  ...
# Subtest: clownfish/05 has ten distinct transparent expressions with original bounds
ok 1522 - clownfish/05 has ten distinct transparent expressions with original bounds
  ---
  duration_ms: 15.95592
  type: 'test'
  ...
# Subtest: clownfish/06 has ten distinct transparent expressions with original bounds
ok 1523 - clownfish/06 has ten distinct transparent expressions with original bounds
  ---
  duration_ms: 8.930159
  type: 'test'
  ...
# Subtest: clownfish/07 has ten distinct transparent expressions with original bounds
ok 1524 - clownfish/07 has ten distinct transparent expressions with original bounds
  ---
  duration_ms: 9.630744
  type: 'test'
  ...
# Subtest: clownfish/08 has ten distinct transparent expressions with original bounds
ok 1525 - clownfish/08 has ten distinct transparent expressions with original bounds
  ---
  duration_ms: 8.601254
  type: 'test'
  ...
# Subtest: salmon/01 has ten distinct transparent expressions with original bounds
ok 1526 - salmon/01 has ten distinct transparent expressions with original bounds
  ---
  duration_ms: 7.502218
  type: 'test'
  ...
# Subtest: salmon/02 has ten distinct transparent expressions with original bounds
ok 1527 - salmon/02 has ten distinct transparent expressions with original bounds
  ---
  duration_ms: 7.585083
  type: 'test'
  ...
# Subtest: salmon/03 has ten distinct transparent expressions with original bounds
ok 1528 - salmon/03 has ten distinct transparent expressions with original bounds
  ---
  duration_ms: 13.176693
  type: 'test'
  ...
# Subtest: salmon/04 has ten distinct transparent expressions with original bounds
ok 1529 - salmon/04 has ten distinct transparent expressions with original bounds
  ---
  duration_ms: 9.394418
  type: 'test'
  ...
# Subtest: salmon/05 has ten distinct transparent expressions with original bounds
ok 1530 - salmon/05 has ten distinct transparent expressions with original bounds
  ---
  duration_ms: 8.901906
  type: 'test'
  ...
# Subtest: salmon/06 has ten distinct transparent expressions with original bounds
ok 1531 - salmon/06 has ten distinct transparent expressions with original bounds
  ---
  duration_ms: 9.24366
  type: 'test'
  ...
# Subtest: salmon/07 has ten distinct transparent expressions with original bounds
ok 1532 - salmon/07 has ten distinct transparent expressions with original bounds
  ---
  duration_ms: 14.161297
  type: 'test'
  ...
# Subtest: salmon/08 has ten distinct transparent expressions with original bounds
ok 1533 - salmon/08 has ten distinct transparent expressions with original bounds
  ---
  duration_ms: 12.983473
  type: 'test'
  ...
# Subtest: hermit_crab/01 has ten distinct transparent expressions with original bounds
ok 1534 - hermit_crab/01 has ten distinct transparent expressions with original bounds
  ---
  duration_ms: 8.912743
  type: 'test'
  ...
# Subtest: hermit_crab/02 has ten distinct transparent expressions with original bounds
ok 1535 - hermit_crab/02 has ten distinct transparent expressions with original bounds
  ---
  duration_ms: 8.095011
  type: 'test'
  ...
# Subtest: hermit_crab/03 has ten distinct transparent expressions with original bounds
ok 1536 - hermit_crab/03 has ten distinct transparent expressions with original bounds
  ---
  duration_ms: 9.964817
  type: 'test'
  ...
# Subtest: hermit_crab/04 has ten distinct transparent expressions with original bounds
ok 1537 - hermit_crab/04 has ten distinct transparent expressions with original bounds
  ---
  duration_ms: 11.469853
  type: 'test'
  ...
# Subtest: hermit_crab/05 has ten distinct transparent expressions with original bounds
ok 1538 - hermit_crab/05 has ten distinct transparent expressions with original bounds
  ---
  duration_ms: 10.825243
  type: 'test'
  ...
# Subtest: hermit_crab/06 has ten distinct transparent expressions with original bounds
ok 1539 - hermit_crab/06 has ten distinct transparent expressions with original bounds
  ---
  duration_ms: 19.872679
  type: 'test'
  ...
# Subtest: hermit_crab/07 has ten distinct transparent expressions with original bounds
ok 1540 - hermit_crab/07 has ten distinct transparent expressions with original bounds
  ---
  duration_ms: 16.595793
  type: 'test'
  ...
# Subtest: hermit_crab/08 has ten distinct transparent expressions with original bounds
ok 1541 - hermit_crab/08 has ten distinct transparent expressions with original bounds
  ---
  duration_ms: 8.758971
  type: 'test'
  ...
# Subtest: jellyfish/01 has ten distinct transparent expressions with original bounds
ok 1542 - jellyfish/01 has ten distinct transparent expressions with original bounds
  ---
  duration_ms: 9.215289
  type: 'test'
  ...
# Subtest: jellyfish/02 has ten distinct transparent expressions with original bounds
ok 1543 - jellyfish/02 has ten distinct transparent expressions with original bounds
  ---
  duration_ms: 10.216046
  type: 'test'
  ...
# Subtest: jellyfish/03 has ten distinct transparent expressions with original bounds
ok 1544 - jellyfish/03 has ten distinct transparent expressions with original bounds
  ---
  duration_ms: 8.489275
  type: 'test'
  ...
# Subtest: jellyfish/04 has ten distinct transparent expressions with original bounds
ok 1545 - jellyfish/04 has ten distinct transparent expressions with original bounds
  ---
  duration_ms: 9.153945
  type: 'test'
  ...
# Subtest: jellyfish/05 has ten distinct transparent expressions with original bounds
ok 1546 - jellyfish/05 has ten distinct transparent expressions with original bounds
  ---
  duration_ms: 11.807032
  type: 'test'
  ...
# Subtest: jellyfish/06 has ten distinct transparent expressions with original bounds
ok 1547 - jellyfish/06 has ten distinct transparent expressions with original bounds
  ---
  duration_ms: 29.103916
  type: 'test'
  ...
# Subtest: jellyfish/07 has ten distinct transparent expressions with original bounds
ok 1548 - jellyfish/07 has ten distinct transparent expressions with original bounds
  ---
  duration_ms: 19.618075
  type: 'test'
  ...
# Subtest: jellyfish/08 has ten distinct transparent expressions with original bounds
ok 1549 - jellyfish/08 has ten distinct transparent expressions with original bounds
  ---
  duration_ms: 15.487935
  type: 'test'
  ...
# Subtest: starfish/01 has ten distinct transparent expressions with projected approved master bounds
ok 1550 - starfish/01 has ten distinct transparent expressions with projected approved master bounds
  ---
  duration_ms: 12.037733
  type: 'test'
  ...
# Subtest: starfish/02 has ten distinct transparent expressions with projected approved master bounds
ok 1551 - starfish/02 has ten distinct transparent expressions with projected approved master bounds
  ---
  duration_ms: 12.920463
  type: 'test'
  ...
# Subtest: starfish/03 has ten distinct transparent expressions with projected approved master bounds
ok 1552 - starfish/03 has ten distinct transparent expressions with projected approved master bounds
  ---
  duration_ms: 9.617715
  type: 'test'
  ...
# Subtest: starfish/04 has ten distinct transparent expressions with original bounds
ok 1553 - starfish/04 has ten distinct transparent expressions with original bounds
  ---
  duration_ms: 8.702747
  type: 'test'
  ...
# Subtest: starfish/05 has ten distinct transparent expressions with original bounds
ok 1554 - starfish/05 has ten distinct transparent expressions with original bounds
  ---
  duration_ms: 8.269073
  type: 'test'
  ...
# Subtest: starfish/06 has ten distinct transparent expressions with original bounds
ok 1555 - starfish/06 has ten distinct transparent expressions with original bounds
  ---
  duration_ms: 8.390226
  type: 'test'
  ...
# Subtest: starfish/07 has ten distinct transparent expressions with original bounds
ok 1556 - starfish/07 has ten distinct transparent expressions with original bounds
  ---
  duration_ms: 7.934068
  type: 'test'
  ...
# Subtest: starfish/08 has ten distinct transparent expressions with original bounds
ok 1557 - starfish/08 has ten distinct transparent expressions with original bounds
  ---
  duration_ms: 10.181547
  type: 'test'
  ...
# Subtest: coral/01 has ten distinct transparent expressions with original bounds
ok 1558 - coral/01 has ten distinct transparent expressions with original bounds
  ---
  duration_ms: 8.44678
  type: 'test'
  ...
# Subtest: coral/02 has ten distinct transparent expressions with original bounds
ok 1559 - coral/02 has ten distinct transparent expressions with original bounds
  ---
  duration_ms: 11.696054
  type: 'test'
  ...
# Subtest: coral/03 has ten distinct transparent expressions with original bounds
ok 1560 - coral/03 has ten distinct transparent expressions with original bounds
  ---
  duration_ms: 8.58611
  type: 'test'
  ...
# Subtest: coral/04 has ten distinct transparent expressions with original bounds
ok 1561 - coral/04 has ten distinct transparent expressions with original bounds
  ---
  duration_ms: 8.499931
  type: 'test'
  ...
# Subtest: coral/05 has ten distinct transparent expressions with original bounds
ok 1562 - coral/05 has ten distinct transparent expressions with original bounds
  ---
  duration_ms: 8.698559
  type: 'test'
  ...
# Subtest: coral/06 has ten distinct transparent expressions with original bounds
ok 1563 - coral/06 has ten distinct transparent expressions with original bounds
  ---
  duration_ms: 8.581043
  type: 'test'
  ...
# Subtest: coral/07 has ten distinct transparent expressions with original bounds
ok 1564 - coral/07 has ten distinct transparent expressions with original bounds
  ---
  duration_ms: 8.923859
  type: 'test'
  ...
# Subtest: coral/08 has ten distinct transparent expressions with original bounds
ok 1565 - coral/08 has ten distinct transparent expressions with original bounds
  ---
  duration_ms: 8.281612
  type: 'test'
  ...
# Subtest: butterfly/01 has ten distinct transparent expressions with original bounds
ok 1566 - butterfly/01 has ten distinct transparent expressions with original bounds
  ---
  duration_ms: 7.680396
  type: 'test'
  ...
# Subtest: butterfly/02 has ten distinct transparent expressions with original bounds
ok 1567 - butterfly/02 has ten distinct transparent expressions with original bounds
  ---
  duration_ms: 7.516339
  type: 'test'
  ...
# Subtest: butterfly/03 has ten distinct transparent expressions with original bounds
ok 1568 - butterfly/03 has ten distinct transparent expressions with original bounds
  ---
  duration_ms: 8.028451
  type: 'test'
  ...
# Subtest: butterfly/04 has ten distinct transparent expressions with original bounds
ok 1569 - butterfly/04 has ten distinct transparent expressions with original bounds
  ---
  duration_ms: 8.478929
  type: 'test'
  ...
# Subtest: butterfly/05 has ten distinct transparent expressions with original bounds
ok 1570 - butterfly/05 has ten distinct transparent expressions with original bounds
  ---
  duration_ms: 7.838424
  type: 'test'
  ...
# Subtest: butterfly/06 has ten distinct transparent expressions with original bounds
ok 1571 - butterfly/06 has ten distinct transparent expressions with original bounds
  ---
  duration_ms: 8.316805
  type: 'test'
  ...
# Subtest: butterfly/07 has ten distinct transparent expressions with original bounds
ok 1572 - butterfly/07 has ten distinct transparent expressions with original bounds
  ---
  duration_ms: 9.557674
  type: 'test'
  ...
# Subtest: butterfly/08 has ten distinct transparent expressions with original bounds
ok 1573 - butterfly/08 has ten distinct transparent expressions with original bounds
  ---
  duration_ms: 8.36666
  type: 'test'
  ...
# Subtest: beetle/01 has ten distinct transparent expressions with original bounds
ok 1574 - beetle/01 has ten distinct transparent expressions with original bounds
  ---
  duration_ms: 7.796512
  type: 'test'
  ...
# Subtest: beetle/02 has ten distinct transparent expressions with original bounds
ok 1575 - beetle/02 has ten distinct transparent expressions with original bounds
  ---
  duration_ms: 7.699565
  type: 'test'
  ...
# Subtest: beetle/03 has ten distinct transparent expressions with original bounds
ok 1576 - beetle/03 has ten distinct transparent expressions with original bounds
  ---
  duration_ms: 8.772461
  type: 'test'
  ...
# Subtest: beetle/04 has ten distinct transparent expressions with original bounds
ok 1577 - beetle/04 has ten distinct transparent expressions with original bounds
  ---
  duration_ms: 8.161251
  type: 'test'
  ...
# Subtest: beetle/05 has ten distinct transparent expressions with original bounds
ok 1578 - beetle/05 has ten distinct transparent expressions with original bounds
  ---
  duration_ms: 7.892476
  type: 'test'
  ...
# Subtest: beetle/06 has ten distinct transparent expressions with original bounds
ok 1579 - beetle/06 has ten distinct transparent expressions with original bounds
  ---
  duration_ms: 7.801639
  type: 'test'
  ...
# Subtest: beetle/07 has ten distinct transparent expressions with original bounds
ok 1580 - beetle/07 has ten distinct transparent expressions with original bounds
  ---
  duration_ms: 8.343315
  type: 'test'
  ...
# Subtest: beetle/08 has ten distinct transparent expressions with original bounds
ok 1581 - beetle/08 has ten distinct transparent expressions with original bounds
  ---
  duration_ms: 8.311027
  type: 'test'
  ...
# Subtest: stagbeetle/01 has ten distinct transparent expressions with original bounds
ok 1582 - stagbeetle/01 has ten distinct transparent expressions with original bounds
  ---
  duration_ms: 7.362148
  type: 'test'
  ...
# Subtest: stagbeetle/02 has ten distinct transparent expressions with original bounds
ok 1583 - stagbeetle/02 has ten distinct transparent expressions with original bounds
  ---
  duration_ms: 7.695098
  type: 'test'
  ...
# Subtest: stagbeetle/03 has ten distinct transparent expressions with original bounds
ok 1584 - stagbeetle/03 has ten distinct transparent expressions with original bounds
  ---
  duration_ms: 8.337967
  type: 'test'
  ...
# Subtest: stagbeetle/04 has ten distinct transparent expressions with original bounds
ok 1585 - stagbeetle/04 has ten distinct transparent expressions with original bounds
  ---
  duration_ms: 9.554088
  type: 'test'
  ...
# Subtest: stagbeetle/05 has ten distinct transparent expressions with original bounds
ok 1586 - stagbeetle/05 has ten distinct transparent expressions with original bounds
  ---
  duration_ms: 7.904624
  type: 'test'
  ...
# Subtest: stagbeetle/06 has ten distinct transparent expressions with original bounds
ok 1587 - stagbeetle/06 has ten distinct transparent expressions with original bounds
  ---
  duration_ms: 7.353634
  type: 'test'
  ...
# Subtest: stagbeetle/07 has ten distinct transparent expressions with original bounds
ok 1588 - stagbeetle/07 has ten distinct transparent expressions with original bounds
  ---
  duration_ms: 7.590702
  type: 'test'
  ...
# Subtest: stagbeetle/08 has ten distinct transparent expressions with original bounds
ok 1589 - stagbeetle/08 has ten distinct transparent expressions with original bounds
  ---
  duration_ms: 8.025707
  type: 'test'
  ...
# Subtest: cicada/01 has ten distinct transparent expressions with original bounds
ok 1590 - cicada/01 has ten distinct transparent expressions with original bounds
  ---
  duration_ms: 7.510231
  type: 'test'
  ...
# Subtest: cicada/02 has ten distinct transparent expressions with original bounds
ok 1591 - cicada/02 has ten distinct transparent expressions with original bounds
  ---
  duration_ms: 7.742981
  type: 'test'
  ...
# Subtest: cicada/03 has ten distinct transparent expressions with original bounds
ok 1592 - cicada/03 has ten distinct transparent expressions with original bounds
  ---
  duration_ms: 8.383285
  type: 'test'
  ...
# Subtest: cicada/04 has ten distinct transparent expressions with original bounds
ok 1593 - cicada/04 has ten distinct transparent expressions with original bounds
  ---
  duration_ms: 8.644738
  type: 'test'
  ...
# Subtest: cicada/05 has ten distinct transparent expressions with original bounds
ok 1594 - cicada/05 has ten distinct transparent expressions with original bounds
  ---
  duration_ms: 8.246639
  type: 'test'
  ...
# Subtest: cicada/06 has ten distinct transparent expressions with original bounds
ok 1595 - cicada/06 has ten distinct transparent expressions with original bounds
  ---
  duration_ms: 7.895501
  type: 'test'
  ...
# Subtest: cicada/07 has ten distinct transparent expressions with original bounds
ok 1596 - cicada/07 has ten distinct transparent expressions with original bounds
  ---
  duration_ms: 9.021766
  type: 'test'
  ...
# Subtest: cicada/08 has ten distinct transparent expressions with original bounds
ok 1597 - cicada/08 has ten distinct transparent expressions with original bounds
  ---
  duration_ms: 9.272574
  type: 'test'
  ...
# Subtest: antlion/01 has ten distinct transparent expressions with original bounds
ok 1598 - antlion/01 has ten distinct transparent expressions with original bounds
  ---
  duration_ms: 9.274617
  type: 'test'
  ...
# Subtest: antlion/02 has ten distinct transparent expressions with original bounds
ok 1599 - antlion/02 has ten distinct transparent expressions with original bounds
  ---
  duration_ms: 8.817429
  type: 'test'
  ...
# Subtest: antlion/03 has ten distinct transparent expressions with original bounds
ok 1600 - antlion/03 has ten distinct transparent expressions with original bounds
  ---
  duration_ms: 10.721106
  type: 'test'
  ...
# Subtest: antlion/04 has ten distinct transparent expressions with original bounds
ok 1601 - antlion/04 has ten distinct transparent expressions with original bounds
  ---
  duration_ms: 8.500441
  type: 'test'
  ...
# Subtest: antlion/05 has ten distinct transparent expressions with original bounds
ok 1602 - antlion/05 has ten distinct transparent expressions with original bounds
  ---
  duration_ms: 8.600352
  type: 'test'
  ...
# Subtest: antlion/06 has ten distinct transparent expressions with original bounds
ok 1603 - antlion/06 has ten distinct transparent expressions with original bounds
  ---
  duration_ms: 8.254341
  type: 'test'
  ...
# Subtest: antlion/07 has ten distinct transparent expressions with original bounds
ok 1604 - antlion/07 has ten distinct transparent expressions with original bounds
  ---
  duration_ms: 8.201962
  type: 'test'
  ...
# Subtest: antlion/08 has ten distinct transparent expressions with original bounds
ok 1605 - antlion/08 has ten distinct transparent expressions with original bounds
  ---
  duration_ms: 8.309645
  type: 'test'
  ...
# Subtest: dandelion/01 has ten distinct transparent expressions with original bounds
ok 1606 - dandelion/01 has ten distinct transparent expressions with original bounds
  ---
  duration_ms: 8.201071
  type: 'test'
  ...
# Subtest: dandelion/02 has ten distinct transparent expressions with original bounds
ok 1607 - dandelion/02 has ten distinct transparent expressions with original bounds
  ---
  duration_ms: 7.685704
  type: 'test'
  ...
# Subtest: dandelion/03 has ten distinct transparent expressions with original bounds
ok 1608 - dandelion/03 has ten distinct transparent expressions with original bounds
  ---
  duration_ms: 8.044454
  type: 'test'
  ...
# Subtest: dandelion/04 has ten distinct transparent expressions with original bounds
ok 1609 - dandelion/04 has ten distinct transparent expressions with original bounds
  ---
  duration_ms: 8.299108
  type: 'test'
  ...
# Subtest: dandelion/05 has ten distinct transparent expressions with original bounds
ok 1610 - dandelion/05 has ten distinct transparent expressions with original bounds
  ---
  duration_ms: 8.098076
  type: 'test'
  ...
# Subtest: dandelion/06 has ten distinct transparent expressions with original bounds
ok 1611 - dandelion/06 has ten distinct transparent expressions with original bounds
  ---
  duration_ms: 9.905337
  type: 'test'
  ...
# Subtest: dandelion/07 has ten distinct transparent expressions with original bounds
ok 1612 - dandelion/07 has ten distinct transparent expressions with original bounds
  ---
  duration_ms: 8.470797
  type: 'test'
  ...
# Subtest: dandelion/08 has ten distinct transparent expressions with original bounds
ok 1613 - dandelion/08 has ten distinct transparent expressions with original bounds
  ---
  duration_ms: 8.481553
  type: 'test'
  ...
# Subtest: sakura/01 has ten distinct transparent expressions with original bounds
ok 1614 - sakura/01 has ten distinct transparent expressions with original bounds
  ---
  duration_ms: 8.175702
  type: 'test'
  ...
# Subtest: sakura/02 has ten distinct transparent expressions with original bounds
ok 1615 - sakura/02 has ten distinct transparent expressions with original bounds
  ---
  duration_ms: 8.435063
  type: 'test'
  ...
# Subtest: sakura/03 has ten distinct transparent expressions with original bounds
ok 1616 - sakura/03 has ten distinct transparent expressions with original bounds
  ---
  duration_ms: 8.170695
  type: 'test'
  ...
# Subtest: sakura/04 has ten distinct transparent expressions with original bounds
ok 1617 - sakura/04 has ten distinct transparent expressions with original bounds
  ---
  duration_ms: 8.243755
  type: 'test'
  ...
# Subtest: sakura/05 has ten distinct transparent expressions with original bounds
ok 1618 - sakura/05 has ten distinct transparent expressions with original bounds
  ---
  duration_ms: 7.039641
  type: 'test'
  ...
# Subtest: sakura/06 has ten distinct transparent expressions with original bounds
ok 1619 - sakura/06 has ten distinct transparent expressions with original bounds
  ---
  duration_ms: 8.269113
  type: 'test'
  ...
# Subtest: sakura/07 has ten distinct transparent expressions with original bounds
ok 1620 - sakura/07 has ten distinct transparent expressions with original bounds
  ---
  duration_ms: 8.416665
  type: 'test'
  ...
# Subtest: sakura/08 has ten distinct transparent expressions with original bounds
ok 1621 - sakura/08 has ten distinct transparent expressions with original bounds
  ---
  duration_ms: 8.524137
  type: 'test'
  ...
# Subtest: venus_flytrap/01 has ten distinct transparent expressions with original bounds
ok 1622 - venus_flytrap/01 has ten distinct transparent expressions with original bounds
  ---
  duration_ms: 9.715271
  type: 'test'
  ...
# Subtest: venus_flytrap/02 has ten distinct transparent expressions with original bounds
ok 1623 - venus_flytrap/02 has ten distinct transparent expressions with original bounds
  ---
  duration_ms: 9.245413
  type: 'test'
  ...
# Subtest: venus_flytrap/03 has ten distinct transparent expressions with original bounds
ok 1624 - venus_flytrap/03 has ten distinct transparent expressions with original bounds
  ---
  duration_ms: 7.592233
  type: 'test'
  ...
# Subtest: venus_flytrap/04 has ten distinct transparent expressions with original bounds
ok 1625 - venus_flytrap/04 has ten distinct transparent expressions with original bounds
  ---
  duration_ms: 7.967279
  type: 'test'
  ...
# Subtest: venus_flytrap/05 has ten distinct transparent expressions with original bounds
ok 1626 - venus_flytrap/05 has ten distinct transparent expressions with original bounds
  ---
  duration_ms: 8.446831
  type: 'test'
  ...
# Subtest: venus_flytrap/06 has ten distinct transparent expressions with original bounds
ok 1627 - venus_flytrap/06 has ten distinct transparent expressions with original bounds
  ---
  duration_ms: 8.347431
  type: 'test'
  ...
# Subtest: venus_flytrap/07 has ten distinct transparent expressions with original bounds
ok 1628 - venus_flytrap/07 has ten distinct transparent expressions with original bounds
  ---
  duration_ms: 8.603016
  type: 'test'
  ...
# Subtest: venus_flytrap/08 has ten distinct transparent expressions with original bounds
ok 1629 - venus_flytrap/08 has ten distinct transparent expressions with original bounds
  ---
  duration_ms: 8.720813
  type: 'test'
  ...
# Subtest: mushroom/01 has ten distinct transparent expressions with original bounds
ok 1630 - mushroom/01 has ten distinct transparent expressions with original bounds
  ---
  duration_ms: 8.427202
  type: 'test'
  ...
# Subtest: mushroom/02 has ten distinct transparent expressions with original bounds
ok 1631 - mushroom/02 has ten distinct transparent expressions with original bounds
  ---
  duration_ms: 8.434232
  type: 'test'
  ...
# Subtest: mushroom/03 has ten distinct transparent expressions with original bounds
ok 1632 - mushroom/03 has ten distinct transparent expressions with original bounds
  ---
  duration_ms: 7.84178
  type: 'test'
  ...
# Subtest: mushroom/04 has ten distinct transparent expressions with original bounds
ok 1633 - mushroom/04 has ten distinct transparent expressions with original bounds
  ---
  duration_ms: 7.653977
  type: 'test'
  ...
# Subtest: mushroom/05 has ten distinct transparent expressions with original bounds
ok 1634 - mushroom/05 has ten distinct transparent expressions with original bounds
  ---
  duration_ms: 8.33974
  type: 'test'
  ...
# Subtest: mushroom/06 has ten distinct transparent expressions with original bounds
ok 1635 - mushroom/06 has ten distinct transparent expressions with original bounds
  ---
  duration_ms: 15.606784
  type: 'test'
  ...
# Subtest: mushroom/07 has ten distinct transparent expressions with original bounds
ok 1636 - mushroom/07 has ten distinct transparent expressions with original bounds
  ---
  duration_ms: 17.095651
  type: 'test'
  ...
# Subtest: mushroom/08 has ten distinct transparent expressions with original bounds
ok 1637 - mushroom/08 has ten distinct transparent expressions with original bounds
  ---
  duration_ms: 8.340351
  type: 'test'
  ...
# Subtest: dragon/01 has ten distinct transparent expressions with original bounds
ok 1638 - dragon/01 has ten distinct transparent expressions with original bounds
  ---
  duration_ms: 7.27078
  type: 'test'
  ...
# Subtest: dragon/02 has ten distinct transparent expressions with original bounds
ok 1639 - dragon/02 has ten distinct transparent expressions with original bounds
  ---
  duration_ms: 7.861319
  type: 'test'
  ...
# Subtest: dragon/03 has ten distinct transparent expressions with original bounds
ok 1640 - dragon/03 has ten distinct transparent expressions with original bounds
  ---
  duration_ms: 8.011715
  type: 'test'
  ...
# Subtest: dragon/04 has ten distinct transparent expressions with original bounds
ok 1641 - dragon/04 has ten distinct transparent expressions with original bounds
  ---
  duration_ms: 8.102512
  type: 'test'
  ...
# Subtest: dragon/05 has ten distinct transparent expressions with original bounds
ok 1642 - dragon/05 has ten distinct transparent expressions with original bounds
  ---
  duration_ms: 15.034272
  type: 'test'
  ...
# Subtest: dragon/06 has ten distinct transparent expressions with original bounds
ok 1643 - dragon/06 has ten distinct transparent expressions with original bounds
  ---
  duration_ms: 8.201742
  type: 'test'
  ...
# Subtest: dragon/07 has ten distinct transparent expressions with original bounds
ok 1644 - dragon/07 has ten distinct transparent expressions with original bounds
  ---
  duration_ms: 10.233381
  type: 'test'
  ...
# Subtest: dragon/08 has ten distinct transparent expressions with original bounds
ok 1645 - dragon/08 has ten distinct transparent expressions with original bounds
  ---
  duration_ms: 8.959643
  type: 'test'
  ...
# Subtest: phoenix/01 has ten distinct transparent expressions with original bounds
ok 1646 - phoenix/01 has ten distinct transparent expressions with original bounds
  ---
  duration_ms: 7.299072
  type: 'test'
  ...
# Subtest: phoenix/02 has ten distinct transparent expressions with original bounds
ok 1647 - phoenix/02 has ten distinct transparent expressions with original bounds
  ---
  duration_ms: 7.574227
  type: 'test'
  ...
# Subtest: phoenix/03 has ten distinct transparent expressions with original bounds
ok 1648 - phoenix/03 has ten distinct transparent expressions with original bounds
  ---
  duration_ms: 15.061787
  type: 'test'
  ...
# Subtest: phoenix/04 has ten distinct transparent expressions with original bounds
ok 1649 - phoenix/04 has ten distinct transparent expressions with original bounds
  ---
  duration_ms: 10.781867
  type: 'test'
  ...
# Subtest: phoenix/05 has ten distinct transparent expressions with original bounds
ok 1650 - phoenix/05 has ten distinct transparent expressions with original bounds
  ---
  duration_ms: 8.365839
  type: 'test'
  ...
# Subtest: phoenix/06 has ten distinct transparent expressions with original bounds
ok 1651 - phoenix/06 has ten distinct transparent expressions with original bounds
  ---
  duration_ms: 8.457256
  type: 'test'
  ...
# Subtest: phoenix/07 has ten distinct transparent expressions with original bounds
ok 1652 - phoenix/07 has ten distinct transparent expressions with original bounds
  ---
  duration_ms: 8.233078
  type: 'test'
  ...
# Subtest: phoenix/08 has ten distinct transparent expressions with original bounds
ok 1653 - phoenix/08 has ten distinct transparent expressions with original bounds
  ---
  duration_ms: 7.74242
  type: 'test'
  ...
# Subtest: god/01 has ten distinct transparent expressions with original bounds
ok 1654 - god/01 has ten distinct transparent expressions with original bounds
  ---
  duration_ms: 7.180884
  type: 'test'
  ...
# Subtest: god/02 has ten distinct transparent expressions with original bounds
ok 1655 - god/02 has ten distinct transparent expressions with original bounds
  ---
  duration_ms: 7.355708
  type: 'test'
  ...
# Subtest: god/03 has ten distinct transparent expressions with original bounds
ok 1656 - god/03 has ten distinct transparent expressions with original bounds
  ---
  duration_ms: 7.657252
  type: 'test'
  ...
# Subtest: god/04 has ten distinct transparent expressions with original bounds
ok 1657 - god/04 has ten distinct transparent expressions with original bounds
  ---
  duration_ms: 8.01473
  type: 'test'
  ...
# Subtest: god/05 has ten distinct transparent expressions with original bounds
ok 1658 - god/05 has ten distinct transparent expressions with original bounds
  ---
  duration_ms: 8.379129
  type: 'test'
  ...
# Subtest: god/06 has ten distinct transparent expressions with original bounds
ok 1659 - god/06 has ten distinct transparent expressions with original bounds
  ---
  duration_ms: 8.745961
  type: 'test'
  ...
# Subtest: god/07 has ten distinct transparent expressions with original bounds
ok 1660 - god/07 has ten distinct transparent expressions with original bounds
  ---
  duration_ms: 8.579931
  type: 'test'
  ...
# Subtest: god/08 has ten distinct transparent expressions with original bounds
ok 1661 - god/08 has ten distinct transparent expressions with original bounds
  ---
  duration_ms: 9.525205
  type: 'test'
  ...
# Subtest: world_tree/01 has ten distinct transparent expressions with original bounds
ok 1662 - world_tree/01 has ten distinct transparent expressions with original bounds
  ---
  duration_ms: 8.282854
  type: 'test'
  ...
# Subtest: world_tree/02 has ten distinct transparent expressions with original bounds
ok 1663 - world_tree/02 has ten distinct transparent expressions with original bounds
  ---
  duration_ms: 10.855759
  type: 'test'
  ...
# Subtest: world_tree/03 has ten distinct transparent expressions with original bounds
ok 1664 - world_tree/03 has ten distinct transparent expressions with original bounds
  ---
  duration_ms: 8.680022
  type: 'test'
  ...
# Subtest: world_tree/04 has ten distinct transparent expressions with original bounds
ok 1665 - world_tree/04 has ten distinct transparent expressions with original bounds
  ---
  duration_ms: 7.750392
  type: 'test'
  ...
# Subtest: world_tree/05 has ten distinct transparent expressions with original bounds
ok 1666 - world_tree/05 has ten distinct transparent expressions with original bounds
  ---
  duration_ms: 8.409124
  type: 'test'
  ...
# Subtest: world_tree/06 has ten distinct transparent expressions with original bounds
ok 1667 - world_tree/06 has ten distinct transparent expressions with original bounds
  ---
  duration_ms: 11.068359
  type: 'test'
  ...
# Subtest: world_tree/07 has ten distinct transparent expressions with original bounds
ok 1668 - world_tree/07 has ten distinct transparent expressions with original bounds
  ---
  duration_ms: 9.983936
  type: 'test'
  ...
# Subtest: world_tree/08 has ten distinct transparent expressions with original bounds
ok 1669 - world_tree/08 has ten distinct transparent expressions with original bounds
  ---
  duration_ms: 11.415902
  type: 'test'
  ...
# Subtest: ghost/01 has ten distinct transparent expressions with original bounds
ok 1670 - ghost/01 has ten distinct transparent expressions with original bounds
  ---
  duration_ms: 7.17764
  type: 'test'
  ...
# Subtest: ghost/02 has ten distinct transparent expressions with original bounds
ok 1671 - ghost/02 has ten distinct transparent expressions with original bounds
  ---
  duration_ms: 7.509399
  type: 'test'
  ...
# Subtest: ghost/03 has ten distinct transparent expressions with original bounds
ok 1672 - ghost/03 has ten distinct transparent expressions with original bounds
  ---
  duration_ms: 7.917133
  type: 'test'
  ...
# Subtest: ghost/04 has ten distinct transparent expressions with original bounds
ok 1673 - ghost/04 has ten distinct transparent expressions with original bounds
  ---
  duration_ms: 7.9952
  type: 'test'
  ...
# Subtest: ghost/05 has ten distinct transparent expressions with original bounds
ok 1674 - ghost/05 has ten distinct transparent expressions with original bounds
  ---
  duration_ms: 10.231539
  type: 'test'
  ...
# Subtest: ghost/06 has ten distinct transparent expressions with original bounds
ok 1675 - ghost/06 has ten distinct transparent expressions with original bounds
  ---
  duration_ms: 10.314995
  type: 'test'
  ...
# Subtest: ghost/07 has ten distinct transparent expressions with original bounds
ok 1676 - ghost/07 has ten distinct transparent expressions with original bounds
  ---
  duration_ms: 8.81781
  type: 'test'
  ...
# Subtest: ghost/08 has ten distinct transparent expressions with original bounds
ok 1677 - ghost/08 has ten distinct transparent expressions with original bounds
  ---
  duration_ms: 7.79543
  type: 'test'
  ...
# Subtest: star/01 has ten distinct transparent expressions with original bounds
ok 1678 - star/01 has ten distinct transparent expressions with original bounds
  ---
  duration_ms: 6.644367
  type: 'test'
  ...
# Subtest: star/02 has ten distinct transparent expressions with original bounds
ok 1679 - star/02 has ten distinct transparent expressions with original bounds
  ---
  duration_ms: 7.212952
  type: 'test'
  ...
# Subtest: star/03 has ten distinct transparent expressions with original bounds
ok 1680 - star/03 has ten distinct transparent expressions with original bounds
  ---
  duration_ms: 8.093489
  type: 'test'
  ...
# Subtest: star/04 has ten distinct transparent expressions with original bounds
ok 1681 - star/04 has ten distinct transparent expressions with original bounds
  ---
  duration_ms: 8.052807
  type: 'test'
  ...
# Subtest: star/05 has ten distinct transparent expressions with original bounds
ok 1682 - star/05 has ten distinct transparent expressions with original bounds
  ---
  duration_ms: 7.985175
  type: 'test'
  ...
# Subtest: star/06 has ten distinct transparent expressions with original bounds
ok 1683 - star/06 has ten distinct transparent expressions with original bounds
  ---
  duration_ms: 13.640903
  type: 'test'
  ...
# Subtest: star/07 has ten distinct transparent expressions with original bounds
ok 1684 - star/07 has ten distinct transparent expressions with original bounds
  ---
  duration_ms: 8.523546
  type: 'test'
  ...
# Subtest: star/08 has ten distinct transparent expressions with original bounds
ok 1685 - star/08 has ten distinct transparent expressions with original bounds
  ---
  duration_ms: 8.474633
  type: 'test'
  ...
# Subtest: plush/01 has ten distinct transparent expressions with original bounds
ok 1686 - plush/01 has ten distinct transparent expressions with original bounds
  ---
  duration_ms: 16.907492
  type: 'test'
  ...
# Subtest: plush/02 has ten distinct transparent expressions with original bounds
ok 1687 - plush/02 has ten distinct transparent expressions with original bounds
  ---
  duration_ms: 19.949344
  type: 'test'
  ...
# Subtest: plush/03 has ten distinct transparent expressions with original bounds
ok 1688 - plush/03 has ten distinct transparent expressions with original bounds
  ---
  duration_ms: 8.540072
  type: 'test'
  ...
# Subtest: plush/04 has ten distinct transparent expressions with original bounds
ok 1689 - plush/04 has ten distinct transparent expressions with original bounds
  ---
  duration_ms: 8.865702
  type: 'test'
  ...
# Subtest: plush/05 has ten distinct transparent expressions with original bounds
ok 1690 - plush/05 has ten distinct transparent expressions with original bounds
  ---
  duration_ms: 8.851861
  type: 'test'
  ...
# Subtest: plush/06 has ten distinct transparent expressions with original bounds
ok 1691 - plush/06 has ten distinct transparent expressions with original bounds
  ---
  duration_ms: 9.017921
  type: 'test'
  ...
# Subtest: plush/07 has ten distinct transparent expressions with original bounds
ok 1692 - plush/07 has ten distinct transparent expressions with original bounds
  ---
  duration_ms: 8.824369
  type: 'test'
  ...
# Subtest: plush/08 has ten distinct transparent expressions with original bounds
ok 1693 - plush/08 has ten distinct transparent expressions with original bounds
  ---
  duration_ms: 8.808004
  type: 'test'
  ...
# Subtest: unknown/01 has ten distinct transparent expressions with original bounds
ok 1694 - unknown/01 has ten distinct transparent expressions with original bounds
  ---
  duration_ms: 7.225791
  type: 'test'
  ...
# Subtest: unknown/02 has ten distinct transparent expressions with original bounds
ok 1695 - unknown/02 has ten distinct transparent expressions with original bounds
  ---
  duration_ms: 7.458202
  type: 'test'
  ...
# Subtest: unknown/03 has ten distinct transparent expressions with original bounds
ok 1696 - unknown/03 has ten distinct transparent expressions with original bounds
  ---
  duration_ms: 7.766497
  type: 'test'
  ...
# Subtest: unknown/04 has ten distinct transparent expressions with original bounds
ok 1697 - unknown/04 has ten distinct transparent expressions with original bounds
  ---
  duration_ms: 7.756181
  type: 'test'
  ...
# Subtest: unknown/05 has ten distinct transparent expressions with original bounds
ok 1698 - unknown/05 has ten distinct transparent expressions with original bounds
  ---
  duration_ms: 7.859847
  type: 'test'
  ...
# Subtest: unknown/06 has ten distinct transparent expressions with original bounds
ok 1699 - unknown/06 has ten distinct transparent expressions with original bounds
  ---
  duration_ms: 8.662857
  type: 'test'
  ...
# Subtest: unknown/07 has ten distinct transparent expressions with original bounds
ok 1700 - unknown/07 has ten distinct transparent expressions with original bounds
  ---
  duration_ms: 7.674087
  type: 'test'
  ...
# Subtest: unknown/08 has ten distinct transparent expressions with original bounds
ok 1701 - unknown/08 has ten distinct transparent expressions with original bounds
  ---
  duration_ms: 6.929446
  type: 'test'
  ...
# Subtest: ren/01 has ten distinct transparent expressions with original bounds
ok 1702 - ren/01 has ten distinct transparent expressions with original bounds
  ---
  duration_ms: 7.723481
  type: 'test'
  ...
# Subtest: ren/02 has ten distinct transparent expressions with original bounds
ok 1703 - ren/02 has ten distinct transparent expressions with original bounds
  ---
  duration_ms: 7.5829
  type: 'test'
  ...
# Subtest: ren/03 has ten distinct transparent expressions with original bounds
ok 1704 - ren/03 has ten distinct transparent expressions with original bounds
  ---
  duration_ms: 7.717663
  type: 'test'
  ...
# Subtest: ren/04 has ten distinct transparent expressions with original bounds
ok 1705 - ren/04 has ten distinct transparent expressions with original bounds
  ---
  duration_ms: 7.870133
  type: 'test'
  ...
# Subtest: ren/05 has ten distinct transparent expressions with original bounds
ok 1706 - ren/05 has ten distinct transparent expressions with original bounds
  ---
  duration_ms: 8.677688
  type: 'test'
  ...
# Subtest: ren/06 has ten distinct transparent expressions with original bounds
ok 1707 - ren/06 has ten distinct transparent expressions with original bounds
  ---
  duration_ms: 10.662808
  type: 'test'
  ...
# Subtest: ren/07 has ten distinct transparent expressions with original bounds
ok 1708 - ren/07 has ten distinct transparent expressions with original bounds
  ---
  duration_ms: 8.095181
  type: 'test'
  ...
# Subtest: ren/08 has ten distinct transparent expressions with original bounds
ok 1709 - ren/08 has ten distinct transparent expressions with original bounds
  ---
  duration_ms: 8.058687
  type: 'test'
  ...
# Subtest: normalization produces identical framing for high-resolution and projected masters
ok 1710 - normalization produces identical framing for high-resolution and projected masters
  ---
  duration_ms: 958.208247
  type: 'test'
  ...
# Subtest: starfish/02 left illness sweat and silver mark clear the new body at Home sizes
ok 1711 - starfish/02 left illness sweat and silver mark clear the new body at Home sizes
  ---
  duration_ms: 893.941627
  type: 'test'
  ...
# Subtest: starfish/03 left illness sweat and silver mark clear the new body at Home sizes
ok 1712 - starfish/03 left illness sweat and silver mark clear the new body at Home sizes
  ---
  duration_ms: 751.555925
  type: 'test'
  ...
# Subtest: real home emotion profiles select only the adult cat portrait
ok 1713 - real home emotion profiles select only the adult cat portrait
  ---
  duration_ms: 351.070348
  type: 'test'
  ...
# Subtest: adult-cat expressions append unique static accents inside the existing visual
ok 1714 - adult-cat expressions append unique static accents inside the existing visual
  ---
  duration_ms: 236.303535
  type: 'test'
  ...
# Subtest: real play and medicine outcomes use semantic temporary faces
ok 1715 - real play and medicine outcomes use semantic temporary faces
  ---
  duration_ms: 117.867888
  type: 'test'
  ...
# Subtest: feed afterglow starts happy only after the validated result and expires to latest state
ok 1716 - feed afterglow starts happy only after the validated result and expires to latest state
  ---
  duration_ms: 35.202631
  type: 'test'
  ...
# Subtest: a real cure receives the same validated happy afterglow
ok 1717 - a real cure receives the same validated happy afterglow
  ---
  duration_ms: 18.94465
  type: 'test'
  ...
# Subtest: reduced motion keeps the static happy afterglow for one second without animation
ok 1718 - reduced motion keeps the static happy afterglow for one second without animation
  ---
  duration_ms: 26.193978
  type: 'test'
  ...
# Subtest: only pet semantic speech starts a temporary face
ok 1719 - only pet semantic speech starts a temporary face
  ---
  duration_ms: 23.475414
  type: 'test'
  ...
# Subtest: critical state interrupts happy immediately and expiry cannot restore stale state
ok 1720 - critical state interrupts happy immediately and expiry cannot restore stale state
  ---
  duration_ms: 46.930612
  type: 'test'
  ...
# Subtest: a new life cancels the old face timer
ok 1721 - a new life cancels the old face timer
  ---
  duration_ms: 28.336895
  type: 'test'
  ...
# Subtest: sleep uses its own face, and waking shows normal before latest-state reevaluation
ok 1722 - sleep uses its own face, and waking shows normal before latest-state reevaluation
  ---
  duration_ms: 20.267413
  type: 'test'
  ...
# Subtest: form changes and blocked screens clear the temporary face and accent
ok 1723 - form changes and blocked screens clear the temporary face and accent
  ---
  duration_ms: 156.311684
  type: 'test'
  ...
# Subtest: expression rendering does not alter saves, cast geometry, or 26 companions
ok 1724 - expression rendering does not alter saves, cast geometry, or 26 companions
  ---
  duration_ms: 46.324995
  type: 'test'
  ...
# Subtest: a failed expression portrait retries the original before the emoji fallback
ok 1725 - a failed expression portrait retries the original before the emoji fallback
  ---
  duration_ms: 31.296181
  type: 'test'
  ...
# Subtest: home care colors follow existing mood and fatigue boundaries and reset after sleep/recovery
ok 1726 - home care colors follow existing mood and fatigue boundaries and reset after sleep/recovery
  ---
  duration_ms: 20.401525
  type: 'test'
  ...
# Subtest: progress meter colors vary with fill without altering game state or life direction
ok 1727 - progress meter colors vary with fill without altering game state or life direction
  ---
  duration_ms: 18.925302
  type: 'test'
  ...
# Subtest: overfeeding shows discomfort before a random story can replace it
ok 1728 - overfeeding shows discomfort before a random story can replace it
  ---
  duration_ms: 19.262609
  type: 'test'
  ...
# Subtest: a newer care action cancels an older delayed overfeeding story
ok 1729 - a newer care action cancels an older delayed overfeeding story
  ---
  duration_ms: 34.347938
  type: 'test'
  ...
# Subtest: kitten home uses its own portraits, care reactions and sleeping face without save changes
ok 1730 - kitten home uses its own portraits, care reactions and sleeping face without save changes
  ---
  duration_ms: 19.29632
  type: 'test'
  ...
# Subtest: otemba home uses its own portraits, care reactions and sleeping face without save changes
ok 1731 - otemba home uses its own portraits, care reactions and sleeping face without save changes
  ---
  duration_ms: 50.857356
  type: 'test'
  ...
# Subtest: young home uses its own portraits, care reactions and sleeping face without save changes
ok 1732 - young home uses its own portraits, care reactions and sleeping face without save changes
  ---
  duration_ms: 18.242683
  type: 'test'
  ...
# Subtest: calm home uses its own portraits, care reactions and sleeping face without save changes
ok 1733 - calm home uses its own portraits, care reactions and sleeping face without save changes
  ---
  duration_ms: 19.354868
  type: 'test'
  ...
# Subtest: elder home uses its own portraits, care reactions and sleeping face without save changes
ok 1734 - elder home uses its own portraits, care reactions and sleeping face without save changes
  ---
  duration_ms: 35.055063
  type: 'test'
  ...
# Subtest: toddler home uses its own portraits, care reactions and sleeping face without save changes
ok 1735 - toddler home uses its own portraits, care reactions and sleeping face without save changes
  ---
  duration_ms: 22.527997
  type: 'test'
  ...
# Subtest: baby home uses its own portraits, care reactions and sleeping face without save changes
ok 1736 - baby home uses its own portraits, care reactions and sleeping face without save changes
  ---
  duration_ms: 21.332236
  type: 'test'
  ...
# Subtest: adult dog shows all ten state and reaction faces without changing saved state
ok 1737 - adult dog shows all ten state and reaction faces without changing saved state
  ---
  duration_ms: 243.667956
  type: 'test'
  ...
# Subtest: puppy shows all ten state and reaction faces without changing saved state
ok 1738 - puppy shows all ten state and reaction faces without changing saved state
  ---
  duration_ms: 189.099322
  type: 'test'
  ...
# Subtest: wanpaku shows all ten state and reaction faces without changing saved state
ok 1739 - wanpaku shows all ten state and reaction faces without changing saved state
  ---
  duration_ms: 199.068485
  type: 'test'
  ...
# Subtest: young dog shows all ten state and reaction faces without changing saved state
ok 1740 - young dog shows all ten state and reaction faces without changing saved state
  ---
  duration_ms: 189.51935
  type: 'test'
  ...
# Subtest: young dog routing is limited to ages sixteen through twenty-one
ok 1741 - young dog routing is limited to ages sixteen through twenty-one
  ---
  duration_ms: 79.349735
  type: 'test'
  ...
# Subtest: calm dog shows all ten state and reaction faces without changing saved state
ok 1742 - calm dog shows all ten state and reaction faces without changing saved state
  ---
  duration_ms: 220.558534
  type: 'test'
  ...
# Subtest: calm dog routing is limited to ages forty through sixty-nine
ok 1743 - calm dog routing is limited to ages forty through sixty-nine
  ---
  duration_ms: 82.851814
  type: 'test'
  ...
# Subtest: baby dog shows all ten state and reaction faces without changing saved state
ok 1744 - baby dog shows all ten state and reaction faces without changing saved state
  ---
  duration_ms: 288.990627
  type: 'test'
  ...
# Subtest: toddler dog shows all ten state and reaction faces without changing saved state
ok 1745 - toddler dog shows all ten state and reaction faces without changing saved state
  ---
  duration_ms: 233.443544
  type: 'test'
  ...
# Subtest: elder dog shows all ten state and reaction faces without changing saved state
ok 1746 - elder dog shows all ten state and reaction faces without changing saved state
  ---
  duration_ms: 255.973448
  type: 'test'
  ...
# Subtest: remaining dog stage boundaries select their own portraits
ok 1747 - remaining dog stage boundaries select their own portraits
  ---
  duration_ms: 152.884062
  type: 'test'
  ...
# Subtest: man/01 renders all ten states and reactions without mutating saved state
ok 1748 - man/01 renders all ten states and reactions without mutating saved state
  ---
  duration_ms: 251.371082
  type: 'test'
  ...
# Subtest: man/02 renders all ten states and reactions without mutating saved state
ok 1749 - man/02 renders all ten states and reactions without mutating saved state
  ---
  duration_ms: 238.085635
  type: 'test'
  ...
# Subtest: man/03 renders all ten states and reactions without mutating saved state
ok 1750 - man/03 renders all ten states and reactions without mutating saved state
  ---
  duration_ms: 281.029743
  type: 'test'
  ...
# Subtest: man/04 renders all ten states and reactions without mutating saved state
ok 1751 - man/04 renders all ten states and reactions without mutating saved state
  ---
  duration_ms: 258.07322
  type: 'test'
  ...
# Subtest: man/05 renders all ten states and reactions without mutating saved state
ok 1752 - man/05 renders all ten states and reactions without mutating saved state
  ---
  duration_ms: 335.83855
  type: 'test'
  ...
# Subtest: man/06 renders all ten states and reactions without mutating saved state
ok 1753 - man/06 renders all ten states and reactions without mutating saved state
  ---
  duration_ms: 205.514333
  type: 'test'
  ...
# Subtest: man/07 renders all ten states and reactions without mutating saved state
ok 1754 - man/07 renders all ten states and reactions without mutating saved state
  ---
  duration_ms: 249.727787
  type: 'test'
  ...
# Subtest: man/08 renders all ten states and reactions without mutating saved state
ok 1755 - man/08 renders all ten states and reactions without mutating saved state
  ---
  duration_ms: 239.039026
  type: 'test'
  ...
# Subtest: woman/01 renders all ten states and reactions without mutating saved state
ok 1756 - woman/01 renders all ten states and reactions without mutating saved state
  ---
  duration_ms: 255.378477
  type: 'test'
  ...
# Subtest: woman/02 renders all ten states and reactions without mutating saved state
ok 1757 - woman/02 renders all ten states and reactions without mutating saved state
  ---
  duration_ms: 254.069606
  type: 'test'
  ...
# Subtest: woman/03 renders all ten states and reactions without mutating saved state
ok 1758 - woman/03 renders all ten states and reactions without mutating saved state
  ---
  duration_ms: 222.183837
  type: 'test'
  ...
# Subtest: woman/04 renders all ten states and reactions without mutating saved state
ok 1759 - woman/04 renders all ten states and reactions without mutating saved state
  ---
  duration_ms: 221.691766
  type: 'test'
  ...
# Subtest: woman/05 renders all ten states and reactions without mutating saved state
ok 1760 - woman/05 renders all ten states and reactions without mutating saved state
  ---
  duration_ms: 252.215498
  type: 'test'
  ...
# Subtest: woman/06 renders all ten states and reactions without mutating saved state
ok 1761 - woman/06 renders all ten states and reactions without mutating saved state
  ---
  duration_ms: 230.727985
  type: 'test'
  ...
# Subtest: woman/07 renders all ten states and reactions without mutating saved state
ok 1762 - woman/07 renders all ten states and reactions without mutating saved state
  ---
  duration_ms: 231.172651
  type: 'test'
  ...
# Subtest: woman/08 renders all ten states and reactions without mutating saved state
ok 1763 - woman/08 renders all ten states and reactions without mutating saved state
  ---
  duration_ms: 243.72256
  type: 'test'
  ...
# Subtest: penguin/01 renders all ten states and reactions without mutating saved state
ok 1764 - penguin/01 renders all ten states and reactions without mutating saved state
  ---
  duration_ms: 224.567341
  type: 'test'
  ...
# Subtest: penguin/02 renders all ten states and reactions without mutating saved state
ok 1765 - penguin/02 renders all ten states and reactions without mutating saved state
  ---
  duration_ms: 226.682054
  type: 'test'
  ...
# Subtest: penguin/03 renders all ten states and reactions without mutating saved state
ok 1766 - penguin/03 renders all ten states and reactions without mutating saved state
  ---
  duration_ms: 239.203316
  type: 'test'
  ...
# Subtest: penguin/04 renders all ten states and reactions without mutating saved state
ok 1767 - penguin/04 renders all ten states and reactions without mutating saved state
  ---
  duration_ms: 230.024196
  type: 'test'
  ...
# Subtest: penguin/05 renders all ten states and reactions without mutating saved state
ok 1768 - penguin/05 renders all ten states and reactions without mutating saved state
  ---
  duration_ms: 297.407491
  type: 'test'
  ...
# Subtest: penguin/06 renders all ten states and reactions without mutating saved state
ok 1769 - penguin/06 renders all ten states and reactions without mutating saved state
  ---
  duration_ms: 237.63839
  type: 'test'
  ...
# Subtest: penguin/07 renders all ten states and reactions without mutating saved state
ok 1770 - penguin/07 renders all ten states and reactions without mutating saved state
  ---
  duration_ms: 252.748459
  type: 'test'
  ...
# Subtest: penguin/08 renders all ten states and reactions without mutating saved state
ok 1771 - penguin/08 renders all ten states and reactions without mutating saved state
  ---
  duration_ms: 205.228245
  type: 'test'
  ...
# Subtest: turtle/01 renders all ten states and reactions without mutating saved state
ok 1772 - turtle/01 renders all ten states and reactions without mutating saved state
  ---
  duration_ms: 249.940466
  type: 'test'
  ...
# Subtest: turtle/02 renders all ten states and reactions without mutating saved state
ok 1773 - turtle/02 renders all ten states and reactions without mutating saved state
  ---
  duration_ms: 231.343192
  type: 'test'
  ...
# Subtest: turtle/03 renders all ten states and reactions without mutating saved state
ok 1774 - turtle/03 renders all ten states and reactions without mutating saved state
  ---
  duration_ms: 216.427275
  type: 'test'
  ...
# Subtest: turtle/04 renders all ten states and reactions without mutating saved state
ok 1775 - turtle/04 renders all ten states and reactions without mutating saved state
  ---
  duration_ms: 235.661284
  type: 'test'
  ...
# Subtest: turtle/05 renders all ten states and reactions without mutating saved state
ok 1776 - turtle/05 renders all ten states and reactions without mutating saved state
  ---
  duration_ms: 226.538598
  type: 'test'
  ...
# Subtest: turtle/06 renders all ten states and reactions without mutating saved state
ok 1777 - turtle/06 renders all ten states and reactions without mutating saved state
  ---
  duration_ms: 221.010395
  type: 'test'
  ...
# Subtest: turtle/07 renders all ten states and reactions without mutating saved state
ok 1778 - turtle/07 renders all ten states and reactions without mutating saved state
  ---
  duration_ms: 274.125554
  type: 'test'
  ...
# Subtest: turtle/08 renders all ten states and reactions without mutating saved state
ok 1779 - turtle/08 renders all ten states and reactions without mutating saved state
  ---
  duration_ms: 200.770473
  type: 'test'
  ...
# Subtest: frog/01 renders all ten states and reactions without mutating saved state
ok 1780 - frog/01 renders all ten states and reactions without mutating saved state
  ---
  duration_ms: 294.346537
  type: 'test'
  ...
# Subtest: frog/02 renders all ten states and reactions without mutating saved state
ok 1781 - frog/02 renders all ten states and reactions without mutating saved state
  ---
  duration_ms: 220.307717
  type: 'test'
  ...
# Subtest: frog/03 renders all ten states and reactions without mutating saved state
ok 1782 - frog/03 renders all ten states and reactions without mutating saved state
  ---
  duration_ms: 224.014999
  type: 'test'
  ...
# Subtest: frog/04 renders all ten states and reactions without mutating saved state
ok 1783 - frog/04 renders all ten states and reactions without mutating saved state
  ---
  duration_ms: 205.001068
  type: 'test'
  ...
# Subtest: frog/05 renders all ten states and reactions without mutating saved state
ok 1784 - frog/05 renders all ten states and reactions without mutating saved state
  ---
  duration_ms: 196.350549
  type: 'test'
  ...
# Subtest: frog/06 renders all ten states and reactions without mutating saved state
ok 1785 - frog/06 renders all ten states and reactions without mutating saved state
  ---
  duration_ms: 232.109025
  type: 'test'
  ...
# Subtest: frog/07 renders all ten states and reactions without mutating saved state
ok 1786 - frog/07 renders all ten states and reactions without mutating saved state
  ---
  duration_ms: 198.426484
  type: 'test'
  ...
# Subtest: frog/08 renders all ten states and reactions without mutating saved state
ok 1787 - frog/08 renders all ten states and reactions without mutating saved state
  ---
  duration_ms: 246.046873
  type: 'test'
  ...
# Subtest: clownfish/01 renders all ten states and reactions without mutating saved state
ok 1788 - clownfish/01 renders all ten states and reactions without mutating saved state
  ---
  duration_ms: 251.959081
  type: 'test'
  ...
# Subtest: clownfish/02 renders all ten states and reactions without mutating saved state
ok 1789 - clownfish/02 renders all ten states and reactions without mutating saved state
  ---
  duration_ms: 224.763436
  type: 'test'
  ...
# Subtest: clownfish/03 renders all ten states and reactions without mutating saved state
ok 1790 - clownfish/03 renders all ten states and reactions without mutating saved state
  ---
  duration_ms: 208.316319
  type: 'test'
  ...
# Subtest: clownfish/04 renders all ten states and reactions without mutating saved state
ok 1791 - clownfish/04 renders all ten states and reactions without mutating saved state
  ---
  duration_ms: 198.727858
  type: 'test'
  ...
# Subtest: clownfish/05 renders all ten states and reactions without mutating saved state
ok 1792 - clownfish/05 renders all ten states and reactions without mutating saved state
  ---
  duration_ms: 256.32937
  type: 'test'
  ...
# Subtest: clownfish/06 renders all ten states and reactions without mutating saved state
ok 1793 - clownfish/06 renders all ten states and reactions without mutating saved state
  ---
  duration_ms: 216.421601
  type: 'test'
  ...
# Subtest: clownfish/07 renders all ten states and reactions without mutating saved state
ok 1794 - clownfish/07 renders all ten states and reactions without mutating saved state
  ---
  duration_ms: 329.465648
  type: 'test'
  ...
# Subtest: clownfish/08 renders all ten states and reactions without mutating saved state
ok 1795 - clownfish/08 renders all ten states and reactions without mutating saved state
  ---
  duration_ms: 280.917544
  type: 'test'
  ...
# Subtest: salmon/01 renders all ten states and reactions without mutating saved state
ok 1796 - salmon/01 renders all ten states and reactions without mutating saved state
  ---
  duration_ms: 206.325821
  type: 'test'
  ...
# Subtest: salmon/02 renders all ten states and reactions without mutating saved state
ok 1797 - salmon/02 renders all ten states and reactions without mutating saved state
  ---
  duration_ms: 225.109216
  type: 'test'
  ...
# Subtest: salmon/03 renders all ten states and reactions without mutating saved state
ok 1798 - salmon/03 renders all ten states and reactions without mutating saved state
  ---
  duration_ms: 220.411293
  type: 'test'
  ...
# Subtest: salmon/04 renders all ten states and reactions without mutating saved state
ok 1799 - salmon/04 renders all ten states and reactions without mutating saved state
  ---
  duration_ms: 212.734625
  type: 'test'
  ...
# Subtest: salmon/05 renders all ten states and reactions without mutating saved state
ok 1800 - salmon/05 renders all ten states and reactions without mutating saved state
  ---
  duration_ms: 237.814066
  type: 'test'
  ...
# Subtest: salmon/06 renders all ten states and reactions without mutating saved state
ok 1801 - salmon/06 renders all ten states and reactions without mutating saved state
  ---
  duration_ms: 249.92816
  type: 'test'
  ...
# Subtest: salmon/07 renders all ten states and reactions without mutating saved state
ok 1802 - salmon/07 renders all ten states and reactions without mutating saved state
  ---
  duration_ms: 352.249765
  type: 'test'
  ...
# Subtest: salmon/08 renders all ten states and reactions without mutating saved state
ok 1803 - salmon/08 renders all ten states and reactions without mutating saved state
  ---
  duration_ms: 202.885496
  type: 'test'
  ...
# Subtest: hermit_crab/01 renders all ten states and reactions without mutating saved state
ok 1804 - hermit_crab/01 renders all ten states and reactions without mutating saved state
  ---
  duration_ms: 216.296509
  type: 'test'
  ...
# Subtest: hermit_crab/02 renders all ten states and reactions without mutating saved state
ok 1805 - hermit_crab/02 renders all ten states and reactions without mutating saved state
  ---
  duration_ms: 210.963069
  type: 'test'
  ...
# Subtest: hermit_crab/03 renders all ten states and reactions without mutating saved state
ok 1806 - hermit_crab/03 renders all ten states and reactions without mutating saved state
  ---
  duration_ms: 252.452805
  type: 'test'
  ...
# Subtest: hermit_crab/04 renders all ten states and reactions without mutating saved state
ok 1807 - hermit_crab/04 renders all ten states and reactions without mutating saved state
  ---
  duration_ms: 246.261023
  type: 'test'
  ...
# Subtest: hermit_crab/05 renders all ten states and reactions without mutating saved state
ok 1808 - hermit_crab/05 renders all ten states and reactions without mutating saved state
  ---
  duration_ms: 205.567635
  type: 'test'
  ...
# Subtest: hermit_crab/06 renders all ten states and reactions without mutating saved state
ok 1809 - hermit_crab/06 renders all ten states and reactions without mutating saved state
  ---
  duration_ms: 211.015498
  type: 'test'
  ...
# Subtest: hermit_crab/07 renders all ten states and reactions without mutating saved state
ok 1810 - hermit_crab/07 renders all ten states and reactions without mutating saved state
  ---
  duration_ms: 212.250205
  type: 'test'
  ...
# Subtest: hermit_crab/08 renders all ten states and reactions without mutating saved state
ok 1811 - hermit_crab/08 renders all ten states and reactions without mutating saved state
  ---
  duration_ms: 201.789232
  type: 'test'
  ...
# Subtest: jellyfish/01 renders all ten states and reactions without mutating saved state
ok 1812 - jellyfish/01 renders all ten states and reactions without mutating saved state
  ---
  duration_ms: 218.178972
  type: 'test'
  ...
# Subtest: jellyfish/02 renders all ten states and reactions without mutating saved state
ok 1813 - jellyfish/02 renders all ten states and reactions without mutating saved state
  ---
  duration_ms: 216.815945
  type: 'test'
  ...
# Subtest: jellyfish/03 renders all ten states and reactions without mutating saved state
ok 1814 - jellyfish/03 renders all ten states and reactions without mutating saved state
  ---
  duration_ms: 193.119282
  type: 'test'
  ...
# Subtest: jellyfish/04 renders all ten states and reactions without mutating saved state
ok 1815 - jellyfish/04 renders all ten states and reactions without mutating saved state
  ---
  duration_ms: 217.016362
  type: 'test'
  ...
# Subtest: jellyfish/05 renders all ten states and reactions without mutating saved state
ok 1816 - jellyfish/05 renders all ten states and reactions without mutating saved state
  ---
  duration_ms: 245.816073
  type: 'test'
  ...
# Subtest: jellyfish/06 renders all ten states and reactions without mutating saved state
ok 1817 - jellyfish/06 renders all ten states and reactions without mutating saved state
  ---
  duration_ms: 216.579274
  type: 'test'
  ...
# Subtest: jellyfish/07 renders all ten states and reactions without mutating saved state
ok 1818 - jellyfish/07 renders all ten states and reactions without mutating saved state
  ---
  duration_ms: 261.941908
  type: 'test'
  ...
# Subtest: jellyfish/08 renders all ten states and reactions without mutating saved state
ok 1819 - jellyfish/08 renders all ten states and reactions without mutating saved state
  ---
  duration_ms: 231.280823
  type: 'test'
  ...
# Subtest: starfish/01 renders all ten states and reactions without mutating saved state
ok 1820 - starfish/01 renders all ten states and reactions without mutating saved state
  ---
  duration_ms: 240.205265
  type: 'test'
  ...
# Subtest: starfish/02 renders all ten states and reactions without mutating saved state
ok 1821 - starfish/02 renders all ten states and reactions without mutating saved state
  ---
  duration_ms: 291.442849
  type: 'test'
  ...
# Subtest: starfish/03 renders all ten states and reactions without mutating saved state
ok 1822 - starfish/03 renders all ten states and reactions without mutating saved state
  ---
  duration_ms: 230.132099
  type: 'test'
  ...
# Subtest: starfish/04 renders all ten states and reactions without mutating saved state
ok 1823 - starfish/04 renders all ten states and reactions without mutating saved state
  ---
  duration_ms: 208.503
  type: 'test'
  ...
# Subtest: starfish/05 renders all ten states and reactions without mutating saved state
ok 1824 - starfish/05 renders all ten states and reactions without mutating saved state
  ---
  duration_ms: 233.958245
  type: 'test'
  ...
# Subtest: starfish/06 renders all ten states and reactions without mutating saved state
ok 1825 - starfish/06 renders all ten states and reactions without mutating saved state
  ---
  duration_ms: 260.718977
  type: 'test'
  ...
# Subtest: starfish/07 renders all ten states and reactions without mutating saved state
ok 1826 - starfish/07 renders all ten states and reactions without mutating saved state
  ---
  duration_ms: 333.039783
  type: 'test'
  ...
# Subtest: starfish/08 renders all ten states and reactions without mutating saved state
ok 1827 - starfish/08 renders all ten states and reactions without mutating saved state
  ---
  duration_ms: 256.00261
  type: 'test'
  ...
# Subtest: coral/01 renders all ten states and reactions without mutating saved state
ok 1828 - coral/01 renders all ten states and reactions without mutating saved state
  ---
  duration_ms: 214.498852
  type: 'test'
  ...
# Subtest: coral/02 renders all ten states and reactions without mutating saved state
ok 1829 - coral/02 renders all ten states and reactions without mutating saved state
  ---
  duration_ms: 204.443512
  type: 'test'
  ...
# Subtest: coral/03 renders all ten states and reactions without mutating saved state
ok 1830 - coral/03 renders all ten states and reactions without mutating saved state
  ---
  duration_ms: 210.936918
  type: 'test'
  ...
# Subtest: coral/04 renders all ten states and reactions without mutating saved state
ok 1831 - coral/04 renders all ten states and reactions without mutating saved state
  ---
  duration_ms: 231.19179
  type: 'test'
  ...
# Subtest: coral/05 renders all ten states and reactions without mutating saved state
ok 1832 - coral/05 renders all ten states and reactions without mutating saved state
  ---
  duration_ms: 192.009597
  type: 'test'
  ...
# Subtest: coral/06 renders all ten states and reactions without mutating saved state
ok 1833 - coral/06 renders all ten states and reactions without mutating saved state
  ---
  duration_ms: 194.471184
  type: 'test'
  ...
# Subtest: coral/07 renders all ten states and reactions without mutating saved state
ok 1834 - coral/07 renders all ten states and reactions without mutating saved state
  ---
  duration_ms: 201.251803
  type: 'test'
  ...
# Subtest: coral/08 renders all ten states and reactions without mutating saved state
ok 1835 - coral/08 renders all ten states and reactions without mutating saved state
  ---
  duration_ms: 191.526661
  type: 'test'
  ...
# Subtest: butterfly/01 renders all ten states and reactions without mutating saved state
ok 1836 - butterfly/01 renders all ten states and reactions without mutating saved state
  ---
  duration_ms: 191.82758
  type: 'test'
  ...
# Subtest: butterfly/02 renders all ten states and reactions without mutating saved state
ok 1837 - butterfly/02 renders all ten states and reactions without mutating saved state
  ---
  duration_ms: 198.916787
  type: 'test'
  ...
# Subtest: butterfly/03 renders all ten states and reactions without mutating saved state
ok 1838 - butterfly/03 renders all ten states and reactions without mutating saved state
  ---
  duration_ms: 147.153267
  type: 'test'
  ...
# Subtest: butterfly/04 renders all ten states and reactions without mutating saved state
ok 1839 - butterfly/04 renders all ten states and reactions without mutating saved state
  ---
  duration_ms: 132.619016
  type: 'test'
  ...
# Subtest: butterfly/05 renders all ten states and reactions without mutating saved state
ok 1840 - butterfly/05 renders all ten states and reactions without mutating saved state
  ---
  duration_ms: 124.392524
  type: 'test'
  ...
# Subtest: butterfly/06 renders all ten states and reactions without mutating saved state
ok 1841 - butterfly/06 renders all ten states and reactions without mutating saved state
  ---
  duration_ms: 136.732378
  type: 'test'
  ...
# Subtest: butterfly/07 renders all ten states and reactions without mutating saved state
ok 1842 - butterfly/07 renders all ten states and reactions without mutating saved state
  ---
  duration_ms: 140.480867
  type: 'test'
  ...
# Subtest: butterfly/08 renders all ten states and reactions without mutating saved state
ok 1843 - butterfly/08 renders all ten states and reactions without mutating saved state
  ---
  duration_ms: 128.0957
  type: 'test'
  ...
# Subtest: beetle/01 renders all ten states and reactions without mutating saved state
ok 1844 - beetle/01 renders all ten states and reactions without mutating saved state
  ---
  duration_ms: 129.32092
  type: 'test'
  ...
# Subtest: beetle/02 renders all ten states and reactions without mutating saved state
ok 1845 - beetle/02 renders all ten states and reactions without mutating saved state
  ---
  duration_ms: 129.034467
  type: 'test'
  ...
# Subtest: beetle/03 renders all ten states and reactions without mutating saved state
ok 1846 - beetle/03 renders all ten states and reactions without mutating saved state
  ---
  duration_ms: 124.551574
  type: 'test'
  ...
# Subtest: beetle/04 renders all ten states and reactions without mutating saved state
ok 1847 - beetle/04 renders all ten states and reactions without mutating saved state
  ---
  duration_ms: 133.424032
  type: 'test'
  ...
# Subtest: beetle/05 renders all ten states and reactions without mutating saved state
ok 1848 - beetle/05 renders all ten states and reactions without mutating saved state
  ---
  duration_ms: 123.428152
  type: 'test'
  ...
# Subtest: beetle/06 renders all ten states and reactions without mutating saved state
ok 1849 - beetle/06 renders all ten states and reactions without mutating saved state
  ---
  duration_ms: 126.55489
  type: 'test'
  ...
# Subtest: beetle/07 renders all ten states and reactions without mutating saved state
ok 1850 - beetle/07 renders all ten states and reactions without mutating saved state
  ---
  duration_ms: 142.27668
  type: 'test'
  ...
# Subtest: beetle/08 renders all ten states and reactions without mutating saved state
ok 1851 - beetle/08 renders all ten states and reactions without mutating saved state
  ---
  duration_ms: 134.765521
  type: 'test'
  ...
# Subtest: stagbeetle/01 renders all ten states and reactions without mutating saved state
ok 1852 - stagbeetle/01 renders all ten states and reactions without mutating saved state
  ---
  duration_ms: 127.546803
  type: 'test'
  ...
# Subtest: stagbeetle/02 renders all ten states and reactions without mutating saved state
ok 1853 - stagbeetle/02 renders all ten states and reactions without mutating saved state
  ---
  duration_ms: 154.878894
  type: 'test'
  ...
# Subtest: stagbeetle/03 renders all ten states and reactions without mutating saved state
ok 1854 - stagbeetle/03 renders all ten states and reactions without mutating saved state
  ---
  duration_ms: 123.348812
  type: 'test'
  ...
# Subtest: stagbeetle/04 renders all ten states and reactions without mutating saved state
ok 1855 - stagbeetle/04 renders all ten states and reactions without mutating saved state
  ---
  duration_ms: 132.743367
  type: 'test'
  ...
# Subtest: stagbeetle/05 renders all ten states and reactions without mutating saved state
ok 1856 - stagbeetle/05 renders all ten states and reactions without mutating saved state
  ---
  duration_ms: 124.206143
  type: 'test'
  ...
# Subtest: stagbeetle/06 renders all ten states and reactions without mutating saved state
ok 1857 - stagbeetle/06 renders all ten states and reactions without mutating saved state
  ---
  duration_ms: 125.823549
  type: 'test'
  ...
# Subtest: stagbeetle/07 renders all ten states and reactions without mutating saved state
ok 1858 - stagbeetle/07 renders all ten states and reactions without mutating saved state
  ---
  duration_ms: 137.28125
  type: 'test'
  ...
# Subtest: stagbeetle/08 renders all ten states and reactions without mutating saved state
ok 1859 - stagbeetle/08 renders all ten states and reactions without mutating saved state
  ---
  duration_ms: 141.688906
  type: 'test'
  ...
# Subtest: cicada/01 renders all ten states and reactions without mutating saved state
ok 1860 - cicada/01 renders all ten states and reactions without mutating saved state
  ---
  duration_ms: 126.696793
  type: 'test'
  ...
# Subtest: cicada/02 renders all ten states and reactions without mutating saved state
ok 1861 - cicada/02 renders all ten states and reactions without mutating saved state
  ---
  duration_ms: 123.528393
  type: 'test'
  ...
# Subtest: cicada/03 renders all ten states and reactions without mutating saved state
ok 1862 - cicada/03 renders all ten states and reactions without mutating saved state
  ---
  duration_ms: 142.025442
  type: 'test'
  ...
# Subtest: cicada/04 renders all ten states and reactions without mutating saved state
ok 1863 - cicada/04 renders all ten states and reactions without mutating saved state
  ---
  duration_ms: 137.335231
  type: 'test'
  ...
# Subtest: cicada/05 renders all ten states and reactions without mutating saved state
ok 1864 - cicada/05 renders all ten states and reactions without mutating saved state
  ---
  duration_ms: 124.694358
  type: 'test'
  ...
# Subtest: cicada/06 renders all ten states and reactions without mutating saved state
ok 1865 - cicada/06 renders all ten states and reactions without mutating saved state
  ---
  duration_ms: 123.071225
  type: 'test'
  ...
# Subtest: cicada/07 renders all ten states and reactions without mutating saved state
ok 1866 - cicada/07 renders all ten states and reactions without mutating saved state
  ---
  duration_ms: 134.315333
  type: 'test'
  ...
# Subtest: cicada/08 renders all ten states and reactions without mutating saved state
ok 1867 - cicada/08 renders all ten states and reactions without mutating saved state
  ---
  duration_ms: 125.08077
  type: 'test'
  ...
# Subtest: antlion/01 renders all ten states and reactions without mutating saved state
ok 1868 - antlion/01 renders all ten states and reactions without mutating saved state
  ---
  duration_ms: 136.822108
  type: 'test'
  ...
# Subtest: antlion/02 renders all ten states and reactions without mutating saved state
ok 1869 - antlion/02 renders all ten states and reactions without mutating saved state
  ---
  duration_ms: 136.132189
  type: 'test'
  ...
# Subtest: antlion/03 renders all ten states and reactions without mutating saved state
ok 1870 - antlion/03 renders all ten states and reactions without mutating saved state
  ---
  duration_ms: 130.72595
  type: 'test'
  ...
# Subtest: antlion/04 renders all ten states and reactions without mutating saved state
ok 1871 - antlion/04 renders all ten states and reactions without mutating saved state
  ---
  duration_ms: 127.59125
  type: 'test'
  ...
# Subtest: antlion/05 renders all ten states and reactions without mutating saved state
ok 1872 - antlion/05 renders all ten states and reactions without mutating saved state
  ---
  duration_ms: 134.215233
  type: 'test'
  ...
# Subtest: antlion/06 renders all ten states and reactions without mutating saved state
ok 1873 - antlion/06 renders all ten states and reactions without mutating saved state
  ---
  duration_ms: 126.013545
  type: 'test'
  ...
# Subtest: antlion/07 renders all ten states and reactions without mutating saved state
ok 1874 - antlion/07 renders all ten states and reactions without mutating saved state
  ---
  duration_ms: 133.116649
  type: 'test'
  ...
# Subtest: antlion/08 renders all ten states and reactions without mutating saved state
ok 1875 - antlion/08 renders all ten states and reactions without mutating saved state
  ---
  duration_ms: 126.567148
  type: 'test'
  ...
# Subtest: dandelion/01 renders all ten states and reactions without mutating saved state
ok 1876 - dandelion/01 renders all ten states and reactions without mutating saved state
  ---
  duration_ms: 130.479789
  type: 'test'
  ...
# Subtest: dandelion/02 renders all ten states and reactions without mutating saved state
ok 1877 - dandelion/02 renders all ten states and reactions without mutating saved state
  ---
  duration_ms: 124.948141
  type: 'test'
  ...
# Subtest: dandelion/03 renders all ten states and reactions without mutating saved state
ok 1878 - dandelion/03 renders all ten states and reactions without mutating saved state
  ---
  duration_ms: 134.31197
  type: 'test'
  ...
# Subtest: dandelion/04 renders all ten states and reactions without mutating saved state
ok 1879 - dandelion/04 renders all ten states and reactions without mutating saved state
  ---
  duration_ms: 125.82453
  type: 'test'
  ...
# Subtest: dandelion/05 renders all ten states and reactions without mutating saved state
ok 1880 - dandelion/05 renders all ten states and reactions without mutating saved state
  ---
  duration_ms: 138.026872
  type: 'test'
  ...
# Subtest: dandelion/06 renders all ten states and reactions without mutating saved state
ok 1881 - dandelion/06 renders all ten states and reactions without mutating saved state
  ---
  duration_ms: 134.248293
  type: 'test'
  ...
# Subtest: dandelion/07 renders all ten states and reactions without mutating saved state
ok 1882 - dandelion/07 renders all ten states and reactions without mutating saved state
  ---
  duration_ms: 186.114612
  type: 'test'
  ...
# Subtest: dandelion/08 renders all ten states and reactions without mutating saved state
ok 1883 - dandelion/08 renders all ten states and reactions without mutating saved state
  ---
  duration_ms: 130.164544
  type: 'test'
  ...
# Subtest: sakura/01 renders all ten states and reactions without mutating saved state
ok 1884 - sakura/01 renders all ten states and reactions without mutating saved state
  ---
  duration_ms: 127.246001
  type: 'test'
  ...
# Subtest: sakura/02 renders all ten states and reactions without mutating saved state
ok 1885 - sakura/02 renders all ten states and reactions without mutating saved state
  ---
  duration_ms: 134.117526
  type: 'test'
  ...
# Subtest: sakura/03 renders all ten states and reactions without mutating saved state
ok 1886 - sakura/03 renders all ten states and reactions without mutating saved state
  ---
  duration_ms: 126.220847
  type: 'test'
  ...
# Subtest: sakura/04 renders all ten states and reactions without mutating saved state
ok 1887 - sakura/04 renders all ten states and reactions without mutating saved state
  ---
  duration_ms: 126.750954
  type: 'test'
  ...
# Subtest: sakura/05 renders all ten states and reactions without mutating saved state
ok 1888 - sakura/05 renders all ten states and reactions without mutating saved state
  ---
  duration_ms: 134.378747
  type: 'test'
  ...
# Subtest: sakura/06 renders all ten states and reactions without mutating saved state
ok 1889 - sakura/06 renders all ten states and reactions without mutating saved state
  ---
  duration_ms: 126.433975
  type: 'test'
  ...
# Subtest: sakura/07 renders all ten states and reactions without mutating saved state
ok 1890 - sakura/07 renders all ten states and reactions without mutating saved state
  ---
  duration_ms: 129.468555
  type: 'test'
  ...
# Subtest: sakura/08 renders all ten states and reactions without mutating saved state
ok 1891 - sakura/08 renders all ten states and reactions without mutating saved state
  ---
  duration_ms: 136.137645
  type: 'test'
  ...
# Subtest: venus_flytrap/01 renders all ten states and reactions without mutating saved state
ok 1892 - venus_flytrap/01 renders all ten states and reactions without mutating saved state
  ---
  duration_ms: 128.994842
  type: 'test'
  ...
# Subtest: venus_flytrap/02 renders all ten states and reactions without mutating saved state
ok 1893 - venus_flytrap/02 renders all ten states and reactions without mutating saved state
  ---
  duration_ms: 130.291373
  type: 'test'
  ...
# Subtest: venus_flytrap/03 renders all ten states and reactions without mutating saved state
ok 1894 - venus_flytrap/03 renders all ten states and reactions without mutating saved state
  ---
  duration_ms: 140.398882
  type: 'test'
  ...
# Subtest: venus_flytrap/04 renders all ten states and reactions without mutating saved state
ok 1895 - venus_flytrap/04 renders all ten states and reactions without mutating saved state
  ---
  duration_ms: 130.427268
  type: 'test'
  ...
# Subtest: venus_flytrap/05 renders all ten states and reactions without mutating saved state
ok 1896 - venus_flytrap/05 renders all ten states and reactions without mutating saved state
  ---
  duration_ms: 130.602552
  type: 'test'
  ...
# Subtest: venus_flytrap/06 renders all ten states and reactions without mutating saved state
ok 1897 - venus_flytrap/06 renders all ten states and reactions without mutating saved state
  ---
  duration_ms: 144.536419
  type: 'test'
  ...
# Subtest: venus_flytrap/07 renders all ten states and reactions without mutating saved state
ok 1898 - venus_flytrap/07 renders all ten states and reactions without mutating saved state
  ---
  duration_ms: 137.192443
  type: 'test'
  ...
# Subtest: venus_flytrap/08 renders all ten states and reactions without mutating saved state
ok 1899 - venus_flytrap/08 renders all ten states and reactions without mutating saved state
  ---
  duration_ms: 158.899645
  type: 'test'
  ...
# Subtest: mushroom/01 renders all ten states and reactions without mutating saved state
ok 1900 - mushroom/01 renders all ten states and reactions without mutating saved state
  ---
  duration_ms: 143.154961
  type: 'test'
  ...
# Subtest: mushroom/02 renders all ten states and reactions without mutating saved state
ok 1901 - mushroom/02 renders all ten states and reactions without mutating saved state
  ---
  duration_ms: 132.564965
  type: 'test'
  ...
# Subtest: mushroom/03 renders all ten states and reactions without mutating saved state
ok 1902 - mushroom/03 renders all ten states and reactions without mutating saved state
  ---
  duration_ms: 131.994317
  type: 'test'
  ...
# Subtest: mushroom/04 renders all ten states and reactions without mutating saved state
ok 1903 - mushroom/04 renders all ten states and reactions without mutating saved state
  ---
  duration_ms: 141.728062
  type: 'test'
  ...
# Subtest: mushroom/05 renders all ten states and reactions without mutating saved state
ok 1904 - mushroom/05 renders all ten states and reactions without mutating saved state
  ---
  duration_ms: 130.981843
  type: 'test'
  ...
# Subtest: mushroom/06 renders all ten states and reactions without mutating saved state
ok 1905 - mushroom/06 renders all ten states and reactions without mutating saved state
  ---
  duration_ms: 151.223037
  type: 'test'
  ...
# Subtest: mushroom/07 renders all ten states and reactions without mutating saved state
ok 1906 - mushroom/07 renders all ten states and reactions without mutating saved state
  ---
  duration_ms: 132.158975
  type: 'test'
  ...
# Subtest: mushroom/08 renders all ten states and reactions without mutating saved state
ok 1907 - mushroom/08 renders all ten states and reactions without mutating saved state
  ---
  duration_ms: 126.530821
  type: 'test'
  ...
# Subtest: dragon/01 renders all ten states and reactions without mutating saved state
ok 1908 - dragon/01 renders all ten states and reactions without mutating saved state
  ---
  duration_ms: 125.352428
  type: 'test'
  ...
# Subtest: dragon/02 renders all ten states and reactions without mutating saved state
ok 1909 - dragon/02 renders all ten states and reactions without mutating saved state
  ---
  duration_ms: 133.207694
  type: 'test'
  ...
# Subtest: dragon/03 renders all ten states and reactions without mutating saved state
ok 1910 - dragon/03 renders all ten states and reactions without mutating saved state
  ---
  duration_ms: 133.372361
  type: 'test'
  ...
# Subtest: dragon/04 renders all ten states and reactions without mutating saved state
ok 1911 - dragon/04 renders all ten states and reactions without mutating saved state
  ---
  duration_ms: 137.134567
  type: 'test'
  ...
# Subtest: dragon/05 renders all ten states and reactions without mutating saved state
ok 1912 - dragon/05 renders all ten states and reactions without mutating saved state
  ---
  duration_ms: 125.036161
  type: 'test'
  ...
# Subtest: dragon/06 renders all ten states and reactions without mutating saved state
ok 1913 - dragon/06 renders all ten states and reactions without mutating saved state
  ---
  duration_ms: 132.327408
  type: 'test'
  ...
# Subtest: dragon/07 renders all ten states and reactions without mutating saved state
ok 1914 - dragon/07 renders all ten states and reactions without mutating saved state
  ---
  duration_ms: 141.963546
  type: 'test'
  ...
# Subtest: dragon/08 renders all ten states and reactions without mutating saved state
ok 1915 - dragon/08 renders all ten states and reactions without mutating saved state
  ---
  duration_ms: 127.620022
  type: 'test'
  ...
# Subtest: phoenix/01 renders all ten states and reactions without mutating saved state
ok 1916 - phoenix/01 renders all ten states and reactions without mutating saved state
  ---
  duration_ms: 136.37967
  type: 'test'
  ...
# Subtest: phoenix/02 renders all ten states and reactions without mutating saved state
ok 1917 - phoenix/02 renders all ten states and reactions without mutating saved state
  ---
  duration_ms: 135.922522
  type: 'test'
  ...
# Subtest: phoenix/03 renders all ten states and reactions without mutating saved state
ok 1918 - phoenix/03 renders all ten states and reactions without mutating saved state
  ---
  duration_ms: 124.21208
  type: 'test'
  ...
# Subtest: phoenix/04 renders all ten states and reactions without mutating saved state
ok 1919 - phoenix/04 renders all ten states and reactions without mutating saved state
  ---
  duration_ms: 130.412145
  type: 'test'
  ...
# Subtest: phoenix/05 renders all ten states and reactions without mutating saved state
ok 1920 - phoenix/05 renders all ten states and reactions without mutating saved state
  ---
  duration_ms: 139.78788
  type: 'test'
  ...
# Subtest: phoenix/06 renders all ten states and reactions without mutating saved state
ok 1921 - phoenix/06 renders all ten states and reactions without mutating saved state
  ---
  duration_ms: 156.053711
  type: 'test'
  ...
# Subtest: phoenix/07 renders all ten states and reactions without mutating saved state
ok 1922 - phoenix/07 renders all ten states and reactions without mutating saved state
  ---
  duration_ms: 129.601329
  type: 'test'
  ...
# Subtest: phoenix/08 renders all ten states and reactions without mutating saved state
ok 1923 - phoenix/08 renders all ten states and reactions without mutating saved state
  ---
  duration_ms: 123.015018
  type: 'test'
  ...
# Subtest: god/01 renders all ten states and reactions without mutating saved state
ok 1924 - god/01 renders all ten states and reactions without mutating saved state
  ---
  duration_ms: 133.086642
  type: 'test'
  ...
# Subtest: god/02 renders all ten states and reactions without mutating saved state
ok 1925 - god/02 renders all ten states and reactions without mutating saved state
  ---
  duration_ms: 125.750888
  type: 'test'
  ...
# Subtest: god/03 renders all ten states and reactions without mutating saved state
ok 1926 - god/03 renders all ten states and reactions without mutating saved state
  ---
  duration_ms: 125.33485
  type: 'test'
  ...
# Subtest: god/04 renders all ten states and reactions without mutating saved state
ok 1927 - god/04 renders all ten states and reactions without mutating saved state
  ---
  duration_ms: 143.124919
  type: 'test'
  ...
# Subtest: god/05 renders all ten states and reactions without mutating saved state
ok 1928 - god/05 renders all ten states and reactions without mutating saved state
  ---
  duration_ms: 133.044478
  type: 'test'
  ...
# Subtest: god/06 renders all ten states and reactions without mutating saved state
ok 1929 - god/06 renders all ten states and reactions without mutating saved state
  ---
  duration_ms: 134.295581
  type: 'test'
  ...
# Subtest: god/07 renders all ten states and reactions without mutating saved state
ok 1930 - god/07 renders all ten states and reactions without mutating saved state
  ---
  duration_ms: 125.169181
  type: 'test'
  ...
# Subtest: god/08 renders all ten states and reactions without mutating saved state
ok 1931 - god/08 renders all ten states and reactions without mutating saved state
  ---
  duration_ms: 129.41567
  type: 'test'
  ...
# Subtest: world_tree/01 renders all ten states and reactions without mutating saved state
ok 1932 - world_tree/01 renders all ten states and reactions without mutating saved state
  ---
  duration_ms: 133.369712
  type: 'test'
  ...
# Subtest: world_tree/02 renders all ten states and reactions without mutating saved state
ok 1933 - world_tree/02 renders all ten states and reactions without mutating saved state
  ---
  duration_ms: 128.271388
  type: 'test'
  ...
# Subtest: world_tree/03 renders all ten states and reactions without mutating saved state
ok 1934 - world_tree/03 renders all ten states and reactions without mutating saved state
  ---
  duration_ms: 126.49009
  type: 'test'
  ...
# Subtest: world_tree/04 renders all ten states and reactions without mutating saved state
ok 1935 - world_tree/04 renders all ten states and reactions without mutating saved state
  ---
  duration_ms: 148.686754
  type: 'test'
  ...
# Subtest: world_tree/05 renders all ten states and reactions without mutating saved state
ok 1936 - world_tree/05 renders all ten states and reactions without mutating saved state
  ---
  duration_ms: 127.842481
  type: 'test'
  ...
# Subtest: world_tree/06 renders all ten states and reactions without mutating saved state
ok 1937 - world_tree/06 renders all ten states and reactions without mutating saved state
  ---
  duration_ms: 146.506887
  type: 'test'
  ...
# Subtest: world_tree/07 renders all ten states and reactions without mutating saved state
ok 1938 - world_tree/07 renders all ten states and reactions without mutating saved state
  ---
  duration_ms: 123.080701
  type: 'test'
  ...
# Subtest: world_tree/08 renders all ten states and reactions without mutating saved state
ok 1939 - world_tree/08 renders all ten states and reactions without mutating saved state
  ---
  duration_ms: 130.095228
  type: 'test'
  ...
# Subtest: ghost/01 renders all ten states and reactions without mutating saved state
ok 1940 - ghost/01 renders all ten states and reactions without mutating saved state
  ---
  duration_ms: 126.511077
  type: 'test'
  ...
# Subtest: ghost/02 renders all ten states and reactions without mutating saved state
ok 1941 - ghost/02 renders all ten states and reactions without mutating saved state
  ---
  duration_ms: 135.899361
  type: 'test'
  ...
# Subtest: ghost/03 renders all ten states and reactions without mutating saved state
ok 1942 - ghost/03 renders all ten states and reactions without mutating saved state
  ---
  duration_ms: 121.809513
  type: 'test'
  ...
# Subtest: ghost/04 renders all ten states and reactions without mutating saved state
ok 1943 - ghost/04 renders all ten states and reactions without mutating saved state
  ---
  duration_ms: 126.970645
  type: 'test'
  ...
# Subtest: ghost/05 renders all ten states and reactions without mutating saved state
ok 1944 - ghost/05 renders all ten states and reactions without mutating saved state
  ---
  duration_ms: 141.954903
  type: 'test'
  ...
# Subtest: ghost/06 renders all ten states and reactions without mutating saved state
ok 1945 - ghost/06 renders all ten states and reactions without mutating saved state
  ---
  duration_ms: 129.051406
  type: 'test'
  ...
# Subtest: ghost/07 renders all ten states and reactions without mutating saved state
ok 1946 - ghost/07 renders all ten states and reactions without mutating saved state
  ---
  duration_ms: 140.156396
  type: 'test'
  ...
# Subtest: ghost/08 renders all ten states and reactions without mutating saved state
ok 1947 - ghost/08 renders all ten states and reactions without mutating saved state
  ---
  duration_ms: 125.150139
  type: 'test'
  ...
# Subtest: star/01 renders all ten states and reactions without mutating saved state
ok 1948 - star/01 renders all ten states and reactions without mutating saved state
  ---
  duration_ms: 130.281395
  type: 'test'
  ...
# Subtest: star/02 renders all ten states and reactions without mutating saved state
ok 1949 - star/02 renders all ten states and reactions without mutating saved state
  ---
  duration_ms: 137.73979
  type: 'test'
  ...
# Subtest: star/03 renders all ten states and reactions without mutating saved state
ok 1950 - star/03 renders all ten states and reactions without mutating saved state
  ---
  duration_ms: 132.699075
  type: 'test'
  ...
# Subtest: star/04 renders all ten states and reactions without mutating saved state
ok 1951 - star/04 renders all ten states and reactions without mutating saved state
  ---
  duration_ms: 129.857641
  type: 'test'
  ...
# Subtest: star/05 renders all ten states and reactions without mutating saved state
ok 1952 - star/05 renders all ten states and reactions without mutating saved state
  ---
  duration_ms: 125.184831
  type: 'test'
  ...
# Subtest: star/06 renders all ten states and reactions without mutating saved state
ok 1953 - star/06 renders all ten states and reactions without mutating saved state
  ---
  duration_ms: 126.692782
  type: 'test'
  ...
# Subtest: star/07 renders all ten states and reactions without mutating saved state
ok 1954 - star/07 renders all ten states and reactions without mutating saved state
  ---
  duration_ms: 135.584676
  type: 'test'
  ...
# Subtest: star/08 renders all ten states and reactions without mutating saved state
ok 1955 - star/08 renders all ten states and reactions without mutating saved state
  ---
  duration_ms: 130.420429
  type: 'test'
  ...
# Subtest: plush/01 renders all ten states and reactions without mutating saved state
ok 1956 - plush/01 renders all ten states and reactions without mutating saved state
  ---
  duration_ms: 133.933183
  type: 'test'
  ...
# Subtest: plush/02 renders all ten states and reactions without mutating saved state
ok 1957 - plush/02 renders all ten states and reactions without mutating saved state
  ---
  duration_ms: 123.965435
  type: 'test'
  ...
# Subtest: plush/03 renders all ten states and reactions without mutating saved state
ok 1958 - plush/03 renders all ten states and reactions without mutating saved state
  ---
  duration_ms: 137.064018
  type: 'test'
  ...
# Subtest: plush/04 renders all ten states and reactions without mutating saved state
ok 1959 - plush/04 renders all ten states and reactions without mutating saved state
  ---
  duration_ms: 125.80231
  type: 'test'
  ...
# Subtest: plush/05 renders all ten states and reactions without mutating saved state
ok 1960 - plush/05 renders all ten states and reactions without mutating saved state
  ---
  duration_ms: 134.420067
  type: 'test'
  ...
# Subtest: plush/06 renders all ten states and reactions without mutating saved state
ok 1961 - plush/06 renders all ten states and reactions without mutating saved state
  ---
  duration_ms: 125.126724
  type: 'test'
  ...
# Subtest: plush/07 renders all ten states and reactions without mutating saved state
ok 1962 - plush/07 renders all ten states and reactions without mutating saved state
  ---
  duration_ms: 135.771101
  type: 'test'
  ...
# Subtest: plush/08 renders all ten states and reactions without mutating saved state
ok 1963 - plush/08 renders all ten states and reactions without mutating saved state
  ---
  duration_ms: 125.016227
  type: 'test'
  ...
# Subtest: unknown/01 renders all ten states and reactions without mutating saved state
ok 1964 - unknown/01 renders all ten states and reactions without mutating saved state
  ---
  duration_ms: 131.801754
  type: 'test'
  ...
# Subtest: unknown/02 renders all ten states and reactions without mutating saved state
ok 1965 - unknown/02 renders all ten states and reactions without mutating saved state
  ---
  duration_ms: 131.894314
  type: 'test'
  ...
# Subtest: unknown/03 renders all ten states and reactions without mutating saved state
ok 1966 - unknown/03 renders all ten states and reactions without mutating saved state
  ---
  duration_ms: 129.161449
  type: 'test'
  ...
# Subtest: unknown/04 renders all ten states and reactions without mutating saved state
ok 1967 - unknown/04 renders all ten states and reactions without mutating saved state
  ---
  duration_ms: 136.845939
  type: 'test'
  ...
# Subtest: unknown/05 renders all ten states and reactions without mutating saved state
ok 1968 - unknown/05 renders all ten states and reactions without mutating saved state
  ---
  duration_ms: 127.564504
  type: 'test'
  ...
# Subtest: unknown/06 renders all ten states and reactions without mutating saved state
ok 1969 - unknown/06 renders all ten states and reactions without mutating saved state
  ---
  duration_ms: 131.838579
  type: 'test'
  ...
# Subtest: unknown/07 renders all ten states and reactions without mutating saved state
ok 1970 - unknown/07 renders all ten states and reactions without mutating saved state
  ---
  duration_ms: 126.169814
  type: 'test'
  ...
# Subtest: unknown/08 renders all ten states and reactions without mutating saved state
ok 1971 - unknown/08 renders all ten states and reactions without mutating saved state
  ---
  duration_ms: 126.319279
  type: 'test'
  ...
# Subtest: ren/01 renders all ten states and reactions without mutating saved state
ok 1972 - ren/01 renders all ten states and reactions without mutating saved state
  ---
  duration_ms: 131.645048
  type: 'test'
  ...
# Subtest: ren/02 renders all ten states and reactions without mutating saved state
ok 1973 - ren/02 renders all ten states and reactions without mutating saved state
  ---
  duration_ms: 124.540591
  type: 'test'
  ...
# Subtest: ren/03 renders all ten states and reactions without mutating saved state
ok 1974 - ren/03 renders all ten states and reactions without mutating saved state
  ---
  duration_ms: 143.033005
  type: 'test'
  ...
# Subtest: ren/04 renders all ten states and reactions without mutating saved state
ok 1975 - ren/04 renders all ten states and reactions without mutating saved state
  ---
  duration_ms: 125.627047
  type: 'test'
  ...
# Subtest: ren/05 renders all ten states and reactions without mutating saved state
ok 1976 - ren/05 renders all ten states and reactions without mutating saved state
  ---
  duration_ms: 129.947577
  type: 'test'
  ...
# Subtest: ren/06 renders all ten states and reactions without mutating saved state
ok 1977 - ren/06 renders all ten states and reactions without mutating saved state
  ---
  duration_ms: 134.117581
  type: 'test'
  ...
# Subtest: ren/07 renders all ten states and reactions without mutating saved state
ok 1978 - ren/07 renders all ten states and reactions without mutating saved state
  ---
  duration_ms: 123.189186
  type: 'test'
  ...
# Subtest: ren/08 renders all ten states and reactions without mutating saved state
ok 1979 - ren/08 renders all ten states and reactions without mutating saved state
  ---
  duration_ms: 127.207196
  type: 'test'
  ...
# Subtest: Home connects all fifteen food artworks without changing saved state
ok 1980 - Home connects all fifteen food artworks without changing saved state
  ---
  duration_ms: 25.500586
  type: 'test'
  ...
# Subtest: short tab return restores the current expression without replaying a stale reaction
ok 1981 - short tab return restores the current expression without replaying a stale reaction
  ---
  duration_ms: 11.78828
  type: 'test'
  ...
# Subtest: static script exposes the frozen resolver on window
ok 1982 - static script exposes the frozen resolver on window
  ---
  duration_ms: 22.147594
  type: 'test'
  ...
# Subtest: resolve maps every persistent home emotion to its approved face
ok 1983 - resolve maps every persistent home emotion to its approved face
  ---
  duration_ms: 3.381542
  type: 'test'
  ...
# Subtest: resolve applies temporary, critical, and sleeping precedence
ok 1984 - resolve applies temporary, critical, and sleeping precedence
  ---
  duration_ms: 0.17294
  type: 'test'
  ...
# Subtest: resolve safely ignores unknown and malformed values
ok 1985 - resolve safely ignores unknown and malformed values
  ---
  duration_ms: 0.153542
  type: 'test'
  ...
# Subtest: assetFor allowlists adult-cat expression portraits only
ok 1986 - assetFor allowlists adult-cat expression portraits only
  ---
  duration_ms: 0.281394
  type: 'test'
  ...
# Subtest: accentFor returns one static accessible-hidden SVG accent per non-normal adult-cat expression
ok 1987 - accentFor returns one static accessible-hidden SVG accent per non-normal adult-cat expression
  ---
  duration_ms: 0.853325
  type: 'test'
  ...
# Subtest: reactionFor maps every approved semantic event and rejects unknown events
ok 1988 - reactionFor maps every approved semantic event and rejects unknown events
  ---
  duration_ms: 0.270438
  type: 'test'
  ...
# Subtest: the frozen API leaves caller-owned values unchanged
ok 1989 - the frozen API leaves caller-owned values unchanged
  ---
  duration_ms: 0.170667
  type: 'test'
  ...
# Subtest: sleeping uses three rising Z marks without a font or animation dependency
ok 1990 - sleeping uses three rising Z marks without a font or animation dependency
  ---
  duration_ms: 0.394865
  type: 'test'
  ...
# Subtest: line-only state marks have a separate outline beneath their colored strokes
ok 1991 - line-only state marks have a separate outline beneath their colored strokes
  ---
  duration_ms: 3.675385
  type: 'test'
  ...
# Subtest: kitten stage supports all ten expressions while other cat stages keep their base art
ok 1992 - kitten stage supports all ten expressions while other cat stages keep their base art
  ---
  duration_ms: 0.360372
  type: 'test'
  ...
# Subtest: calling marks retain the two outlined strokes
ok 1993 - calling marks retain the two outlined strokes
  ---
  duration_ms: 0.158328
  type: 'test'
  ...
# Subtest: otemba stage has ten faces and marks anchored near its left-hand head
ok 1994 - otemba stage has ten faces and marks anchored near its left-hand head
  ---
  duration_ms: 0.219992
  type: 'test'
  ...
# Subtest: young stage has ten faces and marks anchored near its left-hand head
ok 1995 - young stage has ten faces and marks anchored near its left-hand head
  ---
  duration_ms: 0.195715
  type: 'test'
  ...
# Subtest: calm stage has ten faces and marks anchored near its left-hand head
ok 1996 - calm stage has ten faces and marks anchored near its left-hand head
  ---
  duration_ms: 0.199971
  type: 'test'
  ...
# Subtest: elder stage has ten faces and marks anchored near its left-hand head
ok 1997 - elder stage has ten faces and marks anchored near its left-hand head
  ---
  duration_ms: 0.228925
  type: 'test'
  ...
# Subtest: toddler stage has ten faces and marks anchored near its left-hand head
ok 1998 - toddler stage has ten faces and marks anchored near its left-hand head
  ---
  duration_ms: 0.193491
  type: 'test'
  ...
# Subtest: baby stage has ten faces and marks anchored near its left-hand head
ok 1999 - baby stage has ten faces and marks anchored near its left-hand head
  ---
  duration_ms: 0.203066
  type: 'test'
  ...
# Subtest: adult dog supports ten expressions while unsupported species retain base portraits
ok 2000 - adult dog supports ten expressions while unsupported species retain base portraits
  ---
  duration_ms: 0.197707
  type: 'test'
  ...
# Subtest: puppy supports ten expressions while unsupported species retain base portraits
ok 2001 - puppy supports ten expressions while unsupported species retain base portraits
  ---
  duration_ms: 1.622433
  type: 'test'
  ...
# Subtest: wanpaku supports ten expressions while unsupported species retain base portraits
ok 2002 - wanpaku supports ten expressions while unsupported species retain base portraits
  ---
  duration_ms: 0.208614
  type: 'test'
  ...
# Subtest: young dog supports ten expressions while unsupported species retain base portraits
ok 2003 - young dog supports ten expressions while unsupported species retain base portraits
  ---
  duration_ms: 0.19309
  type: 'test'
  ...
# Subtest: young dog accents follow its upright head and hunger uses a food bowl
ok 2004 - young dog accents follow its upright head and hunger uses a food bowl
  ---
  duration_ms: 0.133551
  type: 'test'
  ...
# Subtest: calm dog supports ten expressions while unsupported species retain base portraits
ok 2005 - calm dog supports ten expressions while unsupported species retain base portraits
  ---
  duration_ms: 0.194002
  type: 'test'
  ...
# Subtest: calm dog accents follow its head and hunger uses a food bowl
ok 2006 - calm dog accents follow its head and hunger uses a food bowl
  ---
  duration_ms: 0.121443
  type: 'test'
  ...
# Subtest: dog 01 routes ten expressions with approved milk/bowl hunger artwork
ok 2007 - dog 01 routes ten expressions with approved milk/bowl hunger artwork
  ---
  duration_ms: 0.23227
  type: 'test'
  ...
# Subtest: dog 02 routes ten expressions with approved milk/bowl hunger artwork
ok 2008 - dog 02 routes ten expressions with approved milk/bowl hunger artwork
  ---
  duration_ms: 0.094762
  type: 'test'
  ...
# Subtest: dog 08 routes ten expressions with approved milk/bowl hunger artwork
ok 2009 - dog 08 routes ten expressions with approved milk/bowl hunger artwork
  ---
  duration_ms: 0.115043
  type: 'test'
  ...
# Subtest: man supports all eight stages with ten faces and age-appropriate milk/rice artwork
ok 2010 - man supports all eight stages with ten faces and age-appropriate milk/rice artwork
  ---
  duration_ms: 0.933556
  type: 'test'
  ...
# Subtest: woman supports all eight stages with ten faces and age-appropriate milk/rice artwork
ok 2011 - woman supports all eight stages with ten faces and age-appropriate milk/rice artwork
  ---
  duration_ms: 0.619803
  type: 'test'
  ...
# Subtest: sweat follows the face sides instead of the whole body
ok 2012 - sweat follows the face sides instead of the whole body
  ---
  duration_ms: 0.207462
  type: 'test'
  ...
# Subtest: every observed face center lies within its normal sprite bounds
ok 2013 - every observed face center lies within its normal sprite bounds
  ---
  duration_ms: 0.82345
  type: 'test'
  ...
# Subtest: cat/1 marks follow the approved face-relative directions
ok 2014 - cat/1 marks follow the approved face-relative directions
  ---
  duration_ms: 0.409387
  type: 'test'
  ...
# Subtest: cat/2 marks follow the approved face-relative directions
ok 2015 - cat/2 marks follow the approved face-relative directions
  ---
  duration_ms: 0.266031
  type: 'test'
  ...
# Subtest: cat/3 marks follow the approved face-relative directions
ok 2016 - cat/3 marks follow the approved face-relative directions
  ---
  duration_ms: 0.250117
  type: 'test'
  ...
# Subtest: cat/4 marks follow the approved face-relative directions
ok 2017 - cat/4 marks follow the approved face-relative directions
  ---
  duration_ms: 0.196907
  type: 'test'
  ...
# Subtest: cat/5 marks follow the approved face-relative directions
ok 2018 - cat/5 marks follow the approved face-relative directions
  ---
  duration_ms: 2.471161
  type: 'test'
  ...
# Subtest: cat/6 marks follow the approved face-relative directions
ok 2019 - cat/6 marks follow the approved face-relative directions
  ---
  duration_ms: 0.134202
  type: 'test'
  ...
# Subtest: cat/7 marks follow the approved face-relative directions
ok 2020 - cat/7 marks follow the approved face-relative directions
  ---
  duration_ms: 0.129225
  type: 'test'
  ...
# Subtest: cat/8 marks follow the approved face-relative directions
ok 2021 - cat/8 marks follow the approved face-relative directions
  ---
  duration_ms: 0.149425
  type: 'test'
  ...
# Subtest: dog/1 marks follow the approved face-relative directions
ok 2022 - dog/1 marks follow the approved face-relative directions
  ---
  duration_ms: 0.128413
  type: 'test'
  ...
# Subtest: dog/2 marks follow the approved face-relative directions
ok 2023 - dog/2 marks follow the approved face-relative directions
  ---
  duration_ms: 0.131367
  type: 'test'
  ...
# Subtest: dog/3 marks follow the approved face-relative directions
ok 2024 - dog/3 marks follow the approved face-relative directions
  ---
  duration_ms: 0.112499
  type: 'test'
  ...
# Subtest: dog/4 marks follow the approved face-relative directions
ok 2025 - dog/4 marks follow the approved face-relative directions
  ---
  duration_ms: 0.098849
  type: 'test'
  ...
# Subtest: dog/5 marks follow the approved face-relative directions
ok 2026 - dog/5 marks follow the approved face-relative directions
  ---
  duration_ms: 0.115904
  type: 'test'
  ...
# Subtest: dog/6 marks follow the approved face-relative directions
ok 2027 - dog/6 marks follow the approved face-relative directions
  ---
  duration_ms: 0.103126
  type: 'test'
  ...
# Subtest: dog/7 marks follow the approved face-relative directions
ok 2028 - dog/7 marks follow the approved face-relative directions
  ---
  duration_ms: 0.144638
  type: 'test'
  ...
# Subtest: dog/8 marks follow the approved face-relative directions
ok 2029 - dog/8 marks follow the approved face-relative directions
  ---
  duration_ms: 0.125349
  type: 'test'
  ...
# Subtest: man/1 marks follow the approved face-relative directions
ok 2030 - man/1 marks follow the approved face-relative directions
  ---
  duration_ms: 0.115775
  type: 'test'
  ...
# Subtest: man/2 marks follow the approved face-relative directions
ok 2031 - man/2 marks follow the approved face-relative directions
  ---
  duration_ms: 0.107011
  type: 'test'
  ...
# Subtest: man/3 marks follow the approved face-relative directions
ok 2032 - man/3 marks follow the approved face-relative directions
  ---
  duration_ms: 0.112539
  type: 'test'
  ...
# Subtest: man/4 marks follow the approved face-relative directions
ok 2033 - man/4 marks follow the approved face-relative directions
  ---
  duration_ms: 0.118238
  type: 'test'
  ...
# Subtest: man/5 marks follow the approved face-relative directions
ok 2034 - man/5 marks follow the approved face-relative directions
  ---
  duration_ms: 0.109745
  type: 'test'
  ...
# Subtest: man/6 marks follow the approved face-relative directions
ok 2035 - man/6 marks follow the approved face-relative directions
  ---
  duration_ms: 0.138098
  type: 'test'
  ...
# Subtest: man/7 marks follow the approved face-relative directions
ok 2036 - man/7 marks follow the approved face-relative directions
  ---
  duration_ms: 0.105399
  type: 'test'
  ...
# Subtest: man/8 marks follow the approved face-relative directions
ok 2037 - man/8 marks follow the approved face-relative directions
  ---
  duration_ms: 0.096706
  type: 'test'
  ...
# Subtest: woman/1 marks follow the approved face-relative directions
ok 2038 - woman/1 marks follow the approved face-relative directions
  ---
  duration_ms: 0.102474
  type: 'test'
  ...
# Subtest: woman/2 marks follow the approved face-relative directions
ok 2039 - woman/2 marks follow the approved face-relative directions
  ---
  duration_ms: 0.110867
  type: 'test'
  ...
# Subtest: woman/3 marks follow the approved face-relative directions
ok 2040 - woman/3 marks follow the approved face-relative directions
  ---
  duration_ms: 0.102404
  type: 'test'
  ...
# Subtest: woman/4 marks follow the approved face-relative directions
ok 2041 - woman/4 marks follow the approved face-relative directions
  ---
  duration_ms: 0.109325
  type: 'test'
  ...
# Subtest: woman/5 marks follow the approved face-relative directions
ok 2042 - woman/5 marks follow the approved face-relative directions
  ---
  duration_ms: 0.103246
  type: 'test'
  ...
# Subtest: woman/6 marks follow the approved face-relative directions
ok 2043 - woman/6 marks follow the approved face-relative directions
  ---
  duration_ms: 0.129705
  type: 'test'
  ...
# Subtest: woman/7 marks follow the approved face-relative directions
ok 2044 - woman/7 marks follow the approved face-relative directions
  ---
  duration_ms: 0.122425
  type: 'test'
  ...
# Subtest: woman/8 marks follow the approved face-relative directions
ok 2045 - woman/8 marks follow the approved face-relative directions
  ---
  duration_ms: 0.116866
  type: 'test'
  ...
# Subtest: penguin/1 marks follow the approved face-relative directions
ok 2046 - penguin/1 marks follow the approved face-relative directions
  ---
  duration_ms: 0.120572
  type: 'test'
  ...
# Subtest: penguin/2 marks follow the approved face-relative directions
ok 2047 - penguin/2 marks follow the approved face-relative directions
  ---
  duration_ms: 0.120562
  type: 'test'
  ...
# Subtest: penguin/3 marks follow the approved face-relative directions
ok 2048 - penguin/3 marks follow the approved face-relative directions
  ---
  duration_ms: 0.122705
  type: 'test'
  ...
# Subtest: penguin/4 marks follow the approved face-relative directions
ok 2049 - penguin/4 marks follow the approved face-relative directions
  ---
  duration_ms: 0.122114
  type: 'test'
  ...
# Subtest: penguin/5 marks follow the approved face-relative directions
ok 2050 - penguin/5 marks follow the approved face-relative directions
  ---
  duration_ms: 0.128544
  type: 'test'
  ...
# Subtest: penguin/6 marks follow the approved face-relative directions
ok 2051 - penguin/6 marks follow the approved face-relative directions
  ---
  duration_ms: 0.11956
  type: 'test'
  ...
# Subtest: penguin/7 marks follow the approved face-relative directions
ok 2052 - penguin/7 marks follow the approved face-relative directions
  ---
  duration_ms: 0.118198
  type: 'test'
  ...
# Subtest: penguin/8 marks follow the approved face-relative directions
ok 2053 - penguin/8 marks follow the approved face-relative directions
  ---
  duration_ms: 0.121162
  type: 'test'
  ...
# Subtest: turtle/1 marks follow the approved face-relative directions
ok 2054 - turtle/1 marks follow the approved face-relative directions
  ---
  duration_ms: 0.128404
  type: 'test'
  ...
# Subtest: turtle/2 marks follow the approved face-relative directions
ok 2055 - turtle/2 marks follow the approved face-relative directions
  ---
  duration_ms: 0.125809
  type: 'test'
  ...
# Subtest: turtle/3 marks follow the approved face-relative directions
ok 2056 - turtle/3 marks follow the approved face-relative directions
  ---
  duration_ms: 0.109666
  type: 'test'
  ...
# Subtest: turtle/4 marks follow the approved face-relative directions
ok 2057 - turtle/4 marks follow the approved face-relative directions
  ---
  duration_ms: 0.138499
  type: 'test'
  ...
# Subtest: turtle/5 marks follow the approved face-relative directions
ok 2058 - turtle/5 marks follow the approved face-relative directions
  ---
  duration_ms: 0.118478
  type: 'test'
  ...
# Subtest: turtle/6 marks follow the approved face-relative directions
ok 2059 - turtle/6 marks follow the approved face-relative directions
  ---
  duration_ms: 0.103866
  type: 'test'
  ...
# Subtest: turtle/7 marks follow the approved face-relative directions
ok 2060 - turtle/7 marks follow the approved face-relative directions
  ---
  duration_ms: 0.099249
  type: 'test'
  ...
# Subtest: turtle/8 marks follow the approved face-relative directions
ok 2061 - turtle/8 marks follow the approved face-relative directions
  ---
  duration_ms: 0.088914
  type: 'test'
  ...
# Subtest: frog/1 marks follow the approved face-relative directions
ok 2062 - frog/1 marks follow the approved face-relative directions
  ---
  duration_ms: 0.095013
  type: 'test'
  ...
# Subtest: frog/2 marks follow the approved face-relative directions
ok 2063 - frog/2 marks follow the approved face-relative directions
  ---
  duration_ms: 0.102995
  type: 'test'
  ...
# Subtest: frog/3 marks follow the approved face-relative directions
ok 2064 - frog/3 marks follow the approved face-relative directions
  ---
  duration_ms: 0.101893
  type: 'test'
  ...
# Subtest: frog/4 marks follow the approved face-relative directions
ok 2065 - frog/4 marks follow the approved face-relative directions
  ---
  duration_ms: 0.121353
  type: 'test'
  ...
# Subtest: frog/5 marks follow the approved face-relative directions
ok 2066 - frog/5 marks follow the approved face-relative directions
  ---
  duration_ms: 0.107842
  type: 'test'
  ...
# Subtest: frog/6 marks follow the approved face-relative directions
ok 2067 - frog/6 marks follow the approved face-relative directions
  ---
  duration_ms: 0.091598
  type: 'test'
  ...
# Subtest: frog/7 marks follow the approved face-relative directions
ok 2068 - frog/7 marks follow the approved face-relative directions
  ---
  duration_ms: 0.087602
  type: 'test'
  ...
# Subtest: frog/8 marks follow the approved face-relative directions
ok 2069 - frog/8 marks follow the approved face-relative directions
  ---
  duration_ms: 0.090477
  type: 'test'
  ...
# Subtest: clownfish/1 marks follow the approved face-relative directions
ok 2070 - clownfish/1 marks follow the approved face-relative directions
  ---
  duration_ms: 0.085809
  type: 'test'
  ...
# Subtest: clownfish/2 marks follow the approved face-relative directions
ok 2071 - clownfish/2 marks follow the approved face-relative directions
  ---
  duration_ms: 0.081873
  type: 'test'
  ...
# Subtest: clownfish/3 marks follow the approved face-relative directions
ok 2072 - clownfish/3 marks follow the approved face-relative directions
  ---
  duration_ms: 0.081603
  type: 'test'
  ...
# Subtest: clownfish/4 marks follow the approved face-relative directions
ok 2073 - clownfish/4 marks follow the approved face-relative directions
  ---
  duration_ms: 0.084217
  type: 'test'
  ...
# Subtest: clownfish/5 marks follow the approved face-relative directions
ok 2074 - clownfish/5 marks follow the approved face-relative directions
  ---
  duration_ms: 0.102435
  type: 'test'
  ...
# Subtest: clownfish/6 marks follow the approved face-relative directions
ok 2075 - clownfish/6 marks follow the approved face-relative directions
  ---
  duration_ms: 0.089285
  type: 'test'
  ...
# Subtest: clownfish/7 marks follow the approved face-relative directions
ok 2076 - clownfish/7 marks follow the approved face-relative directions
  ---
  duration_ms: 0.101693
  type: 'test'
  ...
# Subtest: clownfish/8 marks follow the approved face-relative directions
ok 2077 - clownfish/8 marks follow the approved face-relative directions
  ---
  duration_ms: 0.094121
  type: 'test'
  ...
# Subtest: salmon/1 marks follow the approved face-relative directions
ok 2078 - salmon/1 marks follow the approved face-relative directions
  ---
  duration_ms: 0.089675
  type: 'test'
  ...
# Subtest: salmon/2 marks follow the approved face-relative directions
ok 2079 - salmon/2 marks follow the approved face-relative directions
  ---
  duration_ms: 0.094332
  type: 'test'
  ...
# Subtest: salmon/3 marks follow the approved face-relative directions
ok 2080 - salmon/3 marks follow the approved face-relative directions
  ---
  duration_ms: 0.09964
  type: 'test'
  ...
# Subtest: salmon/4 marks follow the approved face-relative directions
ok 2081 - salmon/4 marks follow the approved face-relative directions
  ---
  duration_ms: 0.106741
  type: 'test'
  ...
# Subtest: salmon/5 marks follow the approved face-relative directions
ok 2082 - salmon/5 marks follow the approved face-relative directions
  ---
  duration_ms: 0.105289
  type: 'test'
  ...
# Subtest: salmon/6 marks follow the approved face-relative directions
ok 2083 - salmon/6 marks follow the approved face-relative directions
  ---
  duration_ms: 0.118809
  type: 'test'
  ...
# Subtest: salmon/7 marks follow the approved face-relative directions
ok 2084 - salmon/7 marks follow the approved face-relative directions
  ---
  duration_ms: 0.666444
  type: 'test'
  ...
# Subtest: salmon/8 marks follow the approved face-relative directions
ok 2085 - salmon/8 marks follow the approved face-relative directions
  ---
  duration_ms: 0.121483
  type: 'test'
  ...
# Subtest: hermit_crab/1 marks follow the approved face-relative directions
ok 2086 - hermit_crab/1 marks follow the approved face-relative directions
  ---
  duration_ms: 0.130386
  type: 'test'
  ...
# Subtest: hermit_crab/2 marks follow the approved face-relative directions
ok 2087 - hermit_crab/2 marks follow the approved face-relative directions
  ---
  duration_ms: 0.10615
  type: 'test'
  ...
# Subtest: hermit_crab/3 marks follow the approved face-relative directions
ok 2088 - hermit_crab/3 marks follow the approved face-relative directions
  ---
  duration_ms: 0.100161
  type: 'test'
  ...
# Subtest: hermit_crab/4 marks follow the approved face-relative directions
ok 2089 - hermit_crab/4 marks follow the approved face-relative directions
  ---
  duration_ms: 0.101243
  type: 'test'
  ...
# Subtest: hermit_crab/5 marks follow the approved face-relative directions
ok 2090 - hermit_crab/5 marks follow the approved face-relative directions
  ---
  duration_ms: 0.088082
  type: 'test'
  ...
# Subtest: hermit_crab/6 marks follow the approved face-relative directions
ok 2091 - hermit_crab/6 marks follow the approved face-relative directions
  ---
  duration_ms: 0.093441
  type: 'test'
  ...
# Subtest: hermit_crab/7 marks follow the approved face-relative directions
ok 2092 - hermit_crab/7 marks follow the approved face-relative directions
  ---
  duration_ms: 0.106801
  type: 'test'
  ...
# Subtest: hermit_crab/8 marks follow the approved face-relative directions
ok 2093 - hermit_crab/8 marks follow the approved face-relative directions
  ---
  duration_ms: 0.101844
  type: 'test'
  ...
# Subtest: jellyfish/1 marks follow the approved face-relative directions
ok 2094 - jellyfish/1 marks follow the approved face-relative directions
  ---
  duration_ms: 0.124627
  type: 'test'
  ...
# Subtest: jellyfish/2 marks follow the approved face-relative directions
ok 2095 - jellyfish/2 marks follow the approved face-relative directions
  ---
  duration_ms: 1.691918
  type: 'test'
  ...
# Subtest: jellyfish/3 marks follow the approved face-relative directions
ok 2096 - jellyfish/3 marks follow the approved face-relative directions
  ---
  duration_ms: 0.130497
  type: 'test'
  ...
# Subtest: jellyfish/4 marks follow the approved face-relative directions
ok 2097 - jellyfish/4 marks follow the approved face-relative directions
  ---
  duration_ms: 0.166982
  type: 'test'
  ...
# Subtest: jellyfish/5 marks follow the approved face-relative directions
ok 2098 - jellyfish/5 marks follow the approved face-relative directions
  ---
  duration_ms: 0.107432
  type: 'test'
  ...
# Subtest: jellyfish/6 marks follow the approved face-relative directions
ok 2099 - jellyfish/6 marks follow the approved face-relative directions
  ---
  duration_ms: 0.095174
  type: 'test'
  ...
# Subtest: jellyfish/7 marks follow the approved face-relative directions
ok 2100 - jellyfish/7 marks follow the approved face-relative directions
  ---
  duration_ms: 0.088783
  type: 'test'
  ...
# Subtest: jellyfish/8 marks follow the approved face-relative directions
ok 2101 - jellyfish/8 marks follow the approved face-relative directions
  ---
  duration_ms: 0.105889
  type: 'test'
  ...
# Subtest: starfish/1 marks follow the approved face-relative directions
ok 2102 - starfish/1 marks follow the approved face-relative directions
  ---
  duration_ms: 0.102734
  type: 'test'
  ...
# Subtest: starfish/2 marks follow the approved face-relative directions
ok 2103 - starfish/2 marks follow the approved face-relative directions
  ---
  duration_ms: 0.100091
  type: 'test'
  ...
# Subtest: starfish/3 marks follow the approved face-relative directions
ok 2104 - starfish/3 marks follow the approved face-relative directions
  ---
  duration_ms: 0.095654
  type: 'test'
  ...
# Subtest: starfish/4 marks follow the approved face-relative directions
ok 2105 - starfish/4 marks follow the approved face-relative directions
  ---
  duration_ms: 0.122134
  type: 'test'
  ...
# Subtest: starfish/5 marks follow the approved face-relative directions
ok 2106 - starfish/5 marks follow the approved face-relative directions
  ---
  duration_ms: 0.104697
  type: 'test'
  ...
# Subtest: starfish/6 marks follow the approved face-relative directions
ok 2107 - starfish/6 marks follow the approved face-relative directions
  ---
  duration_ms: 0.102184
  type: 'test'
  ...
# Subtest: starfish/7 marks follow the approved face-relative directions
ok 2108 - starfish/7 marks follow the approved face-relative directions
  ---
  duration_ms: 0.090296
  type: 'test'
  ...
# Subtest: starfish/8 marks follow the approved face-relative directions
ok 2109 - starfish/8 marks follow the approved face-relative directions
  ---
  duration_ms: 0.097076
  type: 'test'
  ...
# Subtest: coral/1 marks follow the approved face-relative directions
ok 2110 - coral/1 marks follow the approved face-relative directions
  ---
  duration_ms: 0.096786
  type: 'test'
  ...
# Subtest: coral/2 marks follow the approved face-relative directions
ok 2111 - coral/2 marks follow the approved face-relative directions
  ---
  duration_ms: 0.097877
  type: 'test'
  ...
# Subtest: coral/3 marks follow the approved face-relative directions
ok 2112 - coral/3 marks follow the approved face-relative directions
  ---
  duration_ms: 0.103155
  type: 'test'
  ...
# Subtest: coral/4 marks follow the approved face-relative directions
ok 2113 - coral/4 marks follow the approved face-relative directions
  ---
  duration_ms: 0.135274
  type: 'test'
  ...
# Subtest: coral/5 marks follow the approved face-relative directions
ok 2114 - coral/5 marks follow the approved face-relative directions
  ---
  duration_ms: 0.104708
  type: 'test'
  ...
# Subtest: coral/6 marks follow the approved face-relative directions
ok 2115 - coral/6 marks follow the approved face-relative directions
  ---
  duration_ms: 0.094452
  type: 'test'
  ...
# Subtest: coral/7 marks follow the approved face-relative directions
ok 2116 - coral/7 marks follow the approved face-relative directions
  ---
  duration_ms: 0.095393
  type: 'test'
  ...
# Subtest: coral/8 marks follow the approved face-relative directions
ok 2117 - coral/8 marks follow the approved face-relative directions
  ---
  duration_ms: 0.154753
  type: 'test'
  ...
# Subtest: butterfly/1 marks follow the approved face-relative directions
ok 2118 - butterfly/1 marks follow the approved face-relative directions
  ---
  duration_ms: 0.104948
  type: 'test'
  ...
# Subtest: butterfly/2 marks follow the approved face-relative directions
ok 2119 - butterfly/2 marks follow the approved face-relative directions
  ---
  duration_ms: 0.115524
  type: 'test'
  ...
# Subtest: butterfly/3 marks follow the approved face-relative directions
ok 2120 - butterfly/3 marks follow the approved face-relative directions
  ---
  duration_ms: 0.094463
  type: 'test'
  ...
# Subtest: butterfly/4 marks follow the approved face-relative directions
ok 2121 - butterfly/4 marks follow the approved face-relative directions
  ---
  duration_ms: 0.116585
  type: 'test'
  ...
# Subtest: butterfly/5 marks follow the approved face-relative directions
ok 2122 - butterfly/5 marks follow the approved face-relative directions
  ---
  duration_ms: 0.10002
  type: 'test'
  ...
# Subtest: butterfly/6 marks follow the approved face-relative directions
ok 2123 - butterfly/6 marks follow the approved face-relative directions
  ---
  duration_ms: 0.098639
  type: 'test'
  ...
# Subtest: butterfly/7 marks follow the approved face-relative directions
ok 2124 - butterfly/7 marks follow the approved face-relative directions
  ---
  duration_ms: 0.091227
  type: 'test'
  ...
# Subtest: butterfly/8 marks follow the approved face-relative directions
ok 2125 - butterfly/8 marks follow the approved face-relative directions
  ---
  duration_ms: 0.086961
  type: 'test'
  ...
# Subtest: beetle/1 marks follow the approved face-relative directions
ok 2126 - beetle/1 marks follow the approved face-relative directions
  ---
  duration_ms: 0.094692
  type: 'test'
  ...
# Subtest: beetle/2 marks follow the approved face-relative directions
ok 2127 - beetle/2 marks follow the approved face-relative directions
  ---
  duration_ms: 0.088984
  type: 'test'
  ...
# Subtest: beetle/3 marks follow the approved face-relative directions
ok 2128 - beetle/3 marks follow the approved face-relative directions
  ---
  duration_ms: 0.087151
  type: 'test'
  ...
# Subtest: beetle/4 marks follow the approved face-relative directions
ok 2129 - beetle/4 marks follow the approved face-relative directions
  ---
  duration_ms: 0.09281
  type: 'test'
  ...
# Subtest: beetle/5 marks follow the approved face-relative directions
ok 2130 - beetle/5 marks follow the approved face-relative directions
  ---
  duration_ms: 0.154092
  type: 'test'
  ...
# Subtest: beetle/6 marks follow the approved face-relative directions
ok 2131 - beetle/6 marks follow the approved face-relative directions
  ---
  duration_ms: 0.093461
  type: 'test'
  ...
# Subtest: beetle/7 marks follow the approved face-relative directions
ok 2132 - beetle/7 marks follow the approved face-relative directions
  ---
  duration_ms: 0.096114
  type: 'test'
  ...
# Subtest: beetle/8 marks follow the approved face-relative directions
ok 2133 - beetle/8 marks follow the approved face-relative directions
  ---
  duration_ms: 0.08619
  type: 'test'
  ...
# Subtest: stagbeetle/1 marks follow the approved face-relative directions
ok 2134 - stagbeetle/1 marks follow the approved face-relative directions
  ---
  duration_ms: 0.116676
  type: 'test'
  ...
# Subtest: stagbeetle/2 marks follow the approved face-relative directions
ok 2135 - stagbeetle/2 marks follow the approved face-relative directions
  ---
  duration_ms: 0.104106
  type: 'test'
  ...
# Subtest: stagbeetle/3 marks follow the approved face-relative directions
ok 2136 - stagbeetle/3 marks follow the approved face-relative directions
  ---
  duration_ms: 0.098648
  type: 'test'
  ...
# Subtest: stagbeetle/4 marks follow the approved face-relative directions
ok 2137 - stagbeetle/4 marks follow the approved face-relative directions
  ---
  duration_ms: 0.097597
  type: 'test'
  ...
# Subtest: stagbeetle/5 marks follow the approved face-relative directions
ok 2138 - stagbeetle/5 marks follow the approved face-relative directions
  ---
  duration_ms: 0.120762
  type: 'test'
  ...
# Subtest: stagbeetle/6 marks follow the approved face-relative directions
ok 2139 - stagbeetle/6 marks follow the approved face-relative directions
  ---
  duration_ms: 0.092209
  type: 'test'
  ...
# Subtest: stagbeetle/7 marks follow the approved face-relative directions
ok 2140 - stagbeetle/7 marks follow the approved face-relative directions
  ---
  duration_ms: 0.099009
  type: 'test'
  ...
# Subtest: stagbeetle/8 marks follow the approved face-relative directions
ok 2141 - stagbeetle/8 marks follow the approved face-relative directions
  ---
  duration_ms: 0.103727
  type: 'test'
  ...
# Subtest: cicada/1 marks follow the approved face-relative directions
ok 2142 - cicada/1 marks follow the approved face-relative directions
  ---
  duration_ms: 0.088153
  type: 'test'
  ...
# Subtest: cicada/2 marks follow the approved face-relative directions
ok 2143 - cicada/2 marks follow the approved face-relative directions
  ---
  duration_ms: 0.081192
  type: 'test'
  ...
# Subtest: cicada/3 marks follow the approved face-relative directions
ok 2144 - cicada/3 marks follow the approved face-relative directions
  ---
  duration_ms: 0.098368
  type: 'test'
  ...
# Subtest: cicada/4 marks follow the approved face-relative directions
ok 2145 - cicada/4 marks follow the approved face-relative directions
  ---
  duration_ms: 0.100992
  type: 'test'
  ...
# Subtest: cicada/5 marks follow the approved face-relative directions
ok 2146 - cicada/5 marks follow the approved face-relative directions
  ---
  duration_ms: 0.115384
  type: 'test'
  ...
# Subtest: cicada/6 marks follow the approved face-relative directions
ok 2147 - cicada/6 marks follow the approved face-relative directions
  ---
  duration_ms: 0.107171
  type: 'test'
  ...
# Subtest: cicada/7 marks follow the approved face-relative directions
ok 2148 - cicada/7 marks follow the approved face-relative directions
  ---
  duration_ms: 0.105529
  type: 'test'
  ...
# Subtest: cicada/8 marks follow the approved face-relative directions
ok 2149 - cicada/8 marks follow the approved face-relative directions
  ---
  duration_ms: 0.109785
  type: 'test'
  ...
# Subtest: antlion/1 marks follow the approved face-relative directions
ok 2150 - antlion/1 marks follow the approved face-relative directions
  ---
  duration_ms: 0.107692
  type: 'test'
  ...
# Subtest: antlion/2 marks follow the approved face-relative directions
ok 2151 - antlion/2 marks follow the approved face-relative directions
  ---
  duration_ms: 0.101663
  type: 'test'
  ...
# Subtest: antlion/3 marks follow the approved face-relative directions
ok 2152 - antlion/3 marks follow the approved face-relative directions
  ---
  duration_ms: 0.09975
  type: 'test'
  ...
# Subtest: antlion/4 marks follow the approved face-relative directions
ok 2153 - antlion/4 marks follow the approved face-relative directions
  ---
  duration_ms: 0.109034
  type: 'test'
  ...
# Subtest: antlion/5 marks follow the approved face-relative directions
ok 2154 - antlion/5 marks follow the approved face-relative directions
  ---
  duration_ms: 0.11986
  type: 'test'
  ...
# Subtest: antlion/6 marks follow the approved face-relative directions
ok 2155 - antlion/6 marks follow the approved face-relative directions
  ---
  duration_ms: 0.11322
  type: 'test'
  ...
# Subtest: antlion/7 marks follow the approved face-relative directions
ok 2156 - antlion/7 marks follow the approved face-relative directions
  ---
  duration_ms: 0.118969
  type: 'test'
  ...
# Subtest: antlion/8 marks follow the approved face-relative directions
ok 2157 - antlion/8 marks follow the approved face-relative directions
  ---
  duration_ms: 0.113892
  type: 'test'
  ...
# Subtest: dandelion/1 marks follow the approved face-relative directions
ok 2158 - dandelion/1 marks follow the approved face-relative directions
  ---
  duration_ms: 0.109605
  type: 'test'
  ...
# Subtest: dandelion/2 marks follow the approved face-relative directions
ok 2159 - dandelion/2 marks follow the approved face-relative directions
  ---
  duration_ms: 0.107492
  type: 'test'
  ...
# Subtest: dandelion/3 marks follow the approved face-relative directions
ok 2160 - dandelion/3 marks follow the approved face-relative directions
  ---
  duration_ms: 0.10656
  type: 'test'
  ...
# Subtest: dandelion/4 marks follow the approved face-relative directions
ok 2161 - dandelion/4 marks follow the approved face-relative directions
  ---
  duration_ms: 0.11938
  type: 'test'
  ...
# Subtest: dandelion/5 marks follow the approved face-relative directions
ok 2162 - dandelion/5 marks follow the approved face-relative directions
  ---
  duration_ms: 0.119861
  type: 'test'
  ...
# Subtest: dandelion/6 marks follow the approved face-relative directions
ok 2163 - dandelion/6 marks follow the approved face-relative directions
  ---
  duration_ms: 0.120311
  type: 'test'
  ...
# Subtest: dandelion/7 marks follow the approved face-relative directions
ok 2164 - dandelion/7 marks follow the approved face-relative directions
  ---
  duration_ms: 0.114883
  type: 'test'
  ...
# Subtest: dandelion/8 marks follow the approved face-relative directions
ok 2165 - dandelion/8 marks follow the approved face-relative directions
  ---
  duration_ms: 0.117597
  type: 'test'
  ...
# Subtest: sakura/1 marks follow the approved face-relative directions
ok 2166 - sakura/1 marks follow the approved face-relative directions
  ---
  duration_ms: 0.108433
  type: 'test'
  ...
# Subtest: sakura/2 marks follow the approved face-relative directions
ok 2167 - sakura/2 marks follow the approved face-relative directions
  ---
  duration_ms: 0.094723
  type: 'test'
  ...
# Subtest: sakura/3 marks follow the approved face-relative directions
ok 2168 - sakura/3 marks follow the approved face-relative directions
  ---
  duration_ms: 0.095053
  type: 'test'
  ...
# Subtest: sakura/4 marks follow the approved face-relative directions
ok 2169 - sakura/4 marks follow the approved face-relative directions
  ---
  duration_ms: 0.127882
  type: 'test'
  ...
# Subtest: sakura/5 marks follow the approved face-relative directions
ok 2170 - sakura/5 marks follow the approved face-relative directions
  ---
  duration_ms: 0.127282
  type: 'test'
  ...
# Subtest: sakura/6 marks follow the approved face-relative directions
ok 2171 - sakura/6 marks follow the approved face-relative directions
  ---
  duration_ms: 0.109284
  type: 'test'
  ...
# Subtest: sakura/7 marks follow the approved face-relative directions
ok 2172 - sakura/7 marks follow the approved face-relative directions
  ---
  duration_ms: 0.11916
  type: 'test'
  ...
# Subtest: sakura/8 marks follow the approved face-relative directions
ok 2173 - sakura/8 marks follow the approved face-relative directions
  ---
  duration_ms: 0.117036
  type: 'test'
  ...
# Subtest: venus_flytrap/1 marks follow the approved face-relative directions
ok 2174 - venus_flytrap/1 marks follow the approved face-relative directions
  ---
  duration_ms: 0.123846
  type: 'test'
  ...
# Subtest: venus_flytrap/2 marks follow the approved face-relative directions
ok 2175 - venus_flytrap/2 marks follow the approved face-relative directions
  ---
  duration_ms: 0.120611
  type: 'test'
  ...
# Subtest: venus_flytrap/3 marks follow the approved face-relative directions
ok 2176 - venus_flytrap/3 marks follow the approved face-relative directions
  ---
  duration_ms: 0.136606
  type: 'test'
  ...
# Subtest: venus_flytrap/4 marks follow the approved face-relative directions
ok 2177 - venus_flytrap/4 marks follow the approved face-relative directions
  ---
  duration_ms: 0.100421
  type: 'test'
  ...
# Subtest: venus_flytrap/5 marks follow the approved face-relative directions
ok 2178 - venus_flytrap/5 marks follow the approved face-relative directions
  ---
  duration_ms: 0.100461
  type: 'test'
  ...
# Subtest: venus_flytrap/6 marks follow the approved face-relative directions
ok 2179 - venus_flytrap/6 marks follow the approved face-relative directions
  ---
  duration_ms: 0.09971
  type: 'test'
  ...
# Subtest: venus_flytrap/7 marks follow the approved face-relative directions
ok 2180 - venus_flytrap/7 marks follow the approved face-relative directions
  ---
  duration_ms: 0.144618
  type: 'test'
  ...
# Subtest: venus_flytrap/8 marks follow the approved face-relative directions
ok 2181 - venus_flytrap/8 marks follow the approved face-relative directions
  ---
  duration_ms: 0.130096
  type: 'test'
  ...
# Subtest: mushroom/1 marks follow the approved face-relative directions
ok 2182 - mushroom/1 marks follow the approved face-relative directions
  ---
  duration_ms: 0.141774
  type: 'test'
  ...
# Subtest: mushroom/2 marks follow the approved face-relative directions
ok 2183 - mushroom/2 marks follow the approved face-relative directions
  ---
  duration_ms: 2.293294
  type: 'test'
  ...
# Subtest: mushroom/3 marks follow the approved face-relative directions
ok 2184 - mushroom/3 marks follow the approved face-relative directions
  ---
  duration_ms: 0.14646
  type: 'test'
  ...
# Subtest: mushroom/4 marks follow the approved face-relative directions
ok 2185 - mushroom/4 marks follow the approved face-relative directions
  ---
  duration_ms: 0.118578
  type: 'test'
  ...
# Subtest: mushroom/5 marks follow the approved face-relative directions
ok 2186 - mushroom/5 marks follow the approved face-relative directions
  ---
  duration_ms: 0.114302
  type: 'test'
  ...
# Subtest: mushroom/6 marks follow the approved face-relative directions
ok 2187 - mushroom/6 marks follow the approved face-relative directions
  ---
  duration_ms: 0.111708
  type: 'test'
  ...
# Subtest: mushroom/7 marks follow the approved face-relative directions
ok 2188 - mushroom/7 marks follow the approved face-relative directions
  ---
  duration_ms: 2.452974
  type: 'test'
  ...
# Subtest: mushroom/8 marks follow the approved face-relative directions
ok 2189 - mushroom/8 marks follow the approved face-relative directions
  ---
  duration_ms: 0.124016
  type: 'test'
  ...
# Subtest: dragon/1 marks follow the approved face-relative directions
ok 2190 - dragon/1 marks follow the approved face-relative directions
  ---
  duration_ms: 0.108333
  type: 'test'
  ...
# Subtest: dragon/2 marks follow the approved face-relative directions
ok 2191 - dragon/2 marks follow the approved face-relative directions
  ---
  duration_ms: 0.115684
  type: 'test'
  ...
# Subtest: dragon/3 marks follow the approved face-relative directions
ok 2192 - dragon/3 marks follow the approved face-relative directions
  ---
  duration_ms: 0.112129
  type: 'test'
  ...
# Subtest: dragon/4 marks follow the approved face-relative directions
ok 2193 - dragon/4 marks follow the approved face-relative directions
  ---
  duration_ms: 0.141283
  type: 'test'
  ...
# Subtest: dragon/5 marks follow the approved face-relative directions
ok 2194 - dragon/5 marks follow the approved face-relative directions
  ---
  duration_ms: 0.109515
  type: 'test'
  ...
# Subtest: dragon/6 marks follow the approved face-relative directions
ok 2195 - dragon/6 marks follow the approved face-relative directions
  ---
  duration_ms: 0.103446
  type: 'test'
  ...
# Subtest: dragon/7 marks follow the approved face-relative directions
ok 2196 - dragon/7 marks follow the approved face-relative directions
  ---
  duration_ms: 0.104758
  type: 'test'
  ...
# Subtest: dragon/8 marks follow the approved face-relative directions
ok 2197 - dragon/8 marks follow the approved face-relative directions
  ---
  duration_ms: 0.103947
  type: 'test'
  ...
# Subtest: phoenix/1 marks follow the approved face-relative directions
ok 2198 - phoenix/1 marks follow the approved face-relative directions
  ---
  duration_ms: 0.104127
  type: 'test'
  ...
# Subtest: phoenix/2 marks follow the approved face-relative directions
ok 2199 - phoenix/2 marks follow the approved face-relative directions
  ---
  duration_ms: 0.097847
  type: 'test'
  ...
# Subtest: phoenix/3 marks follow the approved face-relative directions
ok 2200 - phoenix/3 marks follow the approved face-relative directions
  ---
  duration_ms: 0.101403
  type: 'test'
  ...
# Subtest: phoenix/4 marks follow the approved face-relative directions
ok 2201 - phoenix/4 marks follow the approved face-relative directions
  ---
  duration_ms: 0.138499
  type: 'test'
  ...
# Subtest: phoenix/5 marks follow the approved face-relative directions
ok 2202 - phoenix/5 marks follow the approved face-relative directions
  ---
  duration_ms: 0.11295
  type: 'test'
  ...
# Subtest: phoenix/6 marks follow the approved face-relative directions
ok 2203 - phoenix/6 marks follow the approved face-relative directions
  ---
  duration_ms: 0.100692
  type: 'test'
  ...
# Subtest: phoenix/7 marks follow the approved face-relative directions
ok 2204 - phoenix/7 marks follow the approved face-relative directions
  ---
  duration_ms: 0.106521
  type: 'test'
  ...
# Subtest: phoenix/8 marks follow the approved face-relative directions
ok 2205 - phoenix/8 marks follow the approved face-relative directions
  ---
  duration_ms: 0.104037
  type: 'test'
  ...
# Subtest: god/1 marks follow the approved face-relative directions
ok 2206 - god/1 marks follow the approved face-relative directions
  ---
  duration_ms: 0.104678
  type: 'test'
  ...
# Subtest: god/2 marks follow the approved face-relative directions
ok 2207 - god/2 marks follow the approved face-relative directions
  ---
  duration_ms: 0.103196
  type: 'test'
  ...
# Subtest: god/3 marks follow the approved face-relative directions
ok 2208 - god/3 marks follow the approved face-relative directions
  ---
  duration_ms: 0.11971
  type: 'test'
  ...
# Subtest: god/4 marks follow the approved face-relative directions
ok 2209 - god/4 marks follow the approved face-relative directions
  ---
  duration_ms: 3.043323
  type: 'test'
  ...
# Subtest: god/5 marks follow the approved face-relative directions
ok 2210 - god/5 marks follow the approved face-relative directions
  ---
  duration_ms: 0.149535
  type: 'test'
  ...
# Subtest: god/6 marks follow the approved face-relative directions
ok 2211 - god/6 marks follow the approved face-relative directions
  ---
  duration_ms: 0.128313
  type: 'test'
  ...
# Subtest: god/7 marks follow the approved face-relative directions
ok 2212 - god/7 marks follow the approved face-relative directions
  ---
  duration_ms: 0.124718
  type: 'test'
  ...
# Subtest: god/8 marks follow the approved face-relative directions
ok 2213 - god/8 marks follow the approved face-relative directions
  ---
  duration_ms: 0.121873
  type: 'test'
  ...
# Subtest: world_tree/1 marks follow the approved face-relative directions
ok 2214 - world_tree/1 marks follow the approved face-relative directions
  ---
  duration_ms: 0.116436
  type: 'test'
  ...
# Subtest: world_tree/2 marks follow the approved face-relative directions
ok 2215 - world_tree/2 marks follow the approved face-relative directions
  ---
  duration_ms: 0.128954
  type: 'test'
  ...
# Subtest: world_tree/3 marks follow the approved face-relative directions
ok 2216 - world_tree/3 marks follow the approved face-relative directions
  ---
  duration_ms: 0.111177
  type: 'test'
  ...
# Subtest: world_tree/4 marks follow the approved face-relative directions
ok 2217 - world_tree/4 marks follow the approved face-relative directions
  ---
  duration_ms: 0.097857
  type: 'test'
  ...
# Subtest: world_tree/5 marks follow the approved face-relative directions
ok 2218 - world_tree/5 marks follow the approved face-relative directions
  ---
  duration_ms: 0.109375
  type: 'test'
  ...
# Subtest: world_tree/6 marks follow the approved face-relative directions
ok 2219 - world_tree/6 marks follow the approved face-relative directions
  ---
  duration_ms: 0.121393
  type: 'test'
  ...
# Subtest: world_tree/7 marks follow the approved face-relative directions
ok 2220 - world_tree/7 marks follow the approved face-relative directions
  ---
  duration_ms: 0.116986
  type: 'test'
  ...
# Subtest: world_tree/8 marks follow the approved face-relative directions
ok 2221 - world_tree/8 marks follow the approved face-relative directions
  ---
  duration_ms: 0.113882
  type: 'test'
  ...
# Subtest: ghost/1 marks follow the approved face-relative directions
ok 2222 - ghost/1 marks follow the approved face-relative directions
  ---
  duration_ms: 0.11936
  type: 'test'
  ...
# Subtest: ghost/2 marks follow the approved face-relative directions
ok 2223 - ghost/2 marks follow the approved face-relative directions
  ---
  duration_ms: 0.130366
  type: 'test'
  ...
# Subtest: ghost/3 marks follow the approved face-relative directions
ok 2224 - ghost/3 marks follow the approved face-relative directions
  ---
  duration_ms: 0.121243
  type: 'test'
  ...
# Subtest: ghost/4 marks follow the approved face-relative directions
ok 2225 - ghost/4 marks follow the approved face-relative directions
  ---
  duration_ms: 0.273502
  type: 'test'
  ...
# Subtest: ghost/5 marks follow the approved face-relative directions
ok 2226 - ghost/5 marks follow the approved face-relative directions
  ---
  duration_ms: 0.117828
  type: 'test'
  ...
# Subtest: ghost/6 marks follow the approved face-relative directions
ok 2227 - ghost/6 marks follow the approved face-relative directions
  ---
  duration_ms: 0.115194
  type: 'test'
  ...
# Subtest: ghost/7 marks follow the approved face-relative directions
ok 2228 - ghost/7 marks follow the approved face-relative directions
  ---
  duration_ms: 0.137738
  type: 'test'
  ...
# Subtest: ghost/8 marks follow the approved face-relative directions
ok 2229 - ghost/8 marks follow the approved face-relative directions
  ---
  duration_ms: 0.115754
  type: 'test'
  ...
# Subtest: star/1 marks follow the approved face-relative directions
ok 2230 - star/1 marks follow the approved face-relative directions
  ---
  duration_ms: 0.113151
  type: 'test'
  ...
# Subtest: star/2 marks follow the approved face-relative directions
ok 2231 - star/2 marks follow the approved face-relative directions
  ---
  duration_ms: 0.109525
  type: 'test'
  ...
# Subtest: star/3 marks follow the approved face-relative directions
ok 2232 - star/3 marks follow the approved face-relative directions
  ---
  duration_ms: 0.107652
  type: 'test'
  ...
# Subtest: star/4 marks follow the approved face-relative directions
ok 2233 - star/4 marks follow the approved face-relative directions
  ---
  duration_ms: 0.107522
  type: 'test'
  ...
# Subtest: star/5 marks follow the approved face-relative directions
ok 2234 - star/5 marks follow the approved face-relative directions
  ---
  duration_ms: 0.10632
  type: 'test'
  ...
# Subtest: star/6 marks follow the approved face-relative directions
ok 2235 - star/6 marks follow the approved face-relative directions
  ---
  duration_ms: 0.129164
  type: 'test'
  ...
# Subtest: star/7 marks follow the approved face-relative directions
ok 2236 - star/7 marks follow the approved face-relative directions
  ---
  duration_ms: 0.116074
  type: 'test'
  ...
# Subtest: star/8 marks follow the approved face-relative directions
ok 2237 - star/8 marks follow the approved face-relative directions
  ---
  duration_ms: 0.104857
  type: 'test'
  ...
# Subtest: plush/1 marks follow the approved face-relative directions
ok 2238 - plush/1 marks follow the approved face-relative directions
  ---
  duration_ms: 0.118218
  type: 'test'
  ...
# Subtest: plush/2 marks follow the approved face-relative directions
ok 2239 - plush/2 marks follow the approved face-relative directions
  ---
  duration_ms: 0.113361
  type: 'test'
  ...
# Subtest: plush/3 marks follow the approved face-relative directions
ok 2240 - plush/3 marks follow the approved face-relative directions
  ---
  duration_ms: 0.104107
  type: 'test'
  ...
# Subtest: plush/4 marks follow the approved face-relative directions
ok 2241 - plush/4 marks follow the approved face-relative directions
  ---
  duration_ms: 0.104136
  type: 'test'
  ...
# Subtest: plush/5 marks follow the approved face-relative directions
ok 2242 - plush/5 marks follow the approved face-relative directions
  ---
  duration_ms: 0.111478
  type: 'test'
  ...
# Subtest: plush/6 marks follow the approved face-relative directions
ok 2243 - plush/6 marks follow the approved face-relative directions
  ---
  duration_ms: 0.129996
  type: 'test'
  ...
# Subtest: plush/7 marks follow the approved face-relative directions
ok 2244 - plush/7 marks follow the approved face-relative directions
  ---
  duration_ms: 0.111999
  type: 'test'
  ...
# Subtest: plush/8 marks follow the approved face-relative directions
ok 2245 - plush/8 marks follow the approved face-relative directions
  ---
  duration_ms: 0.11315
  type: 'test'
  ...
# Subtest: unknown/1 marks follow the approved face-relative directions
ok 2246 - unknown/1 marks follow the approved face-relative directions
  ---
  duration_ms: 0.102705
  type: 'test'
  ...
# Subtest: unknown/2 marks follow the approved face-relative directions
ok 2247 - unknown/2 marks follow the approved face-relative directions
  ---
  duration_ms: 0.115213
  type: 'test'
  ...
# Subtest: unknown/3 marks follow the approved face-relative directions
ok 2248 - unknown/3 marks follow the approved face-relative directions
  ---
  duration_ms: 0.109354
  type: 'test'
  ...
# Subtest: unknown/4 marks follow the approved face-relative directions
ok 2249 - unknown/4 marks follow the approved face-relative directions
  ---
  duration_ms: 0.117898
  type: 'test'
  ...
# Subtest: unknown/5 marks follow the approved face-relative directions
ok 2250 - unknown/5 marks follow the approved face-relative directions
  ---
  duration_ms: 0.168013
  type: 'test'
  ...
# Subtest: unknown/6 marks follow the approved face-relative directions
ok 2251 - unknown/6 marks follow the approved face-relative directions
  ---
  duration_ms: 0.109755
  type: 'test'
  ...
# Subtest: unknown/7 marks follow the approved face-relative directions
ok 2252 - unknown/7 marks follow the approved face-relative directions
  ---
  duration_ms: 0.105379
  type: 'test'
  ...
# Subtest: unknown/8 marks follow the approved face-relative directions
ok 2253 - unknown/8 marks follow the approved face-relative directions
  ---
  duration_ms: 0.103696
  type: 'test'
  ...
# Subtest: ren/1 marks follow the approved face-relative directions
ok 2254 - ren/1 marks follow the approved face-relative directions
  ---
  duration_ms: 0.109565
  type: 'test'
  ...
# Subtest: ren/2 marks follow the approved face-relative directions
ok 2255 - ren/2 marks follow the approved face-relative directions
  ---
  duration_ms: 0.117367
  type: 'test'
  ...
# Subtest: ren/3 marks follow the approved face-relative directions
ok 2256 - ren/3 marks follow the approved face-relative directions
  ---
  duration_ms: 0.117657
  type: 'test'
  ...
# Subtest: ren/4 marks follow the approved face-relative directions
ok 2257 - ren/4 marks follow the approved face-relative directions
  ---
  duration_ms: 0.135384
  type: 'test'
  ...
# Subtest: ren/5 marks follow the approved face-relative directions
ok 2258 - ren/5 marks follow the approved face-relative directions
  ---
  duration_ms: 0.118098
  type: 'test'
  ...
# Subtest: ren/6 marks follow the approved face-relative directions
ok 2259 - ren/6 marks follow the approved face-relative directions
  ---
  duration_ms: 0.125489
  type: 'test'
  ...
# Subtest: ren/7 marks follow the approved face-relative directions
ok 2260 - ren/7 marks follow the approved face-relative directions
  ---
  duration_ms: 0.123085
  type: 'test'
  ...
# Subtest: ren/8 marks follow the approved face-relative directions
ok 2261 - ren/8 marks follow the approved face-relative directions
  ---
  duration_ms: 0.124758
  type: 'test'
  ...
# Subtest: reviewed side marks read diagonally above the face, not alongside it
ok 2262 - reviewed side marks read diagonally above the face, not alongside it
  ---
  duration_ms: 1.278685
  type: 'test'
  ...
# Subtest: penguin/1 routes ten distinct expressions
ok 2263 - penguin/1 routes ten distinct expressions
  ---
  duration_ms: 0.217017
  type: 'test'
  ...
# Subtest: penguin/2 routes ten distinct expressions
ok 2264 - penguin/2 routes ten distinct expressions
  ---
  duration_ms: 0.130807
  type: 'test'
  ...
# Subtest: penguin/3 routes ten distinct expressions
ok 2265 - penguin/3 routes ten distinct expressions
  ---
  duration_ms: 0.128093
  type: 'test'
  ...
# Subtest: penguin/4 routes ten distinct expressions
ok 2266 - penguin/4 routes ten distinct expressions
  ---
  duration_ms: 0.147912
  type: 'test'
  ...
# Subtest: penguin/5 routes ten distinct expressions
ok 2267 - penguin/5 routes ten distinct expressions
  ---
  duration_ms: 0.103486
  type: 'test'
  ...
# Subtest: penguin/6 routes ten distinct expressions
ok 2268 - penguin/6 routes ten distinct expressions
  ---
  duration_ms: 0.191418
  type: 'test'
  ...
# Subtest: penguin/7 routes ten distinct expressions
ok 2269 - penguin/7 routes ten distinct expressions
  ---
  duration_ms: 0.113421
  type: 'test'
  ...
# Subtest: penguin/8 routes ten distinct expressions
ok 2270 - penguin/8 routes ten distinct expressions
  ---
  duration_ms: 0.11907
  type: 'test'
  ...
# Subtest: turtle/1 routes ten distinct expressions
ok 2271 - turtle/1 routes ten distinct expressions
  ---
  duration_ms: 0.137387
  type: 'test'
  ...
# Subtest: turtle/2 routes ten distinct expressions
ok 2272 - turtle/2 routes ten distinct expressions
  ---
  duration_ms: 0.096745
  type: 'test'
  ...
# Subtest: turtle/3 routes ten distinct expressions
ok 2273 - turtle/3 routes ten distinct expressions
  ---
  duration_ms: 2.294546
  type: 'test'
  ...
# Subtest: turtle/4 routes ten distinct expressions
ok 2274 - turtle/4 routes ten distinct expressions
  ---
  duration_ms: 0.085949
  type: 'test'
  ...
# Subtest: turtle/5 routes ten distinct expressions
ok 2275 - turtle/5 routes ten distinct expressions
  ---
  duration_ms: 0.107952
  type: 'test'
  ...
# Subtest: turtle/6 routes ten distinct expressions
ok 2276 - turtle/6 routes ten distinct expressions
  ---
  duration_ms: 0.087973
  type: 'test'
  ...
# Subtest: turtle/7 routes ten distinct expressions
ok 2277 - turtle/7 routes ten distinct expressions
  ---
  duration_ms: 0.074852
  type: 'test'
  ...
# Subtest: turtle/8 routes ten distinct expressions
ok 2278 - turtle/8 routes ten distinct expressions
  ---
  duration_ms: 0.071097
  type: 'test'
  ...
# Subtest: frog/1 routes ten distinct expressions
ok 2279 - frog/1 routes ten distinct expressions
  ---
  duration_ms: 0.073781
  type: 'test'
  ...
# Subtest: frog/2 routes ten distinct expressions
ok 2280 - frog/2 routes ten distinct expressions
  ---
  duration_ms: 0.069205
  type: 'test'
  ...
# Subtest: frog/3 routes ten distinct expressions
ok 2281 - frog/3 routes ten distinct expressions
  ---
  duration_ms: 0.068833
  type: 'test'
  ...
# Subtest: frog/4 routes ten distinct expressions
ok 2282 - frog/4 routes ten distinct expressions
  ---
  duration_ms: 0.071889
  type: 'test'
  ...
# Subtest: frog/5 routes ten distinct expressions
ok 2283 - frog/5 routes ten distinct expressions
  ---
  duration_ms: 0.068213
  type: 'test'
  ...
# Subtest: frog/6 routes ten distinct expressions
ok 2284 - frog/6 routes ten distinct expressions
  ---
  duration_ms: 0.076796
  type: 'test'
  ...
# Subtest: frog/7 routes ten distinct expressions
ok 2285 - frog/7 routes ten distinct expressions
  ---
  duration_ms: 0.084757
  type: 'test'
  ...
# Subtest: frog/8 routes ten distinct expressions
ok 2286 - frog/8 routes ten distinct expressions
  ---
  duration_ms: 0.078448
  type: 'test'
  ...
# Subtest: clownfish/1 routes ten distinct expressions
ok 2287 - clownfish/1 routes ten distinct expressions
  ---
  duration_ms: 0.070556
  type: 'test'
  ...
# Subtest: clownfish/2 routes ten distinct expressions
ok 2288 - clownfish/2 routes ten distinct expressions
  ---
  duration_ms: 0.068463
  type: 'test'
  ...
# Subtest: clownfish/3 routes ten distinct expressions
ok 2289 - clownfish/3 routes ten distinct expressions
  ---
  duration_ms: 0.068183
  type: 'test'
  ...
# Subtest: clownfish/4 routes ten distinct expressions
ok 2290 - clownfish/4 routes ten distinct expressions
  ---
  duration_ms: 0.065749
  type: 'test'
  ...
# Subtest: clownfish/5 routes ten distinct expressions
ok 2291 - clownfish/5 routes ten distinct expressions
  ---
  duration_ms: 0.068964
  type: 'test'
  ...
# Subtest: clownfish/6 routes ten distinct expressions
ok 2292 - clownfish/6 routes ten distinct expressions
  ---
  duration_ms: 0.069865
  type: 'test'
  ...
# Subtest: clownfish/7 routes ten distinct expressions
ok 2293 - clownfish/7 routes ten distinct expressions
  ---
  duration_ms: 0.06599
  type: 'test'
  ...
# Subtest: clownfish/8 routes ten distinct expressions
ok 2294 - clownfish/8 routes ten distinct expressions
  ---
  duration_ms: 0.065849
  type: 'test'
  ...
# Subtest: salmon/1 routes ten distinct expressions
ok 2295 - salmon/1 routes ten distinct expressions
  ---
  duration_ms: 0.068574
  type: 'test'
  ...
# Subtest: salmon/2 routes ten distinct expressions
ok 2296 - salmon/2 routes ten distinct expressions
  ---
  duration_ms: 0.066701
  type: 'test'
  ...
# Subtest: salmon/3 routes ten distinct expressions
ok 2297 - salmon/3 routes ten distinct expressions
  ---
  duration_ms: 0.111328
  type: 'test'
  ...
# Subtest: salmon/4 routes ten distinct expressions
ok 2298 - salmon/4 routes ten distinct expressions
  ---
  duration_ms: 0.091468
  type: 'test'
  ...
# Subtest: salmon/5 routes ten distinct expressions
ok 2299 - salmon/5 routes ten distinct expressions
  ---
  duration_ms: 0.089865
  type: 'test'
  ...
# Subtest: salmon/6 routes ten distinct expressions
ok 2300 - salmon/6 routes ten distinct expressions
  ---
  duration_ms: 0.081653
  type: 'test'
  ...
# Subtest: salmon/7 routes ten distinct expressions
ok 2301 - salmon/7 routes ten distinct expressions
  ---
  duration_ms: 0.077206
  type: 'test'
  ...
# Subtest: salmon/8 routes ten distinct expressions
ok 2302 - salmon/8 routes ten distinct expressions
  ---
  duration_ms: 0.084537
  type: 'test'
  ...
# Subtest: hermit_crab/1 routes ten distinct expressions
ok 2303 - hermit_crab/1 routes ten distinct expressions
  ---
  duration_ms: 0.075744
  type: 'test'
  ...
# Subtest: hermit_crab/2 routes ten distinct expressions
ok 2304 - hermit_crab/2 routes ten distinct expressions
  ---
  duration_ms: 0.075995
  type: 'test'
  ...
# Subtest: hermit_crab/3 routes ten distinct expressions
ok 2305 - hermit_crab/3 routes ten distinct expressions
  ---
  duration_ms: 0.076685
  type: 'test'
  ...
# Subtest: hermit_crab/4 routes ten distinct expressions
ok 2306 - hermit_crab/4 routes ten distinct expressions
  ---
  duration_ms: 0.077968
  type: 'test'
  ...
# Subtest: hermit_crab/5 routes ten distinct expressions
ok 2307 - hermit_crab/5 routes ten distinct expressions
  ---
  duration_ms: 0.096765
  type: 'test'
  ...
# Subtest: hermit_crab/6 routes ten distinct expressions
ok 2308 - hermit_crab/6 routes ten distinct expressions
  ---
  duration_ms: 0.088603
  type: 'test'
  ...
# Subtest: hermit_crab/7 routes ten distinct expressions
ok 2309 - hermit_crab/7 routes ten distinct expressions
  ---
  duration_ms: 0.070877
  type: 'test'
  ...
# Subtest: hermit_crab/8 routes ten distinct expressions
ok 2310 - hermit_crab/8 routes ten distinct expressions
  ---
  duration_ms: 0.071688
  type: 'test'
  ...
# Subtest: jellyfish/1 routes ten distinct expressions
ok 2311 - jellyfish/1 routes ten distinct expressions
  ---
  duration_ms: 0.079519
  type: 'test'
  ...
# Subtest: jellyfish/2 routes ten distinct expressions
ok 2312 - jellyfish/2 routes ten distinct expressions
  ---
  duration_ms: 0.077447
  type: 'test'
  ...
# Subtest: jellyfish/3 routes ten distinct expressions
ok 2313 - jellyfish/3 routes ten distinct expressions
  ---
  duration_ms: 0.073772
  type: 'test'
  ...
# Subtest: jellyfish/4 routes ten distinct expressions
ok 2314 - jellyfish/4 routes ten distinct expressions
  ---
  duration_ms: 0.072359
  type: 'test'
  ...
# Subtest: jellyfish/5 routes ten distinct expressions
ok 2315 - jellyfish/5 routes ten distinct expressions
  ---
  duration_ms: 0.076244
  type: 'test'
  ...
# Subtest: jellyfish/6 routes ten distinct expressions
ok 2316 - jellyfish/6 routes ten distinct expressions
  ---
  duration_ms: 0.071418
  type: 'test'
  ...
# Subtest: jellyfish/7 routes ten distinct expressions
ok 2317 - jellyfish/7 routes ten distinct expressions
  ---
  duration_ms: 0.09976
  type: 'test'
  ...
# Subtest: jellyfish/8 routes ten distinct expressions
ok 2318 - jellyfish/8 routes ten distinct expressions
  ---
  duration_ms: 0.086861
  type: 'test'
  ...
# Subtest: starfish/1 routes ten distinct expressions
ok 2319 - starfish/1 routes ten distinct expressions
  ---
  duration_ms: 0.074231
  type: 'test'
  ...
# Subtest: starfish/2 routes ten distinct expressions
ok 2320 - starfish/2 routes ten distinct expressions
  ---
  duration_ms: 0.073982
  type: 'test'
  ...
# Subtest: starfish/3 routes ten distinct expressions
ok 2321 - starfish/3 routes ten distinct expressions
  ---
  duration_ms: 0.07307
  type: 'test'
  ...
# Subtest: starfish/4 routes ten distinct expressions
ok 2322 - starfish/4 routes ten distinct expressions
  ---
  duration_ms: 0.077106
  type: 'test'
  ...
# Subtest: starfish/5 routes ten distinct expressions
ok 2323 - starfish/5 routes ten distinct expressions
  ---
  duration_ms: 0.097447
  type: 'test'
  ...
# Subtest: starfish/6 routes ten distinct expressions
ok 2324 - starfish/6 routes ten distinct expressions
  ---
  duration_ms: 0.070596
  type: 'test'
  ...
# Subtest: starfish/7 routes ten distinct expressions
ok 2325 - starfish/7 routes ten distinct expressions
  ---
  duration_ms: 0.074453
  type: 'test'
  ...
# Subtest: starfish/8 routes ten distinct expressions
ok 2326 - starfish/8 routes ten distinct expressions
  ---
  duration_ms: 0.077227
  type: 'test'
  ...
# Subtest: coral/1 routes ten distinct expressions
ok 2327 - coral/1 routes ten distinct expressions
  ---
  duration_ms: 0.096646
  type: 'test'
  ...
# Subtest: coral/2 routes ten distinct expressions
ok 2328 - coral/2 routes ten distinct expressions
  ---
  duration_ms: 0.081683
  type: 'test'
  ...
# Subtest: coral/3 routes ten distinct expressions
ok 2329 - coral/3 routes ten distinct expressions
  ---
  duration_ms: 0.079991
  type: 'test'
  ...
# Subtest: coral/4 routes ten distinct expressions
ok 2330 - coral/4 routes ten distinct expressions
  ---
  duration_ms: 0.081392
  type: 'test'
  ...
# Subtest: coral/5 routes ten distinct expressions
ok 2331 - coral/5 routes ten distinct expressions
  ---
  duration_ms: 0.092299
  type: 'test'
  ...
# Subtest: coral/6 routes ten distinct expressions
ok 2332 - coral/6 routes ten distinct expressions
  ---
  duration_ms: 0.081603
  type: 'test'
  ...
# Subtest: coral/7 routes ten distinct expressions
ok 2333 - coral/7 routes ten distinct expressions
  ---
  duration_ms: 0.071207
  type: 'test'
  ...
# Subtest: coral/8 routes ten distinct expressions
ok 2334 - coral/8 routes ten distinct expressions
  ---
  duration_ms: 0.073651
  type: 'test'
  ...
# Subtest: butterfly/1 routes ten distinct expressions
ok 2335 - butterfly/1 routes ten distinct expressions
  ---
  duration_ms: 0.076035
  type: 'test'
  ...
# Subtest: butterfly/2 routes ten distinct expressions
ok 2336 - butterfly/2 routes ten distinct expressions
  ---
  duration_ms: 0.069054
  type: 'test'
  ...
# Subtest: butterfly/3 routes ten distinct expressions
ok 2337 - butterfly/3 routes ten distinct expressions
  ---
  duration_ms: 0.063165
  type: 'test'
  ...
# Subtest: butterfly/4 routes ten distinct expressions
ok 2338 - butterfly/4 routes ten distinct expressions
  ---
  duration_ms: 0.077647
  type: 'test'
  ...
# Subtest: butterfly/5 routes ten distinct expressions
ok 2339 - butterfly/5 routes ten distinct expressions
  ---
  duration_ms: 0.068443
  type: 'test'
  ...
# Subtest: butterfly/6 routes ten distinct expressions
ok 2340 - butterfly/6 routes ten distinct expressions
  ---
  duration_ms: 0.074362
  type: 'test'
  ...
# Subtest: butterfly/7 routes ten distinct expressions
ok 2341 - butterfly/7 routes ten distinct expressions
  ---
  duration_ms: 0.083556
  type: 'test'
  ...
# Subtest: butterfly/8 routes ten distinct expressions
ok 2342 - butterfly/8 routes ten distinct expressions
  ---
  duration_ms: 0.07319
  type: 'test'
  ...
# Subtest: beetle/1 routes ten distinct expressions
ok 2343 - beetle/1 routes ten distinct expressions
  ---
  duration_ms: 0.070836
  type: 'test'
  ...
# Subtest: beetle/2 routes ten distinct expressions
ok 2344 - beetle/2 routes ten distinct expressions
  ---
  duration_ms: 0.075103
  type: 'test'
  ...
# Subtest: beetle/3 routes ten distinct expressions
ok 2345 - beetle/3 routes ten distinct expressions
  ---
  duration_ms: 0.072939
  type: 'test'
  ...
# Subtest: beetle/4 routes ten distinct expressions
ok 2346 - beetle/4 routes ten distinct expressions
  ---
  duration_ms: 0.078248
  type: 'test'
  ...
# Subtest: beetle/5 routes ten distinct expressions
ok 2347 - beetle/5 routes ten distinct expressions
  ---
  duration_ms: 0.07291
  type: 'test'
  ...
# Subtest: beetle/6 routes ten distinct expressions
ok 2348 - beetle/6 routes ten distinct expressions
  ---
  duration_ms: 0.094302
  type: 'test'
  ...
# Subtest: beetle/7 routes ten distinct expressions
ok 2349 - beetle/7 routes ten distinct expressions
  ---
  duration_ms: 0.077026
  type: 'test'
  ...
# Subtest: beetle/8 routes ten distinct expressions
ok 2350 - beetle/8 routes ten distinct expressions
  ---
  duration_ms: 0.068944
  type: 'test'
  ...
# Subtest: stagbeetle/1 routes ten distinct expressions
ok 2351 - stagbeetle/1 routes ten distinct expressions
  ---
  duration_ms: 0.076705
  type: 'test'
  ...
# Subtest: stagbeetle/2 routes ten distinct expressions
ok 2352 - stagbeetle/2 routes ten distinct expressions
  ---
  duration_ms: 0.07357
  type: 'test'
  ...
# Subtest: stagbeetle/3 routes ten distinct expressions
ok 2353 - stagbeetle/3 routes ten distinct expressions
  ---
  duration_ms: 0.0724
  type: 'test'
  ...
# Subtest: stagbeetle/4 routes ten distinct expressions
ok 2354 - stagbeetle/4 routes ten distinct expressions
  ---
  duration_ms: 0.084046
  type: 'test'
  ...
# Subtest: stagbeetle/5 routes ten distinct expressions
ok 2355 - stagbeetle/5 routes ten distinct expressions
  ---
  duration_ms: 0.073761
  type: 'test'
  ...
# Subtest: stagbeetle/6 routes ten distinct expressions
ok 2356 - stagbeetle/6 routes ten distinct expressions
  ---
  duration_ms: 0.069645
  type: 'test'
  ...
# Subtest: stagbeetle/7 routes ten distinct expressions
ok 2357 - stagbeetle/7 routes ten distinct expressions
  ---
  duration_ms: 0.073831
  type: 'test'
  ...
# Subtest: stagbeetle/8 routes ten distinct expressions
ok 2358 - stagbeetle/8 routes ten distinct expressions
  ---
  duration_ms: 0.071868
  type: 'test'
  ...
# Subtest: cicada/1 routes ten distinct expressions
ok 2359 - cicada/1 routes ten distinct expressions
  ---
  duration_ms: 0.091628
  type: 'test'
  ...
# Subtest: cicada/2 routes ten distinct expressions
ok 2360 - cicada/2 routes ten distinct expressions
  ---
  duration_ms: 0.074042
  type: 'test'
  ...
# Subtest: cicada/3 routes ten distinct expressions
ok 2361 - cicada/3 routes ten distinct expressions
  ---
  duration_ms: 0.074983
  type: 'test'
  ...
# Subtest: cicada/4 routes ten distinct expressions
ok 2362 - cicada/4 routes ten distinct expressions
  ---
  duration_ms: 0.070827
  type: 'test'
  ...
# Subtest: cicada/5 routes ten distinct expressions
ok 2363 - cicada/5 routes ten distinct expressions
  ---
  duration_ms: 0.069244
  type: 'test'
  ...
# Subtest: cicada/6 routes ten distinct expressions
ok 2364 - cicada/6 routes ten distinct expressions
  ---
  duration_ms: 0.074763
  type: 'test'
  ...
# Subtest: cicada/7 routes ten distinct expressions
ok 2365 - cicada/7 routes ten distinct expressions
  ---
  duration_ms: 0.071528
  type: 'test'
  ...
# Subtest: cicada/8 routes ten distinct expressions
ok 2366 - cicada/8 routes ten distinct expressions
  ---
  duration_ms: 0.070416
  type: 'test'
  ...
# Subtest: antlion/1 routes ten distinct expressions
ok 2367 - antlion/1 routes ten distinct expressions
  ---
  duration_ms: 0.091728
  type: 'test'
  ...
# Subtest: antlion/2 routes ten distinct expressions
ok 2368 - antlion/2 routes ten distinct expressions
  ---
  duration_ms: 0.095965
  type: 'test'
  ...
# Subtest: antlion/3 routes ten distinct expressions
ok 2369 - antlion/3 routes ten distinct expressions
  ---
  duration_ms: 0.110726
  type: 'test'
  ...
# Subtest: antlion/4 routes ten distinct expressions
ok 2370 - antlion/4 routes ten distinct expressions
  ---
  duration_ms: 0.094062
  type: 'test'
  ...
# Subtest: antlion/5 routes ten distinct expressions
ok 2371 - antlion/5 routes ten distinct expressions
  ---
  duration_ms: 0.082334
  type: 'test'
  ...
# Subtest: antlion/6 routes ten distinct expressions
ok 2372 - antlion/6 routes ten distinct expressions
  ---
  duration_ms: 0.087262
  type: 'test'
  ...
# Subtest: antlion/7 routes ten distinct expressions
ok 2373 - antlion/7 routes ten distinct expressions
  ---
  duration_ms: 0.091417
  type: 'test'
  ...
# Subtest: antlion/8 routes ten distinct expressions
ok 2374 - antlion/8 routes ten distinct expressions
  ---
  duration_ms: 0.085038
  type: 'test'
  ...
# Subtest: dandelion/1 routes ten distinct expressions
ok 2375 - dandelion/1 routes ten distinct expressions
  ---
  duration_ms: 0.087682
  type: 'test'
  ...
# Subtest: dandelion/2 routes ten distinct expressions
ok 2376 - dandelion/2 routes ten distinct expressions
  ---
  duration_ms: 0.096386
  type: 'test'
  ...
# Subtest: dandelion/3 routes ten distinct expressions
ok 2377 - dandelion/3 routes ten distinct expressions
  ---
  duration_ms: 0.092189
  type: 'test'
  ...
# Subtest: dandelion/4 routes ten distinct expressions
ok 2378 - dandelion/4 routes ten distinct expressions
  ---
  duration_ms: 0.111017
  type: 'test'
  ...
# Subtest: dandelion/5 routes ten distinct expressions
ok 2379 - dandelion/5 routes ten distinct expressions
  ---
  duration_ms: 0.091988
  type: 'test'
  ...
# Subtest: dandelion/6 routes ten distinct expressions
ok 2380 - dandelion/6 routes ten distinct expressions
  ---
  duration_ms: 0.088273
  type: 'test'
  ...
# Subtest: dandelion/7 routes ten distinct expressions
ok 2381 - dandelion/7 routes ten distinct expressions
  ---
  duration_ms: 0.0927
  type: 'test'
  ...
# Subtest: dandelion/8 routes ten distinct expressions
ok 2382 - dandelion/8 routes ten distinct expressions
  ---
  duration_ms: 0.097266
  type: 'test'
  ...
# Subtest: sakura/1 routes ten distinct expressions
ok 2383 - sakura/1 routes ten distinct expressions
  ---
  duration_ms: 0.105779
  type: 'test'
  ...
# Subtest: sakura/2 routes ten distinct expressions
ok 2384 - sakura/2 routes ten distinct expressions
  ---
  duration_ms: 0.097888
  type: 'test'
  ...
# Subtest: sakura/3 routes ten distinct expressions
ok 2385 - sakura/3 routes ten distinct expressions
  ---
  duration_ms: 0.088543
  type: 'test'
  ...
# Subtest: sakura/4 routes ten distinct expressions
ok 2386 - sakura/4 routes ten distinct expressions
  ---
  duration_ms: 0.096255
  type: 'test'
  ...
# Subtest: sakura/5 routes ten distinct expressions
ok 2387 - sakura/5 routes ten distinct expressions
  ---
  duration_ms: 0.108814
  type: 'test'
  ...
# Subtest: sakura/6 routes ten distinct expressions
ok 2388 - sakura/6 routes ten distinct expressions
  ---
  duration_ms: 0.087532
  type: 'test'
  ...
# Subtest: sakura/7 routes ten distinct expressions
ok 2389 - sakura/7 routes ten distinct expressions
  ---
  duration_ms: 0.092599
  type: 'test'
  ...
# Subtest: sakura/8 routes ten distinct expressions
ok 2390 - sakura/8 routes ten distinct expressions
  ---
  duration_ms: 0.095664
  type: 'test'
  ...
# Subtest: venus_flytrap/1 routes ten distinct expressions
ok 2391 - venus_flytrap/1 routes ten distinct expressions
  ---
  duration_ms: 0.098268
  type: 'test'
  ...
# Subtest: venus_flytrap/2 routes ten distinct expressions
ok 2392 - venus_flytrap/2 routes ten distinct expressions
  ---
  duration_ms: 0.091789
  type: 'test'
  ...
# Subtest: venus_flytrap/3 routes ten distinct expressions
ok 2393 - venus_flytrap/3 routes ten distinct expressions
  ---
  duration_ms: 0.106601
  type: 'test'
  ...
# Subtest: venus_flytrap/4 routes ten distinct expressions
ok 2394 - venus_flytrap/4 routes ten distinct expressions
  ---
  duration_ms: 0.135223
  type: 'test'
  ...
# Subtest: venus_flytrap/5 routes ten distinct expressions
ok 2395 - venus_flytrap/5 routes ten distinct expressions
  ---
  duration_ms: 0.10581
  type: 'test'
  ...
# Subtest: venus_flytrap/6 routes ten distinct expressions
ok 2396 - venus_flytrap/6 routes ten distinct expressions
  ---
  duration_ms: 0.10641
  type: 'test'
  ...
# Subtest: venus_flytrap/7 routes ten distinct expressions
ok 2397 - venus_flytrap/7 routes ten distinct expressions
  ---
  duration_ms: 0.098188
  type: 'test'
  ...
# Subtest: venus_flytrap/8 routes ten distinct expressions
ok 2398 - venus_flytrap/8 routes ten distinct expressions
  ---
  duration_ms: 0.09972
  type: 'test'
  ...
# Subtest: mushroom/1 routes ten distinct expressions
ok 2399 - mushroom/1 routes ten distinct expressions
  ---
  duration_ms: 0.119009
  type: 'test'
  ...
# Subtest: mushroom/2 routes ten distinct expressions
ok 2400 - mushroom/2 routes ten distinct expressions
  ---
  duration_ms: 0.114222
  type: 'test'
  ...
# Subtest: mushroom/3 routes ten distinct expressions
ok 2401 - mushroom/3 routes ten distinct expressions
  ---
  duration_ms: 0.126861
  type: 'test'
  ...
# Subtest: mushroom/4 routes ten distinct expressions
ok 2402 - mushroom/4 routes ten distinct expressions
  ---
  duration_ms: 0.11982
  type: 'test'
  ...
# Subtest: mushroom/5 routes ten distinct expressions
ok 2403 - mushroom/5 routes ten distinct expressions
  ---
  duration_ms: 0.109134
  type: 'test'
  ...
# Subtest: mushroom/6 routes ten distinct expressions
ok 2404 - mushroom/6 routes ten distinct expressions
  ---
  duration_ms: 0.112129
  type: 'test'
  ...
# Subtest: mushroom/7 routes ten distinct expressions
ok 2405 - mushroom/7 routes ten distinct expressions
  ---
  duration_ms: 0.117938
  type: 'test'
  ...
# Subtest: mushroom/8 routes ten distinct expressions
ok 2406 - mushroom/8 routes ten distinct expressions
  ---
  duration_ms: 0.114613
  type: 'test'
  ...
# Subtest: dragon/1 routes ten distinct expressions
ok 2407 - dragon/1 routes ten distinct expressions
  ---
  duration_ms: 0.110085
  type: 'test'
  ...
# Subtest: dragon/2 routes ten distinct expressions
ok 2408 - dragon/2 routes ten distinct expressions
  ---
  duration_ms: 0.129806
  type: 'test'
  ...
# Subtest: dragon/3 routes ten distinct expressions
ok 2409 - dragon/3 routes ten distinct expressions
  ---
  duration_ms: 0.121042
  type: 'test'
  ...
# Subtest: dragon/4 routes ten distinct expressions
ok 2410 - dragon/4 routes ten distinct expressions
  ---
  duration_ms: 0.09311
  type: 'test'
  ...
# Subtest: dragon/5 routes ten distinct expressions
ok 2411 - dragon/5 routes ten distinct expressions
  ---
  duration_ms: 0.089144
  type: 'test'
  ...
# Subtest: dragon/6 routes ten distinct expressions
ok 2412 - dragon/6 routes ten distinct expressions
  ---
  duration_ms: 0.104868
  type: 'test'
  ...
# Subtest: dragon/7 routes ten distinct expressions
ok 2413 - dragon/7 routes ten distinct expressions
  ---
  duration_ms: 0.117617
  type: 'test'
  ...
# Subtest: dragon/8 routes ten distinct expressions
ok 2414 - dragon/8 routes ten distinct expressions
  ---
  duration_ms: 0.108514
  type: 'test'
  ...
# Subtest: phoenix/1 routes ten distinct expressions
ok 2415 - phoenix/1 routes ten distinct expressions
  ---
  duration_ms: 0.112069
  type: 'test'
  ...
# Subtest: phoenix/2 routes ten distinct expressions
ok 2416 - phoenix/2 routes ten distinct expressions
  ---
  duration_ms: 0.139961
  type: 'test'
  ...
# Subtest: phoenix/3 routes ten distinct expressions
ok 2417 - phoenix/3 routes ten distinct expressions
  ---
  duration_ms: 0.115184
  type: 'test'
  ...
# Subtest: phoenix/4 routes ten distinct expressions
ok 2418 - phoenix/4 routes ten distinct expressions
  ---
  duration_ms: 0.110186
  type: 'test'
  ...
# Subtest: phoenix/5 routes ten distinct expressions
ok 2419 - phoenix/5 routes ten distinct expressions
  ---
  duration_ms: 0.102264
  type: 'test'
  ...
# Subtest: phoenix/6 routes ten distinct expressions
ok 2420 - phoenix/6 routes ten distinct expressions
  ---
  duration_ms: 0.111618
  type: 'test'
  ...
# Subtest: phoenix/7 routes ten distinct expressions
ok 2421 - phoenix/7 routes ten distinct expressions
  ---
  duration_ms: 0.109164
  type: 'test'
  ...
# Subtest: phoenix/8 routes ten distinct expressions
ok 2422 - phoenix/8 routes ten distinct expressions
  ---
  duration_ms: 0.09917
  type: 'test'
  ...
# Subtest: god/1 routes ten distinct expressions
ok 2423 - god/1 routes ten distinct expressions
  ---
  duration_ms: 0.120631
  type: 'test'
  ...
# Subtest: god/2 routes ten distinct expressions
ok 2424 - god/2 routes ten distinct expressions
  ---
  duration_ms: 0.097567
  type: 'test'
  ...
# Subtest: god/3 routes ten distinct expressions
ok 2425 - god/3 routes ten distinct expressions
  ---
  duration_ms: 0.09953
  type: 'test'
  ...
# Subtest: god/4 routes ten distinct expressions
ok 2426 - god/4 routes ten distinct expressions
  ---
  duration_ms: 0.286271
  type: 'test'
  ...
# Subtest: god/5 routes ten distinct expressions
ok 2427 - god/5 routes ten distinct expressions
  ---
  duration_ms: 0.293692
  type: 'test'
  ...
# Subtest: god/6 routes ten distinct expressions
ok 2428 - god/6 routes ten distinct expressions
  ---
  duration_ms: 0.155995
  type: 'test'
  ...
# Subtest: god/7 routes ten distinct expressions
ok 2429 - god/7 routes ten distinct expressions
  ---
  duration_ms: 0.123005
  type: 'test'
  ...
# Subtest: god/8 routes ten distinct expressions
ok 2430 - god/8 routes ten distinct expressions
  ---
  duration_ms: 0.237027
  type: 'test'
  ...
# Subtest: world_tree/1 routes ten distinct expressions
ok 2431 - world_tree/1 routes ten distinct expressions
  ---
  duration_ms: 0.243356
  type: 'test'
  ...
# Subtest: world_tree/2 routes ten distinct expressions
ok 2432 - world_tree/2 routes ten distinct expressions
  ---
  duration_ms: 0.121073
  type: 'test'
  ...
# Subtest: world_tree/3 routes ten distinct expressions
ok 2433 - world_tree/3 routes ten distinct expressions
  ---
  duration_ms: 0.124357
  type: 'test'
  ...
# Subtest: world_tree/4 routes ten distinct expressions
ok 2434 - world_tree/4 routes ten distinct expressions
  ---
  duration_ms: 0.110507
  type: 'test'
  ...
# Subtest: world_tree/5 routes ten distinct expressions
ok 2435 - world_tree/5 routes ten distinct expressions
  ---
  duration_ms: 0.107663
  type: 'test'
  ...
# Subtest: world_tree/6 routes ten distinct expressions
ok 2436 - world_tree/6 routes ten distinct expressions
  ---
  duration_ms: 0.102144
  type: 'test'
  ...
# Subtest: world_tree/7 routes ten distinct expressions
ok 2437 - world_tree/7 routes ten distinct expressions
  ---
  duration_ms: 0.091798
  type: 'test'
  ...
# Subtest: world_tree/8 routes ten distinct expressions
ok 2438 - world_tree/8 routes ten distinct expressions
  ---
  duration_ms: 0.103757
  type: 'test'
  ...
# Subtest: ghost/1 routes ten distinct expressions
ok 2439 - ghost/1 routes ten distinct expressions
  ---
  duration_ms: 0.092109
  type: 'test'
  ...
# Subtest: ghost/2 routes ten distinct expressions
ok 2440 - ghost/2 routes ten distinct expressions
  ---
  duration_ms: 0.102374
  type: 'test'
  ...
# Subtest: ghost/3 routes ten distinct expressions
ok 2441 - ghost/3 routes ten distinct expressions
  ---
  duration_ms: 0.103355
  type: 'test'
  ...
# Subtest: ghost/4 routes ten distinct expressions
ok 2442 - ghost/4 routes ten distinct expressions
  ---
  duration_ms: 0.106901
  type: 'test'
  ...
# Subtest: ghost/5 routes ten distinct expressions
ok 2443 - ghost/5 routes ten distinct expressions
  ---
  duration_ms: 0.094052
  type: 'test'
  ...
# Subtest: ghost/6 routes ten distinct expressions
ok 2444 - ghost/6 routes ten distinct expressions
  ---
  duration_ms: 0.08658
  type: 'test'
  ...
# Subtest: ghost/7 routes ten distinct expressions
ok 2445 - ghost/7 routes ten distinct expressions
  ---
  duration_ms: 0.086951
  type: 'test'
  ...
# Subtest: ghost/8 routes ten distinct expressions
ok 2446 - ghost/8 routes ten distinct expressions
  ---
  duration_ms: 0.09955
  type: 'test'
  ...
# Subtest: star/1 routes ten distinct expressions
ok 2447 - star/1 routes ten distinct expressions
  ---
  duration_ms: 0.091628
  type: 'test'
  ...
# Subtest: star/2 routes ten distinct expressions
ok 2448 - star/2 routes ten distinct expressions
  ---
  duration_ms: 0.080441
  type: 'test'
  ...
# Subtest: star/3 routes ten distinct expressions
ok 2449 - star/3 routes ten distinct expressions
  ---
  duration_ms: 0.085639
  type: 'test'
  ...
# Subtest: star/4 routes ten distinct expressions
ok 2450 - star/4 routes ten distinct expressions
  ---
  duration_ms: 0.085959
  type: 'test'
  ...
# Subtest: star/5 routes ten distinct expressions
ok 2451 - star/5 routes ten distinct expressions
  ---
  duration_ms: 0.084106
  type: 'test'
  ...
# Subtest: star/6 routes ten distinct expressions
ok 2452 - star/6 routes ten distinct expressions
  ---
  duration_ms: 0.104067
  type: 'test'
  ...
# Subtest: star/7 routes ten distinct expressions
ok 2453 - star/7 routes ten distinct expressions
  ---
  duration_ms: 0.092299
  type: 'test'
  ...
# Subtest: star/8 routes ten distinct expressions
ok 2454 - star/8 routes ten distinct expressions
  ---
  duration_ms: 0.083596
  type: 'test'
  ...
# Subtest: plush/1 routes ten distinct expressions
ok 2455 - plush/1 routes ten distinct expressions
  ---
  duration_ms: 0.083936
  type: 'test'
  ...
# Subtest: plush/2 routes ten distinct expressions
ok 2456 - plush/2 routes ten distinct expressions
  ---
  duration_ms: 0.090526
  type: 'test'
  ...
# Subtest: plush/3 routes ten distinct expressions
ok 2457 - plush/3 routes ten distinct expressions
  ---
  duration_ms: 0.08636
  type: 'test'
  ...
# Subtest: plush/4 routes ten distinct expressions
ok 2458 - plush/4 routes ten distinct expressions
  ---
  duration_ms: 0.081042
  type: 'test'
  ...
# Subtest: plush/5 routes ten distinct expressions
ok 2459 - plush/5 routes ten distinct expressions
  ---
  duration_ms: 0.085719
  type: 'test'
  ...
# Subtest: plush/6 routes ten distinct expressions
ok 2460 - plush/6 routes ten distinct expressions
  ---
  duration_ms: 0.111008
  type: 'test'
  ...
# Subtest: plush/7 routes ten distinct expressions
ok 2461 - plush/7 routes ten distinct expressions
  ---
  duration_ms: 0.1064
  type: 'test'
  ...
# Subtest: plush/8 routes ten distinct expressions
ok 2462 - plush/8 routes ten distinct expressions
  ---
  duration_ms: 0.113781
  type: 'test'
  ...
# Subtest: unknown/1 routes ten distinct expressions
ok 2463 - unknown/1 routes ten distinct expressions
  ---
  duration_ms: 0.107813
  type: 'test'
  ...
# Subtest: unknown/2 routes ten distinct expressions
ok 2464 - unknown/2 routes ten distinct expressions
  ---
  duration_ms: 0.129766
  type: 'test'
  ...
# Subtest: unknown/3 routes ten distinct expressions
ok 2465 - unknown/3 routes ten distinct expressions
  ---
  duration_ms: 0.106801
  type: 'test'
  ...
# Subtest: unknown/4 routes ten distinct expressions
ok 2466 - unknown/4 routes ten distinct expressions
  ---
  duration_ms: 0.100882
  type: 'test'
  ...
# Subtest: unknown/5 routes ten distinct expressions
ok 2467 - unknown/5 routes ten distinct expressions
  ---
  duration_ms: 0.102295
  type: 'test'
  ...
# Subtest: unknown/6 routes ten distinct expressions
ok 2468 - unknown/6 routes ten distinct expressions
  ---
  duration_ms: 0.097357
  type: 'test'
  ...
# Subtest: unknown/7 routes ten distinct expressions
ok 2469 - unknown/7 routes ten distinct expressions
  ---
  duration_ms: 0.095294
  type: 'test'
  ...
# Subtest: unknown/8 routes ten distinct expressions
ok 2470 - unknown/8 routes ten distinct expressions
  ---
  duration_ms: 0.098468
  type: 'test'
  ...
# Subtest: ren/1 routes ten distinct expressions
ok 2471 - ren/1 routes ten distinct expressions
  ---
  duration_ms: 0.088494
  type: 'test'
  ...
# Subtest: ren/2 routes ten distinct expressions
ok 2472 - ren/2 routes ten distinct expressions
  ---
  duration_ms: 0.115674
  type: 'test'
  ...
# Subtest: ren/3 routes ten distinct expressions
ok 2473 - ren/3 routes ten distinct expressions
  ---
  duration_ms: 0.09929
  type: 'test'
  ...
# Subtest: ren/4 routes ten distinct expressions
ok 2474 - ren/4 routes ten distinct expressions
  ---
  duration_ms: 0.099139
  type: 'test'
  ...
# Subtest: ren/5 routes ten distinct expressions
ok 2475 - ren/5 routes ten distinct expressions
  ---
  duration_ms: 0.096495
  type: 'test'
  ...
# Subtest: ren/6 routes ten distinct expressions
ok 2476 - ren/6 routes ten distinct expressions
  ---
  duration_ms: 0.095564
  type: 'test'
  ...
# Subtest: ren/7 routes ten distinct expressions
ok 2477 - ren/7 routes ten distinct expressions
  ---
  duration_ms: 0.096165
  type: 'test'
  ...
# Subtest: ren/8 routes ten distinct expressions
ok 2478 - ren/8 routes ten distinct expressions
  ---
  duration_ms: 0.136025
  type: 'test'
  ...
# Subtest: frog and clownfish use distinct species-appropriate hunger marks
ok 2479 - frog and clownfish use distinct species-appropriate hunger marks
  ---
  duration_ms: 0.195655
  type: 'test'
  ...
# Subtest: salmon/1 renders a food mark with normal/unknown fallback intact
ok 2480 - salmon/1 renders a food mark with normal/unknown fallback intact
  ---
  duration_ms: 0.370357
  type: 'test'
  ...
# Subtest: salmon/2 renders a food mark with normal/unknown fallback intact
ok 2481 - salmon/2 renders a food mark with normal/unknown fallback intact
  ---
  duration_ms: 0.18563
  type: 'test'
  ...
# Subtest: salmon/3 renders a food mark with normal/unknown fallback intact
ok 2482 - salmon/3 renders a food mark with normal/unknown fallback intact
  ---
  duration_ms: 0.103746
  type: 'test'
  ...
# Subtest: salmon/4 renders a food mark with normal/unknown fallback intact
ok 2483 - salmon/4 renders a food mark with normal/unknown fallback intact
  ---
  duration_ms: 0.12636
  type: 'test'
  ...
# Subtest: salmon/5 renders a food mark with normal/unknown fallback intact
ok 2484 - salmon/5 renders a food mark with normal/unknown fallback intact
  ---
  duration_ms: 0.170937
  type: 'test'
  ...
# Subtest: salmon/6 renders a food mark with normal/unknown fallback intact
ok 2485 - salmon/6 renders a food mark with normal/unknown fallback intact
  ---
  duration_ms: 0.202615
  type: 'test'
  ...
# Subtest: salmon/7 renders a food mark with normal/unknown fallback intact
ok 2486 - salmon/7 renders a food mark with normal/unknown fallback intact
  ---
  duration_ms: 0.098919
  type: 'test'
  ...
# Subtest: salmon/8 renders a food mark with normal/unknown fallback intact
ok 2487 - salmon/8 renders a food mark with normal/unknown fallback intact
  ---
  duration_ms: 0.075834
  type: 'test'
  ...
# Subtest: hermit_crab/1 renders a food mark with normal/unknown fallback intact
ok 2488 - hermit_crab/1 renders a food mark with normal/unknown fallback intact
  ---
  duration_ms: 0.172459
  type: 'test'
  ...
# Subtest: hermit_crab/2 renders a food mark with normal/unknown fallback intact
ok 2489 - hermit_crab/2 renders a food mark with normal/unknown fallback intact
  ---
  duration_ms: 0.084427
  type: 'test'
  ...
# Subtest: hermit_crab/3 renders a food mark with normal/unknown fallback intact
ok 2490 - hermit_crab/3 renders a food mark with normal/unknown fallback intact
  ---
  duration_ms: 0.077066
  type: 'test'
  ...
# Subtest: hermit_crab/4 renders a food mark with normal/unknown fallback intact
ok 2491 - hermit_crab/4 renders a food mark with normal/unknown fallback intact
  ---
  duration_ms: 0.071057
  type: 'test'
  ...
# Subtest: hermit_crab/5 renders a food mark with normal/unknown fallback intact
ok 2492 - hermit_crab/5 renders a food mark with normal/unknown fallback intact
  ---
  duration_ms: 0.102163
  type: 'test'
  ...
# Subtest: hermit_crab/6 renders a food mark with normal/unknown fallback intact
ok 2493 - hermit_crab/6 renders a food mark with normal/unknown fallback intact
  ---
  duration_ms: 0.077026
  type: 'test'
  ...
# Subtest: hermit_crab/7 renders a food mark with normal/unknown fallback intact
ok 2494 - hermit_crab/7 renders a food mark with normal/unknown fallback intact
  ---
  duration_ms: 0.051327
  type: 'test'
  ...
# Subtest: hermit_crab/8 renders a food mark with normal/unknown fallback intact
ok 2495 - hermit_crab/8 renders a food mark with normal/unknown fallback intact
  ---
  duration_ms: 0.054803
  type: 'test'
  ...
# Subtest: jellyfish/1 renders a food mark with normal/unknown fallback intact
ok 2496 - jellyfish/1 renders a food mark with normal/unknown fallback intact
  ---
  duration_ms: 0.123936
  type: 'test'
  ...
# Subtest: jellyfish/2 renders a food mark with normal/unknown fallback intact
ok 2497 - jellyfish/2 renders a food mark with normal/unknown fallback intact
  ---
  duration_ms: 0.065639
  type: 'test'
  ...
# Subtest: jellyfish/3 renders a food mark with normal/unknown fallback intact
ok 2498 - jellyfish/3 renders a food mark with normal/unknown fallback intact
  ---
  duration_ms: 0.053431
  type: 'test'
  ...
# Subtest: jellyfish/4 renders a food mark with normal/unknown fallback intact
ok 2499 - jellyfish/4 renders a food mark with normal/unknown fallback intact
  ---
  duration_ms: 0.04695
  type: 'test'
  ...
# Subtest: jellyfish/5 renders a food mark with normal/unknown fallback intact
ok 2500 - jellyfish/5 renders a food mark with normal/unknown fallback intact
  ---
  duration_ms: 0.100181
  type: 'test'
  ...
# Subtest: jellyfish/6 renders a food mark with normal/unknown fallback intact
ok 2501 - jellyfish/6 renders a food mark with normal/unknown fallback intact
  ---
  duration_ms: 0.096145
  type: 'test'
  ...
# Subtest: jellyfish/7 renders a food mark with normal/unknown fallback intact
ok 2502 - jellyfish/7 renders a food mark with normal/unknown fallback intact
  ---
  duration_ms: 0.136656
  type: 'test'
  ...
# Subtest: jellyfish/8 renders a food mark with normal/unknown fallback intact
ok 2503 - jellyfish/8 renders a food mark with normal/unknown fallback intact
  ---
  duration_ms: 0.228434
  type: 'test'
  ...
# Subtest: starfish/1 renders a food mark with normal/unknown fallback intact
ok 2504 - starfish/1 renders a food mark with normal/unknown fallback intact
  ---
  duration_ms: 0.170947
  type: 'test'
  ...
# Subtest: starfish/2 renders a food mark with normal/unknown fallback intact
ok 2505 - starfish/2 renders a food mark with normal/unknown fallback intact
  ---
  duration_ms: 0.085209
  type: 'test'
  ...
# Subtest: starfish/3 renders a food mark with normal/unknown fallback intact
ok 2506 - starfish/3 renders a food mark with normal/unknown fallback intact
  ---
  duration_ms: 0.080101
  type: 'test'
  ...
# Subtest: starfish/4 renders a food mark with normal/unknown fallback intact
ok 2507 - starfish/4 renders a food mark with normal/unknown fallback intact
  ---
  duration_ms: 0.076736
  type: 'test'
  ...
# Subtest: starfish/5 renders a food mark with normal/unknown fallback intact
ok 2508 - starfish/5 renders a food mark with normal/unknown fallback intact
  ---
  duration_ms: 0.151388
  type: 'test'
  ...
# Subtest: starfish/6 renders a food mark with normal/unknown fallback intact
ok 2509 - starfish/6 renders a food mark with normal/unknown fallback intact
  ---
  duration_ms: 0.104949
  type: 'test'
  ...
# Subtest: starfish/7 renders a food mark with normal/unknown fallback intact
ok 2510 - starfish/7 renders a food mark with normal/unknown fallback intact
  ---
  duration_ms: 0.074493
  type: 'test'
  ...
# Subtest: starfish/8 renders a food mark with normal/unknown fallback intact
ok 2511 - starfish/8 renders a food mark with normal/unknown fallback intact
  ---
  duration_ms: 0.071778
  type: 'test'
  ...
# Subtest: coral/1 renders a food mark with normal/unknown fallback intact
ok 2512 - coral/1 renders a food mark with normal/unknown fallback intact
  ---
  duration_ms: 0.170457
  type: 'test'
  ...
# Subtest: coral/2 renders a food mark with normal/unknown fallback intact
ok 2513 - coral/2 renders a food mark with normal/unknown fallback intact
  ---
  duration_ms: 0.086731
  type: 'test'
  ...
# Subtest: coral/3 renders a food mark with normal/unknown fallback intact
ok 2514 - coral/3 renders a food mark with normal/unknown fallback intact
  ---
  duration_ms: 0.084697
  type: 'test'
  ...
# Subtest: coral/4 renders a food mark with normal/unknown fallback intact
ok 2515 - coral/4 renders a food mark with normal/unknown fallback intact
  ---
  duration_ms: 0.083746
  type: 'test'
  ...
# Subtest: coral/5 renders a food mark with normal/unknown fallback intact
ok 2516 - coral/5 renders a food mark with normal/unknown fallback intact
  ---
  duration_ms: 0.088143
  type: 'test'
  ...
# Subtest: coral/6 renders a food mark with normal/unknown fallback intact
ok 2517 - coral/6 renders a food mark with normal/unknown fallback intact
  ---
  duration_ms: 0.075984
  type: 'test'
  ...
# Subtest: coral/7 renders a food mark with normal/unknown fallback intact
ok 2518 - coral/7 renders a food mark with normal/unknown fallback intact
  ---
  duration_ms: 0.100051
  type: 'test'
  ...
# Subtest: coral/8 renders a food mark with normal/unknown fallback intact
ok 2519 - coral/8 renders a food mark with normal/unknown fallback intact
  ---
  duration_ms: 0.077987
  type: 'test'
  ...
# Subtest: butterfly/1 renders a food mark with normal/unknown fallback intact
ok 2520 - butterfly/1 renders a food mark with normal/unknown fallback intact
  ---
  duration_ms: 0.155595
  type: 'test'
  ...
# Subtest: butterfly/2 renders a food mark with normal/unknown fallback intact
ok 2521 - butterfly/2 renders a food mark with normal/unknown fallback intact
  ---
  duration_ms: 0.078238
  type: 'test'
  ...
# Subtest: butterfly/3 renders a food mark with normal/unknown fallback intact
ok 2522 - butterfly/3 renders a food mark with normal/unknown fallback intact
  ---
  duration_ms: 0.079449
  type: 'test'
  ...
# Subtest: butterfly/4 renders a food mark with normal/unknown fallback intact
ok 2523 - butterfly/4 renders a food mark with normal/unknown fallback intact
  ---
  duration_ms: 0.111538
  type: 'test'
  ...
# Subtest: butterfly/5 renders a food mark with normal/unknown fallback intact
ok 2524 - butterfly/5 renders a food mark with normal/unknown fallback intact
  ---
  duration_ms: 0.098819
  type: 'test'
  ...
# Subtest: butterfly/6 renders a food mark with normal/unknown fallback intact
ok 2525 - butterfly/6 renders a food mark with normal/unknown fallback intact
  ---
  duration_ms: 0.067802
  type: 'test'
  ...
# Subtest: butterfly/7 renders a food mark with normal/unknown fallback intact
ok 2526 - butterfly/7 renders a food mark with normal/unknown fallback intact
  ---
  duration_ms: 0.048493
  type: 'test'
  ...
# Subtest: butterfly/8 renders a food mark with normal/unknown fallback intact
ok 2527 - butterfly/8 renders a food mark with normal/unknown fallback intact
  ---
  duration_ms: 0.064997
  type: 'test'
  ...
# Subtest: beetle/1 renders a food mark with normal/unknown fallback intact
ok 2528 - beetle/1 renders a food mark with normal/unknown fallback intact
  ---
  duration_ms: 0.148564
  type: 'test'
  ...
# Subtest: beetle/2 renders a food mark with normal/unknown fallback intact
ok 2529 - beetle/2 renders a food mark with normal/unknown fallback intact
  ---
  duration_ms: 0.073701
  type: 'test'
  ...
# Subtest: beetle/3 renders a food mark with normal/unknown fallback intact
ok 2530 - beetle/3 renders a food mark with normal/unknown fallback intact
  ---
  duration_ms: 0.059179
  type: 'test'
  ...
# Subtest: beetle/4 renders a food mark with normal/unknown fallback intact
ok 2531 - beetle/4 renders a food mark with normal/unknown fallback intact
  ---
  duration_ms: 0.056946
  type: 'test'
  ...
# Subtest: beetle/5 renders a food mark with normal/unknown fallback intact
ok 2532 - beetle/5 renders a food mark with normal/unknown fallback intact
  ---
  duration_ms: 0.063906
  type: 'test'
  ...
# Subtest: beetle/6 renders a food mark with normal/unknown fallback intact
ok 2533 - beetle/6 renders a food mark with normal/unknown fallback intact
  ---
  duration_ms: 0.060261
  type: 'test'
  ...
# Subtest: beetle/7 renders a food mark with normal/unknown fallback intact
ok 2534 - beetle/7 renders a food mark with normal/unknown fallback intact
  ---
  duration_ms: 0.056065
  type: 'test'
  ...
# Subtest: beetle/8 renders a food mark with normal/unknown fallback intact
ok 2535 - beetle/8 renders a food mark with normal/unknown fallback intact
  ---
  duration_ms: 0.061182
  type: 'test'
  ...
# Subtest: stagbeetle/1 renders a food mark with normal/unknown fallback intact
ok 2536 - stagbeetle/1 renders a food mark with normal/unknown fallback intact
  ---
  duration_ms: 0.168554
  type: 'test'
  ...
# Subtest: stagbeetle/2 renders a food mark with normal/unknown fallback intact
ok 2537 - stagbeetle/2 renders a food mark with normal/unknown fallback intact
  ---
  duration_ms: 0.097226
  type: 'test'
  ...
# Subtest: stagbeetle/3 renders a food mark with normal/unknown fallback intact
ok 2538 - stagbeetle/3 renders a food mark with normal/unknown fallback intact
  ---
  duration_ms: 0.088092
  type: 'test'
  ...
# Subtest: stagbeetle/4 renders a food mark with normal/unknown fallback intact
ok 2539 - stagbeetle/4 renders a food mark with normal/unknown fallback intact
  ---
  duration_ms: 0.068783
  type: 'test'
  ...
# Subtest: stagbeetle/5 renders a food mark with normal/unknown fallback intact
ok 2540 - stagbeetle/5 renders a food mark with normal/unknown fallback intact
  ---
  duration_ms: 0.064607
  type: 'test'
  ...
# Subtest: stagbeetle/6 renders a food mark with normal/unknown fallback intact
ok 2541 - stagbeetle/6 renders a food mark with normal/unknown fallback intact
  ---
  duration_ms: 0.053
  type: 'test'
  ...
# Subtest: stagbeetle/7 renders a food mark with normal/unknown fallback intact
ok 2542 - stagbeetle/7 renders a food mark with normal/unknown fallback intact
  ---
  duration_ms: 0.056525
  type: 'test'
  ...
# Subtest: stagbeetle/8 renders a food mark with normal/unknown fallback intact
ok 2543 - stagbeetle/8 renders a food mark with normal/unknown fallback intact
  ---
  duration_ms: 0.059219
  type: 'test'
  ...
# Subtest: cicada/1 renders a food mark with normal/unknown fallback intact
ok 2544 - cicada/1 renders a food mark with normal/unknown fallback intact
  ---
  duration_ms: 0.137698
  type: 'test'
  ...
# Subtest: cicada/2 renders a food mark with normal/unknown fallback intact
ok 2545 - cicada/2 renders a food mark with normal/unknown fallback intact
  ---
  duration_ms: 0.074812
  type: 'test'
  ...
# Subtest: cicada/3 renders a food mark with normal/unknown fallback intact
ok 2546 - cicada/3 renders a food mark with normal/unknown fallback intact
  ---
  duration_ms: 0.059189
  type: 'test'
  ...
# Subtest: cicada/4 renders a food mark with normal/unknown fallback intact
ok 2547 - cicada/4 renders a food mark with normal/unknown fallback intact
  ---
  duration_ms: 0.056636
  type: 'test'
  ...
# Subtest: cicada/5 renders a food mark with normal/unknown fallback intact
ok 2548 - cicada/5 renders a food mark with normal/unknown fallback intact
  ---
  duration_ms: 0.29176
  type: 'test'
  ...
# Subtest: cicada/6 renders a food mark with normal/unknown fallback intact
ok 2549 - cicada/6 renders a food mark with normal/unknown fallback intact
  ---
  duration_ms: 0.093831
  type: 'test'
  ...
# Subtest: cicada/7 renders a food mark with normal/unknown fallback intact
ok 2550 - cicada/7 renders a food mark with normal/unknown fallback intact
  ---
  duration_ms: 0.076235
  type: 'test'
  ...
# Subtest: cicada/8 renders a food mark with normal/unknown fallback intact
ok 2551 - cicada/8 renders a food mark with normal/unknown fallback intact
  ---
  duration_ms: 0.068994
  type: 'test'
  ...
# Subtest: venus_flytrap uses the shared yellow insect hunger mark
ok 2552 - venus_flytrap uses the shared yellow insect hunger mark
  ---
  duration_ms: 0.124818
  type: 'test'
  ...
# Subtest: unknown/1 exposes face-relative sickness drops and the shared hunger mark
ok 2553 - unknown/1 exposes face-relative sickness drops and the shared hunger mark
  ---
  duration_ms: 0.208754
  type: 'test'
  ...
# Subtest: unknown/2 exposes face-relative sickness drops and the shared hunger mark
ok 2554 - unknown/2 exposes face-relative sickness drops and the shared hunger mark
  ---
  duration_ms: 0.115053
  type: 'test'
  ...
# Subtest: unknown/3 exposes face-relative sickness drops and the shared hunger mark
ok 2555 - unknown/3 exposes face-relative sickness drops and the shared hunger mark
  ---
  duration_ms: 0.093882
  type: 'test'
  ...
# Subtest: unknown/4 exposes face-relative sickness drops and the shared hunger mark
ok 2556 - unknown/4 exposes face-relative sickness drops and the shared hunger mark
  ---
  duration_ms: 0.105078
  type: 'test'
  ...
# Subtest: unknown/5 exposes face-relative sickness drops and the shared hunger mark
ok 2557 - unknown/5 exposes face-relative sickness drops and the shared hunger mark
  ---
  duration_ms: 0.174052
  type: 'test'
  ...
# Subtest: unknown/6 exposes face-relative sickness drops and the shared hunger mark
ok 2558 - unknown/6 exposes face-relative sickness drops and the shared hunger mark
  ---
  duration_ms: 0.093241
  type: 'test'
  ...
# Subtest: unknown/7 exposes face-relative sickness drops and the shared hunger mark
ok 2559 - unknown/7 exposes face-relative sickness drops and the shared hunger mark
  ---
  duration_ms: 0.076345
  type: 'test'
  ...
# Subtest: unknown/8 exposes face-relative sickness drops and the shared hunger mark
ok 2560 - unknown/8 exposes face-relative sickness drops and the shared hunger mark
  ---
  duration_ms: 0.070045
  type: 'test'
  ...
# Subtest: ren/1 uses the shared age-appropriate human hunger artwork
ok 2561 - ren/1 uses the shared age-appropriate human hunger artwork
  ---
  duration_ms: 0.226731
  type: 'test'
  ...
# Subtest: ren/2 uses the shared age-appropriate human hunger artwork
ok 2562 - ren/2 uses the shared age-appropriate human hunger artwork
  ---
  duration_ms: 0.069665
  type: 'test'
  ...
# Subtest: ren/3 uses the shared age-appropriate human hunger artwork
ok 2563 - ren/3 uses the shared age-appropriate human hunger artwork
  ---
  duration_ms: 0.056545
  type: 'test'
  ...
# Subtest: ren/4 uses the shared age-appropriate human hunger artwork
ok 2564 - ren/4 uses the shared age-appropriate human hunger artwork
  ---
  duration_ms: 0.051408
  type: 'test'
  ...
# Subtest: ren/5 uses the shared age-appropriate human hunger artwork
ok 2565 - ren/5 uses the shared age-appropriate human hunger artwork
  ---
  duration_ms: 0.05316
  type: 'test'
  ...
# Subtest: ren/6 uses the shared age-appropriate human hunger artwork
ok 2566 - ren/6 uses the shared age-appropriate human hunger artwork
  ---
  duration_ms: 0.049084
  type: 'test'
  ...
# Subtest: ren/7 uses the shared age-appropriate human hunger artwork
ok 2567 - ren/7 uses the shared age-appropriate human hunger artwork
  ---
  duration_ms: 0.049104
  type: 'test'
  ...
# Subtest: ren/8 uses the shared age-appropriate human hunger artwork
ok 2568 - ren/8 uses the shared age-appropriate human hunger artwork
  ---
  duration_ms: 0.046059
  type: 'test'
  ...
# Subtest: ren/1 exposes face-relative sickness drops
ok 2569 - ren/1 exposes face-relative sickness drops
  ---
  duration_ms: 0.105439
  type: 'test'
  ...
# Subtest: ren/2 exposes face-relative sickness drops
ok 2570 - ren/2 exposes face-relative sickness drops
  ---
  duration_ms: 0.043105
  type: 'test'
  ...
# Subtest: ren/3 exposes face-relative sickness drops
ok 2571 - ren/3 exposes face-relative sickness drops
  ---
  duration_ms: 0.038288
  type: 'test'
  ...
# Subtest: ren/4 exposes face-relative sickness drops
ok 2572 - ren/4 exposes face-relative sickness drops
  ---
  duration_ms: 0.055304
  type: 'test'
  ...
# Subtest: ren/5 exposes face-relative sickness drops
ok 2573 - ren/5 exposes face-relative sickness drops
  ---
  duration_ms: 0.045068
  type: 'test'
  ...
# Subtest: ren/6 exposes face-relative sickness drops
ok 2574 - ren/6 exposes face-relative sickness drops
  ---
  duration_ms: 0.059139
  type: 'test'
  ...
# Subtest: ren/7 exposes face-relative sickness drops
ok 2575 - ren/7 exposes face-relative sickness drops
  ---
  duration_ms: 0.04672
  type: 'test'
  ...
# Subtest: ren/8 exposes face-relative sickness drops
ok 2576 - ren/8 exposes face-relative sickness drops
  ---
  duration_ms: 0.038158
  type: 'test'
  ...
# Subtest: the selected expression mark paints above illness sweat and character art
ok 2577 - the selected expression mark paints above illness sweat and character art
  ---
  duration_ms: 1.711878
  type: 'test'
  ...
# Subtest: repetitive achievement thresholds use the approved moderate values
ok 2578 - repetitive achievement thresholds use the approved moderate values
  ---
  duration_ms: 114.528093
  type: 'test'
  ...
# Subtest: duplicate achievements are removed or given distinct collection scopes
ok 2579 - duplicate achievements are removed or given distinct collection scopes
  ---
  duration_ms: 22.723011
  type: 'test'
  ...
# Subtest: romance completion copy describes dating every candidate, not merely meeting them
ok 2580 - romance completion copy describes dating every candidate, not merely meeting them
  ---
  duration_ms: 25.034351
  type: 'test'
  ...
# Subtest: a correct Sudoku cell keeps the incomplete board; only the last cell advances once
ok 2581 - a correct Sudoku cell keeps the incomplete board; only the last cell advances once
  ---
  duration_ms: 29.148668
  type: 'test'
  ...
# Subtest: weather follows motion preferences immediately in both directions
ok 2582 - weather follows motion preferences immediately in both directions
  ---
  duration_ms: 19.706939
  type: 'test'
  ...
# Subtest: returning home after a slow minigame rebuilds the unchanged rain in lightweight mode
ok 2583 - returning home after a slow minigame rebuilds the unchanged rain in lightweight mode
  ---
  duration_ms: 17.700837
  type: 'test'
  ...
# Subtest: life records suppress weather and seasonal foreground effects until returning home
ok 2584 - life records suppress weather and seasonal foreground effects until returning home
  ---
  duration_ms: 35.364479
  type: 'test'
  ...
# Subtest: normalization creates no retired crown life state and retains the distinct Naoto crown
ok 2585 - normalization creates no retired crown life state and retains the distinct Naoto crown
  ---
  duration_ms: 26.950357
  type: 'test'
  ...
# Subtest: alias + canonical, retired, future and typo ids stay in the save but count once or not at all
ok 2586 - alias + canonical, retired, future and typo ids stay in the save but count once or not at all
  ---
  duration_ms: 32.109105
  type: 'test'
  ...
# Subtest: boot never unlocks progress achievements from unregistered ids
ok 2587 - boot never unlocks progress achievements from unregistered ids
  ---
  duration_ms: 31.112075
  type: 'test'
  ...
# Subtest: 176 real forms + 72 retired-species keys do not reach dex-complete, goal 4 or the crown
ok 2588 - 176 real forms + 72 retired-species keys do not reach dex-complete, goal 4 or the crown
  ---
  duration_ms: 59.817224
  type: 'test'
  ...
# Subtest: only retired final forms do not unlock elder-collector
ok 2589 - only retired final forms do not unlock elder-collector
  ---
  duration_ms: 62.319252
  type: 'test'
  ...
# Subtest: duplicates are counted once
ok 2590 - duplicates are counted once
  ---
  duration_ms: 38.635044
  type: 'test'
  ...
# Subtest: a true current complete dex still reaches dex-complete, goal 4, the crown and the ending count
ok 2591 - a true current complete dex still reaches dex-complete, goal 4, the crown and the ending count
  ---
  duration_ms: 47.783201
  type: 'test'
  ...
# Subtest: grandfathered dexCleared keeps every past unlock and shows the record without inflating the count
ok 2592 - grandfathered dexCleared keeps every past unlock and shows the record without inflating the count
  ---
  duration_ms: 34.275829
  type: 'test'
  ...
# Subtest: the record hint is derived from dexCleared and the current registry size only
ok 2593 - the record hint is derived from dexCleared and the current registry size only
  ---
  duration_ms: 27.104249
  type: 'test'
  ...
# Subtest: the dex header combines canonical forms, companions and partners
ok 2594 - the dex header combines canonical forms, companions and partners
  ---
  duration_ms: 25.014732
  type: 'test'
  ...
# Subtest: a save carrying RH-1 saveRepair counts the same way and keeps saveRepair untouched
ok 2595 - a save carrying RH-1 saveRepair counts the same way and keeps saveRepair untouched
  ---
  duration_ms: 19.966249
  type: 'test'
  ...
# Subtest: an old v4 save keeps its unknown ids and counts only registered forms
ok 2596 - an old v4 save keeps its unknown ids and counts only registered forms
  ---
  duration_ms: 21.54096
  type: 'test'
  ...
# Subtest: PERFECT is still every current achievement, unchanged
ok 2597 - PERFECT is still every current achievement, unchanged
  ---
  duration_ms: 45.898893
  type: 'test'
  ...
# Subtest: an alias alone counts as its canonical id (partner, married, region, companion)
ok 2598 - an alias alone counts as its canonical id (partner, married, region, companion)
  ---
  duration_ms: 15.222945
  type: 'test'
  ...
# Subtest: the crown bonus follows the canonical dex, not the raw length
ok 2599 - the crown bonus follows the canonical dex, not the raw length
  ---
  duration_ms: 15.32549
  type: 'test'
  ...
# Subtest: perfect-life needs a registered marriage, not an unknown id
ok 2600 - perfect-life needs a registered marriage, not an unknown id
  ---
  duration_ms: 14.547429
  type: 'test'
  ...
# Subtest: landscape notices gain pictures while generic birds and growth stages stay untouched
ok 2601 - landscape notices gain pictures while generic birds and growth stages stay untouched
  ---
  duration_ms: 122.254034
  type: 'test'
  ...
# Subtest: road and space props use pictures, keep the player glyph, and fall back on failed images
ok 2602 - road and space props use pictures, keep the player glyph, and fall back on failed images
  ---
  duration_ms: 2286.581609
  type: 'test'
  ...
# Subtest: memory cards retain hidden backs and reveal the illustration only after flipping
ok 2603 - memory cards retain hidden backs and reveal the illustration only after flipping
  ---
  duration_ms: 25.724241
  type: 'test'
  ...
# Subtest: late loading, malformed atlases and decode errors keep the original prop with no Canvas state leak
ok 2604 - late loading, malformed atlases and decode errors keep the original prop with no Canvas state leak
  ---
  duration_ms: 29.475175
  type: 'test'
  ...
# Subtest: illustrated roads keep input, timing, score and saved rewards identical in normal, reduced and low modes
ok 2605 - illustrated roads keep input, timing, score and saved rewards identical in normal, reduced and low modes
  ---
  duration_ms: 10676.796677
  type: 'test'
  ...
# Subtest: all memory-card faces stay distinct and full completion keeps the same pairs, score and rewards
ok 2606 - all memory-card faces stay distinct and full completion keeps the same pairs, score and rewards
  ---
  duration_ms: 496.521348
  type: 'test'
  ...
# Subtest: other pseudo-road games keep their previous renderers and retirement cancels illustrated frames
ok 2607 - other pseudo-road games keep their previous renderers and retirement cancels illustrated frames
  ---
  duration_ms: 547.290897
  type: 'test'
  ...
# Subtest: missing prop module keeps the complete original game and safe text fallback
ok 2608 - missing prop module keeps the complete original game and safe text fallback
  ---
  duration_ms: 739.452558
  type: 'test'
  ...
# Subtest: Quick mixed score 0 pays 0 with null and preserves care
ok 2609 - Quick mixed score 0 pays 0 with null and preserves care
  ---
  duration_ms: 138.180628
  type: 'test'
  ...
# Subtest: Quick mixed score 0 pays 0 with star and preserves care
ok 2610 - Quick mixed score 0 pays 0 with star and preserves care
  ---
  duration_ms: 33.649686
  type: 'test'
  ...
# Subtest: Quick mixed score 30 pays 0 with null and preserves care
ok 2611 - Quick mixed score 30 pays 0 with null and preserves care
  ---
  duration_ms: 31.490595
  type: 'test'
  ...
# Subtest: Quick mixed score 30 pays 0 with star and preserves care
ok 2612 - Quick mixed score 30 pays 0 with star and preserves care
  ---
  duration_ms: 21.463854
  type: 'test'
  ...
# Subtest: Quick mixed score 95 pays 0 with null and preserves care
ok 2613 - Quick mixed score 95 pays 0 with null and preserves care
  ---
  duration_ms: 31.242691
  type: 'test'
  ...
# Subtest: Quick mixed score 95 pays 0 with star and preserves care
ok 2614 - Quick mixed score 95 pays 0 with star and preserves care
  ---
  duration_ms: 55.882128
  type: 'test'
  ...
# Subtest: Quick mixed score 100 pays 100 with null and preserves care
ok 2615 - Quick mixed score 100 pays 100 with null and preserves care
  ---
  duration_ms: 22.087123
  type: 'test'
  ...
# Subtest: Quick mixed score 100 pays 100 with star and preserves care
ok 2616 - Quick mixed score 100 pays 100 with star and preserves care
  ---
  duration_ms: 55.581925
  type: 'test'
  ...
# Subtest: Quick knock score 100 pays 0 with null and preserves care
ok 2617 - Quick knock score 100 pays 0 with null and preserves care
  ---
  duration_ms: 20.089735
  type: 'test'
  ...
# Subtest: Quick knock score 100 pays 0 with star and preserves care
ok 2618 - Quick knock score 100 pays 0 with star and preserves care
  ---
  duration_ms: 34.731921
  type: 'test'
  ...
# Subtest: Quick mixed starts at zero energy and quitting has no care or coin effect
ok 2619 - Quick mixed starts at zero energy and quitting has no care or coin effect
  ---
  duration_ms: 20.979415
  type: 'test'
  ...
# Subtest: Quick knock starts at zero energy and quitting has no care or coin effect
ok 2620 - Quick knock starts at zero energy and quitting has no care or coin effect
  ---
  duration_ms: 18.155722
  type: 'test'
  ...
# Subtest: Quick bypasses recruitment, story care, and meter processing even with a pending encounter
ok 2621 - Quick bypasses recruitment, story care, and meter processing even with a pending encounter
  ---
  duration_ms: 55.058183
  type: 'test'
  ...
# Subtest: Quick session callback ignores duplicates and stale callbacks while a new run can settle
ok 2622 - Quick session callback ignores duplicates and stale callbacks while a new run can settle
  ---
  duration_ms: 27.459098
  type: 'test'
  ...
# Subtest: designated daily score 29, null: only 0 ordinary base coins and Lucky 0
ok 2623 - designated daily score 29, null: only 0 ordinary base coins and Lucky 0
  ---
  duration_ms: 25.16619
  type: 'test'
  ...
# Subtest: designated daily score 29, star: only 0 ordinary base coins and Lucky 0
ok 2624 - designated daily score 29, star: only 0 ordinary base coins and Lucky 0
  ---
  duration_ms: 20.254894
  type: 'test'
  ...
# Subtest: designated daily score 30, null: only 30 ordinary base coins and Lucky 1
ok 2625 - designated daily score 30, null: only 30 ordinary base coins and Lucky 1
  ---
  duration_ms: 18.574673
  type: 'test'
  ...
# Subtest: designated daily score 30, star: only 30 ordinary base coins and Lucky 1
ok 2626 - designated daily score 30, star: only 30 ordinary base coins and Lucky 1
  ---
  duration_ms: 30.961167
  type: 'test'
  ...
# Subtest: designated daily score 70, null: only 60 ordinary base coins and Lucky 1
ok 2627 - designated daily score 70, null: only 60 ordinary base coins and Lucky 1
  ---
  duration_ms: 39.155628
  type: 'test'
  ...
# Subtest: designated daily score 70, star: only 60 ordinary base coins and Lucky 1
ok 2628 - designated daily score 70, star: only 60 ordinary base coins and Lucky 1
  ---
  duration_ms: 42.219643
  type: 'test'
  ...
# Subtest: designated daily score 100, null: only 60 ordinary base coins and Lucky 1
ok 2629 - designated daily score 100, null: only 60 ordinary base coins and Lucky 1
  ---
  duration_ms: 29.11692
  type: 'test'
  ...
# Subtest: designated daily score 100, star: only 60 ordinary base coins and Lucky 1
ok 2630 - designated daily score 100, star: only 60 ordinary base coins and Lucky 1
  ---
  duration_ms: 32.222247
  type: 'test'
  ...
# Subtest: designated game completion from daily-button grants once
ok 2631 - designated game completion from daily-button grants once
  ---
  duration_ms: 38.925972
  type: 'test'
  ...
# Subtest: designated game completion from game-list grants once
ok 2632 - designated game completion from game-list grants once
  ---
  duration_ms: 23.491618
  type: 'test'
  ...
# Subtest: wrong game, quit, Quick and gamepass cannot claim a daily reward
ok 2633 - wrong game, quit, Quick and gamepass cannot claim a daily reward
  ---
  duration_ms: 110.543568
  type: 'test'
  ...
# Subtest: daily validates the designated ID on the settlement date across midnight
ok 2634 - daily validates the designated ID on the settlement date across midnight
  ---
  duration_ms: 30.573343
  type: 'test'
  ...
# Subtest: same-date claim survives JSON reload, infinite mode and a new life; next date grants one anew
ok 2635 - same-date claim survives JSON reload, infinite mode and a new life; next date grants one anew
  ---
  duration_ms: 64.373847
  type: 'test'
  ...
# Subtest: legacy same-day claimed record and active shared boost load intact and block a second reward
ok 2636 - legacy same-day claimed record and active shared boost load intact and block a second reward
  ---
  duration_ms: 55.203096
  type: 'test'
  ...
# Subtest: after the daily award, another ordinary S rank retains its ordinary boost rule
ok 2637 - after the daily award, another ordinary S rank retains its ordinary boost rule
  ---
  duration_ms: 27.153623
  type: 'test'
  ...
# Subtest: failure from the daily button remains unclaimed and can be retried successfully
ok 2638 - failure from the daily button remains unclaimed and can be retried successfully
  ---
  duration_ms: 38.281792
  type: 'test'
  ...
# Subtest: coins target keeps the basket clear of bad drops at levels 1-5
ok 2639 - coins target keeps the basket clear of bad drops at levels 1-5
  ---
  duration_ms: 136.609523
  type: 'test'
  ...
# Subtest: quick mode chains 3-6 second games: cue, immediate play, judge, next game within the result flash
ok 2640 - quick mode chains 3-6 second games: cue, immediate play, judge, next game within the result flash
  ---
  duration_ms: 27.352693
  type: 'test'
  ...
# Subtest: every quick game can be solved from its own target hint and each kind of input is covered
ok 2641 - every quick game can be solved from its own target hint and each kind of input is covered
  ---
  duration_ms: 56.862454
  type: 'test'
  ...
# Subtest: three misses end the run, the score feeds the normal result flow, and difficulty ramps every 4 games
ok 2642 - three misses end the run, the score feeds the normal result flow, and difficulty ramps every 4 games
  ---
  duration_ms: 35.607524
  type: 'test'
  ...
# Subtest: every game can be played on its own: a solo run repeats one game 10 times and keeps a per-game best
ok 2643 - every game can be played on its own: a solo run repeats one game 10 times and keeps a per-game best
  ---
  duration_ms: 91.75748
  type: 'test'
  ...
# Subtest: Quick list toggle uses its dedicated control and a selected solo starts
ok 2644 - Quick list toggle uses its dedicated control and a selected solo starts
  ---
  duration_ms: 47.028124
  type: 'test'
  ...
# Subtest: both Quick entries pay zero for incomplete runs even with Star
ok 2645 - both Quick entries pay zero for incomplete runs even with Star
  ---
  duration_ms: 35.29261
  type: 'test'
  ...
# Subtest: both Quick entries ignore retired energy-band snapshots
ok 2646 - both Quick entries ignore retired energy-band snapshots
  ---
  duration_ms: 56.318485
  type: 'test'
  ...
# Subtest: the production Quick voice control saves every selected mode for the audio router
ok 2647 - the production Quick voice control saves every selected mode for the audio router
  ---
  duration_ms: 139.026673
  type: 'test'
  ...
# Subtest: an unchosen legacy pico setting migrates to reading while chosen pico remains selected
ok 2648 - an unchosen legacy pico setting migrates to reading while chosen pico remains selected
  ---
  duration_ms: 45.329336
  type: 'test'
  ...
# Subtest: umbrella solo shows a compact cue and waits for rain before a successful swipe
ok 2649 - umbrella solo shows a compact cue and waits for rain before a successful swipe
  ---
  duration_ms: 20.485431
  type: 'test'
  ...
# Subtest: game pass never shortcuts quick-run, including during ordinary cooldown
ok 2650 - game pass never shortcuts quick-run, including during ordinary cooldown
  ---
  duration_ms: 46.378595
  type: 'test'
  ...
# Subtest: game pass never shortcuts quick-solo, including during ordinary cooldown
ok 2651 - game pass never shortcuts quick-solo, including during ordinary cooldown
  ---
  duration_ms: 18.587443
  type: 'test'
  ...
# Subtest: real mixed 20/20 callback pays 100, keeps records and achievements, and a new perfect run pays again
ok 2652 - real mixed 20/20 callback pays 100, keeps records and achievements, and a new perfect run pays again
  ---
  duration_ms: 143.84268
  type: 'test'
  ...
# Subtest: retiring a real Quick final card invalidates its delayed completion during the next session
ok 2653 - retiring a real Quick final card invalidates its delayed completion during the next session
  ---
  duration_ms: 57.794773
  type: 'test'
  ...
# Subtest: same-season travel renders the destination scenery, including return trips
ok 2654 - same-season travel renders the destination scenery, including return trips
  ---
  duration_ms: 143.901369
  type: 'test'
  ...
# Subtest: jungle does not acquire snowy forecasts from the global winter rule
ok 2655 - jungle does not acquire snowy forecasts from the global winter rule
  ---
  duration_ms: 1.620494
  type: 'test'
  ...
# Subtest: desert does not acquire snowy forecasts from the global winter rule
ok 2656 - desert does not acquire snowy forecasts from the global winter rule
  ---
  duration_ms: 1.002019
  type: 'test'
  ...
# Subtest: deepsea and the star stop do not invent surface weather forecasts
ok 2657 - deepsea and the star stop do not invent surface weather forecasts
  ---
  duration_ms: 0.214853
  type: 'test'
  ...
# Subtest: observed hometown weather is not used as the weather of a distant destination
ok 2658 - observed hometown weather is not used as the weather of a distant destination
  ---
  duration_ms: 22.541368
  type: 'test'
  ...
# Subtest: surface seasons do not introduce heat or cold penalties to underwater and starry places
ok 2659 - surface seasons do not introduce heat or cold penalties to underwater and starry places
  ---
  duration_ms: 24.198142
  type: 'test'
  ...
# Subtest: underwater rendering and effects ignore surface weather without overwriting the chosen setting
ok 2660 - underwater rendering and effects ignore surface weather without overwriting the chosen setting
  ---
  duration_ms: 30.070604
  type: 'test'
  ...
# Subtest: moving between surface, underwater and the star stop refreshes effects with unchanged settings
ok 2661 - moving between surface, underwater and the star stop refreshes effects with unchanged settings
  ---
  duration_ms: 22.032362
  type: 'test'
  ...
# Subtest: the renamed waterside keeps its saved region identity, visits and historical text
ok 2662 - the renamed waterside keeps its saved region identity, visits and historical text
  ---
  duration_ms: 56.828779
  type: 'test'
  ...
# Subtest: regional game preference does not leak into a former visual base
ok 2663 - regional game preference does not leak into a former visual base
  ---
  duration_ms: 18.499372
  type: 'test'
  ...
# Subtest: regional care modifiers retain their differences without coin bonuses
ok 2664 - regional care modifiers retain their differences without coin bonuses
  ---
  duration_ms: 29.316288
  type: 'test'
  ...
# Subtest: deepsea schedules its own event in daytime snow
ok 2665 - deepsea schedules its own event in daytime snow
  ---
  duration_ms: 20.651953
  type: 'test'
  ...
# Subtest: star_stop schedules its own event in daytime snow
ok 2666 - star_stop schedules its own event in daytime snow
  ---
  duration_ms: 19.718838
  type: 'test'
  ...
# Subtest: memory_lake schedules its own event in daytime snow
ok 2667 - memory_lake schedules its own event in daytime snow
  ---
  duration_ms: 32.46596
  type: 'test'
  ...
# Subtest: a regional moment waits while asleep or a menu is open
ok 2668 - a regional moment waits while asleep or a menu is open
  ---
  duration_ms: 35.430052
  type: 'test'
  ...
# Subtest: legend affinity is a soft preference and never overrides unseen priority
ok 2669 - legend affinity is a soft preference and never overrides unseen priority
  ---
  duration_ms: 192.46597
  type: 'test'
  ...
# Subtest: mountain climbing responds to grip timing, reaches the summit and awards once
ok 2670 - mountain climbing responds to grip timing, reaches the summit and awards once
  ---
  duration_ms: 39.627301
  type: 'test'
  ...
# Subtest: climbing misses and retirement do not award a completed game
ok 2671 - climbing misses and retirement do not award a completed game
  ---
  duration_ms: 31.849552
  type: 'test'
  ...
# Subtest: climbing draws finite coordinates, accepts keyboard rock selection and times out once
ok 2672 - climbing draws finite coordinates, accepts keyboard rock selection and times out once
  ---
  duration_ms: 59.799833
  type: 'test'
  ...
# Subtest: saved climbing records, ordinary region count and total games remain intact
ok 2673 - saved climbing records, ordinary region count and total games remain intact
  ---
  duration_ms: 52.470087
  type: 'test'
  ...
# [naotocchi] region:siteA Error: unknown region id "moon" (siteA)
#     at Object.resolveRegionId (evalmachine.<anonymous>:31326:17)
#     at TestContext.<anonymous> (/home/runner/work/naotocchi/naotocchi/tests/region-registry-test.cjs:120:50)
#     at Test.runInAsyncScope (node:async_hooks:214:14)
#     at Test.run (node:internal/test_runner/test:1047:25)
#     at Test.processPendingSubtests (node:internal/test_runner/test:744:18)
#     at Test.postRun (node:internal/test_runner/test:1173:19)
#     at Test.run (node:internal/test_runner/test:1101:12)
#     at async Test.processPendingSubtests (node:internal/test_runner/test:744:7)
# [naotocchi] region:region Error: unknown region id "forrest" (region)
#     at Object.resolveRegionId (evalmachine.<anonymous>:31326:17)
#     at TestContext.<anonymous> (/home/runner/work/naotocchi/naotocchi/tests/region-registry-test.cjs:124:22)
#     at Test.runInAsyncScope (node:async_hooks:214:14)
#     at Test.run (node:internal/test_runner/test:1047:25)
#     at Test.processPendingSubtests (node:internal/test_runner/test:744:18)
#     at Test.postRun (node:internal/test_runner/test:1173:19)
#     at Test.run (node:internal/test_runner/test:1101:12)
#     at async Test.processPendingSubtests (node:internal/test_runner/test:744:7)
# [naotocchi] region:region Error: unknown region id "<null>" (region)
#     at Object.resolveRegionId (evalmachine.<anonymous>:31326:17)
#     at TestContext.<anonymous> (/home/runner/work/naotocchi/naotocchi/tests/region-registry-test.cjs:125:22)
#     at Test.runInAsyncScope (node:async_hooks:214:14)
#     at Test.run (node:internal/test_runner/test:1047:25)
#     at Test.processPendingSubtests (node:internal/test_runner/test:744:18)
#     at Test.postRun (node:internal/test_runner/test:1173:19)
#     at Test.run (node:internal/test_runner/test:1101:12)
#     at async Test.processPendingSubtests (node:internal/test_runner/test:744:7)
# [naotocchi] region:region Error: unknown region id "<number>" (region)
#     at Object.resolveRegionId (evalmachine.<anonymous>:31326:17)
#     at TestContext.<anonymous> (/home/runner/work/naotocchi/naotocchi/tests/region-registry-test.cjs:126:22)
#     at Test.runInAsyncScope (node:async_hooks:214:14)
#     at Test.run (node:internal/test_runner/test:1047:25)
#     at Test.processPendingSubtests (node:internal/test_runner/test:744:18)
#     at Test.postRun (node:internal/test_runner/test:1173:19)
#     at Test.run (node:internal/test_runner/test:1101:12)
#     at async Test.processPendingSubtests (node:internal/test_runner/test:744:7)
# [naotocchi] region:findRegion Error: unknown region id "moon" (findRegion)
#     at resolveRegionId (evalmachine.<anonymous>:31326:17)
#     at findRegion (evalmachine.<anonymous>:31311:17)
#     at applyRegion (evalmachine.<anonymous>:34280:20)
#     at render (evalmachine.<anonymous>:34395:20)
#     at evalmachine.<anonymous>:41433:3
#     at evalmachine.<anonymous>:41616:3
#     at Script.runInContext (node:vm:149:12)
#     at Object.runInContext (node:vm:301:6)
#     at createHarness (/home/runner/work/naotocchi/naotocchi/tests/helpers/runtime-harness.cjs:311:6)
#     at harness (/home/runner/work/naotocchi/naotocchi/tests/helpers/runtime-harness.cjs:95:10)
# Subtest: the canonical registry is master.regions: 13 regions, and REGIONS + SPECIAL_REGIONS match it id for id and label for label
ok 2674 - the canonical registry is master.regions: 13 regions, and REGIONS + SPECIAL_REGIONS match it id for id and label for label
  ---
  duration_ms: 6.388679
  type: 'test'
  ...
# Subtest: every full registry table has exactly the 13 canonical regions
ok 2675 - every full registry table has exactly the 13 canonical regions
  ---
  duration_ms: 10.025625
  type: 'test'
  ...
# Subtest: every intentionally partial table is exactly its audited subset (no typo, no extra, no silent loss)
ok 2676 - every intentionally partial table is exactly its audited subset (no typo, no extra, no silent loss)
  ---
  duration_ms: 2.467735
  type: 'test'
  ...
# Subtest: nested region references and alias destinations are all canonical
ok 2677 - nested region references and alias destinations are all canonical
  ---
  duration_ms: 0.487193
  type: 'test'
  ...
# Subtest: resolveRegionId: canonical ids pass, the official alias tropical → jungle is normal input, unknown / typo / invalid throw under strictRegions
ok 2678 - resolveRegionId: canonical ids pass, the official alias tropical → jungle is normal input, unknown / typo / invalid throw under strictRegions
  ---
  duration_ms: 20.964383
  type: 'test'
  ...
# Subtest: production: unknown ids resolve to home and are reported once per raw id, keeping the first site
ok 2679 - production: unknown ids resolve to home and are reported once per raw id, keeping the first site
  ---
  duration_ms: 32.7386
  type: 'test'
  ...
# Subtest: an unknown saved region (moon) runs as home in production, and the save keeps the raw id
ok 2680 - an unknown saved region (moon) runs as home in production, and the save keeps the raw id
  ---
  duration_ms: 138.133304
  type: 'test'
  ...
# Subtest: a legacy saved region (tropical) runs as jungle without an error, and the save keeps tropical
ok 2681 - a legacy saved region (tropical) runs as jungle without an error, and the save keeps tropical
  ---
  duration_ms: 457.752545
  type: 'test'
  ...
# Subtest: under strictRegions an unknown current region stops the test instead of silently becoming home
ok 2682 - under strictRegions an unknown current region stops the test instead of silently becoming home
  ---
  duration_ms: 25.288854
  type: 'test'
  ...
# Subtest: each of the 10 continuous walk corridors has a spec, named by id when one is missing
ok 2683 - each of the 10 continuous walk corridors has a spec, named by id when one is missing
  ---
  duration_ms: 4.55585
  type: 'test'
  ...
# Subtest: the 3 existing transitions stay transitions and memory_lake is not a corridor
ok 2684 - the 3 existing transitions stay transitions and memory_lake is not a corridor
  ---
  duration_ms: 0.360532
  type: 'test'
  ...
# Subtest: remove-it: dropping or adding one region in any table, a stray reference or a missing corridor spec is caught
ok 2685 - remove-it: dropping or adding one region in any table, a stray reference or a missing corridor spec is caught
  ---
  duration_ms: 13.685364
  type: 'test'
  ...
# Subtest: README sticker section matches the current sticker constants (no retired kakera / fixed four pages)
ok 2686 - README sticker section matches the current sticker constants (no retired kakera / fixed four pages)
  ---
  duration_ms: 121.765165
  type: 'test'
  ...
# Subtest: README states the supported browsers and the hidden-tab / multi-tab behaviour
ok 2687 - README states the supported browsers and the hidden-tab / multi-tab behaviour
  ---
  duration_ms: 0.887056
  type: 'test'
  ...
# Subtest: region icon keys and body.region-* styles only name registered regions (no dead alias rows)
ok 2688 - region icon keys and body.region-* styles only name registered regions (no dead alias rows)
  ---
  duration_ms: 15.722851
  type: 'test'
  ...
# Subtest: real old saves: the manifest lists one fixture per era, each written by that era's own code
ok 2689 - real old saves: the manifest lists one fixture per era, each written by that era's own code
  ---
  duration_ms: 3.006276
  type: 'test'
  ...
# Subtest: real old save pre-v3.json: loads without errors, nothing decreases, RH-2 counts, load→save→load is idempotent
ok 2690 - real old save pre-v3.json: loads without errors, nothing decreases, RH-2 counts, load→save→load is idempotent
  ---
  duration_ms: 145.504146
  type: 'test'
  ...
# Subtest: real old save v3.json: loads without errors, nothing decreases, RH-2 counts, load→save→load is idempotent
ok 2691 - real old save v3.json: loads without errors, nothing decreases, RH-2 counts, load→save→load is idempotent
  ---
  duration_ms: 51.552045
  type: 'test'
  ...
# Subtest: real old save v4-pre-master.json: loads without errors, nothing decreases, RH-2 counts, load→save→load is idempotent
ok 2692 - real old save v4-pre-master.json: loads without errors, nothing decreases, RH-2 counts, load→save→load is idempotent
  ---
  duration_ms: 40.855741
  type: 'test'
  ...
# Subtest: real old save v5-pre-items-v2.json: loads without errors, nothing decreases, RH-2 counts, load→save→load is idempotent
ok 2693 - real old save v5-pre-items-v2.json: loads without errors, nothing decreases, RH-2 counts, load→save→load is idempotent
  ---
  duration_ms: 57.039166
  type: 'test'
  ...
# Subtest: real old save sticker-points-meguru-p1.json: loads without errors, nothing decreases, RH-2 counts, load→save→load is idempotent
ok 2694 - real old save sticker-points-meguru-p1.json: loads without errors, nothing decreases, RH-2 counts, load→save→load is idempotent
  ---
  duration_ms: 50.668505
  type: 'test'
  ...
# Subtest: real old save meguru-p2.json: loads without errors, nothing decreases, RH-2 counts, load→save→load is idempotent
ok 2695 - real old save meguru-p2.json: loads without errors, nothing decreases, RH-2 counts, load→save→load is idempotent
  ---
  duration_ms: 49.814559
  type: 'test'
  ...
# Subtest: legacy species keep their pre-master names (not ???) on the profile and in past lives; the save keeps the raw line
ok 2696 - legacy species keep their pre-master names (not ???) on the profile and in past lives; the save keeps the raw line
  ---
  duration_ms: 20.065019
  type: 'test'
  ...
# Subtest: sticker page background: an unavailable value is shown as home but never written back, and does not count as a change
ok 2697 - sticker page background: an unavailable value is shown as home but never written back, and does not count as a change
  ---
  duration_ms: 69.055247
  type: 'test'
  ...
# Subtest: past lives and life-log fields from a save are escaped before innerHTML
ok 2698 - past lives and life-log fields from a save are escaped before innerHTML
  ---
  duration_ms: 22.541317
  type: 'test'
  ...
# Subtest: snapshots: the list is not re-parsed while storage is unchanged, and another tab's write is picked up
ok 2699 - snapshots: the list is not re-parsed while storage is unchanged, and another tab's write is picked up
  ---
  duration_ms: 18.963571
  type: 'test'
  ...
# [naotocchi] region:findRegion Error: unknown region id "false" (findRegion)
#     at resolveRegionId (evalmachine.<anonymous>:31326:17)
#     at findRegion (evalmachine.<anonymous>:31311:17)
#     at applyRegion (evalmachine.<anonymous>:34280:20)
#     at render (evalmachine.<anonymous>:34395:20)
#     at evalmachine.<anonymous>:41433:3
#     at evalmachine.<anonymous>:41616:3
#     at Script.runInContext (node:vm:149:12)
#     at Object.runInContext (node:vm:301:6)
#     at createHarness (/home/runner/work/naotocchi/naotocchi/tests/helpers/runtime-harness.cjs:311:6)
#     at harness (/home/runner/work/naotocchi/naotocchi/tests/helpers/runtime-harness.cjs:95:10)
# Subtest: meguru records are saved once, outside the frame (microtask), with the same bridge signatures
ok 2700 - meguru records are saved once, outside the frame (microtask), with the same bridge signatures
  ---
  duration_ms: 37.664126
  type: 'test'
  ...
# Subtest: broken save (boolean as string): boots, stays sane, and saves
ok 2701 - broken save (boolean as string): boots, stays sane, and saves
  ---
  duration_ms: 18.533243
  type: 'test'
  ...
# Subtest: broken save (number as string): boots, stays sane, and saves
ok 2702 - broken save (number as string): boots, stays sane, and saves
  ---
  duration_ms: 17.596823
  type: 'test'
  ...
# Subtest: broken save (duplicate ids): boots, stays sane, and saves
ok 2703 - broken save (duplicate ids): boots, stays sane, and saves
  ---
  duration_ms: 34.375084
  type: 'test'
  ...
# Subtest: broken save (unknown and future ids): boots, stays sane, and saves
ok 2704 - broken save (unknown and future ids): boots, stays sane, and saves
  ---
  duration_ms: 17.98709
  type: 'test'
  ...
# Subtest: broken save (missing keys): boots, stays sane, and saves
ok 2705 - broken save (missing keys): boots, stays sane, and saves
  ---
  duration_ms: 18.573354
  type: 'test'
  ...
# Subtest: broken save (partner as string): boots, stays sane, and saves
ok 2706 - broken save (partner as string): boots, stays sane, and saves
  ---
  duration_ms: 66.390415
  type: 'test'
  ...
# Subtest: broken save (transformOptions as string): boots, stays sane, and saves
ok 2707 - broken save (transformOptions as string): boots, stays sane, and saves
  ---
  duration_ms: 18.64415
  type: 'test'
  ...
# Subtest: broken save (unknown stage): boots, stays sane, and saves
ok 2708 - broken save (unknown stage): boots, stays sane, and saves
  ---
  duration_ms: 17.037972
  type: 'test'
  ...
# Subtest: broken save (huge numbers): boots, stays sane, and saves
ok 2709 - broken save (huge numbers): boots, stays sane, and saves
  ---
  duration_ms: 21.692659
  type: 'test'
  ...
# Subtest: broken save (__proto__ keys): boots, stays sane, and saves
ok 2710 - broken save (__proto__ keys): boots, stays sane, and saves
  ---
  duration_ms: 17.327267
  type: 'test'
  ...
# Subtest: broken save (truncated JSON): boots without replacing the unreadable primary
ok 2711 - broken save (truncated JSON): boots without replacing the unreadable primary
  ---
  duration_ms: 27.169575
  type: 'test'
  ...
# Subtest: fuzz: 200 seeded mutations of real old saves all boot and stay sane
ok 2712 - fuzz: 200 seeded mutations of real old saves all boot and stay sane
  ---
  duration_ms: 5583.94589
  type: 'test'
  ...
# [naotocchi] achievement:rare-line-1 TypeError: Cannot read properties of null (reading 'split')
#     at evalmachine.<anonymous>:24818:172
#     at Array.some (<anonymous>)
#     at Object.condition (evalmachine.<anonymous>:24818:138)
#     at checkAchievements (evalmachine.<anonymous>:24982:23)
#     at Object.saveState (evalmachine.<anonymous>:25424:5)
#     at /home/runner/work/naotocchi/naotocchi/tests/save-integrity-test.cjs:218:35
#     at getActual (node:assert:609:5)
#     at Function.doesNotThrow (node:assert:777:32)
#     at TestContext.<anonymous> (/home/runner/work/naotocchi/naotocchi/tests/save-integrity-test.cjs:218:10)
#     at Test.runInAsyncScope (node:async_hooks:214:14)
# [naotocchi] achievement:every-normal-line TypeError: Cannot read properties of null (reading 'startsWith')
#     at evalmachine.<anonymous>:24856:187
#     at Array.some (<anonymous>)
#     at evalmachine.<anonymous>:24856:173
#     at Array.every (<anonymous>)
#     at Object.condition (evalmachine.<anonymous>:24856:138)
#     at checkAchievements (evalmachine.<anonymous>:24982:23)
#     at Object.saveState (evalmachine.<anonymous>:25424:5)
#     at /home/runner/work/naotocchi/naotocchi/tests/save-integrity-test.cjs:218:35
#     at getActual (node:assert:609:5)
#     at Function.doesNotThrow (node:assert:777:32)
# [naotocchi] achievement:rare-line-all TypeError: Cannot read properties of null (reading 'startsWith')
#     at evalmachine.<anonymous>:24866:182
#     at Array.some (<anonymous>)
#     at evalmachine.<anonymous>:24866:168
#     at Array.every (<anonymous>)
#     at Object.condition (evalmachine.<anonymous>:24866:133)
#     at checkAchievements (evalmachine.<anonymous>:24982:23)
#     at Object.saveState (evalmachine.<anonymous>:25424:5)
#     at /home/runner/work/naotocchi/naotocchi/tests/save-integrity-test.cjs:218:35
#     at getActual (node:assert:609:5)
#     at Function.doesNotThrow (node:assert:777:32)
# Subtest: malformed elements are removed, recorded, and unknown/future/retired ids are kept
ok 2713 - malformed elements are removed, recorded, and unknown/future/retired ids are kept
  ---
  duration_ms: 151.233879
  type: 'test'
  ...
# Subtest: the null element that crashed boot in rare-line-1 now boots and saves
ok 2714 - the null element that crashed boot in rare-line-1 now boots and saves
  ---
  duration_ms: 21.884339
  type: 'test'
  ...
# Subtest: unknown integer tiers stay in the save and are skipped only by the badge row
ok 2715 - unknown integer tiers stay in the save and are skipped only by the badge row
  ---
  duration_ms: 26.782013
  type: 'test'
  ...
# Subtest: repair is idempotent: reloading a repaired save adds nothing to saveRepair
ok 2716 - repair is idempotent: reloading a repaired save adds nothing to saveRepair
  ---
  duration_ms: 72.733779
  type: 'test'
  ...
# Subtest: a normal current save and a normal legacy v4 save never create saveRepair
ok 2717 - a normal current save and a normal legacy v4 save never create saveRepair
  ---
  duration_ms: 87.248983
  type: 'test'
  ...
# Subtest: a corrupt primary with a good backup never copies the corrupt raw into backup
ok 2718 - a corrupt primary with a good backup never copies the corrupt raw into backup
  ---
  duration_ms: 64.155584
  type: 'test'
  ...
# Subtest: loading alone never writes the backup (backup only follows a successful save)
ok 2719 - loading alone never writes the backup (backup only follows a successful save)
  ---
  duration_ms: 123.042254
  type: 'test'
  ...
# Subtest: primary and backup both element-corrupt still boot and keep the original raw
ok 2720 - primary and backup both element-corrupt still boot and keep the original raw
  ---
  duration_ms: 53.090944
  type: 'test'
  ...
# Subtest: a truncated primary still falls back to the backup without writing
ok 2721 - a truncated primary still falls back to the backup without writing
  ---
  duration_ms: 28.998621
  type: 'test'
  ...
# Subtest: importing a save code with malformed elements boots after reload with a clean backup
ok 2722 - importing a save code with malformed elements boots after reload with a clean backup
  ---
  duration_ms: 113.924486
  type: 'test'
  ...
# Subtest: every array in freshState() drops a null element on load (coverage of the kind table)
ok 2723 - every array in freshState() drops a null element on load (coverage of the kind table)
  ---
  duration_ms: 894.198896
  type: 'test'
  ...
# Subtest: an achievement condition that throws is reported once and does not stop saving
ok 2724 - an achievement condition that throws is reported once and does not stop saving
  ---
  duration_ms: 50.775398
  type: 'test'
  ...
# [naotocchi] storage Error: localStorage quota exceeded
#     at noteStorageWarning (evalmachine.<anonymous>:25407:24)
#     at Object.saveState (evalmachine.<anonymous>:25455:9)
#     at TestContext.<anonymous> (/home/runner/work/naotocchi/naotocchi/tests/save-recovery-test.cjs:52:9)
#     at Test.runInAsyncScope (node:async_hooks:214:14)
#     at Test.run (node:internal/test_runner/test:1047:25)
#     at Test.processPendingSubtests (node:internal/test_runner/test:744:18)
#     at Test.postRun (node:internal/test_runner/test:1173:19)
#     at Test.run (node:internal/test_runner/test:1101:12)
#     at async Test.processPendingSubtests (node:internal/test_runner/test:744:7)
# [naotocchi] storage Error: localStorage quota exceeded
#     at noteStorageWarning (evalmachine.<anonymous>:25407:24)
#     at Object.saveState (evalmachine.<anonymous>:25455:9)
#     at TestContext.<anonymous> (/home/runner/work/naotocchi/naotocchi/tests/save-recovery-test.cjs:63:9)
#     at Test.runInAsyncScope (node:async_hooks:214:14)
#     at Test.run (node:internal/test_runner/test:1047:25)
#     at Test.processPendingSubtests (node:internal/test_runner/test:744:18)
#     at Test.postRun (node:internal/test_runner/test:1173:19)
#     at Test.run (node:internal/test_runner/test:1101:12)
#     at async Test.processPendingSubtests (node:internal/test_runner/test:744:7)
# [naotocchi] storage Error: localStorage quota exceeded
#     at noteStorageWarning (evalmachine.<anonymous>:25407:24)
#     at saveState (evalmachine.<anonymous>:25455:9)
#     at Object.fn (evalmachine.<anonymous>:40955:7)
#     at dispatch (/home/runner/work/naotocchi/naotocchi/tests/helpers/runtime-harness.cjs:196:75)
#     at Object.dispatch (/home/runner/work/naotocchi/naotocchi/tests/helpers/runtime-harness.cjs:326:97)
#     at TestContext.<anonymous> (/home/runner/work/naotocchi/naotocchi/tests/save-recovery-test.cjs:240:5)
#     at Test.runInAsyncScope (node:async_hooks:214:14)
#     at Test.run (node:internal/test_runner/test:1047:25)
#     at Test.processPendingSubtests (node:internal/test_runner/test:744:18)
#     at Test.postRun (node:internal/test_runner/test:1173:19)
# [naotocchi] storage Error: localStorage quota exceeded
#     at noteStorageWarning (evalmachine.<anonymous>:25407:24)
#     at Object.saveState (evalmachine.<anonymous>:25455:9)
#     at TestContext.<anonymous> (/home/runner/work/naotocchi/naotocchi/tests/save-recovery-test.cjs:282:9)
#     at Test.runInAsyncScope (node:async_hooks:214:14)
#     at Test.run (node:internal/test_runner/test:1047:25)
#     at Test.processPendingSubtests (node:internal/test_runner/test:744:18)
#     at Test.postRun (node:internal/test_runner/test:1173:19)
#     at Test.run (node:internal/test_runner/test:1101:12)
#     at async Test.processPendingSubtests (node:internal/test_runner/test:744:7)
# Subtest: backup write failure does not stop a writable primary save
ok 2725 - backup write failure does not stop a writable primary save
  ---
  duration_ms: 202.734214
  type: 'test'
  ...
# Subtest: failed primary migration cannot replace a working backup
ok 2726 - failed primary migration cannot replace a working backup
  ---
  duration_ms: 43.586014
  type: 'test'
  ...
# Subtest: a failed save after recovery leaves a usable backup for the next reload
ok 2727 - a failed save after recovery leaves a usable backup for the next reload
  ---
  duration_ms: 80.128953
  type: 'test'
  ...
# Subtest: backup advances to the latest successful save and survives the next write failure
ok 2728 - backup advances to the latest successful save and survives the next write failure
  ---
  duration_ms: 71.934446
  type: 'test'
  ...
# Subtest: a missing primary resumes the backup instead of creating a new life
ok 2729 - a missing primary resumes the backup instead of creating a new life
  ---
  duration_ms: 69.589625
  type: 'test'
  ...
# Subtest: backup recovery applies legacy migrations once and preserves old characters
ok 2730 - backup recovery applies legacy migrations once and preserves old characters
  ---
  duration_ms: 99.642156
  type: 'test'
  ...
# Subtest: invalid top-level payloads fall back without replacing the backup
ok 2731 - invalid top-level payloads fall back without replacing the backup
  ---
  duration_ms: 165.394951
  type: 'test'
  ...
# Subtest: confirmed full reset cannot later resurrect the removed life from backup
ok 2732 - confirmed full reset cannot later resurrect the removed life from backup
  ---
  duration_ms: 64.572401
  type: 'test'
  ...
# Subtest: unrecoverable saves remain intact through hidden, unload and repeated saves until explicit reset
ok 2733 - unrecoverable saves remain intact through hidden, unload and repeated saves until explicit reset
  ---
  duration_ms: 105.398139
  type: 'test'
  ...
# Subtest: unreadable storage still permits boot and gameplay without throwing
ok 2734 - unreadable storage still permits boot and gameplay without throwing
  ---
  duration_ms: 34.508406
  type: 'test'
  ...
# Subtest: import retains a newer primary saved by another tab before replacement
ok 2735 - import retains a newer primary saved by another tab before replacement
  ---
  duration_ms: 144.814554
  type: 'test'
  ...
# Subtest: import failure cannot poison a recovered backup with the broken primary
ok 2736 - import failure cannot poison a recovered backup with the broken primary
  ---
  duration_ms: 62.082568
  type: 'test'
  ...
# Subtest: import stops before replacing a save if its safety snapshot cannot be written
ok 2737 - import stops before replacing a save if its safety snapshot cannot be written
  ---
  duration_ms: 65.910726
  type: 'test'
  ...
# Subtest: import retains the prior life across replacement, reload and undo, including duplicate snapshots
ok 2738 - import retains the prior life across replacement, reload and undo, including duplicate snapshots
  ---
  duration_ms: 103.522208
  type: 'test'
  ...
# Subtest: restore retains a newer primary saved by another tab before replacement
ok 2739 - restore retains a newer primary saved by another tab before replacement
  ---
  duration_ms: 130.925458
  type: 'test'
  ...
# Subtest: restore failure cannot poison a recovered backup with the broken primary
ok 2740 - restore failure cannot poison a recovered backup with the broken primary
  ---
  duration_ms: 61.216913
  type: 'test'
  ...
# Subtest: restore stops before replacing a save if its safety snapshot cannot be written
ok 2741 - restore stops before replacing a save if its safety snapshot cannot be written
  ---
  duration_ms: 57.400733
  type: 'test'
  ...
# Subtest: restore retains the prior life across replacement, reload and undo, including duplicate snapshots
ok 2742 - restore retains the prior life across replacement, reload and undo, including duplicate snapshots
  ---
  duration_ms: 100.767827
  type: 'test'
  ...
# Subtest: export uses the recoverable save when a broken primary cannot be repaired
ok 2743 - export uses the recoverable save when a broken primary cannot be repaired
  ---
  duration_ms: 34.153372
  type: 'test'
  ...
# Subtest: explicit import can recover unreadable saves while retaining both originals for inspection
ok 2744 - explicit import can recover unreadable saves while retaining both originals for inspection
  ---
  duration_ms: 59.392022
  type: 'test'
  ...
# Subtest: import from backup recovery with no primary retains the former life after reload
ok 2745 - import from backup recovery with no primary retains the former life after reload
  ---
  duration_ms: 63.648229
  type: 'test'
  ...
# Subtest: a full storage drops the automatic snapshots and still writes the primary save
ok 2746 - a full storage drops the automatic snapshots and still writes the primary save
  ---
  duration_ms: 44.974333
  type: 'test'
  ...
# Subtest: a permanently full storage warns instead of failing silently
ok 2747 - a permanently full storage warns instead of failing silently
  ---
  duration_ms: 45.58929
  type: 'test'
  ...
# Subtest: retired companions migrate once with the strongest bond and collection intact
ok 2748 - retired companions migrate once with the strongest bond and collection intact
  ---
  duration_ms: 57.41877
  type: 'test'
  ...
# Subtest: minigame ranks follow the S90/A75/B55/C35 thresholds and records keep best and last
ok 2749 - minigame ranks follow the S90/A75/B55/C35 thresholds and records keep best and last
  ---
  duration_ms: 134.096307
  type: 'test'
  ...
# Subtest: shop items are bought once, equipped, and toggled off
ok 2750 - shop items are bought once, equipped, and toggled off
  ---
  duration_ms: 47.192764
  type: 'test'
  ...
# Subtest: achievement unlocks record their time and do not repeat
ok 2751 - achievement unlocks record their time and do not repeat
  ---
  duration_ms: 32.084677
  type: 'test'
  ...
# Subtest: game pass must be purchased separately from sunglasses and occupies one equipment slot
ok 2752 - game pass must be purchased separately from sunglasses and occupies one equipment slot
  ---
  duration_ms: 41.227793
  type: 'test'
  ...
# Subtest: the dex shows a summary and one progress head per species line
ok 2753 - the dex shows a summary and one progress head per species line
  ---
  duration_ms: 132.986085
  type: 'test'
  ...
# Subtest: travel shows region cards with effects and marks the current region
ok 2754 - travel shows region cards with effects and marks the current region
  ---
  duration_ms: 20.876832
  type: 'test'
  ...
# Subtest: care meters are hidden while the pet is an egg
ok 2755 - care meters are hidden while the pet is an egg
  ---
  duration_ms: 29.573577
  type: 'test'
  ...
# Subtest: a hidden tab does not tick, age, or run encounters / moments / idle talk
ok 2756 - a hidden tab does not tick, age, or run encounters / moments / idle talk
  ---
  duration_ms: 180.793064
  type: 'test'
  ...
# Subtest: coming back runs the same gentle absence processing once (existing caps: ≤30 drop, floor 20, no aging)
ok 2757 - coming back runs the same gentle absence processing once (existing caps: ≤30 drop, floor 20, no aging)
  ---
  duration_ms: 20.939988
  type: 'test'
  ...
# Subtest: a short hide (< 2 minutes) changes nothing
ok 2758 - a short hide (< 2 minutes) changes nothing
  ---
  duration_ms: 28.175231
  type: 'test'
  ...
# Subtest: absence time is recorded without a cap (days and hours), while the game effect keeps its cap
ok 2759 - absence time is recorded without a cap (days and hours), while the game effect keeps its cap
  ---
  duration_ms: 44.409824
  type: 'test'
  ...
# Subtest: closing and reopening still uses savedAt (the closed path is unchanged)
ok 2760 - closing and reopening still uses savedAt (the closed path is unchanged)
  ---
  duration_ms: 59.822449
  type: 'test'
  ...
# Subtest: two tabs: the tab opened later takes over; the older tab stops writing and shows the notice
ok 2761 - two tabs: the tab opened later takes over; the older tab stops writing and shows the notice
  ---
  duration_ms: 65.57496
  type: 'test'
  ...
# Subtest: two tabs: another tab's write (storage event) makes this tab read-only immediately, even with a lower revision
ok 2762 - two tabs: another tab's write (storage event) makes this tab read-only immediately, even with a lower revision
  ---
  duration_ms: 51.935164
  type: 'test'
  ...
# Subtest: waits written by a clock in the future are clamped to their real length
ok 2763 - waits written by a clock in the future are clamped to their real length
  ---
  duration_ms: 18.59717
  type: 'test'
  ...
# Subtest: boot marks itself finished for the index.html rescue guard
ok 2764 - boot marks itself finished for the index.html rescue guard
  ---
  duration_ms: 49.620804
  type: 'test'
  ...
# Subtest: the sticker catalog is built from existing art with unique ids and valid rarities
ok 2765 - the sticker catalog is built from existing art with unique ids and valid rarities
  ---
  duration_ms: 130.670754
  type: 'test'
  ...
# Subtest: every current item has a sticker while retired items stay out
ok 2766 - every current item has a sticker while retired items stay out
  ---
  duration_ms: 18.803872
  type: 'test'
  ...
# Subtest: duplicate stickers remain usable copies up to the nine-copy cap
ok 2767 - duplicate stickers remain usable copies up to the nine-copy cap
  ---
  duration_ms: 28.438577
  type: 'test'
  ...
# Subtest: normal and category packs cost coins and never draw a sticker already at nine copies
ok 2768 - normal and category packs cost coins and never draw a sticker already at nine copies
  ---
  duration_ms: 44.919481
  type: 'test'
  ...
# Subtest: pack result marks a repeated sticker as the next copy instead of converting it to points
ok 2769 - pack result marks a repeated sticker as the next copy instead of converting it to points
  ---
  duration_ms: 19.177645
  type: 'test'
  ...
# Subtest: stickers can be placed only when owned, moved within the page, and repeated up to owned copies
ok 2770 - stickers can be placed only when owned, moved within the page, and repeated up to owned copies
  ---
  duration_ms: 34.117618
  type: 'test'
  ...
# Subtest: free-page tasks are recorded once without sticker points or coin rewards
ok 2771 - free-page tasks are recorded once without sticker points or coin rewards
  ---
  duration_ms: 21.552499
  type: 'test'
  ...
# Subtest: refreshed sticker tasks teach duplicate placement, two pages, and background changes
ok 2772 - refreshed sticker tasks teach duplicate placement, two pages, and background changes
  ---
  duration_ms: 44.145335
  type: 'test'
  ...
# Subtest: legacy completed sticker tasks migrate only to logically equivalent refreshed tasks
ok 2773 - legacy completed sticker tasks migrate only to logically equivalent refreshed tasks
  ---
  duration_ms: 16.595286
  type: 'test'
  ...
# Subtest: five tasks grant silver, all eight grant gold, and both rewards are exact once
ok 2774 - five tasks grant silver, all eight grant gold, and both rewards are exact once
  ---
  duration_ms: 21.073148
  type: 'test'
  ...
# Subtest: earned silver and gold stickers appear in the tray but do not change ordinary collection progress
ok 2775 - earned silver and gold stickers appear in the tray but do not change ordinary collection progress
  ---
  duration_ms: 42.618046
  type: 'test'
  ...
# Subtest: a first discovery grants that form as a sticker and the screen lists it
ok 2776 - a first discovery grants that form as a sticker and the screen lists it
  ---
  duration_ms: 26.957478
  type: 'test'
  ...
# Subtest: legacy sticker points disappear on normalization while owned copies clamp to nine
ok 2777 - legacy sticker points disappear on normalization while owned copies clamp to nine
  ---
  duration_ms: 60.861568
  type: 'test'
  ...
# Subtest: sticker data survives a save and reload, and old saves get an empty one-page book
ok 2778 - sticker data survives a save and reload, and old saves get an empty one-page book
  ---
  duration_ms: 50.754823
  type: 'test'
  ...
# Subtest: a fresh sticker book starts with one page and grows to at most fifteen
ok 2779 - a fresh sticker book starts with one page and grows to at most fifteen
  ---
  duration_ms: 20.751023
  type: 'test'
  ...
# Subtest: special region backgrounds unlock only after visiting them
ok 2780 - special region backgrounds unlock only after visiting them
  ---
  duration_ms: 16.712713
  type: 'test'
  ...
# Subtest: all thirteen region backgrounds render unique low-contrast SVG identities
ok 2781 - all thirteen region backgrounds render unique low-contrast SVG identities
  ---
  duration_ms: 15.744905
  type: 'test'
  ...
# Subtest: the six confusable backgrounds use visibly different motif families
ok 2782 - the six confusable backgrounds use visibly different motif families
  ---
  duration_ms: 25.476548
  type: 'test'
  ...
# Subtest: the live board and PNG export consume the same regional SVG background
ok 2783 - the live board and PNG export consume the same regional SVG background
  ---
  duration_ms: 23.798972
  type: 'test'
  ...
# Subtest: legacy four-category pages migrate without losing placed stickers
ok 2784 - legacy four-category pages migrate without losing placed stickers
  ---
  duration_ms: 29.811384
  type: 'test'
  ...
# Subtest: page export resolves to null without a real canvas
ok 2785 - page export resolves to null without a real canvas
  ---
  duration_ms: 15.203781
  type: 'test'
  ...
# Subtest: source helpers: literal() evaluates objects and arrays, skipping brackets inside strings and comments
ok 2786 - source helpers: literal() evaluates objects and arrays, skipping brackets inside strings and comments
  ---
  duration_ms: 29.580627
  type: 'test'
  ...
# Subtest: guardedRoute records a failed route fetch (label, url, code, timing) and aborts the request instead of throwing
ok 2787 - guardedRoute records a failed route fetch (label, url, code, timing) and aborts the request instead of throwing
  ---
  duration_ms: 1.104403
  type: 'test'
  ...
# Subtest: the clock runs on the home screen but stops while めぐる is open, and resumes after returning
ok 2788 - the clock runs on the home screen but stops while めぐる is open, and resumes after returning
  ---
  duration_ms: 571.367658
  type: 'test'
  ...
# Subtest: a starving pet cannot die while exploring, only once it is back home
ok 2789 - a starving pet cannot die while exploring, only once it is back home
  ---
  duration_ms: 391.551954
  type: 'test'
  ...
# Subtest: the clock stops during a minigame and during quick mode, and resumes when the game ends
ok 2790 - the clock stops during a minigame and during quick mode, and resumes when the game ends
  ---
  duration_ms: 27.026932
  type: 'test'
  ...
# Subtest: the clock stops while the transformation choice is open, and resumes after choosing to stay
ok 2791 - the clock stops while the transformation choice is open, and resumes after choosing to stay
  ---
  duration_ms: 25.512452
  type: 'test'
  ...
# Subtest: every menu overlay kind pauses the clock and closing it resumes
ok 2792 - every menu overlay kind pauses the clock and closing it resumes
  ---
  duration_ms: 51.540666
  type: 'test'
  ...
# Subtest: while めぐる is open no companion invitation, idle chatter or care notice is layered over it, and menus refuse to open
ok 2793 - while めぐる is open no companion invitation, idle chatter or care notice is layered over it, and menus refuse to open
  ---
  duration_ms: 2045.763118
  type: 'test'
  ...
# Subtest: the clock also stays stopped for date, duel, companion invitation and the grand goal celebration screens
ok 2794 - the clock also stays stopped for date, duel, companion invitation and the grand goal celebration screens
  ---
  duration_ms: 111.152011
  type: 'test'
  ...
# Subtest: the final ten shop items use their approved illustrations and labels in order
ok 2795 - the final ten shop items use their approved illustrations and labels in order
  ---
  duration_ms: 156.328636
  type: 'test'
  ...
# Subtest: retired equipment is absent from the shop
ok 2796 - retired equipment is absent from the shop
  ---
  duration_ms: 26.976195
  type: 'test'
  ...
# Subtest: equipment uses the matching illustration without modifying the saved item or actor frame
ok 2797 - equipment uses the matching illustration without modifying the saved item or actor frame
  ---
  duration_ms: 37.142878
  type: 'test'
  ...
# Subtest: manual weather and time retain their labels beside the right illustration
ok 2798 - manual weather and time retain their labels beside the right illustration
  ---
  duration_ms: 19.231766
  type: 'test'
  ...
# Subtest: an atlas error exposes the equipment emoji without changing equipment
ok 2799 - an atlas error exposes the equipment emoji without changing equipment
  ---
  duration_ms: 20.291091
  type: 'test'
  ...
# Subtest: cloud, snow and moon use illustrated scenery while retaining weather particle counts
ok 2800 - cloud, snow and moon use illustrated scenery while retaining weather particle counts
  ---
  duration_ms: 28.87839
  type: 'test'
  ...
# Subtest: lightweight weather keeps its smaller particle sets and unchanged choices
ok 2801 - lightweight weather keeps its smaller particle sets and unchanged choices
  ---
  duration_ms: 40.965108
  type: 'test'
  ...
# Subtest: winter decor and season controls reuse matching art without replacing region identity
ok 2802 - winter decor and season controls reuse matching art without replacing region identity
  ---
  duration_ms: 38.689231
  type: 'test'
  ...
# Subtest: reduced motion keeps world labels and illustrated choices without falling rain or snow
ok 2803 - reduced motion keeps world labels and illustrated choices without falling rain or snow
  ---
  duration_ms: 19.963758
  type: 'test'
  ...
# Subtest: earned header badges use illustrations in tier order without granting an unearned clear
ok 2804 - earned header badges use illustrations in tier order without granting an unearned clear
  ---
  duration_ms: 17.829895
  type: 'test'
  ...
# Subtest: spring summer and autumn labels and regional scenery share art while preserving their choices
ok 2805 - spring summer and autumn labels and regional scenery share art while preserving their choices
  ---
  duration_ms: 21.761394
  type: 'test'
  ...
# Subtest: the scenery atlas can fail independently and keeps a visible fallback for header badges
ok 2806 - the scenery atlas can fail independently and keeps a visible fallback for header badges
  ---
  duration_ms: 34.926155
  type: 'test'
  ...
# Subtest: current mountain jungle and memory-lake IDs reach their existing art in world and travel views
ok 2807 - current mountain jungle and memory-lake IDs reach their existing art in world and travel views
  ---
  duration_ms: 26.362932
  type: 'test'
  ...
# Subtest: forest decor reuses whole PNGs without adding companions or changing the scene count
ok 2808 - forest decor reuses whole PNGs without adding companions or changing the scene count
  ---
  duration_ms: 40.709183
  type: 'test'
  ...
# Subtest: a scenery PNG failure only reveals that decoration fallback without relaying out the cast
ok 2809 - a scenery PNG failure only reveals that decoration fallback without relaying out the cast
  ---
  duration_ms: 17.889435
  type: 'test'
  ...
# Subtest: an equipment PNG failure reveals only its fallback and preserves saved state
ok 2810 - an equipment PNG failure reveals only its fallback and preserves saved state
  ---
  duration_ms: 37.436385
  type: 'test'
  ...
# Subtest: game pass uses its dedicated unified PNG when equipped without mapping sunglasses to it
ok 2811 - game pass uses its dedicated unified PNG when equipped without mapping sunglasses to it
  ---
  duration_ms: 36.648338
  type: 'test'
  ...
# Subtest: game pass is a new shop purchase and does not inherit sunglasses ownership
ok 2812 - game pass is a new shop purchase and does not inherit sunglasses ownership
  ---
  duration_ms: 25.553673
  type: 'test'
  ...
# Subtest: dying treatment stays on home content without containing viewport overlays
ok 2813 - dying treatment stays on home content without containing viewport overlays
  ---
  duration_ms: 7.63159
  type: 'test'
  ...
# Subtest: travel opens destinations directly, then closes back to care
ok 2814 - travel opens destinations directly, then closes back to care
  ---
  duration_ms: 123.562187
  type: 'test'
  ...
# Subtest: the menu stops aging and an exclusive page replaces it
ok 2815 - the menu stops aging and an exclusive page replaces it
  ---
  duration_ms: 25.946876
  type: 'test'
  ...
# Subtest: court rapid taps still count individually
ok 2816 - court rapid taps still count individually
  ---
  duration_ms: 243.352163
  type: 'test'
  ...
# Subtest: medicine while healthy still changes the care state and reacts immediately
ok 2817 - medicine while healthy still changes the care state and reacts immediately
  ---
  duration_ms: 25.784928
  type: 'test'
  ...
# Subtest: play starts a random game with no chooser
ok 2818 - play starts a random game with no chooser
  ---
  duration_ms: 20.499264
  type: 'test'
  ...
# Subtest: home header and menu cannot interrupt an active minigame
ok 2819 - home header and menu cannot interrupt an active minigame
  ---
  duration_ms: 18.314625
  type: 'test'
  ...
# Subtest: game selection and achievements each open their own destination
ok 2820 - game selection and achievements each open their own destination
  ---
  duration_ms: 52.891254
  type: 'test'
  ...
# Subtest: late weather does not override manual settings or write a location into a save
ok 2821 - late weather does not override manual settings or write a location into a save
  ---
  duration_ms: 36.849952
  type: 'test'
  ...
# Subtest: late current-location result cannot pull a player out of another menu
ok 2822 - late current-location result cannot pull a player out of another menu
  ---
  duration_ms: 19.177484
  type: 'test'
  ...
# Subtest: Escape cancels the first reset prompt and leaves Data paused
ok 2823 - Escape cancels the first reset prompt and leaves Data paused
  ---
  duration_ms: 18.828779
  type: 'test'
  ...
# Subtest: Escape cancels a held final reset without wiping or resuming age
ok 2824 - Escape cancels a held final reset without wiping or resuming age
  ---
  duration_ms: 27.009025
  type: 'test'
  ...
# Subtest: failed location permission waits for explicit retry while successful snapshots auto-refresh
ok 2825 - failed location permission waits for explicit retry while successful snapshots auto-refresh
  ---
  duration_ms: 19.202461
  type: 'test'
  ...
# Subtest: blocked sleeping travel preserves the active current-city selection
ok 2826 - blocked sleeping travel preserves the active current-city selection
  ---
  duration_ms: 35.853992
  type: 'test'
  ...
# Subtest: dialog browser clock pauses before navigation instead of racing live timers
ok 2827 - dialog browser clock pauses before navigation instead of racing live timers
  ---
  duration_ms: 0.400603
  type: 'test'
  ...
# Subtest: a small newborn uses spare space and stays near the speech below it
ok 2828 - a small newborn uses spare space and stays near the speech below it
  ---
  duration_ms: 3.256052
  type: 'test'
  ...
# Subtest: bottom transparency cannot leave a fish far above its speech
ok 2829 - bottom transparency cannot leave a fish far above its speech
  ---
  duration_ms: 120.145082
  type: 'test'
  ...
# Subtest: closer core actors retain the readable size of both full companion arcs
ok 2830 - closer core actors retain the readable size of both full companion arcs
  ---
  duration_ms: 20.930213
  type: 'test'
  ...
# Subtest: equipment and the partner sit near the visible body instead of the transparent image top
ok 2831 - equipment and the partner sit near the visible body instead of the transparent image top
  ---
  duration_ms: 83.083671
  type: 'test'
  ...
# Subtest: height-constrained companions keep curved wings instead of straight columns
ok 2832 - height-constrained companions keep curved wings instead of straight columns
  ---
  duration_ms: 153.578891
  type: 'test'
  ...
# Subtest: height-constrained cast keeps all frames, two sides and motion gaps
ok 2833 - height-constrained cast keeps all frames, two sides and motion gaps
  ---
  duration_ms: 2312.297225
  type: 'test'
  ...
# Subtest: more vertical room grows the cast instead of leaving a fixed small scene
ok 2834 - more vertical room grows the cast instead of leaving a fixed small scene
  ---
  duration_ms: 2.456499
  type: 'test'
  ...
# Subtest: legacy colors and earned designs survive as a noninteractive collection
ok 2835 - legacy colors and earned designs survive as a noninteractive collection
  ---
  duration_ms: 39.815075
  type: 'test'
  ...
# Subtest: glass inputs preview immediately, save on change, and reset only readability settings
ok 2836 - glass inputs preview immediately, save on change, and reset only readability settings
  ---
  duration_ms: 59.347247
  type: 'test'
  ...
# Subtest: viewport changes follow browser chrome height while pinch zoom remains usable
ok 2837 - viewport changes follow browser chrome height while pinch zoom remains usable
  ---
  duration_ms: 41.021612
  type: 'test'
  ...
# Subtest: glass migration clamps unsafe values and respects an explicit transparency choice
ok 2838 - glass migration clamps unsafe values and respects an explicit transparency choice
  ---
  duration_ms: 150.89768
  type: 'test'
  ...
# Subtest: short visible viewports switch meter arrangement and recover without undoing pinch zoom
ok 2839 - short visible viewports switch meter arrangement and recover without undoing pinch zoom
  ---
  duration_ms: 32.210846
  type: 'test'
  ...
# Subtest: a viewport resize lays out before the next reaction and does not cancel it on render
ok 2840 - a viewport resize lays out before the next reaction and does not cancel it on render
  ---
  duration_ms: 12.16092
  type: 'test'
  ...
# Subtest: a new narration starts at the top while normal renders preserve the reading position
ok 2841 - a new narration starts at the top while normal renders preserve the reading position
  ---
  duration_ms: 21.119036
  type: 'test'
  ...
# Subtest: a new speech starts at its first line without truncating a long message
ok 2842 - a new speech starts at its first line without truncating a long message
  ---
  duration_ms: 13.779337
  type: 'test'
  ...
# Subtest: locked or invalid legacy designs cannot override the game palette
ok 2843 - locked or invalid legacy designs cannot override the game palette
  ---
  duration_ms: 11.150568
  type: 'test'
  ...
# Subtest: every saved color and pattern has one shared preview definition and independent paint layers
ok 2844 - every saved color and pattern has one shared preview definition and independent paint layers
  ---
  duration_ms: 8.009519
  type: 'test'
  ...
# Subtest: screen palette samples retain at least 4.5 contrast with white and colored motifs
ok 2845 - screen palette samples retain at least 4.5 contrast with white and colored motifs
  ---
  duration_ms: 34.727465
  type: 'test'
  ...
# Subtest: static script exposes the same interface on window
ok 2846 - static script exposes the same interface on window
  ---
  duration_ms: 3.791459
  type: 'test'
  ...
# Subtest: simulated weather is deterministic per 3-hour block and region
ok 2847 - simulated weather is deterministic per 3-hour block and region
  ---
  duration_ms: 3.422824
  type: 'test'
  ...
# Subtest: simulated weather follows the region climate and the season
ok 2848 - simulated weather follows the region climate and the season
  ---
  duration_ms: 2.548307
  type: 'test'
  ...
# Subtest: timeOfDay honors manual modes and uses the local hour for auto/invalid modes
ok 2849 - timeOfDay honors manual modes and uses the local hour for auto/invalid modes
  ---
  duration_ms: 0.189586
  type: 'test'
  ...
# Subtest: weatherFromResponse maps official codes and rejects unknown or stale readings
ok 2850 - weatherFromResponse maps official codes and rejects unknown or stale readings
  ---
  duration_ms: 0.421705
  type: 'test'
  ...
# Subtest: municipalityFromResponse selects only the nearest municipality within 25km
ok 2851 - municipalityFromResponse selects only the nearest municipality within 25km
  ---
  duration_ms: 0.438891
  type: 'test'
  ...
# Subtest: municipalityFromResponse preserves a valid provider prefecture without changing the legacy shape when absent
ok 2852 - municipalityFromResponse preserves a valid provider prefecture without changing the legacy shape when absent
  ---
  duration_ms: 0.662357
  type: 'test'
  ...
# Subtest: tracker preserves municipality precision, rounds only weather, and exposes no coordinates
ok 2853 - tracker preserves municipality precision, rounds only weather, and exposes no coordinates
  ---
  duration_ms: 1.593168
  type: 'test'
  ...
# Subtest: tracker tolerates independent provider failure and identifies the missing result
ok 2854 - tracker tolerates independent provider failure and identifies the missing result
  ---
  duration_ms: 0.96962
  type: 'test'
  ...
# Subtest: tracker coalesces overlap and permits a retry after a provider failure
ok 2855 - tracker coalesces overlap and permits a retry after a provider failure
  ---
  duration_ms: 9.881338
  type: 'test'
  ...
# Subtest: location failures are distinct, clear stale results, and malformed coordinates never fetch
ok 2856 - location failures are distinct, clear stale results, and malformed coordinates never fetch
  ---
  duration_ms: 1.217703
  type: 'test'
  ...
# Subtest: missing geolocation returns an error without prompting or throwing
ok 2857 - missing geolocation returns an error without prompting or throwing
  ---
  duration_ms: 0.254484
  type: 'test'
  ...
# Subtest: missing fetch support reports municipality and weather unavailable separately
ok 2858 - missing fetch support reports municipality and weather unavailable separately
  ---
  duration_ms: 0.324959
  type: 'test'
  ...
# Subtest: a submerged sea interprets rain and snow as weaker surface light
ok 2859 - a submerged sea interprets rain and snow as weaker surface light
  ---
  duration_ms: 1.540129
  type: 'test'
  ...
# Subtest: the sea has four light states and seasonal water without terrestrial particles
ok 2860 - the sea has four light states and seasonal water without terrestrial particles
  ---
  duration_ms: 0.868638
  type: 'test'
  ...
# Subtest: care progresses through four stages and respects the actual health danger
ok 2861 - care progresses through four stages and respects the actual health danger
  ---
  duration_ms: 0.249696
  type: 'test'
  ...
# Subtest: environment markup is stable and uses bounded, non-interactive particles
ok 2862 - environment markup is stable and uses bounded, non-interactive particles
  ---
  duration_ms: 1.218895
  type: 'test'
  ...
# Subtest: every actual region has its own landscape and climate-correct weather across 832 combinations
ok 2863 - every actual region has its own landscape and climate-correct weather across 832 combinations
  ---
  duration_ms: 153.039738
  type: 'test'
  ...
# Subtest: presentation uses current environment without changing saved choices or game effects
ok 2864 - presentation uses current environment without changing saved choices or game effects
  ---
  duration_ms: 30.035291
  type: 'test'
  ...
# Subtest: normal ticks keep scenery nodes; overlays, visibility, reduced motion and performance tiers are respected
ok 2865 - normal ticks keep scenery nodes; overlays, visibility, reduced motion and performance tiers are respected
  ---
  duration_ms: 39.414343
  type: 'test'
  ...
# Subtest: environment controls update the visible world while the menu remains open
ok 2866 - environment controls update the visible world while the menu remains open
  ---
  duration_ms: 21.619501
  type: 'test'
  ...
# Subtest: health danger, explicit care changes, partner affinity and recovery remain legible in the world
ok 2867 - health danger, explicit care changes, partner affinity and recovery remain legible in the world
  ---
  duration_ms: 117.682368
  type: 'test'
  ...
# Subtest: games pause the world immediately and story expiry cannot resume it behind a game
ok 2868 - games pause the world immediately and story expiry cannot resume it behind a game
  ---
  duration_ms: 77.619304
  type: 'test'
  ...
# Subtest: home stays indoors in every season and weather, with warm light at night
ok 2869 - home stays indoors in every season and weather, with warm light at night
  ---
  duration_ms: 0.648486
  type: 'test'
  ...
# Subtest: city switches to actual neon artwork at night without returning to old seasonal streets
ok 2870 - city switches to actual neon artwork at night without returning to old seasonal streets
  ---
  duration_ms: 0.249355
  type: 'test'
  ...
# Subtest: current location has outdoor municipal profiles without adding gameplay regions
ok 2871 - current location has outdoor municipal profiles without adding gameplay regions
  ---
  duration_ms: 0.287994
  type: 'test'
  ...
# Subtest: shared temperate branches do not turn a jungle or farm back into the same clearing
ok 2872 - shared temperate branches do not turn a jungle or farm back into the same clearing
  ---
  duration_ms: 0.252881
  type: 'test'
  ...
# Subtest: renderer updates the scenery when the municipality changes on the same gameplay region
ok 2873 - renderer updates the scenery when the municipality changes on the same gameplay region
  ---
  duration_ms: 57.583347
  type: 'test'
  ...
1..2873
# tests 2878
# suites 0
# pass 2878
# fail 0
# cancelled 0
# skipped 0
# todo 0
# duration_ms 931843.056973
TAP version 13
# Subtest: cat_friend real Home rerenders relation threshold, rescue and expiry
ok 1 - cat_friend real Home rerenders relation threshold, rescue and expiry
  ---
  duration_ms: 23.775258
  type: 'test'
  ...
# Subtest: rabbit_friend real Home rerenders relation threshold, rescue and expiry
ok 2 - rabbit_friend real Home rerenders relation threshold, rescue and expiry
  ---
  duration_ms: 18.140543
  type: 'test'
  ...
# Subtest: tanuki real Home rerenders relation threshold, rescue and expiry
ok 3 - tanuki real Home rerenders relation threshold, rescue and expiry
  ---
  duration_ms: 16.608927
  type: 'test'
  ...
# Subtest: squirrel real Home rerenders relation threshold, rescue and expiry
ok 4 - squirrel real Home rerenders relation threshold, rescue and expiry
  ---
  duration_ms: 15.173396
  type: 'test'
  ...
# Subtest: owl real Home rerenders relation threshold, rescue and expiry
ok 5 - owl real Home rerenders relation threshold, rescue and expiry
  ---
  duration_ms: 20.528879
  type: 'test'
  ...
# Subtest: otter real Home rerenders relation threshold, rescue and expiry
ok 6 - otter real Home rerenders relation threshold, rescue and expiry
  ---
  duration_ms: 16.908329
  type: 'test'
  ...
# Subtest: hamster real Home rerenders relation threshold, rescue and expiry
ok 7 - hamster real Home rerenders relation threshold, rescue and expiry
  ---
  duration_ms: 20.840608
  type: 'test'
  ...
# Subtest: panda real Home rerenders relation threshold, rescue and expiry
ok 8 - panda real Home rerenders relation threshold, rescue and expiry
  ---
  duration_ms: 13.614439
  type: 'test'
  ...
# Subtest: monkey real Home rerenders relation threshold, rescue and expiry
ok 9 - monkey real Home rerenders relation threshold, rescue and expiry
  ---
  duration_ms: 13.62135
  type: 'test'
  ...
# Subtest: parrot real Home rerenders relation threshold, rescue and expiry
ok 10 - parrot real Home rerenders relation threshold, rescue and expiry
  ---
  duration_ms: 18.05873
  type: 'test'
  ...
# Subtest: sheep real Home rerenders relation threshold, rescue and expiry
ok 11 - sheep real Home rerenders relation threshold, rescue and expiry
  ---
  duration_ms: 13.878536
  type: 'test'
  ...
# Subtest: seal real Home rerenders relation threshold, rescue and expiry
ok 12 - seal real Home rerenders relation threshold, rescue and expiry
  ---
  duration_ms: 13.255588
  type: 'test'
  ...
# Subtest: bat real Home rerenders relation threshold, rescue and expiry
ok 13 - bat real Home rerenders relation threshold, rescue and expiry
  ---
  duration_ms: 24.322712
  type: 'test'
  ...
# Subtest: chicken real Home rerenders relation threshold, rescue and expiry
ok 14 - chicken real Home rerenders relation threshold, rescue and expiry
  ---
  duration_ms: 12.878951
  type: 'test'
  ...
# Subtest: penguin_friend real Home rerenders relation threshold, rescue and expiry
ok 15 - penguin_friend real Home rerenders relation threshold, rescue and expiry
  ---
  duration_ms: 13.459655
  type: 'test'
  ...
# Subtest: hedgehog real Home rerenders relation threshold, rescue and expiry
ok 16 - hedgehog real Home rerenders relation threshold, rescue and expiry
  ---
  duration_ms: 12.471087
  type: 'test'
  ...
# Subtest: shiba real Home rerenders relation threshold, rescue and expiry
ok 17 - shiba real Home rerenders relation threshold, rescue and expiry
  ---
  duration_ms: 15.845067
  type: 'test'
  ...
# Subtest: snail real Home rerenders relation threshold, rescue and expiry
ok 18 - snail real Home rerenders relation threshold, rescue and expiry
  ---
  duration_ms: 12.468544
  type: 'test'
  ...
# Subtest: punyu real Home rerenders relation threshold, rescue and expiry
ok 19 - punyu real Home rerenders relation threshold, rescue and expiry
  ---
  duration_ms: 17.377695
  type: 'test'
  ...
# Subtest: sekizou real Home rerenders relation threshold, rescue and expiry
ok 20 - sekizou real Home rerenders relation threshold, rescue and expiry
  ---
  duration_ms: 12.601173
  type: 'test'
  ...
# Subtest: chameleon real Home rerenders relation threshold, rescue and expiry
ok 21 - chameleon real Home rerenders relation threshold, rescue and expiry
  ---
  duration_ms: 12.394222
  type: 'test'
  ...
# Subtest: clock real Home rerenders relation threshold, rescue and expiry
ok 22 - clock real Home rerenders relation threshold, rescue and expiry
  ---
  duration_ms: 16.950011
  type: 'test'
  ...
# Subtest: unicorn real Home rerenders relation threshold, rescue and expiry
ok 23 - unicorn real Home rerenders relation threshold, rescue and expiry
  ---
  duration_ms: 12.80528
  type: 'test'
  ...
# Subtest: many_tail_fox real Home rerenders relation threshold, rescue and expiry
ok 24 - many_tail_fox real Home rerenders relation threshold, rescue and expiry
  ---
  duration_ms: 12.368233
  type: 'test'
  ...
# Subtest: watcher real Home rerenders relation threshold, rescue and expiry
ok 25 - watcher real Home rerenders relation threshold, rescue and expiry
  ---
  duration_ms: 17.106917
  type: 'test'
  ...
# Subtest: box real Home rerenders relation threshold, rescue and expiry
ok 26 - box real Home rerenders relation threshold, rescue and expiry
  ---
  duration_ms: 13.187286
  type: 'test'
  ...
# Subtest: ordinary success reacts once, rescues all, rejected play does not react
ok 27 - ordinary success reacts once, rescues all, rejected play does not react
  ---
  duration_ms: 21.60509
  type: 'test'
  ...
# Subtest: cat_ceo shared court reinforcement overrides lonely, expiry re-resolves current affection
ok 28 - cat_ceo shared court reinforcement overrides lonely, expiry re-resolves current affection
  ---
  duration_ms: 44.304838
  type: 'test'
  ...
# Subtest: robot_neighbor shared court reinforcement overrides lonely, expiry re-resolves current affection
ok 29 - robot_neighbor shared court reinforcement overrides lonely, expiry re-resolves current affection
  ---
  duration_ms: 53.245099
  type: 'test'
  ...
# Subtest: field_cow shared court reinforcement overrides lonely, expiry re-resolves current affection
ok 30 - field_cow shared court reinforcement overrides lonely, expiry re-resolves current affection
  ---
  duration_ms: 39.842439
  type: 'test'
  ...
# Subtest: sunflower_partner shared court reinforcement overrides lonely, expiry re-resolves current affection
ok 31 - sunflower_partner shared court reinforcement overrides lonely, expiry re-resolves current affection
  ---
  duration_ms: 47.298606
  type: 'test'
  ...
# Subtest: forest_bear shared court reinforcement overrides lonely, expiry re-resolves current affection
ok 32 - forest_bear shared court reinforcement overrides lonely, expiry re-resolves current affection
  ---
  duration_ms: 54.530555
  type: 'test'
  ...
# Subtest: grove_deer shared court reinforcement overrides lonely, expiry re-resolves current affection
ok 33 - grove_deer shared court reinforcement overrides lonely, expiry re-resolves current affection
  ---
  duration_ms: 38.769052
  type: 'test'
  ...
# Subtest: cliff_goat shared court reinforcement overrides lonely, expiry re-resolves current affection
ok 34 - cliff_goat shared court reinforcement overrides lonely, expiry re-resolves current affection
  ---
  duration_ms: 43.365784
  type: 'test'
  ...
# Subtest: high_eagle shared court reinforcement overrides lonely, expiry re-resolves current affection
ok 35 - high_eagle shared court reinforcement overrides lonely, expiry re-resolves current affection
  ---
  duration_ms: 47.44106
  type: 'test'
  ...
# Subtest: snow_spirit shared court reinforcement overrides lonely, expiry re-resolves current affection
ok 36 - snow_spirit shared court reinforcement overrides lonely, expiry re-resolves current affection
  ---
  duration_ms: 36.136009
  type: 'test'
  ...
# Subtest: snowman shared court reinforcement overrides lonely, expiry re-resolves current affection
ok 37 - snowman shared court reinforcement overrides lonely, expiry re-resolves current affection
  ---
  duration_ms: 38.022759
  type: 'test'
  ...
# Subtest: rock_octopus shared court reinforcement overrides lonely, expiry re-resolves current affection
ok 38 - rock_octopus shared court reinforcement overrides lonely, expiry re-resolves current affection
  ---
  duration_ms: 43.507648
  type: 'test'
  ...
# Subtest: sea_mermaid shared court reinforcement overrides lonely, expiry re-resolves current affection
ok 39 - sea_mermaid shared court reinforcement overrides lonely, expiry re-resolves current affection
  ---
  duration_ms: 30.33213
  type: 'test'
  ...
# Subtest: anglerfish shared court reinforcement overrides lonely, expiry re-resolves current affection
ok 40 - anglerfish shared court reinforcement overrides lonely, expiry re-resolves current affection
  ---
  duration_ms: 48.167063
  type: 'test'
  ...
# Subtest: swamp_croc shared court reinforcement overrides lonely, expiry re-resolves current affection
ok 41 - swamp_croc shared court reinforcement overrides lonely, expiry re-resolves current affection
  ---
  duration_ms: 53.848017
  type: 'test'
  ...
# Subtest: gentle_gorilla shared court reinforcement overrides lonely, expiry re-resolves current affection
ok 42 - gentle_gorilla shared court reinforcement overrides lonely, expiry re-resolves current affection
  ---
  duration_ms: 43.696061
  type: 'test'
  ...
# Subtest: knitting_spider shared court reinforcement overrides lonely, expiry re-resolves current affection
ok 43 - knitting_spider shared court reinforcement overrides lonely, expiry re-resolves current affection
  ---
  duration_ms: 41.097198
  type: 'test'
  ...
# Subtest: desert_scorpion shared court reinforcement overrides lonely, expiry re-resolves current affection
ok 44 - desert_scorpion shared court reinforcement overrides lonely, expiry re-resolves current affection
  ---
  duration_ms: 39.666785
  type: 'test'
  ...
# Subtest: oasis_cactus shared court reinforcement overrides lonely, expiry re-resolves current affection
ok 45 - oasis_cactus shared court reinforcement overrides lonely, expiry re-resolves current affection
  ---
  duration_ms: 42.037364
  type: 'test'
  ...
# Subtest: replacement partner with same ID cannot inherit positive
ok 46 - replacement partner with same ID cannot inherit positive
  ---
  duration_ms: 42.808985
  type: 'test'
  ...
# Subtest: real save excludes reactions; reload re-resolves all companion values and partner at 20
ok 47 - real save excludes reactions; reload re-resolves all companion values and partner at 20
  ---
  duration_ms: 38.826559
  type: 'test'
  ...
# Subtest: real save excludes reactions; reload re-resolves all companion values and partner at 50
ok 48 - real save excludes reactions; reload re-resolves all companion values and partner at 50
  ---
  duration_ms: 36.158723
  type: 'test'
  ...
# Subtest: full supported catalog matches canonical runtime IDs and all assets exactly
ok 49 - full supported catalog matches canonical runtime IDs and all assets exactly
  ---
  duration_ms: 2.168515
  type: 'test'
  ...
# Subtest: 26 companions use one ordinary representative, all threshold rescues and annoyed does not start positive
ok 50 - 26 companions use one ordinary representative, all threshold rescues and annoyed does not start positive
  ---
  duration_ms: 42.932882
  type: 'test'
  ...
# Subtest: development Home fixtures directly expose both pilot partners and both companions without gameplay
ok 51 - development Home fixtures directly expose both pilot partners and both companions without gameplay
  ---
  duration_ms: 626.38431
  type: 'test'
  ...
# Subtest: expanded partner court actual event path triggers positive without changing progress rules
ok 52 - expanded partner court actual event path triggers positive without changing progress rules
  ---
  duration_ms: 37.650819
  type: 'test'
  ...
# Subtest: expanded partner repair actual event path triggers positive without changing progress rules
ok 53 - expanded partner repair actual event path triggers positive without changing progress rules
  ---
  duration_ms: 35.388062
  type: 'test'
  ...
# Subtest: expanded partner marriage actual event path triggers positive without changing progress rules
ok 54 - expanded partner marriage actual event path triggers positive without changing progress rules
  ---
  duration_ms: 119.164351
  type: 'test'
  ...
# Subtest: expanded partner date actual event path triggers positive without changing progress rules
ok 55 - expanded partner date actual event path triggers positive without changing progress rules
  ---
  duration_ms: 37.214633
  type: 'test'
  ...
# Subtest: new court success uses actual event result
ok 56 - new court success uses actual event result
  ---
  duration_ms: 42.999903
  type: 'test'
  ...
# Subtest: new court failure uses actual event result
ok 57 - new court failure uses actual event result
  ---
  duration_ms: 12.556276
  type: 'test'
  ...
# Subtest: annoyed during positive does not extend reaction or retain positive after original expiry
ok 58 - annoyed during positive does not extend reaction or retain positive after original expiry
  ---
  duration_ms: 13.111251
  type: 'test'
  ...
# Subtest: real play gives only positive individuals motion and head hearts; expiry removes cues
ok 59 - real play gives only positive individuals motion and head hearts; expiry removes cues
  ---
  duration_ms: 13.343631
  type: 'test'
  ...
# Subtest: ordinary play and all-inviting dialogue do not animate non-target companions
ok 60 - ordinary play and all-inviting dialogue do not animate non-target companions
  ---
  duration_ms: 12.346589
  type: 'test'
  ...
# Subtest: every possible representative in a dense 26-companion Home receives one safe heart
ok 61 - every possible representative in a dense 26-companion Home receives one safe heart
  ---
  duration_ms: 905.921014
  type: 'test'
  ...
# Subtest: 26 simultaneous expiries coalesce Home work while removing every transient
ok 62 - 26 simultaneous expiries coalesce Home work while removing every transient
  ---
  duration_ms: 21.961136
  type: 'test'
  ...
# Subtest: partner three visual states retain marriage ring=false and replace one heart
ok 63 - partner three visual states retain marriage ring=false and replace one heart
  ---
  duration_ms: 47.961733
  type: 'test'
  ...
# Subtest: partner three visual states retain marriage ring=true and replace one heart
ok 64 - partner three visual states retain marriage ring=true and replace one heart
  ---
  duration_ms: 133.577647
  type: 'test'
  ...
# Subtest: companion aura and heart belong to the actor; positive replaces cold and expires back to current value
ok 65 - companion aura and heart belong to the actor; positive replaces cold and expires back to current value
  ---
  duration_ms: 13.842722
  type: 'test'
  ...
# Subtest: married ring preserves exact layout coordinates through every partner expression rebuild
ok 66 - married ring preserves exact layout coordinates through every partner expression rebuild
  ---
  duration_ms: 134.131505
  type: 'test'
  ...
# Subtest: reload reconstructs marriage ring from existing married flag at affection 20
ok 67 - reload reconstructs marriage ring from existing married flag at affection 20
  ---
  duration_ms: 275.261748
  type: 'test'
  ...
# Subtest: reload reconstructs marriage ring from existing married flag at affection 50
ok 68 - reload reconstructs marriage ring from existing married flag at affection 50
  ---
  duration_ms: 274.353199
  type: 'test'
  ...
# Subtest: full resolver prioritizes positive, then lonely below 30, then normal without mutating input
ok 69 - full resolver prioritizes positive, then lonely below 30, then normal without mutating input
  ---
  duration_ms: 3.664808
  type: 'test'
  ...
# Subtest: unregistered characters and wrong-kind IDs always use original PNG
ok 70 - unregistered characters and wrong-kind IDs always use original PNG
  ---
  duration_ms: 0.804841
  type: 'test'
  ...
# Subtest: one ordinary representative plus all rescued individuals, deduplicated
ok 71 - one ordinary representative plus all rescued individuals, deduplicated
  ---
  duration_ms: 0.501706
  type: 'test'
  ...
# Subtest: temporary reaction expiry, refresh, object identity and JSON non-persistence
ok 72 - temporary reaction expiry, refresh, object identity and JSON non-persistence
  ---
  duration_ms: 0.375525
  type: 'test'
  ...
# Subtest: every registered relationship image is a new 128px transparent PNG
ok 73 - every registered relationship image is a new 128px transparent PNG
  ---
  duration_ms: 3.283914
  type: 'test'
  ...
# Subtest: reaction exposes an ephemeral start token and expiry without persisting entity fields
ok 74 - reaction exposes an ephemeral start token and expiry without persisting entity fields
  ---
  duration_ms: 1.463133
  type: 'test'
  ...
# Subtest: heart remains immediately above its owner even if a neighbour occupies that space
ok 75 - heart remains immediately above its owner even if a neighbour occupies that space
  ---
  duration_ms: 0.35216
  type: 'test'
  ...
# Subtest: positive companion layer is raised locally so neighbours cannot hide its owner-attached heart
ok 76 - positive companion layer is raised locally so neighbours cannot hide its owner-attached heart
  ---
  duration_ms: 0.489407
  type: 'test'
  ...
# Subtest: only partner positive heart grows 1.2 times; anchor keeps face gap and stage bounds
ok 77 - only partner positive heart grows 1.2 times; anchor keeps face gap and stage bounds
  ---
  duration_ms: 1.423273
  type: 'test'
  ...
# Subtest: approved marriage ring uses fixed scale and tone without comparison overrides
ok 78 - approved marriage ring uses fixed scale and tone without comparison overrides
  ---
  duration_ms: 0.336967
  type: 'test'
  ...
# Subtest: browser ring geometry checks approved scale and rejects obsolete or oversized values
ok 79 - browser ring geometry checks approved scale and rejects obsolete or oversized values
  ---
  duration_ms: 1.722474
  type: 'test'
  ...
# Subtest: painted ring excludes transparent atlas margin without allowing actual character overlap
ok 80 - painted ring excludes transparent atlas margin without allowing actual character overlap
  ---
  duration_ms: 57.815995
  type: 'test'
  ...
1..80
# tests 80
# suites 0
# pass 80
# fail 0
# cancelled 0
# skipped 0
# todo 0
# duration_ms 4371.273209
