✔ buildPreview wraps the current game with a compact isolated phone-safe control shell (225.044077ms)
✔ default preview seeds an exact fresh-state adult hungry cat in memory only (188.754718ms)
✔ the generated Map-backed adapter implements the complete disposable Storage surface (96.773372ms)
✔ URL presets use a strict allowlist and reset every care fixture independently (384.001131ms)
✔ temporary happy stays on ordinary care controls and never runs automatically (61.855411ms)
✔ CLI writes the same self-contained preview for the requested safe preset (350.994353ms)
✔ all preview forms keep selected faces visible across startup saves without achievement flashes (7600.308843ms)
✔ preset clicks reset only the child session and bootstrap uses that selected preset (140.11968ms)
✔ kitten preview seeds the real third stage in isolated storage and rejects unknown forms (105.484348ms)
✔ otemba preview seeds the fourth stage in disposable storage (102.950942ms)
✔ young preview seeds the fifth stage in disposable storage (147.405709ms)
✔ calm preview seeds the seventh stage in disposable storage (83.909389ms)
✔ elder preview seeds the eighth stage in disposable storage (71.11492ms)
✔ toddler preview seeds the second stage in disposable storage (153.729399ms)
✔ baby preview seeds the first stage in disposable storage (79.115793ms)
✔ adult dog preview uses isolated storage and the real sixth stage (82.2373ms)
✔ query-selected dog matches the dropdown and can switch back to adult cat (131.478453ms)
✔ puppy preview uses isolated storage and the real third stage (62.545133ms)
✔ wanpaku preview uses isolated storage and the real fourth stage (74.584539ms)
✔ young dog preview uses isolated storage and the real fifth stage (69.032612ms)
✔ calm dog preview uses isolated storage and the real seventh stage (76.176484ms)
✔ babyDog preview uses isolated storage and the correct age stage (56.117775ms)
✔ toddlerDog preview uses isolated storage and the correct age stage (104.694813ms)
✔ elderDog preview uses isolated storage and the correct age stage (62.48609ms)
✔ man preview exposes every stage and never accesses real saves (722.915766ms)
✔ woman preview exposes every stage and never accesses real saves (458.543667ms)
✔ penguin preview exposes every stage and never accesses real saves (517.192797ms)
✔ turtle preview exposes every stage and never accesses real saves (402.518077ms)
✔ frog preview exposes every stage and never accesses real saves (504.349023ms)
✔ clownfish preview exposes every stage and never accesses real saves (434.547322ms)
✔ salmon preview exposes every stage and never accesses real saves (475.47737ms)
✔ hermit_crab preview exposes every stage and never accesses real saves (490.020634ms)
✔ jellyfish preview exposes every stage and never accesses real saves (571.933492ms)
✔ starfish preview exposes every stage and never accesses real saves (593.580657ms)
✔ coral preview exposes every stage and never accesses real saves (550.621931ms)
✔ butterfly preview exposes every stage and never accesses real saves (486.138398ms)
✔ beetle preview exposes every stage and never accesses real saves (603.463553ms)
✔ stagbeetle preview exposes every stage and never accesses real saves (569.739015ms)
✔ cicada preview exposes every stage and never accesses real saves (574.43954ms)
✔ antlion preview exposes every stage and never accesses real saves (543.94742ms)
✔ dandelion preview exposes every stage and never accesses real saves (512.911153ms)
✔ sakura preview exposes every stage and never accesses real saves (444.287672ms)
✔ venus_flytrap preview exposes every stage and never accesses real saves (660.573035ms)
✔ mushroom preview exposes every stage and never accesses real saves (452.748023ms)
✔ dragon preview exposes every stage and never accesses real saves (452.630223ms)
✔ phoenix preview exposes every stage and never accesses real saves (406.530196ms)
✔ god preview exposes every stage and never accesses real saves (507.976271ms)
✔ world_tree preview exposes every stage and never accesses real saves (440.884143ms)
✔ ghost preview exposes every stage and never accesses real saves (504.67776ms)
✔ star preview exposes every stage and never accesses real saves (481.103281ms)
✔ plush preview exposes every stage and never accesses real saves (452.052907ms)
✔ unknown preview exposes every stage and never accesses real saves (475.318384ms)
✔ ren preview exposes every stage and never accesses real saves (479.611978ms)
✔ salmon preview uses all eight canonical stage names (107.235786ms)
✔ hermit_crab preview uses all eight canonical stage names (79.173859ms)
✔ jellyfish preview uses all eight canonical stage names (106.90421ms)
✔ starfish preview uses all eight canonical stage names (117.362976ms)
✔ coral preview uses all eight canonical stage names (127.770182ms)
✔ butterfly preview uses all eight canonical stage names (96.854033ms)
✔ beetle preview uses all eight canonical stage names (104.375005ms)
✔ stagbeetle preview uses all eight canonical stage names (85.52072ms)
✔ cicada preview uses all eight canonical stage names (114.611236ms)
✔ antlion preview uses all eight canonical stage names (103.433288ms)
✔ dandelion preview uses all eight canonical stage names (79.011638ms)
✔ sakura preview uses all eight canonical stage names (105.630947ms)
✔ venus_flytrap preview uses all eight canonical stage names (99.66421ms)
✔ mushroom preview uses all eight canonical stage names (132.790274ms)
✔ dragon preview uses all eight canonical stage names (75.346314ms)
✔ phoenix preview uses all eight canonical stage names (97.28086ms)
✔ god preview uses all eight canonical stage names (105.691336ms)
✔ world_tree preview uses all eight canonical stage names (97.201398ms)
✔ ghost preview uses all eight canonical stage names (97.164904ms)
✔ star preview uses all eight canonical stage names (98.144126ms)
✔ plush preview uses all eight canonical stage names (107.774845ms)
✔ unknown preview uses canonical punctuation and suppresses disposable rare achievement flashes (68.528635ms)
✔ ren preview uses canonical secret names without a fabricated rare achievement (91.318546ms)
✔ home derives emotion without adding saved emotion fields (125.017878ms)
✔ rendering and running an emotion cue leave the serialized save unchanged (23.492772ms)
✔ home emotion follows canonical priority and pet availability (31.327478ms)
✔ persistent cue moves only the main pet and its accessory (20.9219ms)
✔ 26 companions stay still during the main pet hungry cue (39.300719ms)
✔ 26 companions stay still during the main pet sulk cue (51.168055ms)
✔ critical life cancels a running persistent cue and stays still (37.243148ms)
✔ critical life suppresses both ordinary idle sources while keeping critical UI (19.869449ms)
✔ ordinary render does not interrupt a real care reaction (23.05998ms)
✔ real feed starts with munch (24.589848ms)
✔ real wake keeps stretch for a sleepy randomized line (18.133316ms)
✔ real wrong medicine starts with shake (16.874394ms)
✔ real annoyed play starts with settle (35.50449ms)
✔ feed adds one pet-only gentle bounce after munch when hunger is cleared (28.854476ms)
✔ feed returns to the latest hungry profile without a happy afterglow (22.543404ms)
✔ feed afterglow rechecks raw hunger at callback time (46.483919ms)
✔ feed afterglow rechecks raw pet availability at callback time (40.730644ms)
✔ cured medicine settles first and then adds one pet-only bounce (23.064476ms)
✔ a newer care action invalidates the old feed afterglow (18.37218ms)
✔ a newer semantic event invalidates the old feed afterglow (17.427789ms)
✔ leaving home invalidates a feed afterglow even after returning (123.506137ms)
✔ feed afterglow waits for existing companion conversation beats (26.501953ms)
✔ critical life and reduced motion suppress care afterglow movement (46.733179ms)
✔ critical life suppresses cured medicine afterglow (48.874063ms)
✔ other semantic care reactions finish without an added happy afterglow (115.502856ms)
✔ normal state cancels the old profile timer before it can fire (19.984089ms)
✔ non-normal emotion excludes the pet from ordinary idle while companions continue (17.38097ms)
✔ non-normal emotion excludes autonomous pet greetings but keeps social greetings (31.462458ms)
✔ egg blocks a pending persistent cue (15.676233ms)
✔ farewell blocks a pending persistent cue (33.126945ms)
✔ dead blocks a pending persistent cue (16.515096ms)
✔ sleeping blocks a pending persistent cue (18.9187ms)
✔ transform blocks a pending persistent cue (18.849487ms)
✔ menu blocks a pending persistent cue (19.562664ms)
✔ minigame blocks a pending persistent cue (20.194371ms)
✔ story blocks a pending persistent cue (23.804654ms)
✔ hidden tab blocks a pending persistent cue (18.463124ms)
✔ story opening immediately cancels an active persistent cue (16.885606ms)
✔ menu cancels an active persistent cue and the current state restarts after return (15.650334ms)
✔ story cancels an active persistent cue and the current state restarts after return (15.751454ms)
✔ minigame cancels an active persistent cue and the current state restarts after return (30.241197ms)
✔ hidden tab cancels an active persistent cue and the current state restarts after return (48.781997ms)
✔ returning from a hidden tab schedules the current profile again (20.295401ms)
✔ reduced motion retains the derived state without starting a cue (19.01329ms)
✔ switching to reduced motion stops a running persistent cue (24.375951ms)
✔ reduced motion suppresses persistent and afterglow movement but retains the warning icon (42.806287ms)
✔ normal idle perk callback does not preempt a pending care afterglow (22.517936ms)
✔ normal idle perk callback does not preempt an active care afterglow (21.788866ms)
✔ normal idle greeting callback does not preempt a pending care afterglow (31.688833ms)
✔ normal idle greeting callback does not preempt an active care afterglow (25.006366ms)
✔ static script exposes the pure resolver on window (3.731904ms)
✔ resolve returns every approved emotion profile (0.507312ms)
✔ resolve follows the approved visible priority (0.341226ms)
✔ worsening tiredness never increases cue cadence (0.260997ms)
✔ non-playable and sleeping signals resolve to normal (0.250561ms)
✔ resolve does not mutate its input or share returned profile objects (0.286856ms)
✔ approved hunger profile covers exactly 31 playable growth lines and all 248 stages (1.47053ms)
✔ hunger category resolver does not silently fallback for unsupported or malformed assets (0.160878ms)
✔ all 248 hungry displays use the approved food artwork, including life-stage overrides (8.261439ms)
✔ mushroom07 hunger bubble separates from spores without moving other state marks (0.402447ms)
✔ a fresh save is schemaVersion 5 and survives a save/load round trip unchanged (194.263731ms)
✔ a schemaVersion 3 save keeps its displayed age (18 -> 20 ticks per year) (50.764397ms)
✔ a pre-schema save converts the old age scale, stage names, and freePlay (53.518925ms)
✔ schemaVersion 5 heals wrong shapes without touching valid values (44.350587ms)
✔ normalizeStateShape is idempotent on a fresh state (13.809285ms)
✔ the infinite-world return snapshot is normalized with the save (32.019975ms)
✔ normal equipment V2 refunds all five owned retired IDs before catalog filtering (17.805569ms)
✔ normal equipment V2 refunds flower once and unequips it (28.342902ms)
✔ normal equipment V2 refunds energy1 once and unequips it (16.182904ms)
✔ normal equipment V2 refunds hat once and unequips it (15.496076ms)
✔ normal equipment V2 refunds crown once and unequips it (20.948279ms)
✔ normal equipment V2 refunds glasses once and unequips it (43.050799ms)
✔ normal equipment V2 ignores purchase history without actual ownership (18.072325ms)
✔ normal equipment V2 marked saves remove stale retired equipment without refunding again (13.092882ms)
✔ normal equipment V2 heals malformed migration marker null (15.31721ms)
✔ normal equipment V2 heals malformed migration marker [] (19.3846ms)
✔ normal equipment V2 heals malformed migration marker "bad" (14.9732ms)
✔ normal equipment V2 heals malformed migration marker {"normalEquipmentV2":"false"} (13.955983ms)
✔ normal equipment V2 heals malformed migration marker {"normalEquipmentV2":1} (19.688131ms)
✔ normal equipment V2 heals malformed migration marker {"normalEquipmentV2":{}} (14.259652ms)
✔ normal equipment V2 heals malformed money and ownership without creating unowned refunds (47.254662ms)
✔ normal equipment V2 refunds survive save/load, repeated normalization and the next life (93.055849ms)
✔ normal equipment V2 infinite return never credits its snapshot into the live balance (36.849365ms)
✔ normal equipment V2 does not repay an old infinite snapshot when the live save is marked (23.128492ms)
✔ normal equipment V2 canonicalizes tier aliases and refunds each retired base only once (19.563255ms)
✔ the original adult cat stays byte-identical to the approved master (18.421773ms)
✔ all ten expression assets are distinct approved transparent RGBA PNGs on the original bounds (28.126035ms)
✔ every runtime-allowlisted adult-cat expression path exists (0.352252ms)
✔ kitten expression assets retain the original small stage bounds and transparent canvas (11.205745ms)
✔ otemba expression assets retain the original small stage bounds and transparent canvas (8.003707ms)
✔ young expression assets retain the original small stage bounds and transparent canvas (9.585902ms)
✔ calm expression assets retain the original small stage bounds and transparent canvas (12.832215ms)
✔ elder expression assets retain the original small stage bounds and transparent canvas (11.825523ms)
✔ toddler expression assets retain the original small stage bounds and transparent canvas (12.591268ms)
✔ baby expression assets retain the original small stage bounds and transparent canvas (15.334286ms)
✔ adult dog expressions are distinct transparent assets with original sprite bounds (13.333559ms)
✔ puppy expressions are distinct transparent assets with original sprite bounds (17.938641ms)
✔ wanpaku expressions are distinct transparent assets with original sprite bounds (14.273934ms)
✔ young dog expressions are distinct transparent assets with original sprite bounds (12.101943ms)
✔ calm dog expressions are distinct transparent assets with original sprite bounds (11.625587ms)
✔ baby dog expressions are distinct transparent assets with original sprite bounds (10.238871ms)
✔ toddler dog expressions are distinct transparent assets with original sprite bounds (10.932279ms)
✔ elder dog expressions are distinct transparent assets with original sprite bounds (16.007173ms)
✔ starfish/01 master is the exact approved candidate; normal routing uses it (4.89007ms)
✔ starfish/02 master is the exact approved candidate; normal routing uses it (1.379596ms)
✔ starfish/03 master is the exact approved candidate; normal routing uses it (0.912042ms)
✔ man/01 has ten distinct transparent expressions with original bounds (18.449063ms)
✔ man/02 has ten distinct transparent expressions with original bounds (16.00535ms)
✔ man/03 has ten distinct transparent expressions with original bounds (10.315815ms)
✔ man/04 has ten distinct transparent expressions with original bounds (11.484157ms)
✔ man/05 has ten distinct transparent expressions with original bounds (17.086854ms)
✔ man/06 has ten distinct transparent expressions with original bounds (16.015506ms)
✔ man/07 has ten distinct transparent expressions with original bounds (22.686156ms)
✔ man/08 has ten distinct transparent expressions with original bounds (13.885517ms)
✔ woman/01 has ten distinct transparent expressions with original bounds (13.276254ms)
✔ woman/02 has ten distinct transparent expressions with original bounds (15.60004ms)
✔ woman/03 has ten distinct transparent expressions with original bounds (12.707311ms)
✔ woman/04 has ten distinct transparent expressions with original bounds (11.919273ms)
✔ woman/05 has ten distinct transparent expressions with original bounds (11.341225ms)
✔ woman/06 has ten distinct transparent expressions with original bounds (10.886071ms)
✔ woman/07 has ten distinct transparent expressions with original bounds (10.407871ms)
✔ woman/08 has ten distinct transparent expressions with original bounds (13.05067ms)
✔ penguin/01 has ten distinct transparent expressions with original bounds (11.390378ms)
✔ penguin/02 has ten distinct transparent expressions with original bounds (7.026308ms)
✔ penguin/03 has ten distinct transparent expressions with original bounds (8.366004ms)
✔ penguin/04 has ten distinct transparent expressions with original bounds (6.94677ms)
✔ penguin/05 has ten distinct transparent expressions with original bounds (10.270598ms)
✔ penguin/06 has ten distinct transparent expressions with original bounds (8.533902ms)
✔ penguin/07 has ten distinct transparent expressions with original bounds (7.273895ms)
✔ penguin/08 has ten distinct transparent expressions with original bounds (6.779843ms)
✔ turtle/01 has ten distinct transparent expressions with original bounds (7.830295ms)
✔ turtle/02 has ten distinct transparent expressions with original bounds (8.231074ms)
✔ turtle/03 has ten distinct transparent expressions with original bounds (5.569528ms)
✔ turtle/04 has ten distinct transparent expressions with original bounds (6.838869ms)
✔ turtle/05 has ten distinct transparent expressions with original bounds (9.074935ms)
✔ turtle/06 has ten distinct transparent expressions with original bounds (9.559994ms)
✔ turtle/07 has ten distinct transparent expressions with original bounds (13.096748ms)
✔ turtle/08 has ten distinct transparent expressions with original bounds (18.831541ms)
✔ frog/01 has ten distinct transparent expressions with original bounds (7.693968ms)
✔ frog/02 has ten distinct transparent expressions with original bounds (8.131457ms)
✔ frog/03 has ten distinct transparent expressions with original bounds (8.118046ms)
✔ frog/04 has ten distinct transparent expressions with original bounds (8.031578ms)
✔ frog/05 has ten distinct transparent expressions with original bounds (8.670175ms)
✔ frog/06 has ten distinct transparent expressions with original bounds (10.782617ms)
✔ frog/07 has ten distinct transparent expressions with original bounds (9.203005ms)
✔ frog/08 has ten distinct transparent expressions with original bounds (9.104148ms)
✔ clownfish/01 has ten distinct transparent expressions with original bounds (7.083953ms)
✔ clownfish/02 has ten distinct transparent expressions with original bounds (7.543524ms)
✔ clownfish/03 has ten distinct transparent expressions with original bounds (8.76171ms)
✔ clownfish/04 has ten distinct transparent expressions with original bounds (8.084206ms)
✔ clownfish/05 has ten distinct transparent expressions with original bounds (13.380228ms)
✔ clownfish/06 has ten distinct transparent expressions with original bounds (8.312975ms)
✔ clownfish/07 has ten distinct transparent expressions with original bounds (8.638238ms)
✔ clownfish/08 has ten distinct transparent expressions with original bounds (8.749894ms)
✔ salmon/01 has ten distinct transparent expressions with original bounds (7.683993ms)
✔ salmon/02 has ten distinct transparent expressions with original bounds (7.680196ms)
✔ salmon/03 has ten distinct transparent expressions with original bounds (7.440061ms)
✔ salmon/04 has ten distinct transparent expressions with original bounds (4.57935ms)
✔ salmon/05 has ten distinct transparent expressions with original bounds (5.231096ms)
✔ salmon/06 has ten distinct transparent expressions with original bounds (4.934666ms)
✔ salmon/07 has ten distinct transparent expressions with original bounds (19.776421ms)
✔ salmon/08 has ten distinct transparent expressions with original bounds (8.18831ms)
✔ hermit_crab/01 has ten distinct transparent expressions with original bounds (7.863449ms)
✔ hermit_crab/02 has ten distinct transparent expressions with original bounds (8.162612ms)
✔ hermit_crab/03 has ten distinct transparent expressions with original bounds (8.834609ms)
✔ hermit_crab/04 has ten distinct transparent expressions with original bounds (8.238886ms)
✔ hermit_crab/05 has ten distinct transparent expressions with original bounds (14.848084ms)
✔ hermit_crab/06 has ten distinct transparent expressions with original bounds (10.666225ms)
✔ hermit_crab/07 has ten distinct transparent expressions with original bounds (5.815532ms)
✔ hermit_crab/08 has ten distinct transparent expressions with original bounds (6.134686ms)
✔ jellyfish/01 has ten distinct transparent expressions with original bounds (6.703459ms)
✔ jellyfish/02 has ten distinct transparent expressions with original bounds (6.483342ms)
✔ jellyfish/03 has ten distinct transparent expressions with original bounds (6.11098ms)
✔ jellyfish/04 has ten distinct transparent expressions with original bounds (8.573962ms)
✔ jellyfish/05 has ten distinct transparent expressions with original bounds (8.948537ms)
✔ jellyfish/06 has ten distinct transparent expressions with original bounds (8.75433ms)
✔ jellyfish/07 has ten distinct transparent expressions with original bounds (8.143525ms)
✔ jellyfish/08 has ten distinct transparent expressions with original bounds (9.849894ms)
✔ starfish/01 has ten distinct transparent expressions with projected approved master bounds (16.624458ms)
✔ starfish/02 has ten distinct transparent expressions with projected approved master bounds (10.895044ms)
✔ starfish/03 has ten distinct transparent expressions with projected approved master bounds (10.391758ms)
✔ starfish/04 has ten distinct transparent expressions with original bounds (8.994676ms)
✔ starfish/05 has ten distinct transparent expressions with original bounds (8.918504ms)
✔ starfish/06 has ten distinct transparent expressions with original bounds (8.722322ms)
✔ starfish/07 has ten distinct transparent expressions with original bounds (8.778946ms)
✔ starfish/08 has ten distinct transparent expressions with original bounds (16.171947ms)
✔ coral/01 has ten distinct transparent expressions with original bounds (10.244515ms)
✔ coral/02 has ten distinct transparent expressions with original bounds (6.314993ms)
✔ coral/03 has ten distinct transparent expressions with original bounds (6.048598ms)
✔ coral/04 has ten distinct transparent expressions with original bounds (5.632962ms)
✔ coral/05 has ten distinct transparent expressions with original bounds (8.027983ms)
✔ coral/06 has ten distinct transparent expressions with original bounds (6.325729ms)
✔ coral/07 has ten distinct transparent expressions with original bounds (5.925115ms)
✔ coral/08 has ten distinct transparent expressions with original bounds (5.82721ms)
✔ butterfly/01 has ten distinct transparent expressions with original bounds (4.595344ms)
✔ butterfly/02 has ten distinct transparent expressions with original bounds (9.575186ms)
✔ butterfly/03 has ten distinct transparent expressions with original bounds (13.802384ms)
✔ butterfly/04 has ten distinct transparent expressions with original bounds (5.738357ms)
✔ butterfly/05 has ten distinct transparent expressions with original bounds (5.740131ms)
✔ butterfly/06 has ten distinct transparent expressions with original bounds (8.88968ms)
✔ butterfly/07 has ten distinct transparent expressions with original bounds (8.973954ms)
✔ butterfly/08 has ten distinct transparent expressions with original bounds (9.130457ms)
✔ beetle/01 has ten distinct transparent expressions with original bounds (8.352204ms)
✔ beetle/02 has ten distinct transparent expressions with original bounds (8.341868ms)
✔ beetle/03 has ten distinct transparent expressions with original bounds (9.061015ms)
✔ beetle/04 has ten distinct transparent expressions with original bounds (8.721531ms)
✔ beetle/05 has ten distinct transparent expressions with original bounds (8.598869ms)
✔ beetle/06 has ten distinct transparent expressions with original bounds (8.509096ms)
✔ beetle/07 has ten distinct transparent expressions with original bounds (9.588957ms)
✔ beetle/08 has ten distinct transparent expressions with original bounds (7.453021ms)
✔ stagbeetle/01 has ten distinct transparent expressions with original bounds (8.984291ms)
✔ stagbeetle/02 has ten distinct transparent expressions with original bounds (8.931933ms)
✔ stagbeetle/03 has ten distinct transparent expressions with original bounds (9.743837ms)
✔ stagbeetle/04 has ten distinct transparent expressions with original bounds (10.782467ms)
✔ stagbeetle/05 has ten distinct transparent expressions with original bounds (11.316739ms)
✔ stagbeetle/06 has ten distinct transparent expressions with original bounds (5.020604ms)
✔ stagbeetle/07 has ten distinct transparent expressions with original bounds (4.995166ms)
✔ stagbeetle/08 has ten distinct transparent expressions with original bounds (5.879197ms)
✔ cicada/01 has ten distinct transparent expressions with original bounds (4.575915ms)
✔ cicada/02 has ten distinct transparent expressions with original bounds (4.836201ms)
✔ cicada/03 has ten distinct transparent expressions with original bounds (5.395099ms)
✔ cicada/04 has ten distinct transparent expressions with original bounds (6.18528ms)
✔ cicada/05 has ten distinct transparent expressions with original bounds (5.36862ms)
✔ cicada/06 has ten distinct transparent expressions with original bounds (8.058157ms)
✔ cicada/07 has ten distinct transparent expressions with original bounds (5.670468ms)
✔ cicada/08 has ten distinct transparent expressions with original bounds (5.561126ms)
✔ antlion/01 has ten distinct transparent expressions with original bounds (5.248942ms)
✔ antlion/02 has ten distinct transparent expressions with original bounds (8.494864ms)
✔ antlion/03 has ten distinct transparent expressions with original bounds (5.732049ms)
✔ antlion/04 has ten distinct transparent expressions with original bounds (5.528176ms)
✔ antlion/05 has ten distinct transparent expressions with original bounds (5.384784ms)
✔ antlion/06 has ten distinct transparent expressions with original bounds (5.618109ms)
✔ antlion/07 has ten distinct transparent expressions with original bounds (11.251953ms)
✔ antlion/08 has ten distinct transparent expressions with original bounds (5.37566ms)
✔ dandelion/01 has ten distinct transparent expressions with original bounds (5.130476ms)
✔ dandelion/02 has ten distinct transparent expressions with original bounds (5.15297ms)
✔ dandelion/03 has ten distinct transparent expressions with original bounds (5.344334ms)
✔ dandelion/04 has ten distinct transparent expressions with original bounds (5.038831ms)
✔ dandelion/05 has ten distinct transparent expressions with original bounds (5.108224ms)
✔ dandelion/06 has ten distinct transparent expressions with original bounds (5.521166ms)
✔ dandelion/07 has ten distinct transparent expressions with original bounds (5.475749ms)
✔ dandelion/08 has ten distinct transparent expressions with original bounds (5.20698ms)
✔ sakura/01 has ten distinct transparent expressions with original bounds (5.395469ms)
✔ sakura/02 has ten distinct transparent expressions with original bounds (9.80654ms)
✔ sakura/03 has ten distinct transparent expressions with original bounds (25.29946ms)
✔ sakura/04 has ten distinct transparent expressions with original bounds (20.410567ms)
✔ sakura/05 has ten distinct transparent expressions with original bounds (16.209713ms)
✔ sakura/06 has ten distinct transparent expressions with original bounds (11.80968ms)
✔ sakura/07 has ten distinct transparent expressions with original bounds (13.436482ms)
✔ sakura/08 has ten distinct transparent expressions with original bounds (8.250573ms)
✔ venus_flytrap/01 has ten distinct transparent expressions with original bounds (12.880137ms)
✔ venus_flytrap/02 has ten distinct transparent expressions with original bounds (13.820762ms)
✔ venus_flytrap/03 has ten distinct transparent expressions with original bounds (5.414989ms)
✔ venus_flytrap/04 has ten distinct transparent expressions with original bounds (7.693607ms)
✔ venus_flytrap/05 has ten distinct transparent expressions with original bounds (7.262979ms)
✔ venus_flytrap/06 has ten distinct transparent expressions with original bounds (5.709044ms)
✔ venus_flytrap/07 has ten distinct transparent expressions with original bounds (6.015218ms)
✔ venus_flytrap/08 has ten distinct transparent expressions with original bounds (8.394757ms)
✔ mushroom/01 has ten distinct transparent expressions with original bounds (9.318516ms)
✔ mushroom/02 has ten distinct transparent expressions with original bounds (6.344217ms)
✔ mushroom/03 has ten distinct transparent expressions with original bounds (10.532747ms)
✔ mushroom/04 has ten distinct transparent expressions with original bounds (22.982565ms)
✔ mushroom/05 has ten distinct transparent expressions with original bounds (6.089298ms)
✔ mushroom/06 has ten distinct transparent expressions with original bounds (5.691639ms)
✔ mushroom/07 has ten distinct transparent expressions with original bounds (5.387277ms)
✔ mushroom/08 has ten distinct transparent expressions with original bounds (6.368251ms)
✔ dragon/01 has ten distinct transparent expressions with original bounds (5.288291ms)
✔ dragon/02 has ten distinct transparent expressions with original bounds (7.61496ms)
✔ dragon/03 has ten distinct transparent expressions with original bounds (12.47768ms)
✔ dragon/04 has ten distinct transparent expressions with original bounds (7.370789ms)
✔ dragon/05 has ten distinct transparent expressions with original bounds (8.385192ms)
✔ dragon/06 has ten distinct transparent expressions with original bounds (10.763939ms)
✔ dragon/07 has ten distinct transparent expressions with original bounds (34.981115ms)
✔ dragon/08 has ten distinct transparent expressions with original bounds (21.594397ms)
✔ phoenix/01 has ten distinct transparent expressions with original bounds (23.520653ms)
✔ phoenix/02 has ten distinct transparent expressions with original bounds (30.425324ms)
✔ phoenix/03 has ten distinct transparent expressions with original bounds (15.418376ms)
✔ phoenix/04 has ten distinct transparent expressions with original bounds (23.057016ms)
✔ phoenix/05 has ten distinct transparent expressions with original bounds (16.192418ms)
✔ phoenix/06 has ten distinct transparent expressions with original bounds (30.459221ms)
✔ phoenix/07 has ten distinct transparent expressions with original bounds (17.724254ms)
✔ phoenix/08 has ten distinct transparent expressions with original bounds (6.661817ms)
✔ god/01 has ten distinct transparent expressions with original bounds (5.852287ms)
✔ god/02 has ten distinct transparent expressions with original bounds (5.848171ms)
✔ god/03 has ten distinct transparent expressions with original bounds (5.471422ms)
✔ god/04 has ten distinct transparent expressions with original bounds (12.628603ms)
✔ god/05 has ten distinct transparent expressions with original bounds (15.98518ms)
✔ god/06 has ten distinct transparent expressions with original bounds (5.931595ms)
✔ god/07 has ten distinct transparent expressions with original bounds (5.72584ms)
✔ god/08 has ten distinct transparent expressions with original bounds (5.241682ms)
✔ world_tree/01 has ten distinct transparent expressions with original bounds (5.749935ms)
✔ world_tree/02 has ten distinct transparent expressions with original bounds (4.98413ms)
✔ world_tree/03 has ten distinct transparent expressions with original bounds (5.965214ms)
✔ world_tree/04 has ten distinct transparent expressions with original bounds (13.347349ms)
✔ world_tree/05 has ten distinct transparent expressions with original bounds (7.058104ms)
✔ world_tree/06 has ten distinct transparent expressions with original bounds (5.700922ms)
✔ world_tree/07 has ten distinct transparent expressions with original bounds (6.419818ms)
✔ world_tree/08 has ten distinct transparent expressions with original bounds (5.073031ms)
✔ ghost/01 has ten distinct transparent expressions with original bounds (5.764687ms)
✔ ghost/02 has ten distinct transparent expressions with original bounds (6.136818ms)
✔ ghost/03 has ten distinct transparent expressions with original bounds (5.863904ms)
✔ ghost/04 has ten distinct transparent expressions with original bounds (5.756895ms)
✔ ghost/05 has ten distinct transparent expressions with original bounds (6.186533ms)
✔ ghost/06 has ten distinct transparent expressions with original bounds (10.127896ms)
✔ ghost/07 has ten distinct transparent expressions with original bounds (14.343647ms)
✔ ghost/08 has ten distinct transparent expressions with original bounds (7.512479ms)
✔ star/01 has ten distinct transparent expressions with original bounds (13.089818ms)
✔ star/02 has ten distinct transparent expressions with original bounds (5.595837ms)
✔ star/03 has ten distinct transparent expressions with original bounds (6.001609ms)
✔ star/04 has ten distinct transparent expressions with original bounds (6.704871ms)
✔ star/05 has ten distinct transparent expressions with original bounds (25.039195ms)
✔ star/06 has ten distinct transparent expressions with original bounds (6.253903ms)
✔ star/07 has ten distinct transparent expressions with original bounds (7.045687ms)
✔ star/08 has ten distinct transparent expressions with original bounds (5.465032ms)
✔ plush/01 has ten distinct transparent expressions with original bounds (10.5786ms)
✔ plush/02 has ten distinct transparent expressions with original bounds (9.290034ms)
✔ plush/03 has ten distinct transparent expressions with original bounds (8.009546ms)
✔ plush/04 has ten distinct transparent expressions with original bounds (29.680817ms)
✔ plush/05 has ten distinct transparent expressions with original bounds (9.125769ms)
✔ plush/06 has ten distinct transparent expressions with original bounds (9.369512ms)
✔ plush/07 has ten distinct transparent expressions with original bounds (12.427795ms)
✔ plush/08 has ten distinct transparent expressions with original bounds (9.272348ms)
✔ unknown/01 has ten distinct transparent expressions with original bounds (7.679947ms)
✔ unknown/02 has ten distinct transparent expressions with original bounds (7.969015ms)
✔ unknown/03 has ten distinct transparent expressions with original bounds (22.079637ms)
✔ unknown/04 has ten distinct transparent expressions with original bounds (8.084146ms)
✔ unknown/05 has ten distinct transparent expressions with original bounds (6.239711ms)
✔ unknown/06 has ten distinct transparent expressions with original bounds (5.577198ms)
✔ unknown/07 has ten distinct transparent expressions with original bounds (4.347516ms)
✔ unknown/08 has ten distinct transparent expressions with original bounds (4.637056ms)
✔ ren/01 has ten distinct transparent expressions with original bounds (4.981315ms)
✔ ren/02 has ten distinct transparent expressions with original bounds (5.28137ms)
✔ ren/03 has ten distinct transparent expressions with original bounds (12.815812ms)
✔ ren/04 has ten distinct transparent expressions with original bounds (10.149679ms)
✔ ren/05 has ten distinct transparent expressions with original bounds (9.231618ms)
✔ ren/06 has ten distinct transparent expressions with original bounds (5.680202ms)
✔ ren/07 has ten distinct transparent expressions with original bounds (5.162043ms)
✔ ren/08 has ten distinct transparent expressions with original bounds (5.332306ms)
✔ normalization produces identical framing for high-resolution and projected masters (1240.11783ms)
✔ starfish/02 left illness sweat and silver mark clear the new body at Home sizes (936.363877ms)
✔ starfish/03 left illness sweat and silver mark clear the new body at Home sizes (1111.980449ms)
✔ real home emotion profiles select only the adult cat portrait (352.578021ms)
✔ adult-cat expressions append unique static accents inside the existing visual (167.511632ms)
✔ real play and medicine outcomes use semantic temporary faces (102.677956ms)
✔ feed afterglow starts happy only after the validated result and expires to latest state (27.635845ms)
✔ a real cure receives the same validated happy afterglow (26.704253ms)
✔ reduced motion keeps the static happy afterglow for one second without animation (26.613469ms)
✔ only pet semantic speech starts a temporary face (26.315626ms)
✔ critical state interrupts happy immediately and expiry cannot restore stale state (19.267768ms)
✔ a new life cancels the old face timer (23.690985ms)
✔ sleep uses its own face, and waking shows normal before latest-state reevaluation (48.595159ms)
✔ form changes and blocked screens clear the temporary face and accent (138.021468ms)
✔ expression rendering does not alter saves, cast geometry, or 26 companions (26.707318ms)
✔ a failed expression portrait retries the original before the emoji fallback (34.772816ms)
✔ home care colors follow existing mood and fatigue boundaries and reset after sleep/recovery (22.257771ms)
✔ progress meter colors vary with fill without altering game state or life direction (12.842411ms)
✔ overfeeding shows discomfort before a random story can replace it (16.000834ms)
✔ a newer care action cancels an older delayed overfeeding story (14.910327ms)
✔ kitten home uses its own portraits, care reactions and sleeping face without save changes (19.350219ms)
✔ otemba home uses its own portraits, care reactions and sleeping face without save changes (13.707543ms)
✔ young home uses its own portraits, care reactions and sleeping face without save changes (16.920998ms)
✔ calm home uses its own portraits, care reactions and sleeping face without save changes (18.674318ms)
✔ elder home uses its own portraits, care reactions and sleeping face without save changes (15.046459ms)
✔ toddler home uses its own portraits, care reactions and sleeping face without save changes (14.998207ms)
✔ baby home uses its own portraits, care reactions and sleeping face without save changes (15.12133ms)
✔ adult dog shows all ten state and reaction faces without changing saved state (169.201526ms)
✔ puppy shows all ten state and reaction faces without changing saved state (233.016323ms)
✔ wanpaku shows all ten state and reaction faces without changing saved state (477.931387ms)
✔ young dog shows all ten state and reaction faces without changing saved state (255.255476ms)
✔ young dog routing is limited to ages sixteen through twenty-one (86.54734ms)
✔ calm dog shows all ten state and reaction faces without changing saved state (297.291956ms)
✔ calm dog routing is limited to ages forty through sixty-nine (146.580628ms)
✔ baby dog shows all ten state and reaction faces without changing saved state (224.271006ms)
✔ toddler dog shows all ten state and reaction faces without changing saved state (251.008539ms)
✔ elder dog shows all ten state and reaction faces without changing saved state (268.607377ms)
✔ remaining dog stage boundaries select their own portraits (191.424906ms)
✔ man/01 renders all ten states and reactions without mutating saved state (177.247797ms)
✔ man/02 renders all ten states and reactions without mutating saved state (178.724157ms)
✔ man/03 renders all ten states and reactions without mutating saved state (205.271849ms)
✔ man/04 renders all ten states and reactions without mutating saved state (187.148035ms)
✔ man/05 renders all ten states and reactions without mutating saved state (183.870966ms)
✔ man/06 renders all ten states and reactions without mutating saved state (198.329531ms)
✔ man/07 renders all ten states and reactions without mutating saved state (200.408447ms)
✔ man/08 renders all ten states and reactions without mutating saved state (148.963707ms)
✔ woman/01 renders all ten states and reactions without mutating saved state (205.214779ms)
✔ woman/02 renders all ten states and reactions without mutating saved state (270.328467ms)
✔ woman/03 renders all ten states and reactions without mutating saved state (247.065538ms)
✔ woman/04 renders all ten states and reactions without mutating saved state (204.629506ms)
✔ woman/05 renders all ten states and reactions without mutating saved state (192.0136ms)
✔ woman/06 renders all ten states and reactions without mutating saved state (184.316497ms)
✔ woman/07 renders all ten states and reactions without mutating saved state (289.76375ms)
✔ woman/08 renders all ten states and reactions without mutating saved state (234.203828ms)
✔ penguin/01 renders all ten states and reactions without mutating saved state (246.029086ms)
✔ penguin/02 renders all ten states and reactions without mutating saved state (236.812443ms)
✔ penguin/03 renders all ten states and reactions without mutating saved state (257.482776ms)
✔ penguin/04 renders all ten states and reactions without mutating saved state (1123.109328ms)
✔ penguin/05 renders all ten states and reactions without mutating saved state (154.20866ms)
✔ penguin/06 renders all ten states and reactions without mutating saved state (240.177282ms)
✔ penguin/07 renders all ten states and reactions without mutating saved state (251.457787ms)
✔ penguin/08 renders all ten states and reactions without mutating saved state (184.625638ms)
✔ turtle/01 renders all ten states and reactions without mutating saved state (189.293008ms)
✔ turtle/02 renders all ten states and reactions without mutating saved state (219.860109ms)
✔ turtle/03 renders all ten states and reactions without mutating saved state (237.769066ms)
✔ turtle/04 renders all ten states and reactions without mutating saved state (243.417968ms)
✔ turtle/05 renders all ten states and reactions without mutating saved state (335.482678ms)
✔ turtle/06 renders all ten states and reactions without mutating saved state (268.081189ms)
✔ turtle/07 renders all ten states and reactions without mutating saved state (250.0266ms)
✔ turtle/08 renders all ten states and reactions without mutating saved state (184.313695ms)
✔ frog/01 renders all ten states and reactions without mutating saved state (143.735962ms)
✔ frog/02 renders all ten states and reactions without mutating saved state (280.518382ms)
✔ frog/03 renders all ten states and reactions without mutating saved state (211.71538ms)
✔ frog/04 renders all ten states and reactions without mutating saved state (193.443973ms)
✔ frog/05 renders all ten states and reactions without mutating saved state (251.711193ms)
✔ frog/06 renders all ten states and reactions without mutating saved state (407.881444ms)
✔ frog/07 renders all ten states and reactions without mutating saved state (201.044978ms)
✔ frog/08 renders all ten states and reactions without mutating saved state (191.440823ms)
✔ clownfish/01 renders all ten states and reactions without mutating saved state (216.649681ms)
✔ clownfish/02 renders all ten states and reactions without mutating saved state (252.46816ms)
✔ clownfish/03 renders all ten states and reactions without mutating saved state (231.997828ms)
✔ clownfish/04 renders all ten states and reactions without mutating saved state (325.224071ms)
✔ clownfish/05 renders all ten states and reactions without mutating saved state (172.996295ms)
✔ clownfish/06 renders all ten states and reactions without mutating saved state (253.474912ms)
✔ clownfish/07 renders all ten states and reactions without mutating saved state (179.835597ms)
✔ clownfish/08 renders all ten states and reactions without mutating saved state (258.888251ms)
✔ salmon/01 renders all ten states and reactions without mutating saved state (265.618314ms)
✔ salmon/02 renders all ten states and reactions without mutating saved state (285.233767ms)
✔ salmon/03 renders all ten states and reactions without mutating saved state (196.595997ms)
✔ salmon/04 renders all ten states and reactions without mutating saved state (164.875506ms)
✔ salmon/05 renders all ten states and reactions without mutating saved state (259.301173ms)
✔ salmon/06 renders all ten states and reactions without mutating saved state (228.825467ms)
✔ salmon/07 renders all ten states and reactions without mutating saved state (273.771623ms)
✔ salmon/08 renders all ten states and reactions without mutating saved state (248.025325ms)
✔ hermit_crab/01 renders all ten states and reactions without mutating saved state (245.704204ms)
✔ hermit_crab/02 renders all ten states and reactions without mutating saved state (183.077022ms)
✔ hermit_crab/03 renders all ten states and reactions without mutating saved state (205.360252ms)
✔ hermit_crab/04 renders all ten states and reactions without mutating saved state (154.421111ms)
✔ hermit_crab/05 renders all ten states and reactions without mutating saved state (182.992397ms)
✔ hermit_crab/06 renders all ten states and reactions without mutating saved state (240.41082ms)
✔ hermit_crab/07 renders all ten states and reactions without mutating saved state (184.621013ms)
✔ hermit_crab/08 renders all ten states and reactions without mutating saved state (219.312463ms)
✔ jellyfish/01 renders all ten states and reactions without mutating saved state (239.822908ms)
✔ jellyfish/02 renders all ten states and reactions without mutating saved state (225.112432ms)
✔ jellyfish/03 renders all ten states and reactions without mutating saved state (330.497414ms)
✔ jellyfish/04 renders all ten states and reactions without mutating saved state (346.123159ms)
✔ jellyfish/05 renders all ten states and reactions without mutating saved state (188.454283ms)
✔ jellyfish/06 renders all ten states and reactions without mutating saved state (204.060646ms)
✔ jellyfish/07 renders all ten states and reactions without mutating saved state (213.855231ms)
✔ jellyfish/08 renders all ten states and reactions without mutating saved state (193.944783ms)
✔ starfish/01 renders all ten states and reactions without mutating saved state (209.992412ms)
✔ starfish/02 renders all ten states and reactions without mutating saved state (215.788651ms)
✔ starfish/03 renders all ten states and reactions without mutating saved state (202.537013ms)
✔ starfish/04 renders all ten states and reactions without mutating saved state (194.859529ms)
✔ starfish/05 renders all ten states and reactions without mutating saved state (198.00193ms)
✔ starfish/06 renders all ten states and reactions without mutating saved state (173.055761ms)
✔ starfish/07 renders all ten states and reactions without mutating saved state (283.701982ms)
✔ starfish/08 renders all ten states and reactions without mutating saved state (223.534677ms)
✔ coral/01 renders all ten states and reactions without mutating saved state (186.977913ms)
✔ coral/02 renders all ten states and reactions without mutating saved state (225.54641ms)
✔ coral/03 renders all ten states and reactions without mutating saved state (275.487958ms)
✔ coral/04 renders all ten states and reactions without mutating saved state (267.425028ms)
✔ coral/05 renders all ten states and reactions without mutating saved state (197.744467ms)
✔ coral/06 renders all ten states and reactions without mutating saved state (174.703669ms)
✔ coral/07 renders all ten states and reactions without mutating saved state (244.994255ms)
✔ coral/08 renders all ten states and reactions without mutating saved state (197.198272ms)
✔ butterfly/01 renders all ten states and reactions without mutating saved state (163.71012ms)
✔ butterfly/02 renders all ten states and reactions without mutating saved state (211.721575ms)
✔ butterfly/03 renders all ten states and reactions without mutating saved state (261.391082ms)
✔ butterfly/04 renders all ten states and reactions without mutating saved state (265.973062ms)
✔ butterfly/05 renders all ten states and reactions without mutating saved state (205.578561ms)
✔ butterfly/06 renders all ten states and reactions without mutating saved state (138.501903ms)
✔ butterfly/07 renders all ten states and reactions without mutating saved state (275.223412ms)
✔ butterfly/08 renders all ten states and reactions without mutating saved state (219.988757ms)
✔ beetle/01 renders all ten states and reactions without mutating saved state (220.40583ms)
✔ beetle/02 renders all ten states and reactions without mutating saved state (265.590155ms)
✔ beetle/03 renders all ten states and reactions without mutating saved state (267.802399ms)
✔ beetle/04 renders all ten states and reactions without mutating saved state (300.585721ms)
✔ beetle/05 renders all ten states and reactions without mutating saved state (252.304571ms)
✔ beetle/06 renders all ten states and reactions without mutating saved state (173.744891ms)
✔ beetle/07 renders all ten states and reactions without mutating saved state (185.192096ms)
✔ beetle/08 renders all ten states and reactions without mutating saved state (184.985764ms)
✔ stagbeetle/01 renders all ten states and reactions without mutating saved state (192.027596ms)
✔ stagbeetle/02 renders all ten states and reactions without mutating saved state (181.420959ms)
✔ stagbeetle/03 renders all ten states and reactions without mutating saved state (173.243474ms)
✔ stagbeetle/04 renders all ten states and reactions without mutating saved state (184.563874ms)
✔ stagbeetle/05 renders all ten states and reactions without mutating saved state (285.519365ms)
✔ stagbeetle/06 renders all ten states and reactions without mutating saved state (340.564002ms)
✔ stagbeetle/07 renders all ten states and reactions without mutating saved state (185.31983ms)
✔ stagbeetle/08 renders all ten states and reactions without mutating saved state (213.623797ms)
✔ cicada/01 renders all ten states and reactions without mutating saved state (245.817878ms)
✔ cicada/02 renders all ten states and reactions without mutating saved state (229.856592ms)
✔ cicada/03 renders all ten states and reactions without mutating saved state (220.422503ms)
✔ cicada/04 renders all ten states and reactions without mutating saved state (193.097072ms)
✔ cicada/05 renders all ten states and reactions without mutating saved state (236.645633ms)
✔ cicada/06 renders all ten states and reactions without mutating saved state (161.937405ms)
✔ cicada/07 renders all ten states and reactions without mutating saved state (164.507416ms)
✔ cicada/08 renders all ten states and reactions without mutating saved state (154.313997ms)
✔ antlion/01 renders all ten states and reactions without mutating saved state (165.361968ms)
✔ antlion/02 renders all ten states and reactions without mutating saved state (166.238931ms)
✔ antlion/03 renders all ten states and reactions without mutating saved state (165.393811ms)
✔ antlion/04 renders all ten states and reactions without mutating saved state (250.971866ms)
✔ antlion/05 renders all ten states and reactions without mutating saved state (455.599234ms)
✔ antlion/06 renders all ten states and reactions without mutating saved state (515.421085ms)
✔ antlion/07 renders all ten states and reactions without mutating saved state (448.402007ms)
✔ antlion/08 renders all ten states and reactions without mutating saved state (401.114715ms)
✔ dandelion/01 renders all ten states and reactions without mutating saved state (266.383091ms)
✔ dandelion/02 renders all ten states and reactions without mutating saved state (390.02008ms)
✔ dandelion/03 renders all ten states and reactions without mutating saved state (429.858022ms)
✔ dandelion/04 renders all ten states and reactions without mutating saved state (387.938419ms)
✔ dandelion/05 renders all ten states and reactions without mutating saved state (523.128567ms)
✔ dandelion/06 renders all ten states and reactions without mutating saved state (589.522264ms)
✔ dandelion/07 renders all ten states and reactions without mutating saved state (380.82468ms)
✔ dandelion/08 renders all ten states and reactions without mutating saved state (422.957684ms)
✔ sakura/01 renders all ten states and reactions without mutating saved state (1206.844061ms)
✔ sakura/02 renders all ten states and reactions without mutating saved state (233.298604ms)
✔ sakura/03 renders all ten states and reactions without mutating saved state (219.039263ms)
✔ sakura/04 renders all ten states and reactions without mutating saved state (253.068379ms)
✔ sakura/05 renders all ten states and reactions without mutating saved state (224.817426ms)
✔ sakura/06 renders all ten states and reactions without mutating saved state (226.180874ms)
✔ sakura/07 renders all ten states and reactions without mutating saved state (195.569546ms)
✔ sakura/08 renders all ten states and reactions without mutating saved state (232.003352ms)
✔ venus_flytrap/01 renders all ten states and reactions without mutating saved state (180.242497ms)
✔ venus_flytrap/02 renders all ten states and reactions without mutating saved state (194.31877ms)
✔ venus_flytrap/03 renders all ten states and reactions without mutating saved state (174.575845ms)
✔ venus_flytrap/04 renders all ten states and reactions without mutating saved state (207.108366ms)
✔ venus_flytrap/05 renders all ten states and reactions without mutating saved state (214.058041ms)
✔ venus_flytrap/06 renders all ten states and reactions without mutating saved state (184.153161ms)
✔ venus_flytrap/07 renders all ten states and reactions without mutating saved state (265.156243ms)
✔ venus_flytrap/08 renders all ten states and reactions without mutating saved state (196.847813ms)
✔ mushroom/01 renders all ten states and reactions without mutating saved state (282.059775ms)
✔ mushroom/02 renders all ten states and reactions without mutating saved state (176.25479ms)
✔ mushroom/03 renders all ten states and reactions without mutating saved state (198.969475ms)
✔ mushroom/04 renders all ten states and reactions without mutating saved state (241.583862ms)
✔ mushroom/05 renders all ten states and reactions without mutating saved state (225.211042ms)
✔ mushroom/06 renders all ten states and reactions without mutating saved state (267.230818ms)
✔ mushroom/07 renders all ten states and reactions without mutating saved state (262.320347ms)
✔ mushroom/08 renders all ten states and reactions without mutating saved state (231.24963ms)
✔ dragon/01 renders all ten states and reactions without mutating saved state (191.701433ms)
✔ dragon/02 renders all ten states and reactions without mutating saved state (149.26026ms)
✔ dragon/03 renders all ten states and reactions without mutating saved state (180.518043ms)
✔ dragon/04 renders all ten states and reactions without mutating saved state (196.109221ms)
✔ dragon/05 renders all ten states and reactions without mutating saved state (200.734058ms)
✔ dragon/06 renders all ten states and reactions without mutating saved state (182.112064ms)
✔ dragon/07 renders all ten states and reactions without mutating saved state (209.426593ms)
✔ dragon/08 renders all ten states and reactions without mutating saved state (229.960388ms)
✔ phoenix/01 renders all ten states and reactions without mutating saved state (260.537106ms)
✔ phoenix/02 renders all ten states and reactions without mutating saved state (207.937436ms)
✔ phoenix/03 renders all ten states and reactions without mutating saved state (210.636087ms)
✔ phoenix/04 renders all ten states and reactions without mutating saved state (255.006816ms)
✔ phoenix/05 renders all ten states and reactions without mutating saved state (307.129423ms)
✔ phoenix/06 renders all ten states and reactions without mutating saved state (133.381792ms)
✔ phoenix/07 renders all ten states and reactions without mutating saved state (213.324178ms)
✔ phoenix/08 renders all ten states and reactions without mutating saved state (249.110686ms)
✔ god/01 renders all ten states and reactions without mutating saved state (230.988153ms)
✔ god/02 renders all ten states and reactions without mutating saved state (286.057024ms)
✔ god/03 renders all ten states and reactions without mutating saved state (257.784739ms)
✔ god/04 renders all ten states and reactions without mutating saved state (264.935733ms)
✔ god/05 renders all ten states and reactions without mutating saved state (278.985648ms)
✔ god/06 renders all ten states and reactions without mutating saved state (186.380794ms)
✔ god/07 renders all ten states and reactions without mutating saved state (217.677194ms)
✔ god/08 renders all ten states and reactions without mutating saved state (195.893137ms)
✔ world_tree/01 renders all ten states and reactions without mutating saved state (228.447699ms)
✔ world_tree/02 renders all ten states and reactions without mutating saved state (257.278326ms)
✔ world_tree/03 renders all ten states and reactions without mutating saved state (188.585775ms)
✔ world_tree/04 renders all ten states and reactions without mutating saved state (193.515955ms)
✔ world_tree/05 renders all ten states and reactions without mutating saved state (314.932114ms)
✔ world_tree/06 renders all ten states and reactions without mutating saved state (163.142756ms)
✔ world_tree/07 renders all ten states and reactions without mutating saved state (224.752605ms)
✔ world_tree/08 renders all ten states and reactions without mutating saved state (172.049773ms)
✔ ghost/01 renders all ten states and reactions without mutating saved state (183.579007ms)
✔ ghost/02 renders all ten states and reactions without mutating saved state (215.347485ms)
✔ ghost/03 renders all ten states and reactions without mutating saved state (228.740488ms)
✔ ghost/04 renders all ten states and reactions without mutating saved state (254.115045ms)
✔ ghost/05 renders all ten states and reactions without mutating saved state (186.170574ms)
✔ ghost/06 renders all ten states and reactions without mutating saved state (157.571651ms)
✔ ghost/07 renders all ten states and reactions without mutating saved state (238.63684ms)
✔ ghost/08 renders all ten states and reactions without mutating saved state (185.648433ms)
✔ star/01 renders all ten states and reactions without mutating saved state (135.771631ms)
✔ star/02 renders all ten states and reactions without mutating saved state (180.699542ms)
✔ star/03 renders all ten states and reactions without mutating saved state (179.107545ms)
✔ star/04 renders all ten states and reactions without mutating saved state (189.510993ms)
✔ star/05 renders all ten states and reactions without mutating saved state (159.000898ms)
✔ star/06 renders all ten states and reactions without mutating saved state (151.848457ms)
✔ star/07 renders all ten states and reactions without mutating saved state (161.981865ms)
✔ star/08 renders all ten states and reactions without mutating saved state (181.098123ms)
✔ plush/01 renders all ten states and reactions without mutating saved state (180.92033ms)
✔ plush/02 renders all ten states and reactions without mutating saved state (198.321162ms)
✔ plush/03 renders all ten states and reactions without mutating saved state (186.503434ms)
✔ plush/04 renders all ten states and reactions without mutating saved state (199.86679ms)
✔ plush/05 renders all ten states and reactions without mutating saved state (210.439184ms)
✔ plush/06 renders all ten states and reactions without mutating saved state (167.312996ms)
✔ plush/07 renders all ten states and reactions without mutating saved state (254.720635ms)
✔ plush/08 renders all ten states and reactions without mutating saved state (174.934237ms)
✔ unknown/01 renders all ten states and reactions without mutating saved state (173.144438ms)
✔ unknown/02 renders all ten states and reactions without mutating saved state (209.385201ms)
✔ unknown/03 renders all ten states and reactions without mutating saved state (212.810265ms)
✔ unknown/04 renders all ten states and reactions without mutating saved state (194.741639ms)
✔ unknown/05 renders all ten states and reactions without mutating saved state (235.207481ms)
✔ unknown/06 renders all ten states and reactions without mutating saved state (180.737782ms)
✔ unknown/07 renders all ten states and reactions without mutating saved state (265.918463ms)
✔ unknown/08 renders all ten states and reactions without mutating saved state (173.578537ms)
✔ ren/01 renders all ten states and reactions without mutating saved state (168.477248ms)
✔ ren/02 renders all ten states and reactions without mutating saved state (152.684826ms)
✔ ren/03 renders all ten states and reactions without mutating saved state (218.639881ms)
✔ ren/04 renders all ten states and reactions without mutating saved state (211.035567ms)
✔ ren/05 renders all ten states and reactions without mutating saved state (144.658546ms)
✔ ren/06 renders all ten states and reactions without mutating saved state (163.295134ms)
✔ ren/07 renders all ten states and reactions without mutating saved state (206.549679ms)
✔ ren/08 renders all ten states and reactions without mutating saved state (212.553061ms)
✔ Home connects all fifteen food artworks without changing saved state (31.303865ms)
✔ short tab return restores the current expression without replaying a stale reaction (21.629001ms)
✔ static script exposes the frozen resolver on window (30.285283ms)
✔ resolve maps every persistent home emotion to its approved face (0.278253ms)
✔ resolve applies temporary, critical, and sleeping precedence (0.147258ms)
✔ resolve safely ignores unknown and malformed values (0.115952ms)
✔ assetFor allowlists adult-cat expression portraits only (0.237502ms)
✔ accentFor returns one static accessible-hidden SVG accent per non-normal adult-cat expression (0.794378ms)
✔ reactionFor maps every approved semantic event and rejects unknown events (0.342317ms)
✔ the frozen API leaves caller-owned values unchanged (0.172927ms)
✔ sleeping uses three rising Z marks without a font or animation dependency (0.236571ms)
✔ line-only state marks have a separate outline beneath their colored strokes (0.358161ms)
✔ kitten stage supports all ten expressions while other cat stages keep their base art (0.262499ms)
✔ calling marks retain the two outlined strokes (0.125977ms)
✔ otemba stage has ten faces and marks anchored near its left-hand head (0.215359ms)
✔ young stage has ten faces and marks anchored near its left-hand head (0.170613ms)
✔ calm stage has ten faces and marks anchored near its left-hand head (0.164964ms)
✔ elder stage has ten faces and marks anchored near its left-hand head (0.161088ms)
✔ toddler stage has ten faces and marks anchored near its left-hand head (0.317141ms)
✔ baby stage has ten faces and marks anchored near its left-hand head (0.189622ms)
✔ adult dog supports ten expressions while unsupported species retain base portraits (0.162611ms)
✔ puppy supports ten expressions while unsupported species retain base portraits (0.196391ms)
✔ wanpaku supports ten expressions while unsupported species retain base portraits (0.191073ms)
✔ young dog supports ten expressions while unsupported species retain base portraits (0.218544ms)
✔ young dog accents follow its upright head and hunger uses a food bowl (0.114349ms)
✔ calm dog supports ten expressions while unsupported species retain base portraits (0.172906ms)
✔ calm dog accents follow its head and hunger uses a food bowl (0.106258ms)
✔ dog 01 routes ten expressions with approved milk/bowl hunger artwork (0.230802ms)
✔ dog 02 routes ten expressions with approved milk/bowl hunger artwork (0.115001ms)
✔ dog 08 routes ten expressions with approved milk/bowl hunger artwork (0.118336ms)
✔ man supports all eight stages with ten faces and age-appropriate milk/rice artwork (0.68118ms)
✔ woman supports all eight stages with ten faces and age-appropriate milk/rice artwork (0.609113ms)
✔ sweat follows the face sides instead of the whole body (0.244783ms)
✔ every observed face center lies within its normal sprite bounds (0.738265ms)
✔ cat/1 marks follow the approved face-relative directions (0.396508ms)
✔ cat/2 marks follow the approved face-relative directions (0.220667ms)
✔ cat/3 marks follow the approved face-relative directions (0.20197ms)
✔ cat/4 marks follow the approved face-relative directions (0.158385ms)
✔ cat/5 marks follow the approved face-relative directions (0.102282ms)
✔ cat/6 marks follow the approved face-relative directions (0.126818ms)
✔ cat/7 marks follow the approved face-relative directions (0.125005ms)
✔ cat/8 marks follow the approved face-relative directions (0.130043ms)
✔ dog/1 marks follow the approved face-relative directions (0.10117ms)
✔ dog/2 marks follow the approved face-relative directions (0.122562ms)
✔ dog/3 marks follow the approved face-relative directions (0.099257ms)
✔ dog/4 marks follow the approved face-relative directions (0.100038ms)
✔ dog/5 marks follow the approved face-relative directions (0.088822ms)
✔ dog/6 marks follow the approved face-relative directions (0.094089ms)
✔ dog/7 marks follow the approved face-relative directions (0.135751ms)
✔ dog/8 marks follow the approved face-relative directions (0.118716ms)
✔ man/1 marks follow the approved face-relative directions (0.099608ms)
✔ man/2 marks follow the approved face-relative directions (0.199846ms)
✔ man/3 marks follow the approved face-relative directions (0.107069ms)
✔ man/4 marks follow the approved face-relative directions (0.103884ms)
✔ man/5 marks follow the approved face-relative directions (0.10799ms)
✔ man/6 marks follow the approved face-relative directions (0.100629ms)
✔ man/7 marks follow the approved face-relative directions (0.101691ms)
✔ man/8 marks follow the approved face-relative directions (0.099968ms)
✔ woman/1 marks follow the approved face-relative directions (0.142722ms)
✔ woman/2 marks follow the approved face-relative directions (0.113348ms)
✔ woman/3 marks follow the approved face-relative directions (0.099308ms)
✔ woman/4 marks follow the approved face-relative directions (0.097695ms)
✔ woman/5 marks follow the approved face-relative directions (0.10143ms)
✔ woman/6 marks follow the approved face-relative directions (0.100299ms)
✔ woman/7 marks follow the approved face-relative directions (0.140568ms)
✔ woman/8 marks follow the approved face-relative directions (0.138446ms)
✔ penguin/1 marks follow the approved face-relative directions (0.156752ms)
✔ penguin/2 marks follow the approved face-relative directions (0.094811ms)
✔ penguin/3 marks follow the approved face-relative directions (0.090273ms)
✔ penguin/4 marks follow the approved face-relative directions (0.112707ms)
✔ penguin/5 marks follow the approved face-relative directions (0.184444ms)
✔ penguin/6 marks follow the approved face-relative directions (0.115411ms)
✔ penguin/7 marks follow the approved face-relative directions (0.109171ms)
✔ penguin/8 marks follow the approved face-relative directions (0.10814ms)
✔ turtle/1 marks follow the approved face-relative directions (0.105687ms)
✔ turtle/2 marks follow the approved face-relative directions (0.096423ms)
✔ turtle/3 marks follow the approved face-relative directions (0.15492ms)
✔ turtle/4 marks follow the approved face-relative directions (0.807718ms)
✔ turtle/5 marks follow the approved face-relative directions (0.172285ms)
✔ turtle/6 marks follow the approved face-relative directions (0.108761ms)
✔ turtle/7 marks follow the approved face-relative directions (0.103073ms)
✔ turtle/8 marks follow the approved face-relative directions (0.098836ms)
✔ frog/1 marks follow the approved face-relative directions (0.105877ms)
✔ frog/2 marks follow the approved face-relative directions (0.102972ms)
✔ frog/3 marks follow the approved face-relative directions (0.098035ms)
✔ frog/4 marks follow the approved face-relative directions (0.136903ms)
✔ frog/5 marks follow the approved face-relative directions (0.111055ms)
✔ frog/6 marks follow the approved face-relative directions (0.131104ms)
✔ frog/7 marks follow the approved face-relative directions (0.101831ms)
✔ frog/8 marks follow the approved face-relative directions (0.097955ms)
✔ clownfish/1 marks follow the approved face-relative directions (0.103233ms)
✔ clownfish/2 marks follow the approved face-relative directions (0.167539ms)
✔ clownfish/3 marks follow the approved face-relative directions (0.131966ms)
✔ clownfish/4 marks follow the approved face-relative directions (0.103444ms)
✔ clownfish/5 marks follow the approved face-relative directions (0.10106ms)
✔ clownfish/6 marks follow the approved face-relative directions (0.101491ms)
✔ clownfish/7 marks follow the approved face-relative directions (0.103964ms)
✔ clownfish/8 marks follow the approved face-relative directions (0.097856ms)
✔ salmon/1 marks follow the approved face-relative directions (1.518681ms)
✔ salmon/2 marks follow the approved face-relative directions (0.149902ms)
✔ salmon/3 marks follow the approved face-relative directions (0.142201ms)
✔ salmon/4 marks follow the approved face-relative directions (0.131275ms)
✔ salmon/5 marks follow the approved face-relative directions (0.122321ms)
✔ salmon/6 marks follow the approved face-relative directions (0.145656ms)
✔ salmon/7 marks follow the approved face-relative directions (0.125396ms)
✔ salmon/8 marks follow the approved face-relative directions (0.120849ms)
✔ hermit_crab/1 marks follow the approved face-relative directions (0.106978ms)
✔ hermit_crab/2 marks follow the approved face-relative directions (0.111145ms)
✔ hermit_crab/3 marks follow the approved face-relative directions (0.112076ms)
✔ hermit_crab/4 marks follow the approved face-relative directions (0.106237ms)
✔ hermit_crab/5 marks follow the approved face-relative directions (0.095401ms)
✔ hermit_crab/6 marks follow the approved face-relative directions (0.138646ms)
✔ hermit_crab/7 marks follow the approved face-relative directions (2.430523ms)
✔ hermit_crab/8 marks follow the approved face-relative directions (0.119167ms)
✔ jellyfish/1 marks follow the approved face-relative directions (0.103764ms)
✔ jellyfish/2 marks follow the approved face-relative directions (0.096903ms)
✔ jellyfish/3 marks follow the approved face-relative directions (0.140819ms)
✔ jellyfish/4 marks follow the approved face-relative directions (0.098215ms)
✔ jellyfish/5 marks follow the approved face-relative directions (0.09404ms)
✔ jellyfish/6 marks follow the approved face-relative directions (0.093979ms)
✔ jellyfish/7 marks follow the approved face-relative directions (0.143713ms)
✔ jellyfish/8 marks follow the approved face-relative directions (0.095652ms)
✔ starfish/1 marks follow the approved face-relative directions (0.094931ms)
✔ starfish/2 marks follow the approved face-relative directions (0.091536ms)
✔ starfish/3 marks follow the approved face-relative directions (0.108431ms)
✔ starfish/4 marks follow the approved face-relative directions (0.094279ms)
✔ starfish/5 marks follow the approved face-relative directions (0.091606ms)
✔ starfish/6 marks follow the approved face-relative directions (0.088511ms)
✔ starfish/7 marks follow the approved face-relative directions (0.087099ms)
✔ starfish/8 marks follow the approved face-relative directions (0.091585ms)
✔ coral/1 marks follow the approved face-relative directions (0.093419ms)
✔ coral/2 marks follow the approved face-relative directions (0.091586ms)
✔ coral/3 marks follow the approved face-relative directions (0.430859ms)
✔ coral/4 marks follow the approved face-relative directions (0.116493ms)
✔ coral/5 marks follow the approved face-relative directions (0.089753ms)
✔ coral/6 marks follow the approved face-relative directions (0.083604ms)
✔ coral/7 marks follow the approved face-relative directions (0.081992ms)
✔ coral/8 marks follow the approved face-relative directions (0.126908ms)
✔ butterfly/1 marks follow the approved face-relative directions (0.091706ms)
✔ butterfly/2 marks follow the approved face-relative directions (0.082022ms)
✔ butterfly/3 marks follow the approved face-relative directions (9.545753ms)
✔ butterfly/4 marks follow the approved face-relative directions (0.209852ms)
✔ butterfly/5 marks follow the approved face-relative directions (0.098997ms)
✔ butterfly/6 marks follow the approved face-relative directions (0.093559ms)
✔ butterfly/7 marks follow the approved face-relative directions (0.084856ms)
✔ butterfly/8 marks follow the approved face-relative directions (0.084736ms)
✔ beetle/1 marks follow the approved face-relative directions (0.098086ms)
✔ beetle/2 marks follow the approved face-relative directions (0.099888ms)
✔ beetle/3 marks follow the approved face-relative directions (0.092197ms)
✔ beetle/4 marks follow the approved face-relative directions (0.162942ms)
✔ beetle/5 marks follow the approved face-relative directions (0.109032ms)
✔ beetle/6 marks follow the approved face-relative directions (0.113197ms)
✔ beetle/7 marks follow the approved face-relative directions (0.086248ms)
✔ beetle/8 marks follow the approved face-relative directions (0.090124ms)
✔ stagbeetle/1 marks follow the approved face-relative directions (0.096593ms)
✔ stagbeetle/2 marks follow the approved face-relative directions (0.094951ms)
✔ stagbeetle/3 marks follow the approved face-relative directions (0.099347ms)
✔ stagbeetle/4 marks follow the approved face-relative directions (0.100639ms)
✔ stagbeetle/5 marks follow the approved face-relative directions (0.09457ms)
✔ stagbeetle/6 marks follow the approved face-relative directions (0.111275ms)
✔ stagbeetle/7 marks follow the approved face-relative directions (0.144024ms)
✔ stagbeetle/8 marks follow the approved face-relative directions (0.10759ms)
✔ cicada/1 marks follow the approved face-relative directions (0.115711ms)
✔ cicada/2 marks follow the approved face-relative directions (0.081961ms)
✔ cicada/3 marks follow the approved face-relative directions (0.115732ms)
✔ cicada/4 marks follow the approved face-relative directions (0.085968ms)
✔ cicada/5 marks follow the approved face-relative directions (0.082403ms)
✔ cicada/6 marks follow the approved face-relative directions (0.072798ms)
✔ cicada/7 marks follow the approved face-relative directions (0.088782ms)
✔ cicada/8 marks follow the approved face-relative directions (0.105547ms)
✔ antlion/1 marks follow the approved face-relative directions (0.113138ms)
✔ antlion/2 marks follow the approved face-relative directions (0.161369ms)
✔ antlion/3 marks follow the approved face-relative directions (0.182481ms)
✔ antlion/4 marks follow the approved face-relative directions (0.505409ms)
✔ antlion/5 marks follow the approved face-relative directions (0.102822ms)
✔ antlion/6 marks follow the approved face-relative directions (0.115411ms)
✔ antlion/7 marks follow the approved face-relative directions (0.127039ms)
✔ antlion/8 marks follow the approved face-relative directions (0.083184ms)
✔ dandelion/1 marks follow the approved face-relative directions (0.078436ms)
✔ dandelion/2 marks follow the approved face-relative directions (0.080459ms)
✔ dandelion/3 marks follow the approved face-relative directions (0.08766ms)
✔ dandelion/4 marks follow the approved face-relative directions (0.091866ms)
✔ dandelion/5 marks follow the approved face-relative directions (0.089352ms)
✔ dandelion/6 marks follow the approved face-relative directions (0.089723ms)
✔ dandelion/7 marks follow the approved face-relative directions (0.137233ms)
✔ dandelion/8 marks follow the approved face-relative directions (0.092437ms)
✔ sakura/1 marks follow the approved face-relative directions (0.088841ms)
✔ sakura/2 marks follow the approved face-relative directions (3.827009ms)
✔ sakura/3 marks follow the approved face-relative directions (0.325293ms)
✔ sakura/4 marks follow the approved face-relative directions (0.125436ms)
✔ sakura/5 marks follow the approved face-relative directions (0.068671ms)
✔ sakura/6 marks follow the approved face-relative directions (0.261397ms)
✔ sakura/7 marks follow the approved face-relative directions (0.091215ms)
✔ sakura/8 marks follow the approved face-relative directions (0.059418ms)
✔ venus_flytrap/1 marks follow the approved face-relative directions (0.055692ms)
✔ venus_flytrap/2 marks follow the approved face-relative directions (0.052117ms)
✔ venus_flytrap/3 marks follow the approved face-relative directions (0.059318ms)
✔ venus_flytrap/4 marks follow the approved face-relative directions (0.145636ms)
✔ venus_flytrap/5 marks follow the approved face-relative directions (0.060931ms)
✔ venus_flytrap/6 marks follow the approved face-relative directions (0.08108ms)
✔ venus_flytrap/7 marks follow the approved face-relative directions (0.069773ms)
✔ venus_flytrap/8 marks follow the approved face-relative directions (0.055423ms)
✔ mushroom/1 marks follow the approved face-relative directions (0.388476ms)
✔ mushroom/2 marks follow the approved face-relative directions (0.078336ms)
✔ mushroom/3 marks follow the approved face-relative directions (0.054831ms)
✔ mushroom/4 marks follow the approved face-relative directions (0.052768ms)
✔ mushroom/5 marks follow the approved face-relative directions (0.051667ms)
✔ mushroom/6 marks follow the approved face-relative directions (0.475761ms)
✔ mushroom/7 marks follow the approved face-relative directions (0.147829ms)
✔ mushroom/8 marks follow the approved face-relative directions (0.12096ms)
✔ dragon/1 marks follow the approved face-relative directions (0.112357ms)
✔ dragon/2 marks follow the approved face-relative directions (0.107469ms)
✔ dragon/3 marks follow the approved face-relative directions (0.104475ms)
✔ dragon/4 marks follow the approved face-relative directions (0.162762ms)
✔ dragon/5 marks follow the approved face-relative directions (0.113478ms)
✔ dragon/6 marks follow the approved face-relative directions (0.100079ms)
✔ dragon/7 marks follow the approved face-relative directions (0.104685ms)
✔ dragon/8 marks follow the approved face-relative directions (0.092948ms)
✔ phoenix/1 marks follow the approved face-relative directions (0.098245ms)
✔ phoenix/2 marks follow the approved face-relative directions (0.087349ms)
✔ phoenix/3 marks follow the approved face-relative directions (0.092117ms)
✔ phoenix/4 marks follow the approved face-relative directions (0.116312ms)
✔ phoenix/5 marks follow the approved face-relative directions (0.104525ms)
✔ phoenix/6 marks follow the approved face-relative directions (0.095562ms)
✔ phoenix/7 marks follow the approved face-relative directions (0.097525ms)
✔ phoenix/8 marks follow the approved face-relative directions (0.095982ms)
✔ god/1 marks follow the approved face-relative directions (0.10826ms)
✔ god/2 marks follow the approved face-relative directions (0.134659ms)
✔ god/3 marks follow the approved face-relative directions (0.14145ms)
✔ god/4 marks follow the approved face-relative directions (0.108611ms)
✔ god/5 marks follow the approved face-relative directions (0.104985ms)
✔ god/6 marks follow the approved face-relative directions (0.102902ms)
✔ god/7 marks follow the approved face-relative directions (0.107339ms)
✔ god/8 marks follow the approved face-relative directions (0.097074ms)
✔ world_tree/1 marks follow the approved face-relative directions (0.098907ms)
✔ world_tree/2 marks follow the approved face-relative directions (0.094951ms)
✔ world_tree/3 marks follow the approved face-relative directions (0.159987ms)
✔ world_tree/4 marks follow the approved face-relative directions (0.101711ms)
✔ world_tree/5 marks follow the approved face-relative directions (0.09476ms)
✔ world_tree/6 marks follow the approved face-relative directions (0.092838ms)
✔ world_tree/7 marks follow the approved face-relative directions (0.0943ms)
✔ world_tree/8 marks follow the approved face-relative directions (0.097365ms)
✔ ghost/1 marks follow the approved face-relative directions (0.102092ms)
✔ ghost/2 marks follow the approved face-relative directions (0.095692ms)
✔ ghost/3 marks follow the approved face-relative directions (0.116833ms)
✔ ghost/4 marks follow the approved face-relative directions (0.096393ms)
✔ ghost/5 marks follow the approved face-relative directions (0.089923ms)
✔ ghost/6 marks follow the approved face-relative directions (0.092127ms)
✔ ghost/7 marks follow the approved face-relative directions (0.09469ms)
✔ ghost/8 marks follow the approved face-relative directions (0.096263ms)
✔ star/1 marks follow the approved face-relative directions (0.102853ms)
✔ star/2 marks follow the approved face-relative directions (0.094309ms)
✔ star/3 marks follow the approved face-relative directions (0.140818ms)
✔ star/4 marks follow the approved face-relative directions (0.106658ms)
✔ star/5 marks follow the approved face-relative directions (0.10158ms)
✔ star/6 marks follow the approved face-relative directions (0.103053ms)
✔ star/7 marks follow the approved face-relative directions (0.147038ms)
✔ star/8 marks follow the approved face-relative directions (0.144925ms)
✔ plush/1 marks follow the approved face-relative directions (0.150073ms)
✔ plush/2 marks follow the approved face-relative directions (0.102622ms)
✔ plush/3 marks follow the approved face-relative directions (0.120128ms)
✔ plush/4 marks follow the approved face-relative directions (0.144034ms)
✔ plush/5 marks follow the approved face-relative directions (0.104625ms)
✔ plush/6 marks follow the approved face-relative directions (0.102222ms)
✔ plush/7 marks follow the approved face-relative directions (0.100058ms)
✔ plush/8 marks follow the approved face-relative directions (0.138516ms)
✔ unknown/1 marks follow the approved face-relative directions (0.112937ms)
✔ unknown/2 marks follow the approved face-relative directions (0.109002ms)
✔ unknown/3 marks follow the approved face-relative directions (0.106558ms)
✔ unknown/4 marks follow the approved face-relative directions (0.109012ms)
✔ unknown/5 marks follow the approved face-relative directions (0.096113ms)
✔ unknown/6 marks follow the approved face-relative directions (0.101501ms)
✔ unknown/7 marks follow the approved face-relative directions (0.098806ms)
✔ unknown/8 marks follow the approved face-relative directions (0.142371ms)
✔ ren/1 marks follow the approved face-relative directions (0.110494ms)
✔ ren/2 marks follow the approved face-relative directions (0.106679ms)
✔ ren/3 marks follow the approved face-relative directions (0.113128ms)
✔ ren/4 marks follow the approved face-relative directions (0.105266ms)
✔ ren/5 marks follow the approved face-relative directions (0.110323ms)
✔ ren/6 marks follow the approved face-relative directions (0.10086ms)
✔ ren/7 marks follow the approved face-relative directions (0.150063ms)
✔ ren/8 marks follow the approved face-relative directions (0.120809ms)
✔ reviewed side marks read diagonally above the face, not alongside it (1.190155ms)
✔ penguin/1 routes ten distinct expressions (0.327456ms)
✔ penguin/2 routes ten distinct expressions (0.116052ms)
✔ penguin/3 routes ten distinct expressions (0.163172ms)
✔ penguin/4 routes ten distinct expressions (0.111826ms)
✔ penguin/5 routes ten distinct expressions (0.123063ms)
✔ penguin/6 routes ten distinct expressions (0.11479ms)
✔ penguin/7 routes ten distinct expressions (0.110033ms)
✔ penguin/8 routes ten distinct expressions (0.107589ms)
✔ turtle/1 routes ten distinct expressions (0.112356ms)
✔ turtle/2 routes ten distinct expressions (0.145195ms)
✔ turtle/3 routes ten distinct expressions (0.114941ms)
✔ turtle/4 routes ten distinct expressions (0.16174ms)
✔ turtle/5 routes ten distinct expressions (0.147118ms)
✔ turtle/6 routes ten distinct expressions (0.133518ms)
✔ turtle/7 routes ten distinct expressions (0.124444ms)
✔ turtle/8 routes ten distinct expressions (0.125737ms)
✔ frog/1 routes ten distinct expressions (0.117344ms)
✔ frog/2 routes ten distinct expressions (0.10122ms)
✔ frog/3 routes ten distinct expressions (0.10835ms)
✔ frog/4 routes ten distinct expressions (0.089142ms)
✔ frog/5 routes ten distinct expressions (5.72648ms)
✔ frog/6 routes ten distinct expressions (0.106518ms)
✔ frog/7 routes ten distinct expressions (0.079738ms)
✔ frog/8 routes ten distinct expressions (0.0544ms)
✔ clownfish/1 routes ten distinct expressions (0.052518ms)
✔ clownfish/2 routes ten distinct expressions (0.047921ms)
✔ clownfish/3 routes ten distinct expressions (0.051346ms)
✔ clownfish/4 routes ten distinct expressions (0.046309ms)
✔ clownfish/5 routes ten distinct expressions (0.063213ms)
✔ clownfish/6 routes ten distinct expressions (0.050154ms)
✔ clownfish/7 routes ten distinct expressions (0.048491ms)
✔ clownfish/8 routes ten distinct expressions (0.045968ms)
✔ salmon/1 routes ten distinct expressions (0.051366ms)
✔ salmon/2 routes ten distinct expressions (0.047891ms)
✔ salmon/3 routes ten distinct expressions (0.045707ms)
✔ salmon/4 routes ten distinct expressions (0.044806ms)
✔ salmon/5 routes ten distinct expressions (0.042703ms)
✔ salmon/6 routes ten distinct expressions (0.050314ms)
✔ salmon/7 routes ten distinct expressions (0.046108ms)
✔ salmon/8 routes ten distinct expressions (0.044556ms)
✔ hermit_crab/1 routes ten distinct expressions (0.044997ms)
✔ hermit_crab/2 routes ten distinct expressions (0.047771ms)
✔ hermit_crab/3 routes ten distinct expressions (0.043885ms)
✔ hermit_crab/4 routes ten distinct expressions (0.046449ms)
✔ hermit_crab/5 routes ten distinct expressions (0.264062ms)
✔ hermit_crab/6 routes ten distinct expressions (0.075973ms)
✔ hermit_crab/7 routes ten distinct expressions (0.050935ms)
✔ hermit_crab/8 routes ten distinct expressions (0.047581ms)
✔ jellyfish/1 routes ten distinct expressions (0.053089ms)
✔ jellyfish/2 routes ten distinct expressions (0.051526ms)
✔ jellyfish/3 routes ten distinct expressions (0.045918ms)
✔ jellyfish/4 routes ten distinct expressions (0.046208ms)
✔ jellyfish/5 routes ten distinct expressions (0.044245ms)
✔ jellyfish/6 routes ten distinct expressions (0.046629ms)
✔ jellyfish/7 routes ten distinct expressions (0.044436ms)
✔ jellyfish/8 routes ten distinct expressions (0.043675ms)
✔ starfish/1 routes ten distinct expressions (0.08093ms)
✔ starfish/2 routes ten distinct expressions (0.06075ms)
✔ starfish/3 routes ten distinct expressions (0.081802ms)
✔ starfish/4 routes ten distinct expressions (0.048152ms)
✔ starfish/5 routes ten distinct expressions (0.068261ms)
✔ starfish/6 routes ten distinct expressions (0.04769ms)
✔ starfish/7 routes ten distinct expressions (0.04687ms)
✔ starfish/8 routes ten distinct expressions (0.04699ms)
✔ coral/1 routes ten distinct expressions (0.045878ms)
✔ coral/2 routes ten distinct expressions (0.045097ms)
✔ coral/3 routes ten distinct expressions (0.04732ms)
✔ coral/4 routes ten distinct expressions (0.043564ms)
✔ coral/5 routes ten distinct expressions (0.045718ms)
✔ coral/6 routes ten distinct expressions (0.045348ms)
✔ coral/7 routes ten distinct expressions (0.044416ms)
✔ coral/8 routes ten distinct expressions (0.042193ms)
✔ butterfly/1 routes ten distinct expressions (0.193897ms)
✔ butterfly/2 routes ten distinct expressions (0.115681ms)
✔ butterfly/3 routes ten distinct expressions (0.102492ms)
✔ butterfly/4 routes ten distinct expressions (0.084696ms)
✔ butterfly/5 routes ten distinct expressions (0.075732ms)
✔ butterfly/6 routes ten distinct expressions (0.077575ms)
✔ butterfly/7 routes ten distinct expressions (0.070324ms)
✔ butterfly/8 routes ten distinct expressions (0.070294ms)
✔ beetle/1 routes ten distinct expressions (0.06743ms)
✔ beetle/2 routes ten distinct expressions (0.096223ms)
✔ beetle/3 routes ten distinct expressions (0.07418ms)
✔ beetle/4 routes ten distinct expressions (0.071676ms)
✔ beetle/5 routes ten distinct expressions (0.072698ms)
✔ beetle/6 routes ten distinct expressions (0.07388ms)
✔ beetle/7 routes ten distinct expressions (0.111736ms)
✔ beetle/8 routes ten distinct expressions (0.077635ms)
✔ stagbeetle/1 routes ten distinct expressions (0.117845ms)
✔ stagbeetle/2 routes ten distinct expressions (0.156883ms)
✔ stagbeetle/3 routes ten distinct expressions (0.08084ms)
✔ stagbeetle/4 routes ten distinct expressions (0.07393ms)
✔ stagbeetle/5 routes ten distinct expressions (0.076373ms)
✔ stagbeetle/6 routes ten distinct expressions (0.078146ms)
✔ stagbeetle/7 routes ten distinct expressions (0.071096ms)
✔ stagbeetle/8 routes ten distinct expressions (0.082182ms)
✔ cicada/1 routes ten distinct expressions (0.154519ms)
✔ cicada/2 routes ten distinct expressions (0.071486ms)
✔ cicada/3 routes ten distinct expressions (0.066368ms)
✔ cicada/4 routes ten distinct expressions (0.081561ms)
✔ cicada/5 routes ten distinct expressions (0.069633ms)
✔ cicada/6 routes ten distinct expressions (0.091726ms)
✔ cicada/7 routes ten distinct expressions (0.11446ms)
✔ cicada/8 routes ten distinct expressions (0.122051ms)
✔ antlion/1 routes ten distinct expressions (0.065056ms)
✔ antlion/2 routes ten distinct expressions (0.065547ms)
✔ antlion/3 routes ten distinct expressions (0.090634ms)
✔ antlion/4 routes ten distinct expressions (0.12797ms)
✔ antlion/5 routes ten distinct expressions (0.09497ms)
✔ antlion/6 routes ten distinct expressions (0.079699ms)
✔ antlion/7 routes ten distinct expressions (0.080659ms)
✔ antlion/8 routes ten distinct expressions (0.129212ms)
✔ dandelion/1 routes ten distinct expressions (0.079167ms)
✔ dandelion/2 routes ten distinct expressions (0.088582ms)
✔ dandelion/3 routes ten distinct expressions (5.055716ms)
✔ dandelion/4 routes ten distinct expressions (0.19585ms)
✔ dandelion/5 routes ten distinct expressions (0.133177ms)
✔ dandelion/6 routes ten distinct expressions (0.103063ms)
✔ dandelion/7 routes ten distinct expressions (0.081391ms)
✔ dandelion/8 routes ten distinct expressions (0.079548ms)
✔ sakura/1 routes ten distinct expressions (0.082802ms)
✔ sakura/2 routes ten distinct expressions (0.08116ms)
✔ sakura/3 routes ten distinct expressions (0.075813ms)
✔ sakura/4 routes ten distinct expressions (0.07461ms)
✔ sakura/5 routes ten distinct expressions (0.111865ms)
✔ sakura/6 routes ten distinct expressions (0.088311ms)
✔ sakura/7 routes ten distinct expressions (0.079829ms)
✔ sakura/8 routes ten distinct expressions (0.364781ms)
✔ venus_flytrap/1 routes ten distinct expressions (0.568944ms)
✔ venus_flytrap/2 routes ten distinct expressions (0.147228ms)
✔ venus_flytrap/3 routes ten distinct expressions (0.109953ms)
✔ venus_flytrap/4 routes ten distinct expressions (0.106769ms)
✔ venus_flytrap/5 routes ten distinct expressions (0.152736ms)
✔ venus_flytrap/6 routes ten distinct expressions (0.079428ms)
✔ venus_flytrap/7 routes ten distinct expressions (0.110364ms)
✔ venus_flytrap/8 routes ten distinct expressions (0.086529ms)
✔ mushroom/1 routes ten distinct expressions (0.090004ms)
✔ mushroom/2 routes ten distinct expressions (0.078867ms)
✔ mushroom/3 routes ten distinct expressions (0.073829ms)
✔ mushroom/4 routes ten distinct expressions (0.076794ms)
✔ mushroom/5 routes ten distinct expressions (0.081651ms)
✔ mushroom/6 routes ten distinct expressions (0.080019ms)
✔ mushroom/7 routes ten distinct expressions (0.110544ms)
✔ mushroom/8 routes ten distinct expressions (0.211964ms)
✔ dragon/1 routes ten distinct expressions (0.230692ms)
✔ dragon/2 routes ten distinct expressions (5.596066ms)
✔ dragon/3 routes ten distinct expressions (0.08784ms)
✔ dragon/4 routes ten distinct expressions (0.084936ms)
✔ dragon/5 routes ten distinct expressions (0.055612ms)
✔ dragon/6 routes ten distinct expressions (0.046579ms)
✔ dragon/7 routes ten distinct expressions (0.047671ms)
✔ dragon/8 routes ten distinct expressions (0.048382ms)
✔ phoenix/1 routes ten distinct expressions (0.046068ms)
✔ phoenix/2 routes ten distinct expressions (0.045227ms)
✔ phoenix/3 routes ten distinct expressions (0.045017ms)
✔ phoenix/4 routes ten distinct expressions (0.043855ms)
✔ phoenix/5 routes ten distinct expressions (0.06737ms)
✔ phoenix/6 routes ten distinct expressions (0.054881ms)
✔ phoenix/7 routes ten distinct expressions (0.056855ms)
✔ phoenix/8 routes ten distinct expressions (0.062082ms)
✔ god/1 routes ten distinct expressions (0.045127ms)
✔ god/2 routes ten distinct expressions (0.041121ms)
✔ god/3 routes ten distinct expressions (0.044657ms)
✔ god/4 routes ten distinct expressions (0.043164ms)
✔ god/5 routes ten distinct expressions (0.042573ms)
✔ god/6 routes ten distinct expressions (0.041311ms)
✔ god/7 routes ten distinct expressions (0.043694ms)
✔ god/8 routes ten distinct expressions (0.04044ms)
✔ world_tree/1 routes ten distinct expressions (0.042743ms)
✔ world_tree/2 routes ten distinct expressions (0.040831ms)
✔ world_tree/3 routes ten distinct expressions (0.046388ms)
✔ world_tree/4 routes ten distinct expressions (0.043765ms)
✔ world_tree/5 routes ten distinct expressions (0.04735ms)
✔ world_tree/6 routes ten distinct expressions (0.043054ms)
✔ world_tree/7 routes ten distinct expressions (0.048922ms)
✔ world_tree/8 routes ten distinct expressions (0.043394ms)
✔ ghost/1 routes ten distinct expressions (0.069072ms)
✔ ghost/2 routes ten distinct expressions (0.050185ms)
✔ ghost/3 routes ten distinct expressions (0.043364ms)
✔ ghost/4 routes ten distinct expressions (0.041011ms)
✔ ghost/5 routes ten distinct expressions (0.039418ms)
✔ ghost/6 routes ten distinct expressions (0.046339ms)
✔ ghost/7 routes ten distinct expressions (0.041792ms)
✔ ghost/8 routes ten distinct expressions (0.043054ms)
✔ star/1 routes ten distinct expressions (0.0407ms)
✔ star/2 routes ten distinct expressions (0.043535ms)
✔ star/3 routes ten distinct expressions (0.050505ms)
✔ star/4 routes ten distinct expressions (0.041912ms)
✔ star/5 routes ten distinct expressions (0.042784ms)
✔ star/6 routes ten distinct expressions (0.045718ms)
✔ star/7 routes ten distinct expressions (0.042934ms)
✔ star/8 routes ten distinct expressions (0.068692ms)
✔ plush/1 routes ten distinct expressions (0.044045ms)
✔ plush/2 routes ten distinct expressions (0.063865ms)
✔ plush/3 routes ten distinct expressions (0.042543ms)
✔ plush/4 routes ten distinct expressions (0.048301ms)
✔ plush/5 routes ten distinct expressions (0.042653ms)
✔ plush/6 routes ten distinct expressions (0.039879ms)
✔ plush/7 routes ten distinct expressions (0.039108ms)
✔ plush/8 routes ten distinct expressions (0.06065ms)
✔ unknown/1 routes ten distinct expressions (0.046309ms)
✔ unknown/2 routes ten distinct expressions (0.042022ms)
✔ unknown/3 routes ten distinct expressions (0.039829ms)
✔ unknown/4 routes ten distinct expressions (0.047831ms)
✔ unknown/5 routes ten distinct expressions (0.041742ms)
✔ unknown/6 routes ten distinct expressions (0.062373ms)
✔ unknown/7 routes ten distinct expressions (0.048562ms)
✔ unknown/8 routes ten distinct expressions (0.042383ms)
✔ ren/1 routes ten distinct expressions (0.043735ms)
✔ ren/2 routes ten distinct expressions (0.040641ms)
✔ ren/3 routes ten distinct expressions (0.045277ms)
✔ ren/4 routes ten distinct expressions (0.082082ms)
✔ ren/5 routes ten distinct expressions (0.045568ms)
✔ ren/6 routes ten distinct expressions (0.045147ms)
✔ ren/7 routes ten distinct expressions (0.083224ms)
✔ ren/8 routes ten distinct expressions (0.069823ms)
✔ frog and clownfish use distinct species-appropriate hunger marks (0.338672ms)
✔ salmon/1 renders a food mark with normal/unknown fallback intact (6.675617ms)
✔ salmon/2 renders a food mark with normal/unknown fallback intact (0.12188ms)
✔ salmon/3 renders a food mark with normal/unknown fallback intact (0.069583ms)
✔ salmon/4 renders a food mark with normal/unknown fallback intact (0.06046ms)
✔ salmon/5 renders a food mark with normal/unknown fallback intact (0.100679ms)
✔ salmon/6 renders a food mark with normal/unknown fallback intact (0.068782ms)
✔ salmon/7 renders a food mark with normal/unknown fallback intact (0.078957ms)
✔ salmon/8 renders a food mark with normal/unknown fallback intact (0.104975ms)
✔ hermit_crab/1 renders a food mark with normal/unknown fallback intact (0.182771ms)
✔ hermit_crab/2 renders a food mark with normal/unknown fallback intact (0.063084ms)
✔ hermit_crab/3 renders a food mark with normal/unknown fallback intact (3.194246ms)
✔ hermit_crab/4 renders a food mark with normal/unknown fallback intact (0.079598ms)
✔ hermit_crab/5 renders a food mark with normal/unknown fallback intact (0.592238ms)
✔ hermit_crab/6 renders a food mark with normal/unknown fallback intact (0.092046ms)
✔ hermit_crab/7 renders a food mark with normal/unknown fallback intact (0.086458ms)
✔ hermit_crab/8 renders a food mark with normal/unknown fallback intact (0.054ms)
✔ jellyfish/1 renders a food mark with normal/unknown fallback intact (0.149051ms)
✔ jellyfish/2 renders a food mark with normal/unknown fallback intact (0.090143ms)
✔ jellyfish/3 renders a food mark with normal/unknown fallback intact (0.089723ms)
✔ jellyfish/4 renders a food mark with normal/unknown fallback intact (0.051056ms)
✔ jellyfish/5 renders a food mark with normal/unknown fallback intact (0.069043ms)
✔ jellyfish/6 renders a food mark with normal/unknown fallback intact (0.058067ms)
✔ jellyfish/7 renders a food mark with normal/unknown fallback intact (0.050394ms)
✔ jellyfish/8 renders a food mark with normal/unknown fallback intact (0.043404ms)
✔ starfish/1 renders a food mark with normal/unknown fallback intact (0.137794ms)
✔ starfish/2 renders a food mark with normal/unknown fallback intact (0.051867ms)
✔ starfish/3 renders a food mark with normal/unknown fallback intact (0.041952ms)
✔ starfish/4 renders a food mark with normal/unknown fallback intact (0.039168ms)
✔ starfish/5 renders a food mark with normal/unknown fallback intact (0.340014ms)
✔ starfish/6 renders a food mark with normal/unknown fallback intact (0.089012ms)
✔ starfish/7 renders a food mark with normal/unknown fallback intact (0.053349ms)
✔ starfish/8 renders a food mark with normal/unknown fallback intact (0.041652ms)
✔ coral/1 renders a food mark with normal/unknown fallback intact (0.143123ms)
✔ coral/2 renders a food mark with normal/unknown fallback intact (0.144104ms)
✔ coral/3 renders a food mark with normal/unknown fallback intact (0.054871ms)
✔ coral/4 renders a food mark with normal/unknown fallback intact (0.138646ms)
✔ coral/5 renders a food mark with normal/unknown fallback intact (0.15447ms)
✔ coral/6 renders a food mark with normal/unknown fallback intact (0.069974ms)
✔ coral/7 renders a food mark with normal/unknown fallback intact (0.075222ms)
✔ coral/8 renders a food mark with normal/unknown fallback intact (0.06044ms)
✔ butterfly/1 renders a food mark with normal/unknown fallback intact (0.127509ms)
✔ butterfly/2 renders a food mark with normal/unknown fallback intact (0.049563ms)
✔ butterfly/3 renders a food mark with normal/unknown fallback intact (0.043224ms)
✔ butterfly/4 renders a food mark with normal/unknown fallback intact (3.15731ms)
✔ butterfly/5 renders a food mark with normal/unknown fallback intact (0.106077ms)
✔ butterfly/6 renders a food mark with normal/unknown fallback intact (0.084646ms)
✔ butterfly/7 renders a food mark with normal/unknown fallback intact (0.054781ms)
✔ butterfly/8 renders a food mark with normal/unknown fallback intact (0.041712ms)
✔ beetle/1 renders a food mark with normal/unknown fallback intact (0.119177ms)
✔ beetle/2 renders a food mark with normal/unknown fallback intact (0.048462ms)
✔ beetle/3 renders a food mark with normal/unknown fallback intact (0.044065ms)
✔ beetle/4 renders a food mark with normal/unknown fallback intact (0.292744ms)
✔ beetle/5 renders a food mark with normal/unknown fallback intact (0.051797ms)
✔ beetle/6 renders a food mark with normal/unknown fallback intact (0.041912ms)
✔ beetle/7 renders a food mark with normal/unknown fallback intact (0.161239ms)
✔ beetle/8 renders a food mark with normal/unknown fallback intact (0.073389ms)
✔ stagbeetle/1 renders a food mark with normal/unknown fallback intact (4.130334ms)
✔ stagbeetle/2 renders a food mark with normal/unknown fallback intact (0.055683ms)
✔ stagbeetle/3 renders a food mark with normal/unknown fallback intact (0.039929ms)
✔ stagbeetle/4 renders a food mark with normal/unknown fallback intact (0.035793ms)
✔ stagbeetle/5 renders a food mark with normal/unknown fallback intact (0.042453ms)
✔ stagbeetle/6 renders a food mark with normal/unknown fallback intact (0.037846ms)
✔ stagbeetle/7 renders a food mark with normal/unknown fallback intact (0.035833ms)
✔ stagbeetle/8 renders a food mark with normal/unknown fallback intact (0.273215ms)
✔ cicada/1 renders a food mark with normal/unknown fallback intact (3.280604ms)
✔ cicada/2 renders a food mark with normal/unknown fallback intact (0.055212ms)
✔ cicada/3 renders a food mark with normal/unknown fallback intact (0.041171ms)
✔ cicada/4 renders a food mark with normal/unknown fallback intact (0.038067ms)
✔ cicada/5 renders a food mark with normal/unknown fallback intact (0.04715ms)
✔ cicada/6 renders a food mark with normal/unknown fallback intact (0.04027ms)
✔ cicada/7 renders a food mark with normal/unknown fallback intact (0.036815ms)
✔ cicada/8 renders a food mark with normal/unknown fallback intact (0.033009ms)
✔ venus_flytrap uses the shared yellow insect hunger mark (0.08824ms)
✔ unknown/1 exposes face-relative sickness drops and the shared hunger mark (0.158556ms)
✔ unknown/2 exposes face-relative sickness drops and the shared hunger mark (0.055783ms)
✔ unknown/3 exposes face-relative sickness drops and the shared hunger mark (0.042593ms)
✔ unknown/4 exposes face-relative sickness drops and the shared hunger mark (0.043053ms)
✔ unknown/5 exposes face-relative sickness drops and the shared hunger mark (0.109413ms)
✔ unknown/6 exposes face-relative sickness drops and the shared hunger mark (0.063504ms)
✔ unknown/7 exposes face-relative sickness drops and the shared hunger mark (0.044156ms)
✔ unknown/8 exposes face-relative sickness drops and the shared hunger mark (0.039158ms)
✔ ren/1 uses the shared age-appropriate human hunger artwork (0.167418ms)
✔ ren/2 uses the shared age-appropriate human hunger artwork (0.04057ms)
✔ ren/3 uses the shared age-appropriate human hunger artwork (0.030075ms)
✔ ren/4 uses the shared age-appropriate human hunger artwork (0.02671ms)
✔ ren/5 uses the shared age-appropriate human hunger artwork (0.031537ms)
✔ ren/6 uses the shared age-appropriate human hunger artwork (0.027761ms)
✔ ren/7 uses the shared age-appropriate human hunger artwork (0.025217ms)
✔ ren/8 uses the shared age-appropriate human hunger artwork (0.024466ms)
✔ ren/1 exposes face-relative sickness drops (0.079588ms)
✔ ren/2 exposes face-relative sickness drops (0.025648ms)
✔ ren/3 exposes face-relative sickness drops (0.021372ms)
✔ ren/4 exposes face-relative sickness drops (0.029614ms)
✔ ren/5 exposes face-relative sickness drops (0.024156ms)
✔ ren/6 exposes face-relative sickness drops (0.020371ms)
✔ ren/7 exposes face-relative sickness drops (0.019589ms)
✔ ren/8 exposes face-relative sickness drops (0.04709ms)
✔ the selected expression mark paints above illness sweat and character art (0.999101ms)
[naotocchi] storage Error: localStorage quota exceeded
    at noteStorageWarning (evalmachine.<anonymous>:23789:24)
    at Object.saveState (evalmachine.<anonymous>:23837:9)
    at TestContext.<anonymous> (/workspace/scratch/1f1446e31ed3/integration-repo/tests/save-recovery-test.cjs:52:9)
    at Test.runInAsyncScope (node:async_hooks:227:14)
    at Test.run (node:internal/test_runner/test:1382:25)
    at Test.processPendingSubtests (node:internal/test_runner/test:960:18)
    at Test.postRun (node:internal/test_runner/test:1522:19)
    at Test.run (node:internal/test_runner/test:1447:12)
    at async Test.processPendingSubtests (node:internal/test_runner/test:960:7)
[naotocchi] storage Error: localStorage quota exceeded
    at noteStorageWarning (evalmachine.<anonymous>:23789:24)
    at Object.saveState (evalmachine.<anonymous>:23837:9)
    at TestContext.<anonymous> (/workspace/scratch/1f1446e31ed3/integration-repo/tests/save-recovery-test.cjs:63:9)
    at Test.runInAsyncScope (node:async_hooks:227:14)
    at Test.run (node:internal/test_runner/test:1382:25)
    at Test.processPendingSubtests (node:internal/test_runner/test:960:18)
    at Test.postRun (node:internal/test_runner/test:1522:19)
    at Test.run (node:internal/test_runner/test:1447:12)
    at async Test.processPendingSubtests (node:internal/test_runner/test:960:7)
[naotocchi] storage Error: localStorage quota exceeded
    at noteStorageWarning (evalmachine.<anonymous>:23789:24)
    at saveState (evalmachine.<anonymous>:23837:9)
    at Object.fn (evalmachine.<anonymous>:39193:7)
    at dispatch (/workspace/scratch/1f1446e31ed3/integration-repo/tests/helpers/runtime-harness.cjs:196:75)
    at Object.dispatch (/workspace/scratch/1f1446e31ed3/integration-repo/tests/helpers/runtime-harness.cjs:325:97)
    at TestContext.<anonymous> (/workspace/scratch/1f1446e31ed3/integration-repo/tests/save-recovery-test.cjs:240:5)
    at Test.runInAsyncScope (node:async_hooks:227:14)
    at Test.run (node:internal/test_runner/test:1382:25)
    at Test.processPendingSubtests (node:internal/test_runner/test:960:18)
    at Test.postRun (node:internal/test_runner/test:1522:19)
[naotocchi] storage Error: localStorage quota exceeded
    at noteStorageWarning (evalmachine.<anonymous>:23789:24)
    at Object.saveState (evalmachine.<anonymous>:23837:9)
    at TestContext.<anonymous> (/workspace/scratch/1f1446e31ed3/integration-repo/tests/save-recovery-test.cjs:282:9)
    at Test.runInAsyncScope (node:async_hooks:227:14)
    at Test.run (node:internal/test_runner/test:1382:25)
    at Test.processPendingSubtests (node:internal/test_runner/test:960:18)
    at Test.postRun (node:internal/test_runner/test:1522:19)
    at Test.run (node:internal/test_runner/test:1447:12)
    at async Test.processPendingSubtests (node:internal/test_runner/test:960:7)
✔ backup write failure does not stop a writable primary save (223.556387ms)
✔ failed primary migration cannot replace a working backup (53.140038ms)
✔ a failed save after recovery leaves a usable backup for the next reload (92.514376ms)
✔ backup advances to the latest successful save and survives the next write failure (62.22625ms)
✔ a missing primary resumes the backup instead of creating a new life (55.385538ms)
✔ backup recovery applies legacy migrations once and preserves old characters (44.667306ms)
✔ invalid top-level payloads fall back without replacing the backup (161.370101ms)
✔ confirmed full reset cannot later resurrect the removed life from backup (56.111594ms)
✔ unrecoverable saves remain intact through hidden, unload and repeated saves until explicit reset (108.533668ms)
✔ unreadable storage still permits boot and gameplay without throwing (17.739772ms)
✔ import retains a newer primary saved by another tab before replacement (118.206529ms)
✔ import failure cannot poison a recovered backup with the broken primary (87.981196ms)
✔ import stops before replacing a save if its safety snapshot cannot be written (52.254585ms)
✔ import retains the prior life across replacement, reload and undo, including duplicate snapshots (73.176716ms)
✔ restore retains a newer primary saved by another tab before replacement (206.209132ms)
✔ restore failure cannot poison a recovered backup with the broken primary (131.1297ms)
✔ restore stops before replacing a save if its safety snapshot cannot be written (83.983469ms)
✔ restore retains the prior life across replacement, reload and undo, including duplicate snapshots (114.491812ms)
✔ export uses the recoverable save when a broken primary cannot be repaired (26.247095ms)
✔ explicit import can recover unreadable saves while retaining both originals for inspection (66.5901ms)
✔ import from backup recovery with no primary retains the former life after reload (53.152526ms)
✔ a full storage drops the automatic snapshots and still writes the primary save (40.543652ms)
✔ a permanently full storage warns instead of failing silently (24.680753ms)
✔ retired companions migrate once with the strongest bond and collection intact (85.041007ms)
ℹ tests 1306
ℹ suites 0
ℹ pass 1306
ℹ fail 0
ℹ cancelled 0
ℹ skipped 0
ℹ todo 0
ℹ duration_ms 58955.761276
