TAP version 13
# Subtest: approved hunger profile covers exactly 31 playable growth lines and all 248 stages
ok 1 - approved hunger profile covers exactly 31 playable growth lines and all 248 stages
  ---
  duration_ms: 1.29425
  type: 'test'
  ...
# Subtest: hunger category resolver does not silently fallback for unsupported or malformed assets
ok 2 - hunger category resolver does not silently fallback for unsupported or malformed assets
  ---
  duration_ms: 0.177454
  type: 'test'
  ...
# Subtest: all 248 hungry displays use the approved food artwork, including life-stage overrides
ok 3 - all 248 hungry displays use the approved food artwork, including life-stage overrides
  ---
  duration_ms: 8.073166
  type: 'test'
  ...
# Subtest: mushroom07 hunger bubble separates from spores without moving other state marks
ok 4 - mushroom07 hunger bubble separates from spores without moving other state marks
  ---
  duration_ms: 0.385202
  type: 'test'
  ...
# Subtest: a fresh save is schemaVersion 5 and survives a save/load round trip unchanged
ok 5 - a fresh save is schemaVersion 5 and survives a save/load round trip unchanged
  ---
  duration_ms: 161.556405
  type: 'test'
  ...
# Subtest: a schemaVersion 3 save keeps its displayed age (18 -> 20 ticks per year)
ok 6 - a schemaVersion 3 save keeps its displayed age (18 -> 20 ticks per year)
  ---
  duration_ms: 45.452808
  type: 'test'
  ...
# Subtest: a pre-schema save converts the old age scale, stage names, and freePlay
ok 7 - a pre-schema save converts the old age scale, stage names, and freePlay
  ---
  duration_ms: 36.654541
  type: 'test'
  ...
# Subtest: schemaVersion 5 heals wrong shapes without touching valid values
ok 8 - schemaVersion 5 heals wrong shapes without touching valid values
  ---
  duration_ms: 39.553492
  type: 'test'
  ...
# Subtest: normalizeStateShape is idempotent on a fresh state
ok 9 - normalizeStateShape is idempotent on a fresh state
  ---
  duration_ms: 16.775116
  type: 'test'
  ...
# Subtest: the infinite-world return snapshot is normalized with the save
ok 10 - the infinite-world return snapshot is normalized with the save
  ---
  duration_ms: 33.474438
  type: 'test'
  ...
# Subtest: the original adult cat stays byte-identical to the approved master
ok 11 - the original adult cat stays byte-identical to the approved master
  ---
  duration_ms: 15.947958
  type: 'test'
  ...
# Subtest: all ten expression assets are distinct approved transparent RGBA PNGs on the original bounds
ok 12 - all ten expression assets are distinct approved transparent RGBA PNGs on the original bounds
  ---
  duration_ms: 43.525158
  type: 'test'
  ...
# Subtest: every runtime-allowlisted adult-cat expression path exists
ok 13 - every runtime-allowlisted adult-cat expression path exists
  ---
  duration_ms: 0.510758
  type: 'test'
  ...
# Subtest: kitten expression assets retain the original small stage bounds and transparent canvas
ok 14 - kitten expression assets retain the original small stage bounds and transparent canvas
  ---
  duration_ms: 14.476687
  type: 'test'
  ...
# Subtest: otemba expression assets retain the original small stage bounds and transparent canvas
ok 15 - otemba expression assets retain the original small stage bounds and transparent canvas
  ---
  duration_ms: 12.440755
  type: 'test'
  ...
# Subtest: young expression assets retain the original small stage bounds and transparent canvas
ok 16 - young expression assets retain the original small stage bounds and transparent canvas
  ---
  duration_ms: 10.192741
  type: 'test'
  ...
# Subtest: calm expression assets retain the original small stage bounds and transparent canvas
ok 17 - calm expression assets retain the original small stage bounds and transparent canvas
  ---
  duration_ms: 11.134838
  type: 'test'
  ...
# Subtest: elder expression assets retain the original small stage bounds and transparent canvas
ok 18 - elder expression assets retain the original small stage bounds and transparent canvas
  ---
  duration_ms: 23.5494
  type: 'test'
  ...
# Subtest: toddler expression assets retain the original small stage bounds and transparent canvas
ok 19 - toddler expression assets retain the original small stage bounds and transparent canvas
  ---
  duration_ms: 12.728202
  type: 'test'
  ...
# Subtest: baby expression assets retain the original small stage bounds and transparent canvas
ok 20 - baby expression assets retain the original small stage bounds and transparent canvas
  ---
  duration_ms: 15.764496
  type: 'test'
  ...
# Subtest: adult dog expressions are distinct transparent assets with original sprite bounds
ok 21 - adult dog expressions are distinct transparent assets with original sprite bounds
  ---
  duration_ms: 12.410631
  type: 'test'
  ...
# Subtest: puppy expressions are distinct transparent assets with original sprite bounds
ok 22 - puppy expressions are distinct transparent assets with original sprite bounds
  ---
  duration_ms: 14.678676
  type: 'test'
  ...
# Subtest: wanpaku expressions are distinct transparent assets with original sprite bounds
ok 23 - wanpaku expressions are distinct transparent assets with original sprite bounds
  ---
  duration_ms: 11.441113
  type: 'test'
  ...
# Subtest: young dog expressions are distinct transparent assets with original sprite bounds
ok 24 - young dog expressions are distinct transparent assets with original sprite bounds
  ---
  duration_ms: 8.919842
  type: 'test'
  ...
# Subtest: calm dog expressions are distinct transparent assets with original sprite bounds
ok 25 - calm dog expressions are distinct transparent assets with original sprite bounds
  ---
  duration_ms: 20.590095
  type: 'test'
  ...
# Subtest: baby dog expressions are distinct transparent assets with original sprite bounds
ok 26 - baby dog expressions are distinct transparent assets with original sprite bounds
  ---
  duration_ms: 14.746666
  type: 'test'
  ...
# Subtest: toddler dog expressions are distinct transparent assets with original sprite bounds
ok 27 - toddler dog expressions are distinct transparent assets with original sprite bounds
  ---
  duration_ms: 10.111931
  type: 'test'
  ...
# Subtest: elder dog expressions are distinct transparent assets with original sprite bounds
ok 28 - elder dog expressions are distinct transparent assets with original sprite bounds
  ---
  duration_ms: 12.237724
  type: 'test'
  ...
# Subtest: starfish/01 master is the exact approved candidate; normal routing uses it
ok 29 - starfish/01 master is the exact approved candidate; normal routing uses it
  ---
  duration_ms: 1.605833
  type: 'test'
  ...
# Subtest: starfish/02 master is the exact approved candidate; normal routing uses it
ok 30 - starfish/02 master is the exact approved candidate; normal routing uses it
  ---
  duration_ms: 1.565833
  type: 'test'
  ...
# Subtest: starfish/03 master is the exact approved candidate; normal routing uses it
ok 31 - starfish/03 master is the exact approved candidate; normal routing uses it
  ---
  duration_ms: 1.649687
  type: 'test'
  ...
# Subtest: man/01 has ten distinct transparent expressions with original bounds
ok 32 - man/01 has ten distinct transparent expressions with original bounds
  ---
  duration_ms: 24.651911
  type: 'test'
  ...
# Subtest: man/02 has ten distinct transparent expressions with original bounds
ok 33 - man/02 has ten distinct transparent expressions with original bounds
  ---
  duration_ms: 8.534786
  type: 'test'
  ...
# Subtest: man/03 has ten distinct transparent expressions with original bounds
ok 34 - man/03 has ten distinct transparent expressions with original bounds
  ---
  duration_ms: 10.447879
  type: 'test'
  ...
# Subtest: man/04 has ten distinct transparent expressions with original bounds
ok 35 - man/04 has ten distinct transparent expressions with original bounds
  ---
  duration_ms: 9.960787
  type: 'test'
  ...
# Subtest: man/05 has ten distinct transparent expressions with original bounds
ok 36 - man/05 has ten distinct transparent expressions with original bounds
  ---
  duration_ms: 9.498621
  type: 'test'
  ...
# Subtest: man/06 has ten distinct transparent expressions with original bounds
ok 37 - man/06 has ten distinct transparent expressions with original bounds
  ---
  duration_ms: 7.797437
  type: 'test'
  ...
# Subtest: man/07 has ten distinct transparent expressions with original bounds
ok 38 - man/07 has ten distinct transparent expressions with original bounds
  ---
  duration_ms: 6.914788
  type: 'test'
  ...
# Subtest: man/08 has ten distinct transparent expressions with original bounds
ok 39 - man/08 has ten distinct transparent expressions with original bounds
  ---
  duration_ms: 7.217477
  type: 'test'
  ...
# Subtest: woman/01 has ten distinct transparent expressions with original bounds
ok 40 - woman/01 has ten distinct transparent expressions with original bounds
  ---
  duration_ms: 6.958844
  type: 'test'
  ...
# Subtest: woman/02 has ten distinct transparent expressions with original bounds
ok 41 - woman/02 has ten distinct transparent expressions with original bounds
  ---
  duration_ms: 8.147768
  type: 'test'
  ...
# Subtest: woman/03 has ten distinct transparent expressions with original bounds
ok 42 - woman/03 has ten distinct transparent expressions with original bounds
  ---
  duration_ms: 7.436512
  type: 'test'
  ...
# Subtest: woman/04 has ten distinct transparent expressions with original bounds
ok 43 - woman/04 has ten distinct transparent expressions with original bounds
  ---
  duration_ms: 8.158904
  type: 'test'
  ...
# Subtest: woman/05 has ten distinct transparent expressions with original bounds
ok 44 - woman/05 has ten distinct transparent expressions with original bounds
  ---
  duration_ms: 12.641084
  type: 'test'
  ...
# Subtest: woman/06 has ten distinct transparent expressions with original bounds
ok 45 - woman/06 has ten distinct transparent expressions with original bounds
  ---
  duration_ms: 12.175421
  type: 'test'
  ...
# Subtest: woman/07 has ten distinct transparent expressions with original bounds
ok 46 - woman/07 has ten distinct transparent expressions with original bounds
  ---
  duration_ms: 12.365063
  type: 'test'
  ...
# Subtest: woman/08 has ten distinct transparent expressions with original bounds
ok 47 - woman/08 has ten distinct transparent expressions with original bounds
  ---
  duration_ms: 8.706716
  type: 'test'
  ...
# Subtest: penguin/01 has ten distinct transparent expressions with original bounds
ok 48 - penguin/01 has ten distinct transparent expressions with original bounds
  ---
  duration_ms: 9.876722
  type: 'test'
  ...
# Subtest: penguin/02 has ten distinct transparent expressions with original bounds
ok 49 - penguin/02 has ten distinct transparent expressions with original bounds
  ---
  duration_ms: 8.358219
  type: 'test'
  ...
# Subtest: penguin/03 has ten distinct transparent expressions with original bounds
ok 50 - penguin/03 has ten distinct transparent expressions with original bounds
  ---
  duration_ms: 8.31209
  type: 'test'
  ...
# Subtest: penguin/04 has ten distinct transparent expressions with original bounds
ok 51 - penguin/04 has ten distinct transparent expressions with original bounds
  ---
  duration_ms: 8.340103
  type: 'test'
  ...
# Subtest: penguin/05 has ten distinct transparent expressions with original bounds
ok 52 - penguin/05 has ten distinct transparent expressions with original bounds
  ---
  duration_ms: 7.387584
  type: 'test'
  ...
# Subtest: penguin/06 has ten distinct transparent expressions with original bounds
ok 53 - penguin/06 has ten distinct transparent expressions with original bounds
  ---
  duration_ms: 6.327506
  type: 'test'
  ...
# Subtest: penguin/07 has ten distinct transparent expressions with original bounds
ok 54 - penguin/07 has ten distinct transparent expressions with original bounds
  ---
  duration_ms: 5.890819
  type: 'test'
  ...
# Subtest: penguin/08 has ten distinct transparent expressions with original bounds
ok 55 - penguin/08 has ten distinct transparent expressions with original bounds
  ---
  duration_ms: 6.096134
  type: 'test'
  ...
# Subtest: turtle/01 has ten distinct transparent expressions with original bounds
ok 56 - turtle/01 has ten distinct transparent expressions with original bounds
  ---
  duration_ms: 5.336401
  type: 'test'
  ...
# Subtest: turtle/02 has ten distinct transparent expressions with original bounds
ok 57 - turtle/02 has ten distinct transparent expressions with original bounds
  ---
  duration_ms: 8.238812
  type: 'test'
  ...
# Subtest: turtle/03 has ten distinct transparent expressions with original bounds
ok 58 - turtle/03 has ten distinct transparent expressions with original bounds
  ---
  duration_ms: 6.69375
  type: 'test'
  ...
# Subtest: turtle/04 has ten distinct transparent expressions with original bounds
ok 59 - turtle/04 has ten distinct transparent expressions with original bounds
  ---
  duration_ms: 6.395227
  type: 'test'
  ...
# Subtest: turtle/05 has ten distinct transparent expressions with original bounds
ok 60 - turtle/05 has ten distinct transparent expressions with original bounds
  ---
  duration_ms: 8.490665
  type: 'test'
  ...
# Subtest: turtle/06 has ten distinct transparent expressions with original bounds
ok 61 - turtle/06 has ten distinct transparent expressions with original bounds
  ---
  duration_ms: 6.287127
  type: 'test'
  ...
# Subtest: turtle/07 has ten distinct transparent expressions with original bounds
ok 62 - turtle/07 has ten distinct transparent expressions with original bounds
  ---
  duration_ms: 10.735045
  type: 'test'
  ...
# Subtest: turtle/08 has ten distinct transparent expressions with original bounds
ok 63 - turtle/08 has ten distinct transparent expressions with original bounds
  ---
  duration_ms: 6.968497
  type: 'test'
  ...
# Subtest: frog/01 has ten distinct transparent expressions with original bounds
ok 64 - frog/01 has ten distinct transparent expressions with original bounds
  ---
  duration_ms: 5.38605
  type: 'test'
  ...
# Subtest: frog/02 has ten distinct transparent expressions with original bounds
ok 65 - frog/02 has ten distinct transparent expressions with original bounds
  ---
  duration_ms: 8.325782
  type: 'test'
  ...
# Subtest: frog/03 has ten distinct transparent expressions with original bounds
ok 66 - frog/03 has ten distinct transparent expressions with original bounds
  ---
  duration_ms: 13.671231
  type: 'test'
  ...
# Subtest: frog/04 has ten distinct transparent expressions with original bounds
ok 67 - frog/04 has ten distinct transparent expressions with original bounds
  ---
  duration_ms: 5.147066
  type: 'test'
  ...
# Subtest: frog/05 has ten distinct transparent expressions with original bounds
ok 68 - frog/05 has ten distinct transparent expressions with original bounds
  ---
  duration_ms: 5.346102
  type: 'test'
  ...
# Subtest: frog/06 has ten distinct transparent expressions with original bounds
ok 69 - frog/06 has ten distinct transparent expressions with original bounds
  ---
  duration_ms: 6.756844
  type: 'test'
  ...
# Subtest: frog/07 has ten distinct transparent expressions with original bounds
ok 70 - frog/07 has ten distinct transparent expressions with original bounds
  ---
  duration_ms: 10.346809
  type: 'test'
  ...
# Subtest: frog/08 has ten distinct transparent expressions with original bounds
ok 71 - frog/08 has ten distinct transparent expressions with original bounds
  ---
  duration_ms: 7.281653
  type: 'test'
  ...
# Subtest: clownfish/01 has ten distinct transparent expressions with original bounds
ok 72 - clownfish/01 has ten distinct transparent expressions with original bounds
  ---
  duration_ms: 5.329967
  type: 'test'
  ...
# Subtest: clownfish/02 has ten distinct transparent expressions with original bounds
ok 73 - clownfish/02 has ten distinct transparent expressions with original bounds
  ---
  duration_ms: 4.707754
  type: 'test'
  ...
# Subtest: clownfish/03 has ten distinct transparent expressions with original bounds
ok 74 - clownfish/03 has ten distinct transparent expressions with original bounds
  ---
  duration_ms: 7.348311
  type: 'test'
  ...
# Subtest: clownfish/04 has ten distinct transparent expressions with original bounds
ok 75 - clownfish/04 has ten distinct transparent expressions with original bounds
  ---
  duration_ms: 9.129204
  type: 'test'
  ...
# Subtest: clownfish/05 has ten distinct transparent expressions with original bounds
ok 76 - clownfish/05 has ten distinct transparent expressions with original bounds
  ---
  duration_ms: 6.66642
  type: 'test'
  ...
# Subtest: clownfish/06 has ten distinct transparent expressions with original bounds
ok 77 - clownfish/06 has ten distinct transparent expressions with original bounds
  ---
  duration_ms: 6.063595
  type: 'test'
  ...
# Subtest: clownfish/07 has ten distinct transparent expressions with original bounds
ok 78 - clownfish/07 has ten distinct transparent expressions with original bounds
  ---
  duration_ms: 6.030987
  type: 'test'
  ...
# Subtest: clownfish/08 has ten distinct transparent expressions with original bounds
ok 79 - clownfish/08 has ten distinct transparent expressions with original bounds
  ---
  duration_ms: 5.831571
  type: 'test'
  ...
# Subtest: salmon/01 has ten distinct transparent expressions with original bounds
ok 80 - salmon/01 has ten distinct transparent expressions with original bounds
  ---
  duration_ms: 5.265782
  type: 'test'
  ...
# Subtest: salmon/02 has ten distinct transparent expressions with original bounds
ok 81 - salmon/02 has ten distinct transparent expressions with original bounds
  ---
  duration_ms: 7.278858
  type: 'test'
  ...
# Subtest: salmon/03 has ten distinct transparent expressions with original bounds
ok 82 - salmon/03 has ten distinct transparent expressions with original bounds
  ---
  duration_ms: 5.70283
  type: 'test'
  ...
# Subtest: salmon/04 has ten distinct transparent expressions with original bounds
ok 83 - salmon/04 has ten distinct transparent expressions with original bounds
  ---
  duration_ms: 5.04839
  type: 'test'
  ...
# Subtest: salmon/05 has ten distinct transparent expressions with original bounds
ok 84 - salmon/05 has ten distinct transparent expressions with original bounds
  ---
  duration_ms: 5.813264
  type: 'test'
  ...
# Subtest: salmon/06 has ten distinct transparent expressions with original bounds
ok 85 - salmon/06 has ten distinct transparent expressions with original bounds
  ---
  duration_ms: 5.804015
  type: 'test'
  ...
# Subtest: salmon/07 has ten distinct transparent expressions with original bounds
ok 86 - salmon/07 has ten distinct transparent expressions with original bounds
  ---
  duration_ms: 17.298672
  type: 'test'
  ...
# Subtest: salmon/08 has ten distinct transparent expressions with original bounds
ok 87 - salmon/08 has ten distinct transparent expressions with original bounds
  ---
  duration_ms: 5.250148
  type: 'test'
  ...
# Subtest: hermit_crab/01 has ten distinct transparent expressions with original bounds
ok 88 - hermit_crab/01 has ten distinct transparent expressions with original bounds
  ---
  duration_ms: 4.869494
  type: 'test'
  ...
# Subtest: hermit_crab/02 has ten distinct transparent expressions with original bounds
ok 89 - hermit_crab/02 has ten distinct transparent expressions with original bounds
  ---
  duration_ms: 5.944554
  type: 'test'
  ...
# Subtest: hermit_crab/03 has ten distinct transparent expressions with original bounds
ok 90 - hermit_crab/03 has ten distinct transparent expressions with original bounds
  ---
  duration_ms: 5.979581
  type: 'test'
  ...
# Subtest: hermit_crab/04 has ten distinct transparent expressions with original bounds
ok 91 - hermit_crab/04 has ten distinct transparent expressions with original bounds
  ---
  duration_ms: 5.946121
  type: 'test'
  ...
# Subtest: hermit_crab/05 has ten distinct transparent expressions with original bounds
ok 92 - hermit_crab/05 has ten distinct transparent expressions with original bounds
  ---
  duration_ms: 7.770948
  type: 'test'
  ...
# Subtest: hermit_crab/06 has ten distinct transparent expressions with original bounds
ok 93 - hermit_crab/06 has ten distinct transparent expressions with original bounds
  ---
  duration_ms: 14.452911
  type: 'test'
  ...
# Subtest: hermit_crab/07 has ten distinct transparent expressions with original bounds
ok 94 - hermit_crab/07 has ten distinct transparent expressions with original bounds
  ---
  duration_ms: 7.129166
  type: 'test'
  ...
# Subtest: hermit_crab/08 has ten distinct transparent expressions with original bounds
ok 95 - hermit_crab/08 has ten distinct transparent expressions with original bounds
  ---
  duration_ms: 6.669454
  type: 'test'
  ...
# Subtest: jellyfish/01 has ten distinct transparent expressions with original bounds
ok 96 - jellyfish/01 has ten distinct transparent expressions with original bounds
  ---
  duration_ms: 7.015107
  type: 'test'
  ...
# Subtest: jellyfish/02 has ten distinct transparent expressions with original bounds
ok 97 - jellyfish/02 has ten distinct transparent expressions with original bounds
  ---
  duration_ms: 6.440474
  type: 'test'
  ...
# Subtest: jellyfish/03 has ten distinct transparent expressions with original bounds
ok 98 - jellyfish/03 has ten distinct transparent expressions with original bounds
  ---
  duration_ms: 8.558476
  type: 'test'
  ...
# Subtest: jellyfish/04 has ten distinct transparent expressions with original bounds
ok 99 - jellyfish/04 has ten distinct transparent expressions with original bounds
  ---
  duration_ms: 6.636746
  type: 'test'
  ...
# Subtest: jellyfish/05 has ten distinct transparent expressions with original bounds
ok 100 - jellyfish/05 has ten distinct transparent expressions with original bounds
  ---
  duration_ms: 13.447719
  type: 'test'
  ...
# Subtest: jellyfish/06 has ten distinct transparent expressions with original bounds
ok 101 - jellyfish/06 has ten distinct transparent expressions with original bounds
  ---
  duration_ms: 6.07367
  type: 'test'
  ...
# Subtest: jellyfish/07 has ten distinct transparent expressions with original bounds
ok 102 - jellyfish/07 has ten distinct transparent expressions with original bounds
  ---
  duration_ms: 5.963658
  type: 'test'
  ...
# Subtest: jellyfish/08 has ten distinct transparent expressions with original bounds
ok 103 - jellyfish/08 has ten distinct transparent expressions with original bounds
  ---
  duration_ms: 7.361781
  type: 'test'
  ...
# Subtest: starfish/01 has ten distinct transparent expressions with projected approved master bounds
ok 104 - starfish/01 has ten distinct transparent expressions with projected approved master bounds
  ---
  duration_ms: 13.796837
  type: 'test'
  ...
# Subtest: starfish/02 has ten distinct transparent expressions with projected approved master bounds
ok 105 - starfish/02 has ten distinct transparent expressions with projected approved master bounds
  ---
  duration_ms: 15.211906
  type: 'test'
  ...
# Subtest: starfish/03 has ten distinct transparent expressions with projected approved master bounds
ok 106 - starfish/03 has ten distinct transparent expressions with projected approved master bounds
  ---
  duration_ms: 10.34785
  type: 'test'
  ...
# Subtest: starfish/04 has ten distinct transparent expressions with original bounds
ok 107 - starfish/04 has ten distinct transparent expressions with original bounds
  ---
  duration_ms: 9.154831
  type: 'test'
  ...
# Subtest: starfish/05 has ten distinct transparent expressions with original bounds
ok 108 - starfish/05 has ten distinct transparent expressions with original bounds
  ---
  duration_ms: 8.864951
  type: 'test'
  ...
# Subtest: starfish/06 has ten distinct transparent expressions with original bounds
ok 109 - starfish/06 has ten distinct transparent expressions with original bounds
  ---
  duration_ms: 8.893684
  type: 'test'
  ...
# Subtest: starfish/07 has ten distinct transparent expressions with original bounds
ok 110 - starfish/07 has ten distinct transparent expressions with original bounds
  ---
  duration_ms: 8.609652
  type: 'test'
  ...
# Subtest: starfish/08 has ten distinct transparent expressions with original bounds
ok 111 - starfish/08 has ten distinct transparent expressions with original bounds
  ---
  duration_ms: 10.756357
  type: 'test'
  ...
# Subtest: coral/01 has ten distinct transparent expressions with original bounds
ok 112 - coral/01 has ten distinct transparent expressions with original bounds
  ---
  duration_ms: 11.747667
  type: 'test'
  ...
# Subtest: coral/02 has ten distinct transparent expressions with original bounds
ok 113 - coral/02 has ten distinct transparent expressions with original bounds
  ---
  duration_ms: 8.666647
  type: 'test'
  ...
# Subtest: coral/03 has ten distinct transparent expressions with original bounds
ok 114 - coral/03 has ten distinct transparent expressions with original bounds
  ---
  duration_ms: 5.818552
  type: 'test'
  ...
# Subtest: coral/04 has ten distinct transparent expressions with original bounds
ok 115 - coral/04 has ten distinct transparent expressions with original bounds
  ---
  duration_ms: 6.612024
  type: 'test'
  ...
# Subtest: coral/05 has ten distinct transparent expressions with original bounds
ok 116 - coral/05 has ten distinct transparent expressions with original bounds
  ---
  duration_ms: 7.15888
  type: 'test'
  ...
# Subtest: coral/06 has ten distinct transparent expressions with original bounds
ok 117 - coral/06 has ten distinct transparent expressions with original bounds
  ---
  duration_ms: 6.96335
  type: 'test'
  ...
# Subtest: coral/07 has ten distinct transparent expressions with original bounds
ok 118 - coral/07 has ten distinct transparent expressions with original bounds
  ---
  duration_ms: 7.564132
  type: 'test'
  ...
# Subtest: coral/08 has ten distinct transparent expressions with original bounds
ok 119 - coral/08 has ten distinct transparent expressions with original bounds
  ---
  duration_ms: 6.820998
  type: 'test'
  ...
# Subtest: butterfly/01 has ten distinct transparent expressions with original bounds
ok 120 - butterfly/01 has ten distinct transparent expressions with original bounds
  ---
  duration_ms: 7.975111
  type: 'test'
  ...
# Subtest: butterfly/02 has ten distinct transparent expressions with original bounds
ok 121 - butterfly/02 has ten distinct transparent expressions with original bounds
  ---
  duration_ms: 5.335951
  type: 'test'
  ...
# Subtest: butterfly/03 has ten distinct transparent expressions with original bounds
ok 122 - butterfly/03 has ten distinct transparent expressions with original bounds
  ---
  duration_ms: 5.801617
  type: 'test'
  ...
# Subtest: butterfly/04 has ten distinct transparent expressions with original bounds
ok 123 - butterfly/04 has ten distinct transparent expressions with original bounds
  ---
  duration_ms: 6.191625
  type: 'test'
  ...
# Subtest: butterfly/05 has ten distinct transparent expressions with original bounds
ok 124 - butterfly/05 has ten distinct transparent expressions with original bounds
  ---
  duration_ms: 5.917879
  type: 'test'
  ...
# Subtest: butterfly/06 has ten distinct transparent expressions with original bounds
ok 125 - butterfly/06 has ten distinct transparent expressions with original bounds
  ---
  duration_ms: 7.308451
  type: 'test'
  ...
# Subtest: butterfly/07 has ten distinct transparent expressions with original bounds
ok 126 - butterfly/07 has ten distinct transparent expressions with original bounds
  ---
  duration_ms: 8.878661
  type: 'test'
  ...
# Subtest: butterfly/08 has ten distinct transparent expressions with original bounds
ok 127 - butterfly/08 has ten distinct transparent expressions with original bounds
  ---
  duration_ms: 6.739779
  type: 'test'
  ...
# Subtest: beetle/01 has ten distinct transparent expressions with original bounds
ok 128 - beetle/01 has ten distinct transparent expressions with original bounds
  ---
  duration_ms: 5.008549
  type: 'test'
  ...
# Subtest: beetle/02 has ten distinct transparent expressions with original bounds
ok 129 - beetle/02 has ten distinct transparent expressions with original bounds
  ---
  duration_ms: 5.852472
  type: 'test'
  ...
# Subtest: beetle/03 has ten distinct transparent expressions with original bounds
ok 130 - beetle/03 has ten distinct transparent expressions with original bounds
  ---
  duration_ms: 7.668226
  type: 'test'
  ...
# Subtest: beetle/04 has ten distinct transparent expressions with original bounds
ok 131 - beetle/04 has ten distinct transparent expressions with original bounds
  ---
  duration_ms: 5.970176
  type: 'test'
  ...
# Subtest: beetle/05 has ten distinct transparent expressions with original bounds
ok 132 - beetle/05 has ten distinct transparent expressions with original bounds
  ---
  duration_ms: 6.278384
  type: 'test'
  ...
# Subtest: beetle/06 has ten distinct transparent expressions with original bounds
ok 133 - beetle/06 has ten distinct transparent expressions with original bounds
  ---
  duration_ms: 6.522476
  type: 'test'
  ...
# Subtest: beetle/07 has ten distinct transparent expressions with original bounds
ok 134 - beetle/07 has ten distinct transparent expressions with original bounds
  ---
  duration_ms: 6.477369
  type: 'test'
  ...
# Subtest: beetle/08 has ten distinct transparent expressions with original bounds
ok 135 - beetle/08 has ten distinct transparent expressions with original bounds
  ---
  duration_ms: 6.919254
  type: 'test'
  ...
# Subtest: stagbeetle/01 has ten distinct transparent expressions with original bounds
ok 136 - stagbeetle/01 has ten distinct transparent expressions with original bounds
  ---
  duration_ms: 6.003796
  type: 'test'
  ...
# Subtest: stagbeetle/02 has ten distinct transparent expressions with original bounds
ok 137 - stagbeetle/02 has ten distinct transparent expressions with original bounds
  ---
  duration_ms: 6.247338
  type: 'test'
  ...
# Subtest: stagbeetle/03 has ten distinct transparent expressions with original bounds
ok 138 - stagbeetle/03 has ten distinct transparent expressions with original bounds
  ---
  duration_ms: 6.365844
  type: 'test'
  ...
# Subtest: stagbeetle/04 has ten distinct transparent expressions with original bounds
ok 139 - stagbeetle/04 has ten distinct transparent expressions with original bounds
  ---
  duration_ms: 6.596736
  type: 'test'
  ...
# Subtest: stagbeetle/05 has ten distinct transparent expressions with original bounds
ok 140 - stagbeetle/05 has ten distinct transparent expressions with original bounds
  ---
  duration_ms: 6.53902
  type: 'test'
  ...
# Subtest: stagbeetle/06 has ten distinct transparent expressions with original bounds
ok 141 - stagbeetle/06 has ten distinct transparent expressions with original bounds
  ---
  duration_ms: 9.622676
  type: 'test'
  ...
# Subtest: stagbeetle/07 has ten distinct transparent expressions with original bounds
ok 142 - stagbeetle/07 has ten distinct transparent expressions with original bounds
  ---
  duration_ms: 5.668939
  type: 'test'
  ...
# Subtest: stagbeetle/08 has ten distinct transparent expressions with original bounds
ok 143 - stagbeetle/08 has ten distinct transparent expressions with original bounds
  ---
  duration_ms: 8.236638
  type: 'test'
  ...
# Subtest: cicada/01 has ten distinct transparent expressions with original bounds
ok 144 - cicada/01 has ten distinct transparent expressions with original bounds
  ---
  duration_ms: 6.685909
  type: 'test'
  ...
# Subtest: cicada/02 has ten distinct transparent expressions with original bounds
ok 145 - cicada/02 has ten distinct transparent expressions with original bounds
  ---
  duration_ms: 5.263188
  type: 'test'
  ...
# Subtest: cicada/03 has ten distinct transparent expressions with original bounds
ok 146 - cicada/03 has ten distinct transparent expressions with original bounds
  ---
  duration_ms: 5.515532
  type: 'test'
  ...
# Subtest: cicada/04 has ten distinct transparent expressions with original bounds
ok 147 - cicada/04 has ten distinct transparent expressions with original bounds
  ---
  duration_ms: 5.991798
  type: 'test'
  ...
# Subtest: cicada/05 has ten distinct transparent expressions with original bounds
ok 148 - cicada/05 has ten distinct transparent expressions with original bounds
  ---
  duration_ms: 5.892942
  type: 'test'
  ...
# Subtest: cicada/06 has ten distinct transparent expressions with original bounds
ok 149 - cicada/06 has ten distinct transparent expressions with original bounds
  ---
  duration_ms: 5.488993
  type: 'test'
  ...
# Subtest: cicada/07 has ten distinct transparent expressions with original bounds
ok 150 - cicada/07 has ten distinct transparent expressions with original bounds
  ---
  duration_ms: 6.716674
  type: 'test'
  ...
# Subtest: cicada/08 has ten distinct transparent expressions with original bounds
ok 151 - cicada/08 has ten distinct transparent expressions with original bounds
  ---
  duration_ms: 6.035874
  type: 'test'
  ...
# Subtest: antlion/01 has ten distinct transparent expressions with original bounds
ok 152 - antlion/01 has ten distinct transparent expressions with original bounds
  ---
  duration_ms: 4.996603
  type: 'test'
  ...
# Subtest: antlion/02 has ten distinct transparent expressions with original bounds
ok 153 - antlion/02 has ten distinct transparent expressions with original bounds
  ---
  duration_ms: 5.940723
  type: 'test'
  ...
# Subtest: antlion/03 has ten distinct transparent expressions with original bounds
ok 154 - antlion/03 has ten distinct transparent expressions with original bounds
  ---
  duration_ms: 6.1135
  type: 'test'
  ...
# Subtest: antlion/04 has ten distinct transparent expressions with original bounds
ok 155 - antlion/04 has ten distinct transparent expressions with original bounds
  ---
  duration_ms: 5.919661
  type: 'test'
  ...
# Subtest: antlion/05 has ten distinct transparent expressions with original bounds
ok 156 - antlion/05 has ten distinct transparent expressions with original bounds
  ---
  duration_ms: 5.948204
  type: 'test'
  ...
# Subtest: antlion/06 has ten distinct transparent expressions with original bounds
ok 157 - antlion/06 has ten distinct transparent expressions with original bounds
  ---
  duration_ms: 5.699175
  type: 'test'
  ...
# Subtest: antlion/07 has ten distinct transparent expressions with original bounds
ok 158 - antlion/07 has ten distinct transparent expressions with original bounds
  ---
  duration_ms: 5.465678
  type: 'test'
  ...
# Subtest: antlion/08 has ten distinct transparent expressions with original bounds
ok 159 - antlion/08 has ten distinct transparent expressions with original bounds
  ---
  duration_ms: 6.414296
  type: 'test'
  ...
# Subtest: dandelion/01 has ten distinct transparent expressions with original bounds
ok 160 - dandelion/01 has ten distinct transparent expressions with original bounds
  ---
  duration_ms: 9.448307
  type: 'test'
  ...
# Subtest: dandelion/02 has ten distinct transparent expressions with original bounds
ok 161 - dandelion/02 has ten distinct transparent expressions with original bounds
  ---
  duration_ms: 6.241139
  type: 'test'
  ...
# Subtest: dandelion/03 has ten distinct transparent expressions with original bounds
ok 162 - dandelion/03 has ten distinct transparent expressions with original bounds
  ---
  duration_ms: 5.967943
  type: 'test'
  ...
# Subtest: dandelion/04 has ten distinct transparent expressions with original bounds
ok 163 - dandelion/04 has ten distinct transparent expressions with original bounds
  ---
  duration_ms: 5.665274
  type: 'test'
  ...
# Subtest: dandelion/05 has ten distinct transparent expressions with original bounds
ok 164 - dandelion/05 has ten distinct transparent expressions with original bounds
  ---
  duration_ms: 6.149973
  type: 'test'
  ...
# Subtest: dandelion/06 has ten distinct transparent expressions with original bounds
ok 165 - dandelion/06 has ten distinct transparent expressions with original bounds
  ---
  duration_ms: 6.211745
  type: 'test'
  ...
# Subtest: dandelion/07 has ten distinct transparent expressions with original bounds
ok 166 - dandelion/07 has ten distinct transparent expressions with original bounds
  ---
  duration_ms: 9.13398
  type: 'test'
  ...
# Subtest: dandelion/08 has ten distinct transparent expressions with original bounds
ok 167 - dandelion/08 has ten distinct transparent expressions with original bounds
  ---
  duration_ms: 8.784422
  type: 'test'
  ...
# Subtest: sakura/01 has ten distinct transparent expressions with original bounds
ok 168 - sakura/01 has ten distinct transparent expressions with original bounds
  ---
  duration_ms: 8.649722
  type: 'test'
  ...
# Subtest: sakura/02 has ten distinct transparent expressions with original bounds
ok 169 - sakura/02 has ten distinct transparent expressions with original bounds
  ---
  duration_ms: 10.019694
  type: 'test'
  ...
# Subtest: sakura/03 has ten distinct transparent expressions with original bounds
ok 170 - sakura/03 has ten distinct transparent expressions with original bounds
  ---
  duration_ms: 12.758547
  type: 'test'
  ...
# Subtest: sakura/04 has ten distinct transparent expressions with original bounds
ok 171 - sakura/04 has ten distinct transparent expressions with original bounds
  ---
  duration_ms: 9.203283
  type: 'test'
  ...
# Subtest: sakura/05 has ten distinct transparent expressions with original bounds
ok 172 - sakura/05 has ten distinct transparent expressions with original bounds
  ---
  duration_ms: 8.521652
  type: 'test'
  ...
# Subtest: sakura/06 has ten distinct transparent expressions with original bounds
ok 173 - sakura/06 has ten distinct transparent expressions with original bounds
  ---
  duration_ms: 8.240324
  type: 'test'
  ...
# Subtest: sakura/07 has ten distinct transparent expressions with original bounds
ok 174 - sakura/07 has ten distinct transparent expressions with original bounds
  ---
  duration_ms: 8.225533
  type: 'test'
  ...
# Subtest: sakura/08 has ten distinct transparent expressions with original bounds
ok 175 - sakura/08 has ten distinct transparent expressions with original bounds
  ---
  duration_ms: 8.122059
  type: 'test'
  ...
# Subtest: venus_flytrap/01 has ten distinct transparent expressions with original bounds
ok 176 - venus_flytrap/01 has ten distinct transparent expressions with original bounds
  ---
  duration_ms: 11.281756
  type: 'test'
  ...
# Subtest: venus_flytrap/02 has ten distinct transparent expressions with original bounds
ok 177 - venus_flytrap/02 has ten distinct transparent expressions with original bounds
  ---
  duration_ms: 8.635746
  type: 'test'
  ...
# Subtest: venus_flytrap/03 has ten distinct transparent expressions with original bounds
ok 178 - venus_flytrap/03 has ten distinct transparent expressions with original bounds
  ---
  duration_ms: 5.460771
  type: 'test'
  ...
# Subtest: venus_flytrap/04 has ten distinct transparent expressions with original bounds
ok 179 - venus_flytrap/04 has ten distinct transparent expressions with original bounds
  ---
  duration_ms: 5.654298
  type: 'test'
  ...
# Subtest: venus_flytrap/05 has ten distinct transparent expressions with original bounds
ok 180 - venus_flytrap/05 has ten distinct transparent expressions with original bounds
  ---
  duration_ms: 5.643562
  type: 'test'
  ...
# Subtest: venus_flytrap/06 has ten distinct transparent expressions with original bounds
ok 181 - venus_flytrap/06 has ten distinct transparent expressions with original bounds
  ---
  duration_ms: 6.723194
  type: 'test'
  ...
# Subtest: venus_flytrap/07 has ten distinct transparent expressions with original bounds
ok 182 - venus_flytrap/07 has ten distinct transparent expressions with original bounds
  ---
  duration_ms: 6.591469
  type: 'test'
  ...
# Subtest: venus_flytrap/08 has ten distinct transparent expressions with original bounds
ok 183 - venus_flytrap/08 has ten distinct transparent expressions with original bounds
  ---
  duration_ms: 7.035988
  type: 'test'
  ...
# Subtest: mushroom/01 has ten distinct transparent expressions with original bounds
ok 184 - mushroom/01 has ten distinct transparent expressions with original bounds
  ---
  duration_ms: 7.345462
  type: 'test'
  ...
# Subtest: mushroom/02 has ten distinct transparent expressions with original bounds
ok 185 - mushroom/02 has ten distinct transparent expressions with original bounds
  ---
  duration_ms: 6.01909
  type: 'test'
  ...
# Subtest: mushroom/03 has ten distinct transparent expressions with original bounds
ok 186 - mushroom/03 has ten distinct transparent expressions with original bounds
  ---
  duration_ms: 8.543925
  type: 'test'
  ...
# Subtest: mushroom/04 has ten distinct transparent expressions with original bounds
ok 187 - mushroom/04 has ten distinct transparent expressions with original bounds
  ---
  duration_ms: 7.655637
  type: 'test'
  ...
# Subtest: mushroom/05 has ten distinct transparent expressions with original bounds
ok 188 - mushroom/05 has ten distinct transparent expressions with original bounds
  ---
  duration_ms: 9.391763
  type: 'test'
  ...
# Subtest: mushroom/06 has ten distinct transparent expressions with original bounds
ok 189 - mushroom/06 has ten distinct transparent expressions with original bounds
  ---
  duration_ms: 8.650182
  type: 'test'
  ...
# Subtest: mushroom/07 has ten distinct transparent expressions with original bounds
ok 190 - mushroom/07 has ten distinct transparent expressions with original bounds
  ---
  duration_ms: 8.916136
  type: 'test'
  ...
# Subtest: mushroom/08 has ten distinct transparent expressions with original bounds
ok 191 - mushroom/08 has ten distinct transparent expressions with original bounds
  ---
  duration_ms: 9.094712
  type: 'test'
  ...
# Subtest: dragon/01 has ten distinct transparent expressions with original bounds
ok 192 - dragon/01 has ten distinct transparent expressions with original bounds
  ---
  duration_ms: 7.90682
  type: 'test'
  ...
# Subtest: dragon/02 has ten distinct transparent expressions with original bounds
ok 193 - dragon/02 has ten distinct transparent expressions with original bounds
  ---
  duration_ms: 7.918576
  type: 'test'
  ...
# Subtest: dragon/03 has ten distinct transparent expressions with original bounds
ok 194 - dragon/03 has ten distinct transparent expressions with original bounds
  ---
  duration_ms: 8.369206
  type: 'test'
  ...
# Subtest: dragon/04 has ten distinct transparent expressions with original bounds
ok 195 - dragon/04 has ten distinct transparent expressions with original bounds
  ---
  duration_ms: 8.340904
  type: 'test'
  ...
# Subtest: dragon/05 has ten distinct transparent expressions with original bounds
ok 196 - dragon/05 has ten distinct transparent expressions with original bounds
  ---
  duration_ms: 9.124166
  type: 'test'
  ...
# Subtest: dragon/06 has ten distinct transparent expressions with original bounds
ok 197 - dragon/06 has ten distinct transparent expressions with original bounds
  ---
  duration_ms: 12.273508
  type: 'test'
  ...
# Subtest: dragon/07 has ten distinct transparent expressions with original bounds
ok 198 - dragon/07 has ten distinct transparent expressions with original bounds
  ---
  duration_ms: 9.510709
  type: 'test'
  ...
# Subtest: dragon/08 has ten distinct transparent expressions with original bounds
ok 199 - dragon/08 has ten distinct transparent expressions with original bounds
  ---
  duration_ms: 9.596286
  type: 'test'
  ...
# Subtest: phoenix/01 has ten distinct transparent expressions with original bounds
ok 200 - phoenix/01 has ten distinct transparent expressions with original bounds
  ---
  duration_ms: 7.86716
  type: 'test'
  ...
# Subtest: phoenix/02 has ten distinct transparent expressions with original bounds
ok 201 - phoenix/02 has ten distinct transparent expressions with original bounds
  ---
  duration_ms: 8.064444
  type: 'test'
  ...
# Subtest: phoenix/03 has ten distinct transparent expressions with original bounds
ok 202 - phoenix/03 has ten distinct transparent expressions with original bounds
  ---
  duration_ms: 8.098955
  type: 'test'
  ...
# Subtest: phoenix/04 has ten distinct transparent expressions with original bounds
ok 203 - phoenix/04 has ten distinct transparent expressions with original bounds
  ---
  duration_ms: 8.715759
  type: 'test'
  ...
# Subtest: phoenix/05 has ten distinct transparent expressions with original bounds
ok 204 - phoenix/05 has ten distinct transparent expressions with original bounds
  ---
  duration_ms: 10.039734
  type: 'test'
  ...
# Subtest: phoenix/06 has ten distinct transparent expressions with original bounds
ok 205 - phoenix/06 has ten distinct transparent expressions with original bounds
  ---
  duration_ms: 11.157993
  type: 'test'
  ...
# Subtest: phoenix/07 has ten distinct transparent expressions with original bounds
ok 206 - phoenix/07 has ten distinct transparent expressions with original bounds
  ---
  duration_ms: 8.688388
  type: 'test'
  ...
# Subtest: phoenix/08 has ten distinct transparent expressions with original bounds
ok 207 - phoenix/08 has ten distinct transparent expressions with original bounds
  ---
  duration_ms: 8.286302
  type: 'test'
  ...
# Subtest: god/01 has ten distinct transparent expressions with original bounds
ok 208 - god/01 has ten distinct transparent expressions with original bounds
  ---
  duration_ms: 7.712332
  type: 'test'
  ...
# Subtest: god/02 has ten distinct transparent expressions with original bounds
ok 209 - god/02 has ten distinct transparent expressions with original bounds
  ---
  duration_ms: 6.631527
  type: 'test'
  ...
# Subtest: god/03 has ten distinct transparent expressions with original bounds
ok 210 - god/03 has ten distinct transparent expressions with original bounds
  ---
  duration_ms: 6.947016
  type: 'test'
  ...
# Subtest: god/04 has ten distinct transparent expressions with original bounds
ok 211 - god/04 has ten distinct transparent expressions with original bounds
  ---
  duration_ms: 8.878992
  type: 'test'
  ...
# Subtest: god/05 has ten distinct transparent expressions with original bounds
ok 212 - god/05 has ten distinct transparent expressions with original bounds
  ---
  duration_ms: 7.644761
  type: 'test'
  ...
# Subtest: god/06 has ten distinct transparent expressions with original bounds
ok 213 - god/06 has ten distinct transparent expressions with original bounds
  ---
  duration_ms: 8.383447
  type: 'test'
  ...
# Subtest: god/07 has ten distinct transparent expressions with original bounds
ok 214 - god/07 has ten distinct transparent expressions with original bounds
  ---
  duration_ms: 6.173559
  type: 'test'
  ...
# Subtest: god/08 has ten distinct transparent expressions with original bounds
ok 215 - god/08 has ten distinct transparent expressions with original bounds
  ---
  duration_ms: 5.632335
  type: 'test'
  ...
# Subtest: world_tree/01 has ten distinct transparent expressions with original bounds
ok 216 - world_tree/01 has ten distinct transparent expressions with original bounds
  ---
  duration_ms: 6.024768
  type: 'test'
  ...
# Subtest: world_tree/02 has ten distinct transparent expressions with original bounds
ok 217 - world_tree/02 has ten distinct transparent expressions with original bounds
  ---
  duration_ms: 5.219823
  type: 'test'
  ...
# Subtest: world_tree/03 has ten distinct transparent expressions with original bounds
ok 218 - world_tree/03 has ten distinct transparent expressions with original bounds
  ---
  duration_ms: 5.784761
  type: 'test'
  ...
# Subtest: world_tree/04 has ten distinct transparent expressions with original bounds
ok 219 - world_tree/04 has ten distinct transparent expressions with original bounds
  ---
  duration_ms: 5.024364
  type: 'test'
  ...
# Subtest: world_tree/05 has ten distinct transparent expressions with original bounds
ok 220 - world_tree/05 has ten distinct transparent expressions with original bounds
  ---
  duration_ms: 5.962455
  type: 'test'
  ...
# Subtest: world_tree/06 has ten distinct transparent expressions with original bounds
ok 221 - world_tree/06 has ten distinct transparent expressions with original bounds
  ---
  duration_ms: 5.432729
  type: 'test'
  ...
# Subtest: world_tree/07 has ten distinct transparent expressions with original bounds
ok 222 - world_tree/07 has ten distinct transparent expressions with original bounds
  ---
  duration_ms: 5.621229
  type: 'test'
  ...
# Subtest: world_tree/08 has ten distinct transparent expressions with original bounds
ok 223 - world_tree/08 has ten distinct transparent expressions with original bounds
  ---
  duration_ms: 5.190811
  type: 'test'
  ...
# Subtest: ghost/01 has ten distinct transparent expressions with original bounds
ok 224 - ghost/01 has ten distinct transparent expressions with original bounds
  ---
  duration_ms: 4.353578
  type: 'test'
  ...
# Subtest: ghost/02 has ten distinct transparent expressions with original bounds
ok 225 - ghost/02 has ten distinct transparent expressions with original bounds
  ---
  duration_ms: 6.93685
  type: 'test'
  ...
# Subtest: ghost/03 has ten distinct transparent expressions with original bounds
ok 226 - ghost/03 has ten distinct transparent expressions with original bounds
  ---
  duration_ms: 7.209505
  type: 'test'
  ...
# Subtest: ghost/04 has ten distinct transparent expressions with original bounds
ok 227 - ghost/04 has ten distinct transparent expressions with original bounds
  ---
  duration_ms: 5.329707
  type: 'test'
  ...
# Subtest: ghost/05 has ten distinct transparent expressions with original bounds
ok 228 - ghost/05 has ten distinct transparent expressions with original bounds
  ---
  duration_ms: 5.327794
  type: 'test'
  ...
# Subtest: ghost/06 has ten distinct transparent expressions with original bounds
ok 229 - ghost/06 has ten distinct transparent expressions with original bounds
  ---
  duration_ms: 5.832021
  type: 'test'
  ...
# Subtest: ghost/07 has ten distinct transparent expressions with original bounds
ok 230 - ghost/07 has ten distinct transparent expressions with original bounds
  ---
  duration_ms: 5.444036
  type: 'test'
  ...
# Subtest: ghost/08 has ten distinct transparent expressions with original bounds
ok 231 - ghost/08 has ten distinct transparent expressions with original bounds
  ---
  duration_ms: 4.804447
  type: 'test'
  ...
# Subtest: star/01 has ten distinct transparent expressions with original bounds
ok 232 - star/01 has ten distinct transparent expressions with original bounds
  ---
  duration_ms: 4.446828
  type: 'test'
  ...
# Subtest: star/02 has ten distinct transparent expressions with original bounds
ok 233 - star/02 has ten distinct transparent expressions with original bounds
  ---
  duration_ms: 5.308595
  type: 'test'
  ...
# Subtest: star/03 has ten distinct transparent expressions with original bounds
ok 234 - star/03 has ten distinct transparent expressions with original bounds
  ---
  duration_ms: 8.489573
  type: 'test'
  ...
# Subtest: star/04 has ten distinct transparent expressions with original bounds
ok 235 - star/04 has ten distinct transparent expressions with original bounds
  ---
  duration_ms: 6.870953
  type: 'test'
  ...
# Subtest: star/05 has ten distinct transparent expressions with original bounds
ok 236 - star/05 has ten distinct transparent expressions with original bounds
  ---
  duration_ms: 8.81033
  type: 'test'
  ...
# Subtest: star/06 has ten distinct transparent expressions with original bounds
ok 237 - star/06 has ten distinct transparent expressions with original bounds
  ---
  duration_ms: 9.046029
  type: 'test'
  ...
# Subtest: star/07 has ten distinct transparent expressions with original bounds
ok 238 - star/07 has ten distinct transparent expressions with original bounds
  ---
  duration_ms: 8.573719
  type: 'test'
  ...
# Subtest: star/08 has ten distinct transparent expressions with original bounds
ok 239 - star/08 has ten distinct transparent expressions with original bounds
  ---
  duration_ms: 5.798362
  type: 'test'
  ...
# Subtest: plush/01 has ten distinct transparent expressions with original bounds
ok 240 - plush/01 has ten distinct transparent expressions with original bounds
  ---
  duration_ms: 6.479662
  type: 'test'
  ...
# Subtest: plush/02 has ten distinct transparent expressions with original bounds
ok 241 - plush/02 has ten distinct transparent expressions with original bounds
  ---
  duration_ms: 5.737471
  type: 'test'
  ...
# Subtest: plush/03 has ten distinct transparent expressions with original bounds
ok 242 - plush/03 has ten distinct transparent expressions with original bounds
  ---
  duration_ms: 5.30498
  type: 'test'
  ...
# Subtest: plush/04 has ten distinct transparent expressions with original bounds
ok 243 - plush/04 has ten distinct transparent expressions with original bounds
  ---
  duration_ms: 5.381354
  type: 'test'
  ...
# Subtest: plush/05 has ten distinct transparent expressions with original bounds
ok 244 - plush/05 has ten distinct transparent expressions with original bounds
  ---
  duration_ms: 5.826113
  type: 'test'
  ...
# Subtest: plush/06 has ten distinct transparent expressions with original bounds
ok 245 - plush/06 has ten distinct transparent expressions with original bounds
  ---
  duration_ms: 5.522712
  type: 'test'
  ...
# Subtest: plush/07 has ten distinct transparent expressions with original bounds
ok 246 - plush/07 has ten distinct transparent expressions with original bounds
  ---
  duration_ms: 5.522963
  type: 'test'
  ...
# Subtest: plush/08 has ten distinct transparent expressions with original bounds
ok 247 - plush/08 has ten distinct transparent expressions with original bounds
  ---
  duration_ms: 6.558019
  type: 'test'
  ...
# Subtest: unknown/01 has ten distinct transparent expressions with original bounds
ok 248 - unknown/01 has ten distinct transparent expressions with original bounds
  ---
  duration_ms: 4.462079
  type: 'test'
  ...
# Subtest: unknown/02 has ten distinct transparent expressions with original bounds
ok 249 - unknown/02 has ten distinct transparent expressions with original bounds
  ---
  duration_ms: 7.809084
  type: 'test'
  ...
# Subtest: unknown/03 has ten distinct transparent expressions with original bounds
ok 250 - unknown/03 has ten distinct transparent expressions with original bounds
  ---
  duration_ms: 5.291359
  type: 'test'
  ...
# Subtest: unknown/04 has ten distinct transparent expressions with original bounds
ok 251 - unknown/04 has ten distinct transparent expressions with original bounds
  ---
  duration_ms: 5.861536
  type: 'test'
  ...
# Subtest: unknown/05 has ten distinct transparent expressions with original bounds
ok 252 - unknown/05 has ten distinct transparent expressions with original bounds
  ---
  duration_ms: 5.621058
  type: 'test'
  ...
# Subtest: unknown/06 has ten distinct transparent expressions with original bounds
ok 253 - unknown/06 has ten distinct transparent expressions with original bounds
  ---
  duration_ms: 6.281258
  type: 'test'
  ...
# Subtest: unknown/07 has ten distinct transparent expressions with original bounds
ok 254 - unknown/07 has ten distinct transparent expressions with original bounds
  ---
  duration_ms: 4.549259
  type: 'test'
  ...
# Subtest: unknown/08 has ten distinct transparent expressions with original bounds
ok 255 - unknown/08 has ten distinct transparent expressions with original bounds
  ---
  duration_ms: 4.300129
  type: 'test'
  ...
# Subtest: ren/01 has ten distinct transparent expressions with original bounds
ok 256 - ren/01 has ten distinct transparent expressions with original bounds
  ---
  duration_ms: 5.037323
  type: 'test'
  ...
# Subtest: ren/02 has ten distinct transparent expressions with original bounds
ok 257 - ren/02 has ten distinct transparent expressions with original bounds
  ---
  duration_ms: 5.863699
  type: 'test'
  ...
# Subtest: ren/03 has ten distinct transparent expressions with original bounds
ok 258 - ren/03 has ten distinct transparent expressions with original bounds
  ---
  duration_ms: 8.739444
  type: 'test'
  ...
# Subtest: ren/04 has ten distinct transparent expressions with original bounds
ok 259 - ren/04 has ten distinct transparent expressions with original bounds
  ---
  duration_ms: 8.570745
  type: 'test'
  ...
# Subtest: ren/05 has ten distinct transparent expressions with original bounds
ok 260 - ren/05 has ten distinct transparent expressions with original bounds
  ---
  duration_ms: 5.103361
  type: 'test'
  ...
# Subtest: ren/06 has ten distinct transparent expressions with original bounds
ok 261 - ren/06 has ten distinct transparent expressions with original bounds
  ---
  duration_ms: 5.475253
  type: 'test'
  ...
# Subtest: ren/07 has ten distinct transparent expressions with original bounds
ok 262 - ren/07 has ten distinct transparent expressions with original bounds
  ---
  duration_ms: 5.383787
  type: 'test'
  ...
# Subtest: ren/08 has ten distinct transparent expressions with original bounds
ok 263 - ren/08 has ten distinct transparent expressions with original bounds
  ---
  duration_ms: 5.474421
  type: 'test'
  ...
# Subtest: normalization produces identical framing for high-resolution and projected masters
ok 264 - normalization produces identical framing for high-resolution and projected masters
  ---
  duration_ms: 813.459104
  type: 'test'
  ...
# Subtest: starfish/02 left illness sweat and silver mark clear the new body at Home sizes
ok 265 - starfish/02 left illness sweat and silver mark clear the new body at Home sizes
  ---
  duration_ms: 511.686382
  type: 'test'
  ...
# Subtest: starfish/03 left illness sweat and silver mark clear the new body at Home sizes
ok 266 - starfish/03 left illness sweat and silver mark clear the new body at Home sizes
  ---
  duration_ms: 376.185774
  type: 'test'
  ...
# Subtest: real home emotion profiles select only the adult cat portrait
ok 267 - real home emotion profiles select only the adult cat portrait
  ---
  duration_ms: 329.473071
  type: 'test'
  ...
# Subtest: adult-cat expressions append unique static accents inside the existing visual
ok 268 - adult-cat expressions append unique static accents inside the existing visual
  ---
  duration_ms: 153.586337
  type: 'test'
  ...
# Subtest: real play and medicine outcomes use semantic temporary faces
ok 269 - real play and medicine outcomes use semantic temporary faces
  ---
  duration_ms: 104.944343
  type: 'test'
  ...
# Subtest: feed afterglow starts happy only after the validated result and expires to latest state
ok 270 - feed afterglow starts happy only after the validated result and expires to latest state
  ---
  duration_ms: 21.640564
  type: 'test'
  ...
# Subtest: a real cure receives the same validated happy afterglow
ok 271 - a real cure receives the same validated happy afterglow
  ---
  duration_ms: 28.151257
  type: 'test'
  ...
# Subtest: reduced motion keeps the static happy afterglow for one second without animation
ok 272 - reduced motion keeps the static happy afterglow for one second without animation
  ---
  duration_ms: 14.283069
  type: 'test'
  ...
# Subtest: only pet semantic speech starts a temporary face
ok 273 - only pet semantic speech starts a temporary face
  ---
  duration_ms: 21.477511
  type: 'test'
  ...
# Subtest: critical state interrupts happy immediately and expiry cannot restore stale state
ok 274 - critical state interrupts happy immediately and expiry cannot restore stale state
  ---
  duration_ms: 16.279691
  type: 'test'
  ...
# Subtest: a new life cancels the old face timer
ok 275 - a new life cancels the old face timer
  ---
  duration_ms: 19.826933
  type: 'test'
  ...
# Subtest: sleep uses its own face, and waking shows normal before latest-state reevaluation
ok 276 - sleep uses its own face, and waking shows normal before latest-state reevaluation
  ---
  duration_ms: 18.858647
  type: 'test'
  ...
# Subtest: form changes and blocked screens clear the temporary face and accent
ok 277 - form changes and blocked screens clear the temporary face and accent
  ---
  duration_ms: 126.844681
  type: 'test'
  ...
# Subtest: expression rendering does not alter saves, cast geometry, or 26 companions
ok 278 - expression rendering does not alter saves, cast geometry, or 26 companions
  ---
  duration_ms: 26.853056
  type: 'test'
  ...
# Subtest: a failed expression portrait retries the original before the emoji fallback
ok 279 - a failed expression portrait retries the original before the emoji fallback
  ---
  duration_ms: 15.94195
  type: 'test'
  ...
# Subtest: home care colors follow existing mood and fatigue boundaries and reset after sleep/recovery
ok 280 - home care colors follow existing mood and fatigue boundaries and reset after sleep/recovery
  ---
  duration_ms: 19.122568
  type: 'test'
  ...
# Subtest: progress meter colors vary with fill without altering game state or life direction
ok 281 - progress meter colors vary with fill without altering game state or life direction
  ---
  duration_ms: 16.151771
  type: 'test'
  ...
# Subtest: overfeeding shows discomfort before a random story can replace it
ok 282 - overfeeding shows discomfort before a random story can replace it
  ---
  duration_ms: 39.702848
  type: 'test'
  ...
# Subtest: a newer care action cancels an older delayed overfeeding story
ok 283 - a newer care action cancels an older delayed overfeeding story
  ---
  duration_ms: 14.107018
  type: 'test'
  ...
# Subtest: kitten home uses its own portraits, care reactions and sleeping face without save changes
ok 284 - kitten home uses its own portraits, care reactions and sleeping face without save changes
  ---
  duration_ms: 14.669341
  type: 'test'
  ...
# Subtest: otemba home uses its own portraits, care reactions and sleeping face without save changes
ok 285 - otemba home uses its own portraits, care reactions and sleeping face without save changes
  ---
  duration_ms: 19.819923
  type: 'test'
  ...
# Subtest: young home uses its own portraits, care reactions and sleeping face without save changes
ok 286 - young home uses its own portraits, care reactions and sleeping face without save changes
  ---
  duration_ms: 12.388569
  type: 'test'
  ...
# Subtest: calm home uses its own portraits, care reactions and sleeping face without save changes
ok 287 - calm home uses its own portraits, care reactions and sleeping face without save changes
  ---
  duration_ms: 13.143378
  type: 'test'
  ...
# Subtest: elder home uses its own portraits, care reactions and sleeping face without save changes
ok 288 - elder home uses its own portraits, care reactions and sleeping face without save changes
  ---
  duration_ms: 18.413592
  type: 'test'
  ...
# Subtest: toddler home uses its own portraits, care reactions and sleeping face without save changes
ok 289 - toddler home uses its own portraits, care reactions and sleeping face without save changes
  ---
  duration_ms: 23.571402
  type: 'test'
  ...
# Subtest: baby home uses its own portraits, care reactions and sleeping face without save changes
ok 290 - baby home uses its own portraits, care reactions and sleeping face without save changes
  ---
  duration_ms: 17.206895
  type: 'test'
  ...
# Subtest: adult dog shows all ten state and reaction faces without changing saved state
ok 291 - adult dog shows all ten state and reaction faces without changing saved state
  ---
  duration_ms: 144.534929
  type: 'test'
  ...
# Subtest: puppy shows all ten state and reaction faces without changing saved state
ok 292 - puppy shows all ten state and reaction faces without changing saved state
  ---
  duration_ms: 151.270347
  type: 'test'
  ...
# Subtest: wanpaku shows all ten state and reaction faces without changing saved state
ok 293 - wanpaku shows all ten state and reaction faces without changing saved state
  ---
  duration_ms: 112.188925
  type: 'test'
  ...
# Subtest: young dog shows all ten state and reaction faces without changing saved state
ok 294 - young dog shows all ten state and reaction faces without changing saved state
  ---
  duration_ms: 158.918672
  type: 'test'
  ...
# Subtest: young dog routing is limited to ages sixteen through twenty-one
ok 295 - young dog routing is limited to ages sixteen through twenty-one
  ---
  duration_ms: 67.102055
  type: 'test'
  ...
# Subtest: calm dog shows all ten state and reaction faces without changing saved state
ok 296 - calm dog shows all ten state and reaction faces without changing saved state
  ---
  duration_ms: 102.134815
  type: 'test'
  ...
# Subtest: calm dog routing is limited to ages forty through sixty-nine
ok 297 - calm dog routing is limited to ages forty through sixty-nine
  ---
  duration_ms: 63.952667
  type: 'test'
  ...
# Subtest: baby dog shows all ten state and reaction faces without changing saved state
ok 298 - baby dog shows all ten state and reaction faces without changing saved state
  ---
  duration_ms: 122.03435
  type: 'test'
  ...
# Subtest: toddler dog shows all ten state and reaction faces without changing saved state
ok 299 - toddler dog shows all ten state and reaction faces without changing saved state
  ---
  duration_ms: 108.904297
  type: 'test'
  ...
# Subtest: elder dog shows all ten state and reaction faces without changing saved state
ok 300 - elder dog shows all ten state and reaction faces without changing saved state
  ---
  duration_ms: 139.377018
  type: 'test'
  ...
# Subtest: remaining dog stage boundaries select their own portraits
ok 301 - remaining dog stage boundaries select their own portraits
  ---
  duration_ms: 107.324228
  type: 'test'
  ...
# Subtest: man/01 renders all ten states and reactions without mutating saved state
ok 302 - man/01 renders all ten states and reactions without mutating saved state
  ---
  duration_ms: 148.009439
  type: 'test'
  ...
# Subtest: man/02 renders all ten states and reactions without mutating saved state
ok 303 - man/02 renders all ten states and reactions without mutating saved state
  ---
  duration_ms: 109.176871
  type: 'test'
  ...
# Subtest: man/03 renders all ten states and reactions without mutating saved state
ok 304 - man/03 renders all ten states and reactions without mutating saved state
  ---
  duration_ms: 122.893029
  type: 'test'
  ...
# Subtest: man/04 renders all ten states and reactions without mutating saved state
ok 305 - man/04 renders all ten states and reactions without mutating saved state
  ---
  duration_ms: 122.03026
  type: 'test'
  ...
# Subtest: man/05 renders all ten states and reactions without mutating saved state
ok 306 - man/05 renders all ten states and reactions without mutating saved state
  ---
  duration_ms: 147.347482
  type: 'test'
  ...
# Subtest: man/06 renders all ten states and reactions without mutating saved state
ok 307 - man/06 renders all ten states and reactions without mutating saved state
  ---
  duration_ms: 117.363246
  type: 'test'
  ...
# Subtest: man/07 renders all ten states and reactions without mutating saved state
ok 308 - man/07 renders all ten states and reactions without mutating saved state
  ---
  duration_ms: 135.240156
  type: 'test'
  ...
# Subtest: man/08 renders all ten states and reactions without mutating saved state
ok 309 - man/08 renders all ten states and reactions without mutating saved state
  ---
  duration_ms: 137.881914
  type: 'test'
  ...
# Subtest: woman/01 renders all ten states and reactions without mutating saved state
ok 310 - woman/01 renders all ten states and reactions without mutating saved state
  ---
  duration_ms: 147.184942
  type: 'test'
  ...
# Subtest: woman/02 renders all ten states and reactions without mutating saved state
ok 311 - woman/02 renders all ten states and reactions without mutating saved state
  ---
  duration_ms: 124.307908
  type: 'test'
  ...
# Subtest: woman/03 renders all ten states and reactions without mutating saved state
ok 312 - woman/03 renders all ten states and reactions without mutating saved state
  ---
  duration_ms: 136.616362
  type: 'test'
  ...
# Subtest: woman/04 renders all ten states and reactions without mutating saved state
ok 313 - woman/04 renders all ten states and reactions without mutating saved state
  ---
  duration_ms: 211.444514
  type: 'test'
  ...
# Subtest: woman/05 renders all ten states and reactions without mutating saved state
ok 314 - woman/05 renders all ten states and reactions without mutating saved state
  ---
  duration_ms: 113.522047
  type: 'test'
  ...
# Subtest: woman/06 renders all ten states and reactions without mutating saved state
ok 315 - woman/06 renders all ten states and reactions without mutating saved state
  ---
  duration_ms: 129.250911
  type: 'test'
  ...
# Subtest: woman/07 renders all ten states and reactions without mutating saved state
ok 316 - woman/07 renders all ten states and reactions without mutating saved state
  ---
  duration_ms: 139.821953
  type: 'test'
  ...
# Subtest: woman/08 renders all ten states and reactions without mutating saved state
ok 317 - woman/08 renders all ten states and reactions without mutating saved state
  ---
  duration_ms: 149.099801
  type: 'test'
  ...
# Subtest: penguin/01 renders all ten states and reactions without mutating saved state
ok 318 - penguin/01 renders all ten states and reactions without mutating saved state
  ---
  duration_ms: 132.743712
  type: 'test'
  ...
# Subtest: penguin/02 renders all ten states and reactions without mutating saved state
ok 319 - penguin/02 renders all ten states and reactions without mutating saved state
  ---
  duration_ms: 105.736518
  type: 'test'
  ...
# Subtest: penguin/03 renders all ten states and reactions without mutating saved state
ok 320 - penguin/03 renders all ten states and reactions without mutating saved state
  ---
  duration_ms: 131.332844
  type: 'test'
  ...
# Subtest: penguin/04 renders all ten states and reactions without mutating saved state
ok 321 - penguin/04 renders all ten states and reactions without mutating saved state
  ---
  duration_ms: 169.450516
  type: 'test'
  ...
# Subtest: penguin/05 renders all ten states and reactions without mutating saved state
ok 322 - penguin/05 renders all ten states and reactions without mutating saved state
  ---
  duration_ms: 147.388057
  type: 'test'
  ...
# Subtest: penguin/06 renders all ten states and reactions without mutating saved state
ok 323 - penguin/06 renders all ten states and reactions without mutating saved state
  ---
  duration_ms: 141.705116
  type: 'test'
  ...
# Subtest: penguin/07 renders all ten states and reactions without mutating saved state
ok 324 - penguin/07 renders all ten states and reactions without mutating saved state
  ---
  duration_ms: 134.256507
  type: 'test'
  ...
# Subtest: penguin/08 renders all ten states and reactions without mutating saved state
ok 325 - penguin/08 renders all ten states and reactions without mutating saved state
  ---
  duration_ms: 113.639563
  type: 'test'
  ...
# Subtest: turtle/01 renders all ten states and reactions without mutating saved state
ok 326 - turtle/01 renders all ten states and reactions without mutating saved state
  ---
  duration_ms: 164.589736
  type: 'test'
  ...
# Subtest: turtle/02 renders all ten states and reactions without mutating saved state
ok 327 - turtle/02 renders all ten states and reactions without mutating saved state
  ---
  duration_ms: 127.746389
  type: 'test'
  ...
# Subtest: turtle/03 renders all ten states and reactions without mutating saved state
ok 328 - turtle/03 renders all ten states and reactions without mutating saved state
  ---
  duration_ms: 131.335324
  type: 'test'
  ...
# Subtest: turtle/04 renders all ten states and reactions without mutating saved state
ok 329 - turtle/04 renders all ten states and reactions without mutating saved state
  ---
  duration_ms: 148.452916
  type: 'test'
  ...
# Subtest: turtle/05 renders all ten states and reactions without mutating saved state
ok 330 - turtle/05 renders all ten states and reactions without mutating saved state
  ---
  duration_ms: 152.469776
  type: 'test'
  ...
# Subtest: turtle/06 renders all ten states and reactions without mutating saved state
ok 331 - turtle/06 renders all ten states and reactions without mutating saved state
  ---
  duration_ms: 145.808879
  type: 'test'
  ...
# Subtest: turtle/07 renders all ten states and reactions without mutating saved state
ok 332 - turtle/07 renders all ten states and reactions without mutating saved state
  ---
  duration_ms: 161.707645
  type: 'test'
  ...
# Subtest: turtle/08 renders all ten states and reactions without mutating saved state
ok 333 - turtle/08 renders all ten states and reactions without mutating saved state
  ---
  duration_ms: 143.067088
  type: 'test'
  ...
# Subtest: frog/01 renders all ten states and reactions without mutating saved state
ok 334 - frog/01 renders all ten states and reactions without mutating saved state
  ---
  duration_ms: 163.659009
  type: 'test'
  ...
# Subtest: frog/02 renders all ten states and reactions without mutating saved state
ok 335 - frog/02 renders all ten states and reactions without mutating saved state
  ---
  duration_ms: 176.042585
  type: 'test'
  ...
# Subtest: frog/03 renders all ten states and reactions without mutating saved state
ok 336 - frog/03 renders all ten states and reactions without mutating saved state
  ---
  duration_ms: 160.123031
  type: 'test'
  ...
# Subtest: frog/04 renders all ten states and reactions without mutating saved state
ok 337 - frog/04 renders all ten states and reactions without mutating saved state
  ---
  duration_ms: 176.477135
  type: 'test'
  ...
# Subtest: frog/05 renders all ten states and reactions without mutating saved state
ok 338 - frog/05 renders all ten states and reactions without mutating saved state
  ---
  duration_ms: 113.131683
  type: 'test'
  ...
# Subtest: frog/06 renders all ten states and reactions without mutating saved state
ok 339 - frog/06 renders all ten states and reactions without mutating saved state
  ---
  duration_ms: 176.566788
  type: 'test'
  ...
# Subtest: frog/07 renders all ten states and reactions without mutating saved state
ok 340 - frog/07 renders all ten states and reactions without mutating saved state
  ---
  duration_ms: 183.634175
  type: 'test'
  ...
# Subtest: frog/08 renders all ten states and reactions without mutating saved state
ok 341 - frog/08 renders all ten states and reactions without mutating saved state
  ---
  duration_ms: 185.902635
  type: 'test'
  ...
# Subtest: clownfish/01 renders all ten states and reactions without mutating saved state
ok 342 - clownfish/01 renders all ten states and reactions without mutating saved state
  ---
  duration_ms: 155.292612
  type: 'test'
  ...
# Subtest: clownfish/02 renders all ten states and reactions without mutating saved state
ok 343 - clownfish/02 renders all ten states and reactions without mutating saved state
  ---
  duration_ms: 153.525031
  type: 'test'
  ...
# Subtest: clownfish/03 renders all ten states and reactions without mutating saved state
ok 344 - clownfish/03 renders all ten states and reactions without mutating saved state
  ---
  duration_ms: 123.997789
  type: 'test'
  ...
# Subtest: clownfish/04 renders all ten states and reactions without mutating saved state
ok 345 - clownfish/04 renders all ten states and reactions without mutating saved state
  ---
  duration_ms: 162.625088
  type: 'test'
  ...
# Subtest: clownfish/05 renders all ten states and reactions without mutating saved state
ok 346 - clownfish/05 renders all ten states and reactions without mutating saved state
  ---
  duration_ms: 139.369608
  type: 'test'
  ...
# Subtest: clownfish/06 renders all ten states and reactions without mutating saved state
ok 347 - clownfish/06 renders all ten states and reactions without mutating saved state
  ---
  duration_ms: 139.966191
  type: 'test'
  ...
# Subtest: clownfish/07 renders all ten states and reactions without mutating saved state
ok 348 - clownfish/07 renders all ten states and reactions without mutating saved state
  ---
  duration_ms: 136.862449
  type: 'test'
  ...
# Subtest: clownfish/08 renders all ten states and reactions without mutating saved state
ok 349 - clownfish/08 renders all ten states and reactions without mutating saved state
  ---
  duration_ms: 134.943362
  type: 'test'
  ...
# Subtest: salmon/01 renders all ten states and reactions without mutating saved state
ok 350 - salmon/01 renders all ten states and reactions without mutating saved state
  ---
  duration_ms: 109.323757
  type: 'test'
  ...
# Subtest: salmon/02 renders all ten states and reactions without mutating saved state
ok 351 - salmon/02 renders all ten states and reactions without mutating saved state
  ---
  duration_ms: 135.438627
  type: 'test'
  ...
# Subtest: salmon/03 renders all ten states and reactions without mutating saved state
ok 352 - salmon/03 renders all ten states and reactions without mutating saved state
  ---
  duration_ms: 147.689322
  type: 'test'
  ...
# Subtest: salmon/04 renders all ten states and reactions without mutating saved state
ok 353 - salmon/04 renders all ten states and reactions without mutating saved state
  ---
  duration_ms: 175.032277
  type: 'test'
  ...
# Subtest: salmon/05 renders all ten states and reactions without mutating saved state
ok 354 - salmon/05 renders all ten states and reactions without mutating saved state
  ---
  duration_ms: 131.55683
  type: 'test'
  ...
# Subtest: salmon/06 renders all ten states and reactions without mutating saved state
ok 355 - salmon/06 renders all ten states and reactions without mutating saved state
  ---
  duration_ms: 158.633457
  type: 'test'
  ...
# Subtest: salmon/07 renders all ten states and reactions without mutating saved state
ok 356 - salmon/07 renders all ten states and reactions without mutating saved state
  ---
  duration_ms: 138.782296
  type: 'test'
  ...
# Subtest: salmon/08 renders all ten states and reactions without mutating saved state
ok 357 - salmon/08 renders all ten states and reactions without mutating saved state
  ---
  duration_ms: 152.933794
  type: 'test'
  ...
# Subtest: hermit_crab/01 renders all ten states and reactions without mutating saved state
ok 358 - hermit_crab/01 renders all ten states and reactions without mutating saved state
  ---
  duration_ms: 151.040591
  type: 'test'
  ...
# Subtest: hermit_crab/02 renders all ten states and reactions without mutating saved state
ok 359 - hermit_crab/02 renders all ten states and reactions without mutating saved state
  ---
  duration_ms: 143.031048
  type: 'test'
  ...
# Subtest: hermit_crab/03 renders all ten states and reactions without mutating saved state
ok 360 - hermit_crab/03 renders all ten states and reactions without mutating saved state
  ---
  duration_ms: 146.423443
  type: 'test'
  ...
# Subtest: hermit_crab/04 renders all ten states and reactions without mutating saved state
ok 361 - hermit_crab/04 renders all ten states and reactions without mutating saved state
  ---
  duration_ms: 179.695063
  type: 'test'
  ...
# Subtest: hermit_crab/05 renders all ten states and reactions without mutating saved state
ok 362 - hermit_crab/05 renders all ten states and reactions without mutating saved state
  ---
  duration_ms: 98.169884
  type: 'test'
  ...
# Subtest: hermit_crab/06 renders all ten states and reactions without mutating saved state
ok 363 - hermit_crab/06 renders all ten states and reactions without mutating saved state
  ---
  duration_ms: 130.911698
  type: 'test'
  ...
# Subtest: hermit_crab/07 renders all ten states and reactions without mutating saved state
ok 364 - hermit_crab/07 renders all ten states and reactions without mutating saved state
  ---
  duration_ms: 126.301316
  type: 'test'
  ...
# Subtest: hermit_crab/08 renders all ten states and reactions without mutating saved state
ok 365 - hermit_crab/08 renders all ten states and reactions without mutating saved state
  ---
  duration_ms: 115.74539
  type: 'test'
  ...
# Subtest: jellyfish/01 renders all ten states and reactions without mutating saved state
ok 366 - jellyfish/01 renders all ten states and reactions without mutating saved state
  ---
  duration_ms: 133.315117
  type: 'test'
  ...
# Subtest: jellyfish/02 renders all ten states and reactions without mutating saved state
ok 367 - jellyfish/02 renders all ten states and reactions without mutating saved state
  ---
  duration_ms: 144.302642
  type: 'test'
  ...
# Subtest: jellyfish/03 renders all ten states and reactions without mutating saved state
ok 368 - jellyfish/03 renders all ten states and reactions without mutating saved state
  ---
  duration_ms: 188.465329
  type: 'test'
  ...
# Subtest: jellyfish/04 renders all ten states and reactions without mutating saved state
ok 369 - jellyfish/04 renders all ten states and reactions without mutating saved state
  ---
  duration_ms: 121.827195
  type: 'test'
  ...
# Subtest: jellyfish/05 renders all ten states and reactions without mutating saved state
ok 370 - jellyfish/05 renders all ten states and reactions without mutating saved state
  ---
  duration_ms: 147.683477
  type: 'test'
  ...
# Subtest: jellyfish/06 renders all ten states and reactions without mutating saved state
ok 371 - jellyfish/06 renders all ten states and reactions without mutating saved state
  ---
  duration_ms: 107.833937
  type: 'test'
  ...
# Subtest: jellyfish/07 renders all ten states and reactions without mutating saved state
ok 372 - jellyfish/07 renders all ten states and reactions without mutating saved state
  ---
  duration_ms: 165.938516
  type: 'test'
  ...
# Subtest: jellyfish/08 renders all ten states and reactions without mutating saved state
ok 373 - jellyfish/08 renders all ten states and reactions without mutating saved state
  ---
  duration_ms: 125.254253
  type: 'test'
  ...
# Subtest: starfish/01 renders all ten states and reactions without mutating saved state
ok 374 - starfish/01 renders all ten states and reactions without mutating saved state
  ---
  duration_ms: 132.426198
  type: 'test'
  ...
# Subtest: starfish/02 renders all ten states and reactions without mutating saved state
ok 375 - starfish/02 renders all ten states and reactions without mutating saved state
  ---
  duration_ms: 104.24248
  type: 'test'
  ...
# Subtest: starfish/03 renders all ten states and reactions without mutating saved state
ok 376 - starfish/03 renders all ten states and reactions without mutating saved state
  ---
  duration_ms: 120.476417
  type: 'test'
  ...
# Subtest: starfish/04 renders all ten states and reactions without mutating saved state
ok 377 - starfish/04 renders all ten states and reactions without mutating saved state
  ---
  duration_ms: 121.569162
  type: 'test'
  ...
# Subtest: starfish/05 renders all ten states and reactions without mutating saved state
ok 378 - starfish/05 renders all ten states and reactions without mutating saved state
  ---
  duration_ms: 123.505889
  type: 'test'
  ...
# Subtest: starfish/06 renders all ten states and reactions without mutating saved state
ok 379 - starfish/06 renders all ten states and reactions without mutating saved state
  ---
  duration_ms: 118.819419
  type: 'test'
  ...
# Subtest: starfish/07 renders all ten states and reactions without mutating saved state
ok 380 - starfish/07 renders all ten states and reactions without mutating saved state
  ---
  duration_ms: 98.393325
  type: 'test'
  ...
# Subtest: starfish/08 renders all ten states and reactions without mutating saved state
ok 381 - starfish/08 renders all ten states and reactions without mutating saved state
  ---
  duration_ms: 132.283107
  type: 'test'
  ...
# Subtest: coral/01 renders all ten states and reactions without mutating saved state
ok 382 - coral/01 renders all ten states and reactions without mutating saved state
  ---
  duration_ms: 109.292
  type: 'test'
  ...
# Subtest: coral/02 renders all ten states and reactions without mutating saved state
ok 383 - coral/02 renders all ten states and reactions without mutating saved state
  ---
  duration_ms: 166.751637
  type: 'test'
  ...
# Subtest: coral/03 renders all ten states and reactions without mutating saved state
ok 384 - coral/03 renders all ten states and reactions without mutating saved state
  ---
  duration_ms: 100.310499
  type: 'test'
  ...
# Subtest: coral/04 renders all ten states and reactions without mutating saved state
ok 385 - coral/04 renders all ten states and reactions without mutating saved state
  ---
  duration_ms: 119.973486
  type: 'test'
  ...
# Subtest: coral/05 renders all ten states and reactions without mutating saved state
ok 386 - coral/05 renders all ten states and reactions without mutating saved state
  ---
  duration_ms: 128.328471
  type: 'test'
  ...
# Subtest: coral/06 renders all ten states and reactions without mutating saved state
ok 387 - coral/06 renders all ten states and reactions without mutating saved state
  ---
  duration_ms: 131.475364
  type: 'test'
  ...
# Subtest: coral/07 renders all ten states and reactions without mutating saved state
ok 388 - coral/07 renders all ten states and reactions without mutating saved state
  ---
  duration_ms: 105.884256
  type: 'test'
  ...
# Subtest: coral/08 renders all ten states and reactions without mutating saved state
ok 389 - coral/08 renders all ten states and reactions without mutating saved state
  ---
  duration_ms: 121.954496
  type: 'test'
  ...
# Subtest: butterfly/01 renders all ten states and reactions without mutating saved state
ok 390 - butterfly/01 renders all ten states and reactions without mutating saved state
  ---
  duration_ms: 113.600573
  type: 'test'
  ...
# Subtest: butterfly/02 renders all ten states and reactions without mutating saved state
ok 391 - butterfly/02 renders all ten states and reactions without mutating saved state
  ---
  duration_ms: 116.513204
  type: 'test'
  ...
# Subtest: butterfly/03 renders all ten states and reactions without mutating saved state
ok 392 - butterfly/03 renders all ten states and reactions without mutating saved state
  ---
  duration_ms: 115.76191
  type: 'test'
  ...
# Subtest: butterfly/04 renders all ten states and reactions without mutating saved state
ok 393 - butterfly/04 renders all ten states and reactions without mutating saved state
  ---
  duration_ms: 102.521938
  type: 'test'
  ...
# Subtest: butterfly/05 renders all ten states and reactions without mutating saved state
ok 394 - butterfly/05 renders all ten states and reactions without mutating saved state
  ---
  duration_ms: 150.638197
  type: 'test'
  ...
# Subtest: butterfly/06 renders all ten states and reactions without mutating saved state
ok 395 - butterfly/06 renders all ten states and reactions without mutating saved state
  ---
  duration_ms: 113.894494
  type: 'test'
  ...
# Subtest: butterfly/07 renders all ten states and reactions without mutating saved state
ok 396 - butterfly/07 renders all ten states and reactions without mutating saved state
  ---
  duration_ms: 152.373992
  type: 'test'
  ...
# Subtest: butterfly/08 renders all ten states and reactions without mutating saved state
ok 397 - butterfly/08 renders all ten states and reactions without mutating saved state
  ---
  duration_ms: 123.587397
  type: 'test'
  ...
# Subtest: beetle/01 renders all ten states and reactions without mutating saved state
ok 398 - beetle/01 renders all ten states and reactions without mutating saved state
  ---
  duration_ms: 101.903871
  type: 'test'
  ...
# Subtest: beetle/02 renders all ten states and reactions without mutating saved state
ok 399 - beetle/02 renders all ten states and reactions without mutating saved state
  ---
  duration_ms: 123.862767
  type: 'test'
  ...
# Subtest: beetle/03 renders all ten states and reactions without mutating saved state
ok 400 - beetle/03 renders all ten states and reactions without mutating saved state
  ---
  duration_ms: 118.218698
  type: 'test'
  ...
# Subtest: beetle/04 renders all ten states and reactions without mutating saved state
ok 401 - beetle/04 renders all ten states and reactions without mutating saved state
  ---
  duration_ms: 117.458363
  type: 'test'
  ...
# Subtest: beetle/05 renders all ten states and reactions without mutating saved state
ok 402 - beetle/05 renders all ten states and reactions without mutating saved state
  ---
  duration_ms: 117.776725
  type: 'test'
  ...
# Subtest: beetle/06 renders all ten states and reactions without mutating saved state
ok 403 - beetle/06 renders all ten states and reactions without mutating saved state
  ---
  duration_ms: 121.376442
  type: 'test'
  ...
# Subtest: beetle/07 renders all ten states and reactions without mutating saved state
ok 404 - beetle/07 renders all ten states and reactions without mutating saved state
  ---
  duration_ms: 157.024617
  type: 'test'
  ...
# Subtest: beetle/08 renders all ten states and reactions without mutating saved state
ok 405 - beetle/08 renders all ten states and reactions without mutating saved state
  ---
  duration_ms: 114.521037
  type: 'test'
  ...
# Subtest: stagbeetle/01 renders all ten states and reactions without mutating saved state
ok 406 - stagbeetle/01 renders all ten states and reactions without mutating saved state
  ---
  duration_ms: 124.13418
  type: 'test'
  ...
# Subtest: stagbeetle/02 renders all ten states and reactions without mutating saved state
ok 407 - stagbeetle/02 renders all ten states and reactions without mutating saved state
  ---
  duration_ms: 155.98953
  type: 'test'
  ...
# Subtest: stagbeetle/03 renders all ten states and reactions without mutating saved state
ok 408 - stagbeetle/03 renders all ten states and reactions without mutating saved state
  ---
  duration_ms: 161.307465
  type: 'test'
  ...
# Subtest: stagbeetle/04 renders all ten states and reactions without mutating saved state
ok 409 - stagbeetle/04 renders all ten states and reactions without mutating saved state
  ---
  duration_ms: 144.159885
  type: 'test'
  ...
# Subtest: stagbeetle/05 renders all ten states and reactions without mutating saved state
ok 410 - stagbeetle/05 renders all ten states and reactions without mutating saved state
  ---
  duration_ms: 136.138342
  type: 'test'
  ...
# Subtest: stagbeetle/06 renders all ten states and reactions without mutating saved state
ok 411 - stagbeetle/06 renders all ten states and reactions without mutating saved state
  ---
  duration_ms: 145.70409
  type: 'test'
  ...
# Subtest: stagbeetle/07 renders all ten states and reactions without mutating saved state
ok 412 - stagbeetle/07 renders all ten states and reactions without mutating saved state
  ---
  duration_ms: 109.283148
  type: 'test'
  ...
# Subtest: stagbeetle/08 renders all ten states and reactions without mutating saved state
ok 413 - stagbeetle/08 renders all ten states and reactions without mutating saved state
  ---
  duration_ms: 128.68633
  type: 'test'
  ...
# Subtest: cicada/01 renders all ten states and reactions without mutating saved state
ok 414 - cicada/01 renders all ten states and reactions without mutating saved state
  ---
  duration_ms: 141.391018
  type: 'test'
  ...
# Subtest: cicada/02 renders all ten states and reactions without mutating saved state
ok 415 - cicada/02 renders all ten states and reactions without mutating saved state
  ---
  duration_ms: 128.352559
  type: 'test'
  ...
# Subtest: cicada/03 renders all ten states and reactions without mutating saved state
ok 416 - cicada/03 renders all ten states and reactions without mutating saved state
  ---
  duration_ms: 126.953083
  type: 'test'
  ...
# Subtest: cicada/04 renders all ten states and reactions without mutating saved state
ok 417 - cicada/04 renders all ten states and reactions without mutating saved state
  ---
  duration_ms: 131.665583
  type: 'test'
  ...
# Subtest: cicada/05 renders all ten states and reactions without mutating saved state
ok 418 - cicada/05 renders all ten states and reactions without mutating saved state
  ---
  duration_ms: 111.520632
  type: 'test'
  ...
# Subtest: cicada/06 renders all ten states and reactions without mutating saved state
ok 419 - cicada/06 renders all ten states and reactions without mutating saved state
  ---
  duration_ms: 124.259558
  type: 'test'
  ...
# Subtest: cicada/07 renders all ten states and reactions without mutating saved state
ok 420 - cicada/07 renders all ten states and reactions without mutating saved state
  ---
  duration_ms: 149.835744
  type: 'test'
  ...
# Subtest: cicada/08 renders all ten states and reactions without mutating saved state
ok 421 - cicada/08 renders all ten states and reactions without mutating saved state
  ---
  duration_ms: 126.314125
  type: 'test'
  ...
# Subtest: antlion/01 renders all ten states and reactions without mutating saved state
ok 422 - antlion/01 renders all ten states and reactions without mutating saved state
  ---
  duration_ms: 178.062301
  type: 'test'
  ...
# Subtest: antlion/02 renders all ten states and reactions without mutating saved state
ok 423 - antlion/02 renders all ten states and reactions without mutating saved state
  ---
  duration_ms: 104.212564
  type: 'test'
  ...
# Subtest: antlion/03 renders all ten states and reactions without mutating saved state
ok 424 - antlion/03 renders all ten states and reactions without mutating saved state
  ---
  duration_ms: 152.91746
  type: 'test'
  ...
# Subtest: antlion/04 renders all ten states and reactions without mutating saved state
ok 425 - antlion/04 renders all ten states and reactions without mutating saved state
  ---
  duration_ms: 133.71368
  type: 'test'
  ...
# Subtest: antlion/05 renders all ten states and reactions without mutating saved state
ok 426 - antlion/05 renders all ten states and reactions without mutating saved state
  ---
  duration_ms: 152.095652
  type: 'test'
  ...
# Subtest: antlion/06 renders all ten states and reactions without mutating saved state
ok 427 - antlion/06 renders all ten states and reactions without mutating saved state
  ---
  duration_ms: 138.13598
  type: 'test'
  ...
# Subtest: antlion/07 renders all ten states and reactions without mutating saved state
ok 428 - antlion/07 renders all ten states and reactions without mutating saved state
  ---
  duration_ms: 104.004214
  type: 'test'
  ...
# Subtest: antlion/08 renders all ten states and reactions without mutating saved state
ok 429 - antlion/08 renders all ten states and reactions without mutating saved state
  ---
  duration_ms: 193.169343
  type: 'test'
  ...
# Subtest: dandelion/01 renders all ten states and reactions without mutating saved state
ok 430 - dandelion/01 renders all ten states and reactions without mutating saved state
  ---
  duration_ms: 117.627872
  type: 'test'
  ...
# Subtest: dandelion/02 renders all ten states and reactions without mutating saved state
ok 431 - dandelion/02 renders all ten states and reactions without mutating saved state
  ---
  duration_ms: 117.222359
  type: 'test'
  ...
# Subtest: dandelion/03 renders all ten states and reactions without mutating saved state
ok 432 - dandelion/03 renders all ten states and reactions without mutating saved state
  ---
  duration_ms: 125.421142
  type: 'test'
  ...
# Subtest: dandelion/04 renders all ten states and reactions without mutating saved state
ok 433 - dandelion/04 renders all ten states and reactions without mutating saved state
  ---
  duration_ms: 102.958603
  type: 'test'
  ...
# Subtest: dandelion/05 renders all ten states and reactions without mutating saved state
ok 434 - dandelion/05 renders all ten states and reactions without mutating saved state
  ---
  duration_ms: 116.788867
  type: 'test'
  ...
# Subtest: dandelion/06 renders all ten states and reactions without mutating saved state
ok 435 - dandelion/06 renders all ten states and reactions without mutating saved state
  ---
  duration_ms: 117.733839
  type: 'test'
  ...
# Subtest: dandelion/07 renders all ten states and reactions without mutating saved state
ok 436 - dandelion/07 renders all ten states and reactions without mutating saved state
  ---
  duration_ms: 116.801827
  type: 'test'
  ...
# Subtest: dandelion/08 renders all ten states and reactions without mutating saved state
ok 437 - dandelion/08 renders all ten states and reactions without mutating saved state
  ---
  duration_ms: 120.280687
  type: 'test'
  ...
# Subtest: sakura/01 renders all ten states and reactions without mutating saved state
ok 438 - sakura/01 renders all ten states and reactions without mutating saved state
  ---
  duration_ms: 118.835864
  type: 'test'
  ...
# Subtest: sakura/02 renders all ten states and reactions without mutating saved state
ok 439 - sakura/02 renders all ten states and reactions without mutating saved state
  ---
  duration_ms: 116.759624
  type: 'test'
  ...
# Subtest: sakura/03 renders all ten states and reactions without mutating saved state
ok 440 - sakura/03 renders all ten states and reactions without mutating saved state
  ---
  duration_ms: 100.385768
  type: 'test'
  ...
# Subtest: sakura/04 renders all ten states and reactions without mutating saved state
ok 441 - sakura/04 renders all ten states and reactions without mutating saved state
  ---
  duration_ms: 119.51495
  type: 'test'
  ...
# Subtest: sakura/05 renders all ten states and reactions without mutating saved state
ok 442 - sakura/05 renders all ten states and reactions without mutating saved state
  ---
  duration_ms: 119.424236
  type: 'test'
  ...
# Subtest: sakura/06 renders all ten states and reactions without mutating saved state
ok 443 - sakura/06 renders all ten states and reactions without mutating saved state
  ---
  duration_ms: 118.025262
  type: 'test'
  ...
# Subtest: sakura/07 renders all ten states and reactions without mutating saved state
ok 444 - sakura/07 renders all ten states and reactions without mutating saved state
  ---
  duration_ms: 119.011523
  type: 'test'
  ...
# Subtest: sakura/08 renders all ten states and reactions without mutating saved state
ok 445 - sakura/08 renders all ten states and reactions without mutating saved state
  ---
  duration_ms: 113.924598
  type: 'test'
  ...
# Subtest: venus_flytrap/01 renders all ten states and reactions without mutating saved state
ok 446 - venus_flytrap/01 renders all ten states and reactions without mutating saved state
  ---
  duration_ms: 103.763347
  type: 'test'
  ...
# Subtest: venus_flytrap/02 renders all ten states and reactions without mutating saved state
ok 447 - venus_flytrap/02 renders all ten states and reactions without mutating saved state
  ---
  duration_ms: 120.520602
  type: 'test'
  ...
# Subtest: venus_flytrap/03 renders all ten states and reactions without mutating saved state
ok 448 - venus_flytrap/03 renders all ten states and reactions without mutating saved state
  ---
  duration_ms: 146.083444
  type: 'test'
  ...
# Subtest: venus_flytrap/04 renders all ten states and reactions without mutating saved state
ok 449 - venus_flytrap/04 renders all ten states and reactions without mutating saved state
  ---
  duration_ms: 119.678624
  type: 'test'
  ...
# Subtest: venus_flytrap/05 renders all ten states and reactions without mutating saved state
ok 450 - venus_flytrap/05 renders all ten states and reactions without mutating saved state
  ---
  duration_ms: 135.269449
  type: 'test'
  ...
# Subtest: venus_flytrap/06 renders all ten states and reactions without mutating saved state
ok 451 - venus_flytrap/06 renders all ten states and reactions without mutating saved state
  ---
  duration_ms: 134.878524
  type: 'test'
  ...
# Subtest: venus_flytrap/07 renders all ten states and reactions without mutating saved state
ok 452 - venus_flytrap/07 renders all ten states and reactions without mutating saved state
  ---
  duration_ms: 105.488576
  type: 'test'
  ...
# Subtest: venus_flytrap/08 renders all ten states and reactions without mutating saved state
ok 453 - venus_flytrap/08 renders all ten states and reactions without mutating saved state
  ---
  duration_ms: 122.253442
  type: 'test'
  ...
# Subtest: mushroom/01 renders all ten states and reactions without mutating saved state
ok 454 - mushroom/01 renders all ten states and reactions without mutating saved state
  ---
  duration_ms: 118.233741
  type: 'test'
  ...
# Subtest: mushroom/02 renders all ten states and reactions without mutating saved state
ok 455 - mushroom/02 renders all ten states and reactions without mutating saved state
  ---
  duration_ms: 131.738952
  type: 'test'
  ...
# Subtest: mushroom/03 renders all ten states and reactions without mutating saved state
ok 456 - mushroom/03 renders all ten states and reactions without mutating saved state
  ---
  duration_ms: 125.295554
  type: 'test'
  ...
# Subtest: mushroom/04 renders all ten states and reactions without mutating saved state
ok 457 - mushroom/04 renders all ten states and reactions without mutating saved state
  ---
  duration_ms: 126.777542
  type: 'test'
  ...
# Subtest: mushroom/05 renders all ten states and reactions without mutating saved state
ok 458 - mushroom/05 renders all ten states and reactions without mutating saved state
  ---
  duration_ms: 125.131817
  type: 'test'
  ...
# Subtest: mushroom/06 renders all ten states and reactions without mutating saved state
ok 459 - mushroom/06 renders all ten states and reactions without mutating saved state
  ---
  duration_ms: 122.364126
  type: 'test'
  ...
# Subtest: mushroom/07 renders all ten states and reactions without mutating saved state
ok 460 - mushroom/07 renders all ten states and reactions without mutating saved state
  ---
  duration_ms: 117.628943
  type: 'test'
  ...
# Subtest: mushroom/08 renders all ten states and reactions without mutating saved state
ok 461 - mushroom/08 renders all ten states and reactions without mutating saved state
  ---
  duration_ms: 116.43689
  type: 'test'
  ...
# Subtest: dragon/01 renders all ten states and reactions without mutating saved state
ok 462 - dragon/01 renders all ten states and reactions without mutating saved state
  ---
  duration_ms: 99.696435
  type: 'test'
  ...
# Subtest: dragon/02 renders all ten states and reactions without mutating saved state
ok 463 - dragon/02 renders all ten states and reactions without mutating saved state
  ---
  duration_ms: 114.365523
  type: 'test'
  ...
# Subtest: dragon/03 renders all ten states and reactions without mutating saved state
ok 464 - dragon/03 renders all ten states and reactions without mutating saved state
  ---
  duration_ms: 135.844973
  type: 'test'
  ...
# Subtest: dragon/04 renders all ten states and reactions without mutating saved state
ok 465 - dragon/04 renders all ten states and reactions without mutating saved state
  ---
  duration_ms: 129.920373
  type: 'test'
  ...
# Subtest: dragon/05 renders all ten states and reactions without mutating saved state
ok 466 - dragon/05 renders all ten states and reactions without mutating saved state
  ---
  duration_ms: 101.245573
  type: 'test'
  ...
# Subtest: dragon/06 renders all ten states and reactions without mutating saved state
ok 467 - dragon/06 renders all ten states and reactions without mutating saved state
  ---
  duration_ms: 110.848472
  type: 'test'
  ...
# Subtest: dragon/07 renders all ten states and reactions without mutating saved state
ok 468 - dragon/07 renders all ten states and reactions without mutating saved state
  ---
  duration_ms: 124.113052
  type: 'test'
  ...
# Subtest: dragon/08 renders all ten states and reactions without mutating saved state
ok 469 - dragon/08 renders all ten states and reactions without mutating saved state
  ---
  duration_ms: 127.229753
  type: 'test'
  ...
# Subtest: phoenix/01 renders all ten states and reactions without mutating saved state
ok 470 - phoenix/01 renders all ten states and reactions without mutating saved state
  ---
  duration_ms: 127.504996
  type: 'test'
  ...
# Subtest: phoenix/02 renders all ten states and reactions without mutating saved state
ok 471 - phoenix/02 renders all ten states and reactions without mutating saved state
  ---
  duration_ms: 141.853238
  type: 'test'
  ...
# Subtest: phoenix/03 renders all ten states and reactions without mutating saved state
ok 472 - phoenix/03 renders all ten states and reactions without mutating saved state
  ---
  duration_ms: 99.728192
  type: 'test'
  ...
# Subtest: phoenix/04 renders all ten states and reactions without mutating saved state
ok 473 - phoenix/04 renders all ten states and reactions without mutating saved state
  ---
  duration_ms: 116.50542
  type: 'test'
  ...
# Subtest: phoenix/05 renders all ten states and reactions without mutating saved state
ok 474 - phoenix/05 renders all ten states and reactions without mutating saved state
  ---
  duration_ms: 120.18042
  type: 'test'
  ...
# Subtest: phoenix/06 renders all ten states and reactions without mutating saved state
ok 475 - phoenix/06 renders all ten states and reactions without mutating saved state
  ---
  duration_ms: 95.708722
  type: 'test'
  ...
# Subtest: phoenix/07 renders all ten states and reactions without mutating saved state
ok 476 - phoenix/07 renders all ten states and reactions without mutating saved state
  ---
  duration_ms: 112.1752
  type: 'test'
  ...
# Subtest: phoenix/08 renders all ten states and reactions without mutating saved state
ok 477 - phoenix/08 renders all ten states and reactions without mutating saved state
  ---
  duration_ms: 114.734143
  type: 'test'
  ...
# Subtest: god/01 renders all ten states and reactions without mutating saved state
ok 478 - god/01 renders all ten states and reactions without mutating saved state
  ---
  duration_ms: 118.80468
  type: 'test'
  ...
# Subtest: god/02 renders all ten states and reactions without mutating saved state
ok 479 - god/02 renders all ten states and reactions without mutating saved state
  ---
  duration_ms: 114.98107
  type: 'test'
  ...
# Subtest: god/03 renders all ten states and reactions without mutating saved state
ok 480 - god/03 renders all ten states and reactions without mutating saved state
  ---
  duration_ms: 103.486676
  type: 'test'
  ...
# Subtest: god/04 renders all ten states and reactions without mutating saved state
ok 481 - god/04 renders all ten states and reactions without mutating saved state
  ---
  duration_ms: 129.663121
  type: 'test'
  ...
# Subtest: god/05 renders all ten states and reactions without mutating saved state
ok 482 - god/05 renders all ten states and reactions without mutating saved state
  ---
  duration_ms: 96.837386
  type: 'test'
  ...
# Subtest: god/06 renders all ten states and reactions without mutating saved state
ok 483 - god/06 renders all ten states and reactions without mutating saved state
  ---
  duration_ms: 111.485897
  type: 'test'
  ...
# Subtest: god/07 renders all ten states and reactions without mutating saved state
ok 484 - god/07 renders all ten states and reactions without mutating saved state
  ---
  duration_ms: 113.88814
  type: 'test'
  ...
# Subtest: god/08 renders all ten states and reactions without mutating saved state
ok 485 - god/08 renders all ten states and reactions without mutating saved state
  ---
  duration_ms: 129.909457
  type: 'test'
  ...
# Subtest: world_tree/01 renders all ten states and reactions without mutating saved state
ok 486 - world_tree/01 renders all ten states and reactions without mutating saved state
  ---
  duration_ms: 114.993212
  type: 'test'
  ...
# Subtest: world_tree/02 renders all ten states and reactions without mutating saved state
ok 487 - world_tree/02 renders all ten states and reactions without mutating saved state
  ---
  duration_ms: 117.736286
  type: 'test'
  ...
# Subtest: world_tree/03 renders all ten states and reactions without mutating saved state
ok 488 - world_tree/03 renders all ten states and reactions without mutating saved state
  ---
  duration_ms: 109.959463
  type: 'test'
  ...
# Subtest: world_tree/04 renders all ten states and reactions without mutating saved state
ok 489 - world_tree/04 renders all ten states and reactions without mutating saved state
  ---
  duration_ms: 113.453745
  type: 'test'
  ...
# Subtest: world_tree/05 renders all ten states and reactions without mutating saved state
ok 490 - world_tree/05 renders all ten states and reactions without mutating saved state
  ---
  duration_ms: 108.940894
  type: 'test'
  ...
# Subtest: world_tree/06 renders all ten states and reactions without mutating saved state
ok 491 - world_tree/06 renders all ten states and reactions without mutating saved state
  ---
  duration_ms: 95.237403
  type: 'test'
  ...
# Subtest: world_tree/07 renders all ten states and reactions without mutating saved state
ok 492 - world_tree/07 renders all ten states and reactions without mutating saved state
  ---
  duration_ms: 164.317084
  type: 'test'
  ...
# Subtest: world_tree/08 renders all ten states and reactions without mutating saved state
ok 493 - world_tree/08 renders all ten states and reactions without mutating saved state
  ---
  duration_ms: 107.489481
  type: 'test'
  ...
# Subtest: ghost/01 renders all ten states and reactions without mutating saved state
ok 494 - ghost/01 renders all ten states and reactions without mutating saved state
  ---
  duration_ms: 122.548552
  type: 'test'
  ...
# Subtest: ghost/02 renders all ten states and reactions without mutating saved state
ok 495 - ghost/02 renders all ten states and reactions without mutating saved state
  ---
  duration_ms: 122.341774
  type: 'test'
  ...
# Subtest: ghost/03 renders all ten states and reactions without mutating saved state
ok 496 - ghost/03 renders all ten states and reactions without mutating saved state
  ---
  duration_ms: 100.908923
  type: 'test'
  ...
# Subtest: ghost/04 renders all ten states and reactions without mutating saved state
ok 497 - ghost/04 renders all ten states and reactions without mutating saved state
  ---
  duration_ms: 114.503302
  type: 'test'
  ...
# Subtest: ghost/05 renders all ten states and reactions without mutating saved state
ok 498 - ghost/05 renders all ten states and reactions without mutating saved state
  ---
  duration_ms: 113.404502
  type: 'test'
  ...
# Subtest: ghost/06 renders all ten states and reactions without mutating saved state
ok 499 - ghost/06 renders all ten states and reactions without mutating saved state
  ---
  duration_ms: 135.709307
  type: 'test'
  ...
# Subtest: ghost/07 renders all ten states and reactions without mutating saved state
ok 500 - ghost/07 renders all ten states and reactions without mutating saved state
  ---
  duration_ms: 127.161792
  type: 'test'
  ...
# Subtest: ghost/08 renders all ten states and reactions without mutating saved state
ok 501 - ghost/08 renders all ten states and reactions without mutating saved state
  ---
  duration_ms: 123.891152
  type: 'test'
  ...
# Subtest: star/01 renders all ten states and reactions without mutating saved state
ok 502 - star/01 renders all ten states and reactions without mutating saved state
  ---
  duration_ms: 144.543968
  type: 'test'
  ...
# Subtest: star/02 renders all ten states and reactions without mutating saved state
ok 503 - star/02 renders all ten states and reactions without mutating saved state
  ---
  duration_ms: 112.153108
  type: 'test'
  ...
# Subtest: star/03 renders all ten states and reactions without mutating saved state
ok 504 - star/03 renders all ten states and reactions without mutating saved state
  ---
  duration_ms: 133.517427
  type: 'test'
  ...
# Subtest: star/04 renders all ten states and reactions without mutating saved state
ok 505 - star/04 renders all ten states and reactions without mutating saved state
  ---
  duration_ms: 122.14271
  type: 'test'
  ...
# Subtest: star/05 renders all ten states and reactions without mutating saved state
ok 506 - star/05 renders all ten states and reactions without mutating saved state
  ---
  duration_ms: 119.718165
  type: 'test'
  ...
# Subtest: star/06 renders all ten states and reactions without mutating saved state
ok 507 - star/06 renders all ten states and reactions without mutating saved state
  ---
  duration_ms: 126.599604
  type: 'test'
  ...
# Subtest: star/07 renders all ten states and reactions without mutating saved state
ok 508 - star/07 renders all ten states and reactions without mutating saved state
  ---
  duration_ms: 136.374323
  type: 'test'
  ...
# Subtest: star/08 renders all ten states and reactions without mutating saved state
ok 509 - star/08 renders all ten states and reactions without mutating saved state
  ---
  duration_ms: 122.386942
  type: 'test'
  ...
# Subtest: plush/01 renders all ten states and reactions without mutating saved state
ok 510 - plush/01 renders all ten states and reactions without mutating saved state
  ---
  duration_ms: 143.076336
  type: 'test'
  ...
# Subtest: plush/02 renders all ten states and reactions without mutating saved state
ok 511 - plush/02 renders all ten states and reactions without mutating saved state
  ---
  duration_ms: 161.670824
  type: 'test'
  ...
# Subtest: plush/03 renders all ten states and reactions without mutating saved state
ok 512 - plush/03 renders all ten states and reactions without mutating saved state
  ---
  duration_ms: 127.165943
  type: 'test'
  ...
# Subtest: plush/04 renders all ten states and reactions without mutating saved state
ok 513 - plush/04 renders all ten states and reactions without mutating saved state
  ---
  duration_ms: 129.484492
  type: 'test'
  ...
# Subtest: plush/05 renders all ten states and reactions without mutating saved state
ok 514 - plush/05 renders all ten states and reactions without mutating saved state
  ---
  duration_ms: 125.599181
  type: 'test'
  ...
# Subtest: plush/06 renders all ten states and reactions without mutating saved state
ok 515 - plush/06 renders all ten states and reactions without mutating saved state
  ---
  duration_ms: 120.066039
  type: 'test'
  ...
# Subtest: plush/07 renders all ten states and reactions without mutating saved state
ok 516 - plush/07 renders all ten states and reactions without mutating saved state
  ---
  duration_ms: 104.017196
  type: 'test'
  ...
# Subtest: plush/08 renders all ten states and reactions without mutating saved state
ok 517 - plush/08 renders all ten states and reactions without mutating saved state
  ---
  duration_ms: 127.329142
  type: 'test'
  ...
# Subtest: unknown/01 renders all ten states and reactions without mutating saved state
ok 518 - unknown/01 renders all ten states and reactions without mutating saved state
  ---
  duration_ms: 130.598706
  type: 'test'
  ...
# Subtest: unknown/02 renders all ten states and reactions without mutating saved state
ok 519 - unknown/02 renders all ten states and reactions without mutating saved state
  ---
  duration_ms: 145.946874
  type: 'test'
  ...
# Subtest: unknown/03 renders all ten states and reactions without mutating saved state
ok 520 - unknown/03 renders all ten states and reactions without mutating saved state
  ---
  duration_ms: 156.510111
  type: 'test'
  ...
# Subtest: unknown/04 renders all ten states and reactions without mutating saved state
ok 521 - unknown/04 renders all ten states and reactions without mutating saved state
  ---
  duration_ms: 101.055503
  type: 'test'
  ...
# Subtest: unknown/05 renders all ten states and reactions without mutating saved state
ok 522 - unknown/05 renders all ten states and reactions without mutating saved state
  ---
  duration_ms: 122.264619
  type: 'test'
  ...
# Subtest: unknown/06 renders all ten states and reactions without mutating saved state
ok 523 - unknown/06 renders all ten states and reactions without mutating saved state
  ---
  duration_ms: 114.265636
  type: 'test'
  ...
# Subtest: unknown/07 renders all ten states and reactions without mutating saved state
ok 524 - unknown/07 renders all ten states and reactions without mutating saved state
  ---
  duration_ms: 119.894304
  type: 'test'
  ...
# Subtest: unknown/08 renders all ten states and reactions without mutating saved state
ok 525 - unknown/08 renders all ten states and reactions without mutating saved state
  ---
  duration_ms: 115.766893
  type: 'test'
  ...
# Subtest: ren/01 renders all ten states and reactions without mutating saved state
ok 526 - ren/01 renders all ten states and reactions without mutating saved state
  ---
  duration_ms: 103.362524
  type: 'test'
  ...
# Subtest: ren/02 renders all ten states and reactions without mutating saved state
ok 527 - ren/02 renders all ten states and reactions without mutating saved state
  ---
  duration_ms: 127.284094
  type: 'test'
  ...
# Subtest: ren/03 renders all ten states and reactions without mutating saved state
ok 528 - ren/03 renders all ten states and reactions without mutating saved state
  ---
  duration_ms: 96.490752
  type: 'test'
  ...
# Subtest: ren/04 renders all ten states and reactions without mutating saved state
ok 529 - ren/04 renders all ten states and reactions without mutating saved state
  ---
  duration_ms: 109.815333
  type: 'test'
  ...
# Subtest: ren/05 renders all ten states and reactions without mutating saved state
ok 530 - ren/05 renders all ten states and reactions without mutating saved state
  ---
  duration_ms: 108.902961
  type: 'test'
  ...
# Subtest: ren/06 renders all ten states and reactions without mutating saved state
ok 531 - ren/06 renders all ten states and reactions without mutating saved state
  ---
  duration_ms: 110.120727
  type: 'test'
  ...
# Subtest: ren/07 renders all ten states and reactions without mutating saved state
ok 532 - ren/07 renders all ten states and reactions without mutating saved state
  ---
  duration_ms: 108.796373
  type: 'test'
  ...
# Subtest: ren/08 renders all ten states and reactions without mutating saved state
ok 533 - ren/08 renders all ten states and reactions without mutating saved state
  ---
  duration_ms: 115.438773
  type: 'test'
  ...
# Subtest: Home connects all fifteen food artworks without changing saved state
ok 534 - Home connects all fifteen food artworks without changing saved state
  ---
  duration_ms: 21.920274
  type: 'test'
  ...
# Subtest: static script exposes the frozen resolver on window
ok 535 - static script exposes the frozen resolver on window
  ---
  duration_ms: 23.970694
  type: 'test'
  ...
# Subtest: resolve maps every persistent home emotion to its approved face
ok 536 - resolve maps every persistent home emotion to its approved face
  ---
  duration_ms: 0.611667
  type: 'test'
  ...
# Subtest: resolve applies temporary, critical, and sleeping precedence
ok 537 - resolve applies temporary, critical, and sleeping precedence
  ---
  duration_ms: 0.132647
  type: 'test'
  ...
# Subtest: resolve safely ignores unknown and malformed values
ok 538 - resolve safely ignores unknown and malformed values
  ---
  duration_ms: 0.089943
  type: 'test'
  ...
# Subtest: assetFor allowlists adult-cat expression portraits only
ok 539 - assetFor allowlists adult-cat expression portraits only
  ---
  duration_ms: 1.316573
  type: 'test'
  ...
# Subtest: accentFor returns one static accessible-hidden SVG accent per non-normal adult-cat expression
ok 540 - accentFor returns one static accessible-hidden SVG accent per non-normal adult-cat expression
  ---
  duration_ms: 1.822404
  type: 'test'
  ...
# Subtest: reactionFor maps every approved semantic event and rejects unknown events
ok 541 - reactionFor maps every approved semantic event and rejects unknown events
  ---
  duration_ms: 0.244513
  type: 'test'
  ...
# Subtest: the frozen API leaves caller-owned values unchanged
ok 542 - the frozen API leaves caller-owned values unchanged
  ---
  duration_ms: 4.281912
  type: 'test'
  ...
# Subtest: sleeping uses three rising Z marks without a font or animation dependency
ok 543 - sleeping uses three rising Z marks without a font or animation dependency
  ---
  duration_ms: 0.43152
  type: 'test'
  ...
# Subtest: line-only state marks have a separate outline beneath their colored strokes
ok 544 - line-only state marks have a separate outline beneath their colored strokes
  ---
  duration_ms: 0.480703
  type: 'test'
  ...
# Subtest: kitten stage supports all ten expressions while other cat stages keep their base art
ok 545 - kitten stage supports all ten expressions while other cat stages keep their base art
  ---
  duration_ms: 0.602624
  type: 'test'
  ...
# Subtest: calling marks retain the two outlined strokes
ok 546 - calling marks retain the two outlined strokes
  ---
  duration_ms: 0.185125
  type: 'test'
  ...
# Subtest: otemba stage has ten faces and marks anchored near its left-hand head
ok 547 - otemba stage has ten faces and marks anchored near its left-hand head
  ---
  duration_ms: 0.273626
  type: 'test'
  ...
# Subtest: young stage has ten faces and marks anchored near its left-hand head
ok 548 - young stage has ten faces and marks anchored near its left-hand head
  ---
  duration_ms: 0.190763
  type: 'test'
  ...
# Subtest: calm stage has ten faces and marks anchored near its left-hand head
ok 549 - calm stage has ten faces and marks anchored near its left-hand head
  ---
  duration_ms: 0.254487
  type: 'test'
  ...
# Subtest: elder stage has ten faces and marks anchored near its left-hand head
ok 550 - elder stage has ten faces and marks anchored near its left-hand head
  ---
  duration_ms: 0.226236
  type: 'test'
  ...
# Subtest: toddler stage has ten faces and marks anchored near its left-hand head
ok 551 - toddler stage has ten faces and marks anchored near its left-hand head
  ---
  duration_ms: 0.173507
  type: 'test'
  ...
# Subtest: baby stage has ten faces and marks anchored near its left-hand head
ok 552 - baby stage has ten faces and marks anchored near its left-hand head
  ---
  duration_ms: 0.187899
  type: 'test'
  ...
# Subtest: adult dog supports ten expressions while unsupported species retain base portraits
ok 553 - adult dog supports ten expressions while unsupported species retain base portraits
  ---
  duration_ms: 0.2017
  type: 'test'
  ...
# Subtest: puppy supports ten expressions while unsupported species retain base portraits
ok 554 - puppy supports ten expressions while unsupported species retain base portraits
  ---
  duration_ms: 4.279208
  type: 'test'
  ...
# Subtest: wanpaku supports ten expressions while unsupported species retain base portraits
ok 555 - wanpaku supports ten expressions while unsupported species retain base portraits
  ---
  duration_ms: 0.223522
  type: 'test'
  ...
# Subtest: young dog supports ten expressions while unsupported species retain base portraits
ok 556 - young dog supports ten expressions while unsupported species retain base portraits
  ---
  duration_ms: 0.177864
  type: 'test'
  ...
# Subtest: young dog accents follow its upright head and hunger uses a food bowl
ok 557 - young dog accents follow its upright head and hunger uses a food bowl
  ---
  duration_ms: 0.099658
  type: 'test'
  ...
# Subtest: calm dog supports ten expressions while unsupported species retain base portraits
ok 558 - calm dog supports ten expressions while unsupported species retain base portraits
  ---
  duration_ms: 0.342818
  type: 'test'
  ...
# Subtest: calm dog accents follow its head and hunger uses a food bowl
ok 559 - calm dog accents follow its head and hunger uses a food bowl
  ---
  duration_ms: 0.12134
  type: 'test'
  ...
# Subtest: dog 01 routes ten expressions with approved milk/bowl hunger artwork
ok 560 - dog 01 routes ten expressions with approved milk/bowl hunger artwork
  ---
  duration_ms: 0.252325
  type: 'test'
  ...
# Subtest: dog 02 routes ten expressions with approved milk/bowl hunger artwork
ok 561 - dog 02 routes ten expressions with approved milk/bowl hunger artwork
  ---
  duration_ms: 0.070955
  type: 'test'
  ...
# Subtest: dog 08 routes ten expressions with approved milk/bowl hunger artwork
ok 562 - dog 08 routes ten expressions with approved milk/bowl hunger artwork
  ---
  duration_ms: 0.129983
  type: 'test'
  ...
# Subtest: man supports all eight stages with ten faces and age-appropriate milk/rice artwork
ok 563 - man supports all eight stages with ten faces and age-appropriate milk/rice artwork
  ---
  duration_ms: 0.941687
  type: 'test'
  ...
# Subtest: woman supports all eight stages with ten faces and age-appropriate milk/rice artwork
ok 564 - woman supports all eight stages with ten faces and age-appropriate milk/rice artwork
  ---
  duration_ms: 0.634001
  type: 'test'
  ...
# Subtest: sweat follows the face sides instead of the whole body
ok 565 - sweat follows the face sides instead of the whole body
  ---
  duration_ms: 0.357721
  type: 'test'
  ...
# Subtest: every observed face center lies within its normal sprite bounds
ok 566 - every observed face center lies within its normal sprite bounds
  ---
  duration_ms: 0.874617
  type: 'test'
  ...
# Subtest: cat/1 marks follow the approved face-relative directions
ok 567 - cat/1 marks follow the approved face-relative directions
  ---
  duration_ms: 0.437058
  type: 'test'
  ...
# Subtest: cat/2 marks follow the approved face-relative directions
ok 568 - cat/2 marks follow the approved face-relative directions
  ---
  duration_ms: 0.194969
  type: 'test'
  ...
# Subtest: cat/3 marks follow the approved face-relative directions
ok 569 - cat/3 marks follow the approved face-relative directions
  ---
  duration_ms: 0.167218
  type: 'test'
  ...
# Subtest: cat/4 marks follow the approved face-relative directions
ok 570 - cat/4 marks follow the approved face-relative directions
  ---
  duration_ms: 0.153658
  type: 'test'
  ...
# Subtest: cat/5 marks follow the approved face-relative directions
ok 571 - cat/5 marks follow the approved face-relative directions
  ---
  duration_ms: 0.191744
  type: 'test'
  ...
# Subtest: cat/6 marks follow the approved face-relative directions
ok 572 - cat/6 marks follow the approved face-relative directions
  ---
  duration_ms: 0.115782
  type: 'test'
  ...
# Subtest: cat/7 marks follow the approved face-relative directions
ok 573 - cat/7 marks follow the approved face-relative directions
  ---
  duration_ms: 0.139236
  type: 'test'
  ...
# Subtest: cat/8 marks follow the approved face-relative directions
ok 574 - cat/8 marks follow the approved face-relative directions
  ---
  duration_ms: 0.117244
  type: 'test'
  ...
# Subtest: dog/1 marks follow the approved face-relative directions
ok 575 - dog/1 marks follow the approved face-relative directions
  ---
  duration_ms: 0.106468
  type: 'test'
  ...
# Subtest: dog/2 marks follow the approved face-relative directions
ok 576 - dog/2 marks follow the approved face-relative directions
  ---
  duration_ms: 0.1014
  type: 'test'
  ...
# Subtest: dog/3 marks follow the approved face-relative directions
ok 577 - dog/3 marks follow the approved face-relative directions
  ---
  duration_ms: 0.115422
  type: 'test'
  ...
# Subtest: dog/4 marks follow the approved face-relative directions
ok 578 - dog/4 marks follow the approved face-relative directions
  ---
  duration_ms: 0.145946
  type: 'test'
  ...
# Subtest: dog/5 marks follow the approved face-relative directions
ok 579 - dog/5 marks follow the approved face-relative directions
  ---
  duration_ms: 0.093028
  type: 'test'
  ...
# Subtest: dog/6 marks follow the approved face-relative directions
ok 580 - dog/6 marks follow the approved face-relative directions
  ---
  duration_ms: 0.102743
  type: 'test'
  ...
# Subtest: dog/7 marks follow the approved face-relative directions
ok 581 - dog/7 marks follow the approved face-relative directions
  ---
  duration_ms: 0.139998
  type: 'test'
  ...
# Subtest: dog/8 marks follow the approved face-relative directions
ok 582 - dog/8 marks follow the approved face-relative directions
  ---
  duration_ms: 0.104965
  type: 'test'
  ...
# Subtest: man/1 marks follow the approved face-relative directions
ok 583 - man/1 marks follow the approved face-relative directions
  ---
  duration_ms: 0.104856
  type: 'test'
  ...
# Subtest: man/2 marks follow the approved face-relative directions
ok 584 - man/2 marks follow the approved face-relative directions
  ---
  duration_ms: 0.08719
  type: 'test'
  ...
# Subtest: man/3 marks follow the approved face-relative directions
ok 585 - man/3 marks follow the approved face-relative directions
  ---
  duration_ms: 0.084325
  type: 'test'
  ...
# Subtest: man/4 marks follow the approved face-relative directions
ok 586 - man/4 marks follow the approved face-relative directions
  ---
  duration_ms: 0.130394
  type: 'test'
  ...
# Subtest: man/5 marks follow the approved face-relative directions
ok 587 - man/5 marks follow the approved face-relative directions
  ---
  duration_ms: 0.119458
  type: 'test'
  ...
# Subtest: man/6 marks follow the approved face-relative directions
ok 588 - man/6 marks follow the approved face-relative directions
  ---
  duration_ms: 0.112748
  type: 'test'
  ...
# Subtest: man/7 marks follow the approved face-relative directions
ok 589 - man/7 marks follow the approved face-relative directions
  ---
  duration_ms: 0.113358
  type: 'test'
  ...
# Subtest: man/8 marks follow the approved face-relative directions
ok 590 - man/8 marks follow the approved face-relative directions
  ---
  duration_ms: 0.118816
  type: 'test'
  ...
# Subtest: woman/1 marks follow the approved face-relative directions
ok 591 - woman/1 marks follow the approved face-relative directions
  ---
  duration_ms: 0.115281
  type: 'test'
  ...
# Subtest: woman/2 marks follow the approved face-relative directions
ok 592 - woman/2 marks follow the approved face-relative directions
  ---
  duration_ms: 0.198094
  type: 'test'
  ...
# Subtest: woman/3 marks follow the approved face-relative directions
ok 593 - woman/3 marks follow the approved face-relative directions
  ---
  duration_ms: 0.145085
  type: 'test'
  ...
# Subtest: woman/4 marks follow the approved face-relative directions
ok 594 - woman/4 marks follow the approved face-relative directions
  ---
  duration_ms: 0.14834
  type: 'test'
  ...
# Subtest: woman/5 marks follow the approved face-relative directions
ok 595 - woman/5 marks follow the approved face-relative directions
  ---
  duration_ms: 0.205034
  type: 'test'
  ...
# Subtest: woman/6 marks follow the approved face-relative directions
ok 596 - woman/6 marks follow the approved face-relative directions
  ---
  duration_ms: 0.151585
  type: 'test'
  ...
# Subtest: woman/7 marks follow the approved face-relative directions
ok 597 - woman/7 marks follow the approved face-relative directions
  ---
  duration_ms: 0.309419
  type: 'test'
  ...
# Subtest: woman/8 marks follow the approved face-relative directions
ok 598 - woman/8 marks follow the approved face-relative directions
  ---
  duration_ms: 0.547903
  type: 'test'
  ...
# Subtest: penguin/1 marks follow the approved face-relative directions
ok 599 - penguin/1 marks follow the approved face-relative directions
  ---
  duration_ms: 0.230032
  type: 'test'
  ...
# Subtest: penguin/2 marks follow the approved face-relative directions
ok 600 - penguin/2 marks follow the approved face-relative directions
  ---
  duration_ms: 0.204844
  type: 'test'
  ...
# Subtest: penguin/3 marks follow the approved face-relative directions
ok 601 - penguin/3 marks follow the approved face-relative directions
  ---
  duration_ms: 0.110064
  type: 'test'
  ...
# Subtest: penguin/4 marks follow the approved face-relative directions
ok 602 - penguin/4 marks follow the approved face-relative directions
  ---
  duration_ms: 0.10834
  type: 'test'
  ...
# Subtest: penguin/5 marks follow the approved face-relative directions
ok 603 - penguin/5 marks follow the approved face-relative directions
  ---
  duration_ms: 0.153638
  type: 'test'
  ...
# Subtest: penguin/6 marks follow the approved face-relative directions
ok 604 - penguin/6 marks follow the approved face-relative directions
  ---
  duration_ms: 0.123023
  type: 'test'
  ...
# Subtest: penguin/7 marks follow the approved face-relative directions
ok 605 - penguin/7 marks follow the approved face-relative directions
  ---
  duration_ms: 0.176903
  type: 'test'
  ...
# Subtest: penguin/8 marks follow the approved face-relative directions
ok 606 - penguin/8 marks follow the approved face-relative directions
  ---
  duration_ms: 0.114239
  type: 'test'
  ...
# Subtest: turtle/1 marks follow the approved face-relative directions
ok 607 - turtle/1 marks follow the approved face-relative directions
  ---
  duration_ms: 0.110614
  type: 'test'
  ...
# Subtest: turtle/2 marks follow the approved face-relative directions
ok 608 - turtle/2 marks follow the approved face-relative directions
  ---
  duration_ms: 0.109453
  type: 'test'
  ...
# Subtest: turtle/3 marks follow the approved face-relative directions
ok 609 - turtle/3 marks follow the approved face-relative directions
  ---
  duration_ms: 0.14152
  type: 'test'
  ...
# Subtest: turtle/4 marks follow the approved face-relative directions
ok 610 - turtle/4 marks follow the approved face-relative directions
  ---
  duration_ms: 0.143042
  type: 'test'
  ...
# Subtest: turtle/5 marks follow the approved face-relative directions
ok 611 - turtle/5 marks follow the approved face-relative directions
  ---
  duration_ms: 0.171855
  type: 'test'
  ...
# Subtest: turtle/6 marks follow the approved face-relative directions
ok 612 - turtle/6 marks follow the approved face-relative directions
  ---
  duration_ms: 0.163333
  type: 'test'
  ...
# Subtest: turtle/7 marks follow the approved face-relative directions
ok 613 - turtle/7 marks follow the approved face-relative directions
  ---
  duration_ms: 0.123683
  type: 'test'
  ...
# Subtest: turtle/8 marks follow the approved face-relative directions
ok 614 - turtle/8 marks follow the approved face-relative directions
  ---
  duration_ms: 0.113118
  type: 'test'
  ...
# Subtest: frog/1 marks follow the approved face-relative directions
ok 615 - frog/1 marks follow the approved face-relative directions
  ---
  duration_ms: 0.106958
  type: 'test'
  ...
# Subtest: frog/2 marks follow the approved face-relative directions
ok 616 - frog/2 marks follow the approved face-relative directions
  ---
  duration_ms: 0.174529
  type: 'test'
  ...
# Subtest: frog/3 marks follow the approved face-relative directions
ok 617 - frog/3 marks follow the approved face-relative directions
  ---
  duration_ms: 0.150693
  type: 'test'
  ...
# Subtest: frog/4 marks follow the approved face-relative directions
ok 618 - frog/4 marks follow the approved face-relative directions
  ---
  duration_ms: 0.119448
  type: 'test'
  ...
# Subtest: frog/5 marks follow the approved face-relative directions
ok 619 - frog/5 marks follow the approved face-relative directions
  ---
  duration_ms: 0.122692
  type: 'test'
  ...
# Subtest: frog/6 marks follow the approved face-relative directions
ok 620 - frog/6 marks follow the approved face-relative directions
  ---
  duration_ms: 0.147969
  type: 'test'
  ...
# Subtest: frog/7 marks follow the approved face-relative directions
ok 621 - frog/7 marks follow the approved face-relative directions
  ---
  duration_ms: 0.127089
  type: 'test'
  ...
# Subtest: frog/8 marks follow the approved face-relative directions
ok 622 - frog/8 marks follow the approved face-relative directions
  ---
  duration_ms: 0.157534
  type: 'test'
  ...
# Subtest: clownfish/1 marks follow the approved face-relative directions
ok 623 - clownfish/1 marks follow the approved face-relative directions
  ---
  duration_ms: 0.156031
  type: 'test'
  ...
# Subtest: clownfish/2 marks follow the approved face-relative directions
ok 624 - clownfish/2 marks follow the approved face-relative directions
  ---
  duration_ms: 0.145025
  type: 'test'
  ...
# Subtest: clownfish/3 marks follow the approved face-relative directions
ok 625 - clownfish/3 marks follow the approved face-relative directions
  ---
  duration_ms: 0.175941
  type: 'test'
  ...
# Subtest: clownfish/4 marks follow the approved face-relative directions
ok 626 - clownfish/4 marks follow the approved face-relative directions
  ---
  duration_ms: 0.119677
  type: 'test'
  ...
# Subtest: clownfish/5 marks follow the approved face-relative directions
ok 627 - clownfish/5 marks follow the approved face-relative directions
  ---
  duration_ms: 0.137985
  type: 'test'
  ...
# Subtest: clownfish/6 marks follow the approved face-relative directions
ok 628 - clownfish/6 marks follow the approved face-relative directions
  ---
  duration_ms: 0.147469
  type: 'test'
  ...
# Subtest: clownfish/7 marks follow the approved face-relative directions
ok 629 - clownfish/7 marks follow the approved face-relative directions
  ---
  duration_ms: 0.206426
  type: 'test'
  ...
# Subtest: clownfish/8 marks follow the approved face-relative directions
ok 630 - clownfish/8 marks follow the approved face-relative directions
  ---
  duration_ms: 0.125607
  type: 'test'
  ...
# Subtest: salmon/1 marks follow the approved face-relative directions
ok 631 - salmon/1 marks follow the approved face-relative directions
  ---
  duration_ms: 0.113919
  type: 'test'
  ...
# Subtest: salmon/2 marks follow the approved face-relative directions
ok 632 - salmon/2 marks follow the approved face-relative directions
  ---
  duration_ms: 0.102902
  type: 'test'
  ...
# Subtest: salmon/3 marks follow the approved face-relative directions
ok 633 - salmon/3 marks follow the approved face-relative directions
  ---
  duration_ms: 0.097465
  type: 'test'
  ...
# Subtest: salmon/4 marks follow the approved face-relative directions
ok 634 - salmon/4 marks follow the approved face-relative directions
  ---
  duration_ms: 0.121009
  type: 'test'
  ...
# Subtest: salmon/5 marks follow the approved face-relative directions
ok 635 - salmon/5 marks follow the approved face-relative directions
  ---
  duration_ms: 0.138766
  type: 'test'
  ...
# Subtest: salmon/6 marks follow the approved face-relative directions
ok 636 - salmon/6 marks follow the approved face-relative directions
  ---
  duration_ms: 0.097775
  type: 'test'
  ...
# Subtest: salmon/7 marks follow the approved face-relative directions
ok 637 - salmon/7 marks follow the approved face-relative directions
  ---
  duration_ms: 0.100549
  type: 'test'
  ...
# Subtest: salmon/8 marks follow the approved face-relative directions
ok 638 - salmon/8 marks follow the approved face-relative directions
  ---
  duration_ms: 0.106157
  type: 'test'
  ...
# Subtest: hermit_crab/1 marks follow the approved face-relative directions
ok 639 - hermit_crab/1 marks follow the approved face-relative directions
  ---
  duration_ms: 0.122922
  type: 'test'
  ...
# Subtest: hermit_crab/2 marks follow the approved face-relative directions
ok 640 - hermit_crab/2 marks follow the approved face-relative directions
  ---
  duration_ms: 0.10116
  type: 'test'
  ...
# Subtest: hermit_crab/3 marks follow the approved face-relative directions
ok 641 - hermit_crab/3 marks follow the approved face-relative directions
  ---
  duration_ms: 0.092387
  type: 'test'
  ...
# Subtest: hermit_crab/4 marks follow the approved face-relative directions
ok 642 - hermit_crab/4 marks follow the approved face-relative directions
  ---
  duration_ms: 0.092337
  type: 'test'
  ...
# Subtest: hermit_crab/5 marks follow the approved face-relative directions
ok 643 - hermit_crab/5 marks follow the approved face-relative directions
  ---
  duration_ms: 0.13503
  type: 'test'
  ...
# Subtest: hermit_crab/6 marks follow the approved face-relative directions
ok 644 - hermit_crab/6 marks follow the approved face-relative directions
  ---
  duration_ms: 0.099317
  type: 'test'
  ...
# Subtest: hermit_crab/7 marks follow the approved face-relative directions
ok 645 - hermit_crab/7 marks follow the approved face-relative directions
  ---
  duration_ms: 0.111385
  type: 'test'
  ...
# Subtest: hermit_crab/8 marks follow the approved face-relative directions
ok 646 - hermit_crab/8 marks follow the approved face-relative directions
  ---
  duration_ms: 0.105957
  type: 'test'
  ...
# Subtest: jellyfish/1 marks follow the approved face-relative directions
ok 647 - jellyfish/1 marks follow the approved face-relative directions
  ---
  duration_ms: 0.111936
  type: 'test'
  ...
# Subtest: jellyfish/2 marks follow the approved face-relative directions
ok 648 - jellyfish/2 marks follow the approved face-relative directions
  ---
  duration_ms: 0.135501
  type: 'test'
  ...
# Subtest: jellyfish/3 marks follow the approved face-relative directions
ok 649 - jellyfish/3 marks follow the approved face-relative directions
  ---
  duration_ms: 0.141249
  type: 'test'
  ...
# Subtest: jellyfish/4 marks follow the approved face-relative directions
ok 650 - jellyfish/4 marks follow the approved face-relative directions
  ---
  duration_ms: 0.191394
  type: 'test'
  ...
# Subtest: jellyfish/5 marks follow the approved face-relative directions
ok 651 - jellyfish/5 marks follow the approved face-relative directions
  ---
  duration_ms: 0.182271
  type: 'test'
  ...
# Subtest: jellyfish/6 marks follow the approved face-relative directions
ok 652 - jellyfish/6 marks follow the approved face-relative directions
  ---
  duration_ms: 0.110214
  type: 'test'
  ...
# Subtest: jellyfish/7 marks follow the approved face-relative directions
ok 653 - jellyfish/7 marks follow the approved face-relative directions
  ---
  duration_ms: 0.147399
  type: 'test'
  ...
# Subtest: jellyfish/8 marks follow the approved face-relative directions
ok 654 - jellyfish/8 marks follow the approved face-relative directions
  ---
  duration_ms: 0.095131
  type: 'test'
  ...
# Subtest: starfish/1 marks follow the approved face-relative directions
ok 655 - starfish/1 marks follow the approved face-relative directions
  ---
  duration_ms: 0.095822
  type: 'test'
  ...
# Subtest: starfish/2 marks follow the approved face-relative directions
ok 656 - starfish/2 marks follow the approved face-relative directions
  ---
  duration_ms: 0.157283
  type: 'test'
  ...
# Subtest: starfish/3 marks follow the approved face-relative directions
ok 657 - starfish/3 marks follow the approved face-relative directions
  ---
  duration_ms: 0.120769
  type: 'test'
  ...
# Subtest: starfish/4 marks follow the approved face-relative directions
ok 658 - starfish/4 marks follow the approved face-relative directions
  ---
  duration_ms: 0.138635
  type: 'test'
  ...
# Subtest: starfish/5 marks follow the approved face-relative directions
ok 659 - starfish/5 marks follow the approved face-relative directions
  ---
  duration_ms: 0.108601
  type: 'test'
  ...
# Subtest: starfish/6 marks follow the approved face-relative directions
ok 660 - starfish/6 marks follow the approved face-relative directions
  ---
  duration_ms: 0.136753
  type: 'test'
  ...
# Subtest: starfish/7 marks follow the approved face-relative directions
ok 661 - starfish/7 marks follow the approved face-relative directions
  ---
  duration_ms: 0.116503
  type: 'test'
  ...
# Subtest: starfish/8 marks follow the approved face-relative directions
ok 662 - starfish/8 marks follow the approved face-relative directions
  ---
  duration_ms: 0.183312
  type: 'test'
  ...
# Subtest: coral/1 marks follow the approved face-relative directions
ok 663 - coral/1 marks follow the approved face-relative directions
  ---
  duration_ms: 0.158195
  type: 'test'
  ...
# Subtest: coral/2 marks follow the approved face-relative directions
ok 664 - coral/2 marks follow the approved face-relative directions
  ---
  duration_ms: 0.106498
  type: 'test'
  ...
# Subtest: coral/3 marks follow the approved face-relative directions
ok 665 - coral/3 marks follow the approved face-relative directions
  ---
  duration_ms: 0.517637
  type: 'test'
  ...
# Subtest: coral/4 marks follow the approved face-relative directions
ok 666 - coral/4 marks follow the approved face-relative directions
  ---
  duration_ms: 0.194369
  type: 'test'
  ...
# Subtest: coral/5 marks follow the approved face-relative directions
ok 667 - coral/5 marks follow the approved face-relative directions
  ---
  duration_ms: 0.099288
  type: 'test'
  ...
# Subtest: coral/6 marks follow the approved face-relative directions
ok 668 - coral/6 marks follow the approved face-relative directions
  ---
  duration_ms: 0.102622
  type: 'test'
  ...
# Subtest: coral/7 marks follow the approved face-relative directions
ok 669 - coral/7 marks follow the approved face-relative directions
  ---
  duration_ms: 0.14782
  type: 'test'
  ...
# Subtest: coral/8 marks follow the approved face-relative directions
ok 670 - coral/8 marks follow the approved face-relative directions
  ---
  duration_ms: 0.126547
  type: 'test'
  ...
# Subtest: butterfly/1 marks follow the approved face-relative directions
ok 671 - butterfly/1 marks follow the approved face-relative directions
  ---
  duration_ms: 0.145656
  type: 'test'
  ...
# Subtest: butterfly/2 marks follow the approved face-relative directions
ok 672 - butterfly/2 marks follow the approved face-relative directions
  ---
  duration_ms: 0.207147
  type: 'test'
  ...
# Subtest: butterfly/3 marks follow the approved face-relative directions
ok 673 - butterfly/3 marks follow the approved face-relative directions
  ---
  duration_ms: 7.221644
  type: 'test'
  ...
# Subtest: butterfly/4 marks follow the approved face-relative directions
ok 674 - butterfly/4 marks follow the approved face-relative directions
  ---
  duration_ms: 0.344311
  type: 'test'
  ...
# Subtest: butterfly/5 marks follow the approved face-relative directions
ok 675 - butterfly/5 marks follow the approved face-relative directions
  ---
  duration_ms: 0.272705
  type: 'test'
  ...
# Subtest: butterfly/6 marks follow the approved face-relative directions
ok 676 - butterfly/6 marks follow the approved face-relative directions
  ---
  duration_ms: 0.17553
  type: 'test'
  ...
# Subtest: butterfly/7 marks follow the approved face-relative directions
ok 677 - butterfly/7 marks follow the approved face-relative directions
  ---
  duration_ms: 0.116643
  type: 'test'
  ...
# Subtest: butterfly/8 marks follow the approved face-relative directions
ok 678 - butterfly/8 marks follow the approved face-relative directions
  ---
  duration_ms: 0.075151
  type: 'test'
  ...
# Subtest: beetle/1 marks follow the approved face-relative directions
ok 679 - beetle/1 marks follow the approved face-relative directions
  ---
  duration_ms: 0.824003
  type: 'test'
  ...
# Subtest: beetle/2 marks follow the approved face-relative directions
ok 680 - beetle/2 marks follow the approved face-relative directions
  ---
  duration_ms: 1.861411
  type: 'test'
  ...
# Subtest: beetle/3 marks follow the approved face-relative directions
ok 681 - beetle/3 marks follow the approved face-relative directions
  ---
  duration_ms: 0.101381
  type: 'test'
  ...
# Subtest: beetle/4 marks follow the approved face-relative directions
ok 682 - beetle/4 marks follow the approved face-relative directions
  ---
  duration_ms: 0.079999
  type: 'test'
  ...
# Subtest: beetle/5 marks follow the approved face-relative directions
ok 683 - beetle/5 marks follow the approved face-relative directions
  ---
  duration_ms: 0.084104
  type: 'test'
  ...
# Subtest: beetle/6 marks follow the approved face-relative directions
ok 684 - beetle/6 marks follow the approved face-relative directions
  ---
  duration_ms: 0.070284
  type: 'test'
  ...
# Subtest: beetle/7 marks follow the approved face-relative directions
ok 685 - beetle/7 marks follow the approved face-relative directions
  ---
  duration_ms: 0.08117
  type: 'test'
  ...
# Subtest: beetle/8 marks follow the approved face-relative directions
ok 686 - beetle/8 marks follow the approved face-relative directions
  ---
  duration_ms: 0.118806
  type: 'test'
  ...
# Subtest: stagbeetle/1 marks follow the approved face-relative directions
ok 687 - stagbeetle/1 marks follow the approved face-relative directions
  ---
  duration_ms: 0.084425
  type: 'test'
  ...
# Subtest: stagbeetle/2 marks follow the approved face-relative directions
ok 688 - stagbeetle/2 marks follow the approved face-relative directions
  ---
  duration_ms: 0.076403
  type: 'test'
  ...
# Subtest: stagbeetle/3 marks follow the approved face-relative directions
ok 689 - stagbeetle/3 marks follow the approved face-relative directions
  ---
  duration_ms: 0.087159
  type: 'test'
  ...
# Subtest: stagbeetle/4 marks follow the approved face-relative directions
ok 690 - stagbeetle/4 marks follow the approved face-relative directions
  ---
  duration_ms: 0.097234
  type: 'test'
  ...
# Subtest: stagbeetle/5 marks follow the approved face-relative directions
ok 691 - stagbeetle/5 marks follow the approved face-relative directions
  ---
  duration_ms: 0.108862
  type: 'test'
  ...
# Subtest: stagbeetle/6 marks follow the approved face-relative directions
ok 692 - stagbeetle/6 marks follow the approved face-relative directions
  ---
  duration_ms: 0.113869
  type: 'test'
  ...
# Subtest: stagbeetle/7 marks follow the approved face-relative directions
ok 693 - stagbeetle/7 marks follow the approved face-relative directions
  ---
  duration_ms: 0.168941
  type: 'test'
  ...
# Subtest: stagbeetle/8 marks follow the approved face-relative directions
ok 694 - stagbeetle/8 marks follow the approved face-relative directions
  ---
  duration_ms: 0.157413
  type: 'test'
  ...
# Subtest: cicada/1 marks follow the approved face-relative directions
ok 695 - cicada/1 marks follow the approved face-relative directions
  ---
  duration_ms: 0.111455
  type: 'test'
  ...
# Subtest: cicada/2 marks follow the approved face-relative directions
ok 696 - cicada/2 marks follow the approved face-relative directions
  ---
  duration_ms: 0.362728
  type: 'test'
  ...
# Subtest: cicada/3 marks follow the approved face-relative directions
ok 697 - cicada/3 marks follow the approved face-relative directions
  ---
  duration_ms: 0.619599
  type: 'test'
  ...
# Subtest: cicada/4 marks follow the approved face-relative directions
ok 698 - cicada/4 marks follow the approved face-relative directions
  ---
  duration_ms: 1.917655
  type: 'test'
  ...
# Subtest: cicada/5 marks follow the approved face-relative directions
ok 699 - cicada/5 marks follow the approved face-relative directions
  ---
  duration_ms: 0.136512
  type: 'test'
  ...
# Subtest: cicada/6 marks follow the approved face-relative directions
ok 700 - cicada/6 marks follow the approved face-relative directions
  ---
  duration_ms: 0.10145
  type: 'test'
  ...
# Subtest: cicada/7 marks follow the approved face-relative directions
ok 701 - cicada/7 marks follow the approved face-relative directions
  ---
  duration_ms: 0.101711
  type: 'test'
  ...
# Subtest: cicada/8 marks follow the approved face-relative directions
ok 702 - cicada/8 marks follow the approved face-relative directions
  ---
  duration_ms: 0.15505
  type: 'test'
  ...
# Subtest: antlion/1 marks follow the approved face-relative directions
ok 703 - antlion/1 marks follow the approved face-relative directions
  ---
  duration_ms: 0.111896
  type: 'test'
  ...
# Subtest: antlion/2 marks follow the approved face-relative directions
ok 704 - antlion/2 marks follow the approved face-relative directions
  ---
  duration_ms: 0.168871
  type: 'test'
  ...
# Subtest: antlion/3 marks follow the approved face-relative directions
ok 705 - antlion/3 marks follow the approved face-relative directions
  ---
  duration_ms: 0.116983
  type: 'test'
  ...
# Subtest: antlion/4 marks follow the approved face-relative directions
ok 706 - antlion/4 marks follow the approved face-relative directions
  ---
  duration_ms: 0.126748
  type: 'test'
  ...
# Subtest: antlion/5 marks follow the approved face-relative directions
ok 707 - antlion/5 marks follow the approved face-relative directions
  ---
  duration_ms: 0.12112
  type: 'test'
  ...
# Subtest: antlion/6 marks follow the approved face-relative directions
ok 708 - antlion/6 marks follow the approved face-relative directions
  ---
  duration_ms: 0.097665
  type: 'test'
  ...
# Subtest: antlion/7 marks follow the approved face-relative directions
ok 709 - antlion/7 marks follow the approved face-relative directions
  ---
  duration_ms: 0.129642
  type: 'test'
  ...
# Subtest: antlion/8 marks follow the approved face-relative directions
ok 710 - antlion/8 marks follow the approved face-relative directions
  ---
  duration_ms: 0.09449
  type: 'test'
  ...
# Subtest: dandelion/1 marks follow the approved face-relative directions
ok 711 - dandelion/1 marks follow the approved face-relative directions
  ---
  duration_ms: 0.085307
  type: 'test'
  ...
# Subtest: dandelion/2 marks follow the approved face-relative directions
ok 712 - dandelion/2 marks follow the approved face-relative directions
  ---
  duration_ms: 0.081451
  type: 'test'
  ...
# Subtest: dandelion/3 marks follow the approved face-relative directions
ok 713 - dandelion/3 marks follow the approved face-relative directions
  ---
  duration_ms: 0.082012
  type: 'test'
  ...
# Subtest: dandelion/4 marks follow the approved face-relative directions
ok 714 - dandelion/4 marks follow the approved face-relative directions
  ---
  duration_ms: 0.090785
  type: 'test'
  ...
# Subtest: dandelion/5 marks follow the approved face-relative directions
ok 715 - dandelion/5 marks follow the approved face-relative directions
  ---
  duration_ms: 0.092347
  type: 'test'
  ...
# Subtest: dandelion/6 marks follow the approved face-relative directions
ok 716 - dandelion/6 marks follow the approved face-relative directions
  ---
  duration_ms: 0.090495
  type: 'test'
  ...
# Subtest: dandelion/7 marks follow the approved face-relative directions
ok 717 - dandelion/7 marks follow the approved face-relative directions
  ---
  duration_ms: 0.098066
  type: 'test'
  ...
# Subtest: dandelion/8 marks follow the approved face-relative directions
ok 718 - dandelion/8 marks follow the approved face-relative directions
  ---
  duration_ms: 0.10819
  type: 'test'
  ...
# Subtest: sakura/1 marks follow the approved face-relative directions
ok 719 - sakura/1 marks follow the approved face-relative directions
  ---
  duration_ms: 0.104374
  type: 'test'
  ...
# Subtest: sakura/2 marks follow the approved face-relative directions
ok 720 - sakura/2 marks follow the approved face-relative directions
  ---
  duration_ms: 0.139197
  type: 'test'
  ...
# Subtest: sakura/3 marks follow the approved face-relative directions
ok 721 - sakura/3 marks follow the approved face-relative directions
  ---
  duration_ms: 0.906305
  type: 'test'
  ...
# Subtest: sakura/4 marks follow the approved face-relative directions
ok 722 - sakura/4 marks follow the approved face-relative directions
  ---
  duration_ms: 0.122241
  type: 'test'
  ...
# Subtest: sakura/5 marks follow the approved face-relative directions
ok 723 - sakura/5 marks follow the approved face-relative directions
  ---
  duration_ms: 0.132978
  type: 'test'
  ...
# Subtest: sakura/6 marks follow the approved face-relative directions
ok 724 - sakura/6 marks follow the approved face-relative directions
  ---
  duration_ms: 0.159055
  type: 'test'
  ...
# Subtest: sakura/7 marks follow the approved face-relative directions
ok 725 - sakura/7 marks follow the approved face-relative directions
  ---
  duration_ms: 0.118486
  type: 'test'
  ...
# Subtest: sakura/8 marks follow the approved face-relative directions
ok 726 - sakura/8 marks follow the approved face-relative directions
  ---
  duration_ms: 0.110214
  type: 'test'
  ...
# Subtest: venus_flytrap/1 marks follow the approved face-relative directions
ok 727 - venus_flytrap/1 marks follow the approved face-relative directions
  ---
  duration_ms: 0.10778
  type: 'test'
  ...
# Subtest: venus_flytrap/2 marks follow the approved face-relative directions
ok 728 - venus_flytrap/2 marks follow the approved face-relative directions
  ---
  duration_ms: 0.106087
  type: 'test'
  ...
# Subtest: venus_flytrap/3 marks follow the approved face-relative directions
ok 729 - venus_flytrap/3 marks follow the approved face-relative directions
  ---
  duration_ms: 0.09463
  type: 'test'
  ...
# Subtest: venus_flytrap/4 marks follow the approved face-relative directions
ok 730 - venus_flytrap/4 marks follow the approved face-relative directions
  ---
  duration_ms: 0.108581
  type: 'test'
  ...
# Subtest: venus_flytrap/5 marks follow the approved face-relative directions
ok 731 - venus_flytrap/5 marks follow the approved face-relative directions
  ---
  duration_ms: 0.084726
  type: 'test'
  ...
# Subtest: venus_flytrap/6 marks follow the approved face-relative directions
ok 732 - venus_flytrap/6 marks follow the approved face-relative directions
  ---
  duration_ms: 0.156582
  type: 'test'
  ...
# Subtest: venus_flytrap/7 marks follow the approved face-relative directions
ok 733 - venus_flytrap/7 marks follow the approved face-relative directions
  ---
  duration_ms: 0.102512
  type: 'test'
  ...
# Subtest: venus_flytrap/8 marks follow the approved face-relative directions
ok 734 - venus_flytrap/8 marks follow the approved face-relative directions
  ---
  duration_ms: 0.087079
  type: 'test'
  ...
# Subtest: mushroom/1 marks follow the approved face-relative directions
ok 735 - mushroom/1 marks follow the approved face-relative directions
  ---
  duration_ms: 0.10787
  type: 'test'
  ...
# Subtest: mushroom/2 marks follow the approved face-relative directions
ok 736 - mushroom/2 marks follow the approved face-relative directions
  ---
  duration_ms: 0.104185
  type: 'test'
  ...
# Subtest: mushroom/3 marks follow the approved face-relative directions
ok 737 - mushroom/3 marks follow the approved face-relative directions
  ---
  duration_ms: 0.138977
  type: 'test'
  ...
# Subtest: mushroom/4 marks follow the approved face-relative directions
ok 738 - mushroom/4 marks follow the approved face-relative directions
  ---
  duration_ms: 0.10808
  type: 'test'
  ...
# Subtest: mushroom/5 marks follow the approved face-relative directions
ok 739 - mushroom/5 marks follow the approved face-relative directions
  ---
  duration_ms: 0.142892
  type: 'test'
  ...
# Subtest: mushroom/6 marks follow the approved face-relative directions
ok 740 - mushroom/6 marks follow the approved face-relative directions
  ---
  duration_ms: 0.14874
  type: 'test'
  ...
# Subtest: mushroom/7 marks follow the approved face-relative directions
ok 741 - mushroom/7 marks follow the approved face-relative directions
  ---
  duration_ms: 0.108211
  type: 'test'
  ...
# Subtest: mushroom/8 marks follow the approved face-relative directions
ok 742 - mushroom/8 marks follow the approved face-relative directions
  ---
  duration_ms: 0.096013
  type: 'test'
  ...
# Subtest: dragon/1 marks follow the approved face-relative directions
ok 743 - dragon/1 marks follow the approved face-relative directions
  ---
  duration_ms: 0.124565
  type: 'test'
  ...
# Subtest: dragon/2 marks follow the approved face-relative directions
ok 744 - dragon/2 marks follow the approved face-relative directions
  ---
  duration_ms: 0.104656
  type: 'test'
  ...
# Subtest: dragon/3 marks follow the approved face-relative directions
ok 745 - dragon/3 marks follow the approved face-relative directions
  ---
  duration_ms: 0.149612
  type: 'test'
  ...
# Subtest: dragon/4 marks follow the approved face-relative directions
ok 746 - dragon/4 marks follow the approved face-relative directions
  ---
  duration_ms: 0.110314
  type: 'test'
  ...
# Subtest: dragon/5 marks follow the approved face-relative directions
ok 747 - dragon/5 marks follow the approved face-relative directions
  ---
  duration_ms: 0.122021
  type: 'test'
  ...
# Subtest: dragon/6 marks follow the approved face-relative directions
ok 748 - dragon/6 marks follow the approved face-relative directions
  ---
  duration_ms: 0.213257
  type: 'test'
  ...
# Subtest: dragon/7 marks follow the approved face-relative directions
ok 749 - dragon/7 marks follow the approved face-relative directions
  ---
  duration_ms: 0.19556
  type: 'test'
  ...
# Subtest: dragon/8 marks follow the approved face-relative directions
ok 750 - dragon/8 marks follow the approved face-relative directions
  ---
  duration_ms: 4.811789
  type: 'test'
  ...
# Subtest: phoenix/1 marks follow the approved face-relative directions
ok 751 - phoenix/1 marks follow the approved face-relative directions
  ---
  duration_ms: 0.197493
  type: 'test'
  ...
# Subtest: phoenix/2 marks follow the approved face-relative directions
ok 752 - phoenix/2 marks follow the approved face-relative directions
  ---
  duration_ms: 0.130393
  type: 'test'
  ...
# Subtest: phoenix/3 marks follow the approved face-relative directions
ok 753 - phoenix/3 marks follow the approved face-relative directions
  ---
  duration_ms: 0.129843
  type: 'test'
  ...
# Subtest: phoenix/4 marks follow the approved face-relative directions
ok 754 - phoenix/4 marks follow the approved face-relative directions
  ---
  duration_ms: 0.106679
  type: 'test'
  ...
# Subtest: phoenix/5 marks follow the approved face-relative directions
ok 755 - phoenix/5 marks follow the approved face-relative directions
  ---
  duration_ms: 0.109833
  type: 'test'
  ...
# Subtest: phoenix/6 marks follow the approved face-relative directions
ok 756 - phoenix/6 marks follow the approved face-relative directions
  ---
  duration_ms: 0.111996
  type: 'test'
  ...
# Subtest: phoenix/7 marks follow the approved face-relative directions
ok 757 - phoenix/7 marks follow the approved face-relative directions
  ---
  duration_ms: 0.172826
  type: 'test'
  ...
# Subtest: phoenix/8 marks follow the approved face-relative directions
ok 758 - phoenix/8 marks follow the approved face-relative directions
  ---
  duration_ms: 0.157904
  type: 'test'
  ...
# Subtest: god/1 marks follow the approved face-relative directions
ok 759 - god/1 marks follow the approved face-relative directions
  ---
  duration_ms: 0.122151
  type: 'test'
  ...
# Subtest: god/2 marks follow the approved face-relative directions
ok 760 - god/2 marks follow the approved face-relative directions
  ---
  duration_ms: 0.159647
  type: 'test'
  ...
# Subtest: god/3 marks follow the approved face-relative directions
ok 761 - god/3 marks follow the approved face-relative directions
  ---
  duration_ms: 0.125756
  type: 'test'
  ...
# Subtest: god/4 marks follow the approved face-relative directions
ok 762 - god/4 marks follow the approved face-relative directions
  ---
  duration_ms: 0.125856
  type: 'test'
  ...
# Subtest: god/5 marks follow the approved face-relative directions
ok 763 - god/5 marks follow the approved face-relative directions
  ---
  duration_ms: 0.117013
  type: 'test'
  ...
# Subtest: god/6 marks follow the approved face-relative directions
ok 764 - god/6 marks follow the approved face-relative directions
  ---
  duration_ms: 0.256691
  type: 'test'
  ...
# Subtest: god/7 marks follow the approved face-relative directions
ok 765 - god/7 marks follow the approved face-relative directions
  ---
  duration_ms: 0.125776
  type: 'test'
  ...
# Subtest: god/8 marks follow the approved face-relative directions
ok 766 - god/8 marks follow the approved face-relative directions
  ---
  duration_ms: 0.124295
  type: 'test'
  ...
# Subtest: world_tree/1 marks follow the approved face-relative directions
ok 767 - world_tree/1 marks follow the approved face-relative directions
  ---
  duration_ms: 0.124905
  type: 'test'
  ...
# Subtest: world_tree/2 marks follow the approved face-relative directions
ok 768 - world_tree/2 marks follow the approved face-relative directions
  ---
  duration_ms: 0.116543
  type: 'test'
  ...
# Subtest: world_tree/3 marks follow the approved face-relative directions
ok 769 - world_tree/3 marks follow the approved face-relative directions
  ---
  duration_ms: 0.116353
  type: 'test'
  ...
# Subtest: world_tree/4 marks follow the approved face-relative directions
ok 770 - world_tree/4 marks follow the approved face-relative directions
  ---
  duration_ms: 0.284622
  type: 'test'
  ...
# Subtest: world_tree/5 marks follow the approved face-relative directions
ok 771 - world_tree/5 marks follow the approved face-relative directions
  ---
  duration_ms: 0.107179
  type: 'test'
  ...
# Subtest: world_tree/6 marks follow the approved face-relative directions
ok 772 - world_tree/6 marks follow the approved face-relative directions
  ---
  duration_ms: 0.102902
  type: 'test'
  ...
# Subtest: world_tree/7 marks follow the approved face-relative directions
ok 773 - world_tree/7 marks follow the approved face-relative directions
  ---
  duration_ms: 0.108821
  type: 'test'
  ...
# Subtest: world_tree/8 marks follow the approved face-relative directions
ok 774 - world_tree/8 marks follow the approved face-relative directions
  ---
  duration_ms: 0.110123
  type: 'test'
  ...
# Subtest: ghost/1 marks follow the approved face-relative directions
ok 775 - ghost/1 marks follow the approved face-relative directions
  ---
  duration_ms: 0.160418
  type: 'test'
  ...
# Subtest: ghost/2 marks follow the approved face-relative directions
ok 776 - ghost/2 marks follow the approved face-relative directions
  ---
  duration_ms: 0.115742
  type: 'test'
  ...
# Subtest: ghost/3 marks follow the approved face-relative directions
ok 777 - ghost/3 marks follow the approved face-relative directions
  ---
  duration_ms: 0.095521
  type: 'test'
  ...
# Subtest: ghost/4 marks follow the approved face-relative directions
ok 778 - ghost/4 marks follow the approved face-relative directions
  ---
  duration_ms: 0.08751
  type: 'test'
  ...
# Subtest: ghost/5 marks follow the approved face-relative directions
ok 779 - ghost/5 marks follow the approved face-relative directions
  ---
  duration_ms: 0.128461
  type: 'test'
  ...
# Subtest: ghost/6 marks follow the approved face-relative directions
ok 780 - ghost/6 marks follow the approved face-relative directions
  ---
  duration_ms: 0.089582
  type: 'test'
  ...
# Subtest: ghost/7 marks follow the approved face-relative directions
ok 781 - ghost/7 marks follow the approved face-relative directions
  ---
  duration_ms: 0.087069
  type: 'test'
  ...
# Subtest: ghost/8 marks follow the approved face-relative directions
ok 782 - ghost/8 marks follow the approved face-relative directions
  ---
  duration_ms: 0.119397
  type: 'test'
  ...
# Subtest: star/1 marks follow the approved face-relative directions
ok 783 - star/1 marks follow the approved face-relative directions
  ---
  duration_ms: 0.100469
  type: 'test'
  ...
# Subtest: star/2 marks follow the approved face-relative directions
ok 784 - star/2 marks follow the approved face-relative directions
  ---
  duration_ms: 0.10112
  type: 'test'
  ...
# Subtest: star/3 marks follow the approved face-relative directions
ok 785 - star/3 marks follow the approved face-relative directions
  ---
  duration_ms: 0.090394
  type: 'test'
  ...
# Subtest: star/4 marks follow the approved face-relative directions
ok 786 - star/4 marks follow the approved face-relative directions
  ---
  duration_ms: 0.094441
  type: 'test'
  ...
# Subtest: star/5 marks follow the approved face-relative directions
ok 787 - star/5 marks follow the approved face-relative directions
  ---
  duration_ms: 0.151816
  type: 'test'
  ...
# Subtest: star/6 marks follow the approved face-relative directions
ok 788 - star/6 marks follow the approved face-relative directions
  ---
  duration_ms: 0.095522
  type: 'test'
  ...
# Subtest: star/7 marks follow the approved face-relative directions
ok 789 - star/7 marks follow the approved face-relative directions
  ---
  duration_ms: 0.170854
  type: 'test'
  ...
# Subtest: star/8 marks follow the approved face-relative directions
ok 790 - star/8 marks follow the approved face-relative directions
  ---
  duration_ms: 0.144465
  type: 'test'
  ...
# Subtest: plush/1 marks follow the approved face-relative directions
ok 791 - plush/1 marks follow the approved face-relative directions
  ---
  duration_ms: 0.115231
  type: 'test'
  ...
# Subtest: plush/2 marks follow the approved face-relative directions
ok 792 - plush/2 marks follow the approved face-relative directions
  ---
  duration_ms: 0.14138
  type: 'test'
  ...
# Subtest: plush/3 marks follow the approved face-relative directions
ok 793 - plush/3 marks follow the approved face-relative directions
  ---
  duration_ms: 0.124224
  type: 'test'
  ...
# Subtest: plush/4 marks follow the approved face-relative directions
ok 794 - plush/4 marks follow the approved face-relative directions
  ---
  duration_ms: 0.134299
  type: 'test'
  ...
# Subtest: plush/5 marks follow the approved face-relative directions
ok 795 - plush/5 marks follow the approved face-relative directions
  ---
  duration_ms: 0.328587
  type: 'test'
  ...
# Subtest: plush/6 marks follow the approved face-relative directions
ok 796 - plush/6 marks follow the approved face-relative directions
  ---
  duration_ms: 0.115761
  type: 'test'
  ...
# Subtest: plush/7 marks follow the approved face-relative directions
ok 797 - plush/7 marks follow the approved face-relative directions
  ---
  duration_ms: 0.109543
  type: 'test'
  ...
# Subtest: plush/8 marks follow the approved face-relative directions
ok 798 - plush/8 marks follow the approved face-relative directions
  ---
  duration_ms: 0.10073
  type: 'test'
  ...
# Subtest: unknown/1 marks follow the approved face-relative directions
ok 799 - unknown/1 marks follow the approved face-relative directions
  ---
  duration_ms: 0.135781
  type: 'test'
  ...
# Subtest: unknown/2 marks follow the approved face-relative directions
ok 800 - unknown/2 marks follow the approved face-relative directions
  ---
  duration_ms: 0.174088
  type: 'test'
  ...
# Subtest: unknown/3 marks follow the approved face-relative directions
ok 801 - unknown/3 marks follow the approved face-relative directions
  ---
  duration_ms: 0.163503
  type: 'test'
  ...
# Subtest: unknown/4 marks follow the approved face-relative directions
ok 802 - unknown/4 marks follow the approved face-relative directions
  ---
  duration_ms: 0.181889
  type: 'test'
  ...
# Subtest: unknown/5 marks follow the approved face-relative directions
ok 803 - unknown/5 marks follow the approved face-relative directions
  ---
  duration_ms: 0.117103
  type: 'test'
  ...
# Subtest: unknown/6 marks follow the approved face-relative directions
ok 804 - unknown/6 marks follow the approved face-relative directions
  ---
  duration_ms: 0.110134
  type: 'test'
  ...
# Subtest: unknown/7 marks follow the approved face-relative directions
ok 805 - unknown/7 marks follow the approved face-relative directions
  ---
  duration_ms: 0.146698
  type: 'test'
  ...
# Subtest: unknown/8 marks follow the approved face-relative directions
ok 806 - unknown/8 marks follow the approved face-relative directions
  ---
  duration_ms: 0.118245
  type: 'test'
  ...
# Subtest: ren/1 marks follow the approved face-relative directions
ok 807 - ren/1 marks follow the approved face-relative directions
  ---
  duration_ms: 0.106869
  type: 'test'
  ...
# Subtest: ren/2 marks follow the approved face-relative directions
ok 808 - ren/2 marks follow the approved face-relative directions
  ---
  duration_ms: 0.128701
  type: 'test'
  ...
# Subtest: ren/3 marks follow the approved face-relative directions
ok 809 - ren/3 marks follow the approved face-relative directions
  ---
  duration_ms: 0.157994
  type: 'test'
  ...
# Subtest: ren/4 marks follow the approved face-relative directions
ok 810 - ren/4 marks follow the approved face-relative directions
  ---
  duration_ms: 0.104375
  type: 'test'
  ...
# Subtest: ren/5 marks follow the approved face-relative directions
ok 811 - ren/5 marks follow the approved face-relative directions
  ---
  duration_ms: 0.097604
  type: 'test'
  ...
# Subtest: ren/6 marks follow the approved face-relative directions
ok 812 - ren/6 marks follow the approved face-relative directions
  ---
  duration_ms: 0.133599
  type: 'test'
  ...
# Subtest: ren/7 marks follow the approved face-relative directions
ok 813 - ren/7 marks follow the approved face-relative directions
  ---
  duration_ms: 0.092838
  type: 'test'
  ...
# Subtest: ren/8 marks follow the approved face-relative directions
ok 814 - ren/8 marks follow the approved face-relative directions
  ---
  duration_ms: 0.089303
  type: 'test'
  ...
# Subtest: reviewed side marks read diagonally above the face, not alongside it
ok 815 - reviewed side marks read diagonally above the face, not alongside it
  ---
  duration_ms: 4.095456
  type: 'test'
  ...
# Subtest: penguin/1 routes ten distinct expressions
ok 816 - penguin/1 routes ten distinct expressions
  ---
  duration_ms: 0.174479
  type: 'test'
  ...
# Subtest: penguin/2 routes ten distinct expressions
ok 817 - penguin/2 routes ten distinct expressions
  ---
  duration_ms: 0.08742
  type: 'test'
  ...
# Subtest: penguin/3 routes ten distinct expressions
ok 818 - penguin/3 routes ten distinct expressions
  ---
  duration_ms: 0.069824
  type: 'test'
  ...
# Subtest: penguin/4 routes ten distinct expressions
ok 819 - penguin/4 routes ten distinct expressions
  ---
  duration_ms: 0.062203
  type: 'test'
  ...
# Subtest: penguin/5 routes ten distinct expressions
ok 820 - penguin/5 routes ten distinct expressions
  ---
  duration_ms: 0.152826
  type: 'test'
  ...
# Subtest: penguin/6 routes ten distinct expressions
ok 821 - penguin/6 routes ten distinct expressions
  ---
  duration_ms: 0.072798
  type: 'test'
  ...
# Subtest: penguin/7 routes ten distinct expressions
ok 822 - penguin/7 routes ten distinct expressions
  ---
  duration_ms: 0.112847
  type: 'test'
  ...
# Subtest: penguin/8 routes ten distinct expressions
ok 823 - penguin/8 routes ten distinct expressions
  ---
  duration_ms: 0.144334
  type: 'test'
  ...
# Subtest: turtle/1 routes ten distinct expressions
ok 824 - turtle/1 routes ten distinct expressions
  ---
  duration_ms: 0.124665
  type: 'test'
  ...
# Subtest: turtle/2 routes ten distinct expressions
ok 825 - turtle/2 routes ten distinct expressions
  ---
  duration_ms: 0.110855
  type: 'test'
  ...
# Subtest: turtle/3 routes ten distinct expressions
ok 826 - turtle/3 routes ten distinct expressions
  ---
  duration_ms: 0.117724
  type: 'test'
  ...
# Subtest: turtle/4 routes ten distinct expressions
ok 827 - turtle/4 routes ten distinct expressions
  ---
  duration_ms: 0.178474
  type: 'test'
  ...
# Subtest: turtle/5 routes ten distinct expressions
ok 828 - turtle/5 routes ten distinct expressions
  ---
  duration_ms: 0.145335
  type: 'test'
  ...
# Subtest: turtle/6 routes ten distinct expressions
ok 829 - turtle/6 routes ten distinct expressions
  ---
  duration_ms: 0.120699
  type: 'test'
  ...
# Subtest: turtle/7 routes ten distinct expressions
ok 830 - turtle/7 routes ten distinct expressions
  ---
  duration_ms: 0.105627
  type: 'test'
  ...
# Subtest: turtle/8 routes ten distinct expressions
ok 831 - turtle/8 routes ten distinct expressions
  ---
  duration_ms: 0.15458
  type: 'test'
  ...
# Subtest: frog/1 routes ten distinct expressions
ok 832 - frog/1 routes ten distinct expressions
  ---
  duration_ms: 0.11415
  type: 'test'
  ...
# Subtest: frog/2 routes ten distinct expressions
ok 833 - frog/2 routes ten distinct expressions
  ---
  duration_ms: 0.145226
  type: 'test'
  ...
# Subtest: frog/3 routes ten distinct expressions
ok 834 - frog/3 routes ten distinct expressions
  ---
  duration_ms: 0.103694
  type: 'test'
  ...
# Subtest: frog/4 routes ten distinct expressions
ok 835 - frog/4 routes ten distinct expressions
  ---
  duration_ms: 0.104635
  type: 'test'
  ...
# Subtest: frog/5 routes ten distinct expressions
ok 836 - frog/5 routes ten distinct expressions
  ---
  duration_ms: 0.105586
  type: 'test'
  ...
# Subtest: frog/6 routes ten distinct expressions
ok 837 - frog/6 routes ten distinct expressions
  ---
  duration_ms: 0.099848
  type: 'test'
  ...
# Subtest: frog/7 routes ten distinct expressions
ok 838 - frog/7 routes ten distinct expressions
  ---
  duration_ms: 0.150694
  type: 'test'
  ...
# Subtest: frog/8 routes ten distinct expressions
ok 839 - frog/8 routes ten distinct expressions
  ---
  duration_ms: 0.116573
  type: 'test'
  ...
# Subtest: clownfish/1 routes ten distinct expressions
ok 840 - clownfish/1 routes ten distinct expressions
  ---
  duration_ms: 3.624026
  type: 'test'
  ...
# Subtest: clownfish/2 routes ten distinct expressions
ok 841 - clownfish/2 routes ten distinct expressions
  ---
  duration_ms: 0.144725
  type: 'test'
  ...
# Subtest: clownfish/3 routes ten distinct expressions
ok 842 - clownfish/3 routes ten distinct expressions
  ---
  duration_ms: 0.160218
  type: 'test'
  ...
# Subtest: clownfish/4 routes ten distinct expressions
ok 843 - clownfish/4 routes ten distinct expressions
  ---
  duration_ms: 0.867187
  type: 'test'
  ...
# Subtest: clownfish/5 routes ten distinct expressions
ok 844 - clownfish/5 routes ten distinct expressions
  ---
  duration_ms: 0.154439
  type: 'test'
  ...
# Subtest: clownfish/6 routes ten distinct expressions
ok 845 - clownfish/6 routes ten distinct expressions
  ---
  duration_ms: 0.095201
  type: 'test'
  ...
# Subtest: clownfish/7 routes ten distinct expressions
ok 846 - clownfish/7 routes ten distinct expressions
  ---
  duration_ms: 0.078696
  type: 'test'
  ...
# Subtest: clownfish/8 routes ten distinct expressions
ok 847 - clownfish/8 routes ten distinct expressions
  ---
  duration_ms: 0.097564
  type: 'test'
  ...
# Subtest: salmon/1 routes ten distinct expressions
ok 848 - salmon/1 routes ten distinct expressions
  ---
  duration_ms: 0.081771
  type: 'test'
  ...
# Subtest: salmon/2 routes ten distinct expressions
ok 849 - salmon/2 routes ten distinct expressions
  ---
  duration_ms: 0.09447
  type: 'test'
  ...
# Subtest: salmon/3 routes ten distinct expressions
ok 850 - salmon/3 routes ten distinct expressions
  ---
  duration_ms: 0.103253
  type: 'test'
  ...
# Subtest: salmon/4 routes ten distinct expressions
ok 851 - salmon/4 routes ten distinct expressions
  ---
  duration_ms: 0.095813
  type: 'test'
  ...
# Subtest: salmon/5 routes ten distinct expressions
ok 852 - salmon/5 routes ten distinct expressions
  ---
  duration_ms: 0.122031
  type: 'test'
  ...
# Subtest: salmon/6 routes ten distinct expressions
ok 853 - salmon/6 routes ten distinct expressions
  ---
  duration_ms: 0.10137
  type: 'test'
  ...
# Subtest: salmon/7 routes ten distinct expressions
ok 854 - salmon/7 routes ten distinct expressions
  ---
  duration_ms: 0.076523
  type: 'test'
  ...
# Subtest: salmon/8 routes ten distinct expressions
ok 855 - salmon/8 routes ten distinct expressions
  ---
  duration_ms: 0.076714
  type: 'test'
  ...
# Subtest: hermit_crab/1 routes ten distinct expressions
ok 856 - hermit_crab/1 routes ten distinct expressions
  ---
  duration_ms: 0.072257
  type: 'test'
  ...
# Subtest: hermit_crab/2 routes ten distinct expressions
ok 857 - hermit_crab/2 routes ten distinct expressions
  ---
  duration_ms: 0.083003
  type: 'test'
  ...
# Subtest: hermit_crab/3 routes ten distinct expressions
ok 858 - hermit_crab/3 routes ten distinct expressions
  ---
  duration_ms: 0.08093
  type: 'test'
  ...
# Subtest: hermit_crab/4 routes ten distinct expressions
ok 859 - hermit_crab/4 routes ten distinct expressions
  ---
  duration_ms: 0.071185
  type: 'test'
  ...
# Subtest: hermit_crab/5 routes ten distinct expressions
ok 860 - hermit_crab/5 routes ten distinct expressions
  ---
  duration_ms: 0.06721
  type: 'test'
  ...
# Subtest: hermit_crab/6 routes ten distinct expressions
ok 861 - hermit_crab/6 routes ten distinct expressions
  ---
  duration_ms: 0.079808
  type: 'test'
  ...
# Subtest: hermit_crab/7 routes ten distinct expressions
ok 862 - hermit_crab/7 routes ten distinct expressions
  ---
  duration_ms: 0.111736
  type: 'test'
  ...
# Subtest: hermit_crab/8 routes ten distinct expressions
ok 863 - hermit_crab/8 routes ten distinct expressions
  ---
  duration_ms: 0.140909
  type: 'test'
  ...
# Subtest: jellyfish/1 routes ten distinct expressions
ok 864 - jellyfish/1 routes ten distinct expressions
  ---
  duration_ms: 0.263631
  type: 'test'
  ...
# Subtest: jellyfish/2 routes ten distinct expressions
ok 865 - jellyfish/2 routes ten distinct expressions
  ---
  duration_ms: 0.070515
  type: 'test'
  ...
# Subtest: jellyfish/3 routes ten distinct expressions
ok 866 - jellyfish/3 routes ten distinct expressions
  ---
  duration_ms: 0.054671
  type: 'test'
  ...
# Subtest: jellyfish/4 routes ten distinct expressions
ok 867 - jellyfish/4 routes ten distinct expressions
  ---
  duration_ms: 0.082332
  type: 'test'
  ...
# Subtest: jellyfish/5 routes ten distinct expressions
ok 868 - jellyfish/5 routes ten distinct expressions
  ---
  duration_ms: 0.171404
  type: 'test'
  ...
# Subtest: jellyfish/6 routes ten distinct expressions
ok 869 - jellyfish/6 routes ten distinct expressions
  ---
  duration_ms: 0.341236
  type: 'test'
  ...
# Subtest: jellyfish/7 routes ten distinct expressions
ok 870 - jellyfish/7 routes ten distinct expressions
  ---
  duration_ms: 0.062813
  type: 'test'
  ...
# Subtest: jellyfish/8 routes ten distinct expressions
ok 871 - jellyfish/8 routes ten distinct expressions
  ---
  duration_ms: 0.203492
  type: 'test'
  ...
# Subtest: starfish/1 routes ten distinct expressions
ok 872 - starfish/1 routes ten distinct expressions
  ---
  duration_ms: 0.052027
  type: 'test'
  ...
# Subtest: starfish/2 routes ten distinct expressions
ok 873 - starfish/2 routes ten distinct expressions
  ---
  duration_ms: 0.056063
  type: 'test'
  ...
# Subtest: starfish/3 routes ten distinct expressions
ok 874 - starfish/3 routes ten distinct expressions
  ---
  duration_ms: 1.006864
  type: 'test'
  ...
# Subtest: starfish/4 routes ten distinct expressions
ok 875 - starfish/4 routes ten distinct expressions
  ---
  duration_ms: 0.062453
  type: 'test'
  ...
# Subtest: starfish/5 routes ten distinct expressions
ok 876 - starfish/5 routes ten distinct expressions
  ---
  duration_ms: 0.078927
  type: 'test'
  ...
# Subtest: starfish/6 routes ten distinct expressions
ok 877 - starfish/6 routes ten distinct expressions
  ---
  duration_ms: 0.046829
  type: 'test'
  ...
# Subtest: starfish/7 routes ten distinct expressions
ok 878 - starfish/7 routes ten distinct expressions
  ---
  duration_ms: 0.094631
  type: 'test'
  ...
# Subtest: starfish/8 routes ten distinct expressions
ok 879 - starfish/8 routes ten distinct expressions
  ---
  duration_ms: 0.052818
  type: 'test'
  ...
# Subtest: coral/1 routes ten distinct expressions
ok 880 - coral/1 routes ten distinct expressions
  ---
  duration_ms: 0.048202
  type: 'test'
  ...
# Subtest: coral/2 routes ten distinct expressions
ok 881 - coral/2 routes ten distinct expressions
  ---
  duration_ms: 0.053569
  type: 'test'
  ...
# Subtest: coral/3 routes ten distinct expressions
ok 882 - coral/3 routes ten distinct expressions
  ---
  duration_ms: 0.112607
  type: 'test'
  ...
# Subtest: coral/4 routes ten distinct expressions
ok 883 - coral/4 routes ten distinct expressions
  ---
  duration_ms: 0.083374
  type: 'test'
  ...
# Subtest: coral/5 routes ten distinct expressions
ok 884 - coral/5 routes ten distinct expressions
  ---
  duration_ms: 0.05427
  type: 'test'
  ...
# Subtest: coral/6 routes ten distinct expressions
ok 885 - coral/6 routes ten distinct expressions
  ---
  duration_ms: 0.04769
  type: 'test'
  ...
# Subtest: coral/7 routes ten distinct expressions
ok 886 - coral/7 routes ten distinct expressions
  ---
  duration_ms: 0.049314
  type: 'test'
  ...
# Subtest: coral/8 routes ten distinct expressions
ok 887 - coral/8 routes ten distinct expressions
  ---
  duration_ms: 0.048573
  type: 'test'
  ...
# Subtest: butterfly/1 routes ten distinct expressions
ok 888 - butterfly/1 routes ten distinct expressions
  ---
  duration_ms: 0.046709
  type: 'test'
  ...
# Subtest: butterfly/2 routes ten distinct expressions
ok 889 - butterfly/2 routes ten distinct expressions
  ---
  duration_ms: 0.06053
  type: 'test'
  ...
# Subtest: butterfly/3 routes ten distinct expressions
ok 890 - butterfly/3 routes ten distinct expressions
  ---
  duration_ms: 0.113959
  type: 'test'
  ...
# Subtest: butterfly/4 routes ten distinct expressions
ok 891 - butterfly/4 routes ten distinct expressions
  ---
  duration_ms: 0.109452
  type: 'test'
  ...
# Subtest: butterfly/5 routes ten distinct expressions
ok 892 - butterfly/5 routes ten distinct expressions
  ---
  duration_ms: 0.062182
  type: 'test'
  ...
# Subtest: butterfly/6 routes ten distinct expressions
ok 893 - butterfly/6 routes ten distinct expressions
  ---
  duration_ms: 0.050245
  type: 'test'
  ...
# Subtest: butterfly/7 routes ten distinct expressions
ok 894 - butterfly/7 routes ten distinct expressions
  ---
  duration_ms: 0.051687
  type: 'test'
  ...
# Subtest: butterfly/8 routes ten distinct expressions
ok 895 - butterfly/8 routes ten distinct expressions
  ---
  duration_ms: 0.050866
  type: 'test'
  ...
# Subtest: beetle/1 routes ten distinct expressions
ok 896 - beetle/1 routes ten distinct expressions
  ---
  duration_ms: 0.049904
  type: 'test'
  ...
# Subtest: beetle/2 routes ten distinct expressions
ok 897 - beetle/2 routes ten distinct expressions
  ---
  duration_ms: 0.054861
  type: 'test'
  ...
# Subtest: beetle/3 routes ten distinct expressions
ok 898 - beetle/3 routes ten distinct expressions
  ---
  duration_ms: 0.045808
  type: 'test'
  ...
# Subtest: beetle/4 routes ten distinct expressions
ok 899 - beetle/4 routes ten distinct expressions
  ---
  duration_ms: 0.050054
  type: 'test'
  ...
# Subtest: beetle/5 routes ten distinct expressions
ok 900 - beetle/5 routes ten distinct expressions
  ---
  duration_ms: 0.044627
  type: 'test'
  ...
# Subtest: beetle/6 routes ten distinct expressions
ok 901 - beetle/6 routes ten distinct expressions
  ---
  duration_ms: 0.059769
  type: 'test'
  ...
# Subtest: beetle/7 routes ten distinct expressions
ok 902 - beetle/7 routes ten distinct expressions
  ---
  duration_ms: 0.06057
  type: 'test'
  ...
# Subtest: beetle/8 routes ten distinct expressions
ok 903 - beetle/8 routes ten distinct expressions
  ---
  duration_ms: 0.064596
  type: 'test'
  ...
# Subtest: stagbeetle/1 routes ten distinct expressions
ok 904 - stagbeetle/1 routes ten distinct expressions
  ---
  duration_ms: 0.222951
  type: 'test'
  ...
# Subtest: stagbeetle/2 routes ten distinct expressions
ok 905 - stagbeetle/2 routes ten distinct expressions
  ---
  duration_ms: 0.079768
  type: 'test'
  ...
# Subtest: stagbeetle/3 routes ten distinct expressions
ok 906 - stagbeetle/3 routes ten distinct expressions
  ---
  duration_ms: 0.049744
  type: 'test'
  ...
# Subtest: stagbeetle/4 routes ten distinct expressions
ok 907 - stagbeetle/4 routes ten distinct expressions
  ---
  duration_ms: 0.04776
  type: 'test'
  ...
# Subtest: stagbeetle/5 routes ten distinct expressions
ok 908 - stagbeetle/5 routes ten distinct expressions
  ---
  duration_ms: 0.045468
  type: 'test'
  ...
# Subtest: stagbeetle/6 routes ten distinct expressions
ok 909 - stagbeetle/6 routes ten distinct expressions
  ---
  duration_ms: 0.058877
  type: 'test'
  ...
# Subtest: stagbeetle/7 routes ten distinct expressions
ok 910 - stagbeetle/7 routes ten distinct expressions
  ---
  duration_ms: 0.049474
  type: 'test'
  ...
# Subtest: stagbeetle/8 routes ten distinct expressions
ok 911 - stagbeetle/8 routes ten distinct expressions
  ---
  duration_ms: 0.043394
  type: 'test'
  ...
# Subtest: cicada/1 routes ten distinct expressions
ok 912 - cicada/1 routes ten distinct expressions
  ---
  duration_ms: 0.05421
  type: 'test'
  ...
# Subtest: cicada/2 routes ten distinct expressions
ok 913 - cicada/2 routes ten distinct expressions
  ---
  duration_ms: 0.046229
  type: 'test'
  ...
# Subtest: cicada/3 routes ten distinct expressions
ok 914 - cicada/3 routes ten distinct expressions
  ---
  duration_ms: 0.054411
  type: 'test'
  ...
# Subtest: cicada/4 routes ten distinct expressions
ok 915 - cicada/4 routes ten distinct expressions
  ---
  duration_ms: 0.076574
  type: 'test'
  ...
# Subtest: cicada/5 routes ten distinct expressions
ok 916 - cicada/5 routes ten distinct expressions
  ---
  duration_ms: 0.078407
  type: 'test'
  ...
# Subtest: cicada/6 routes ten distinct expressions
ok 917 - cicada/6 routes ten distinct expressions
  ---
  duration_ms: 0.045748
  type: 'test'
  ...
# Subtest: cicada/7 routes ten distinct expressions
ok 918 - cicada/7 routes ten distinct expressions
  ---
  duration_ms: 0.12807
  type: 'test'
  ...
# Subtest: cicada/8 routes ten distinct expressions
ok 919 - cicada/8 routes ten distinct expressions
  ---
  duration_ms: 0.052097
  type: 'test'
  ...
# Subtest: antlion/1 routes ten distinct expressions
ok 920 - antlion/1 routes ten distinct expressions
  ---
  duration_ms: 0.143553
  type: 'test'
  ...
# Subtest: antlion/2 routes ten distinct expressions
ok 921 - antlion/2 routes ten distinct expressions
  ---
  duration_ms: 0.123353
  type: 'test'
  ...
# Subtest: antlion/3 routes ten distinct expressions
ok 922 - antlion/3 routes ten distinct expressions
  ---
  duration_ms: 0.074771
  type: 'test'
  ...
# Subtest: antlion/4 routes ten distinct expressions
ok 923 - antlion/4 routes ten distinct expressions
  ---
  duration_ms: 0.163533
  type: 'test'
  ...
# Subtest: antlion/5 routes ten distinct expressions
ok 924 - antlion/5 routes ten distinct expressions
  ---
  duration_ms: 0.063223
  type: 'test'
  ...
# Subtest: antlion/6 routes ten distinct expressions
ok 925 - antlion/6 routes ten distinct expressions
  ---
  duration_ms: 0.066629
  type: 'test'
  ...
# Subtest: antlion/7 routes ten distinct expressions
ok 926 - antlion/7 routes ten distinct expressions
  ---
  duration_ms: 0.045517
  type: 'test'
  ...
# Subtest: antlion/8 routes ten distinct expressions
ok 927 - antlion/8 routes ten distinct expressions
  ---
  duration_ms: 0.050295
  type: 'test'
  ...
# Subtest: dandelion/1 routes ten distinct expressions
ok 928 - dandelion/1 routes ten distinct expressions
  ---
  duration_ms: 0.092247
  type: 'test'
  ...
# Subtest: dandelion/2 routes ten distinct expressions
ok 929 - dandelion/2 routes ten distinct expressions
  ---
  duration_ms: 0.05415
  type: 'test'
  ...
# Subtest: dandelion/3 routes ten distinct expressions
ok 930 - dandelion/3 routes ten distinct expressions
  ---
  duration_ms: 0.07367
  type: 'test'
  ...
# Subtest: dandelion/4 routes ten distinct expressions
ok 931 - dandelion/4 routes ten distinct expressions
  ---
  duration_ms: 0.071846
  type: 'test'
  ...
# Subtest: dandelion/5 routes ten distinct expressions
ok 932 - dandelion/5 routes ten distinct expressions
  ---
  duration_ms: 0.086909
  type: 'test'
  ...
# Subtest: dandelion/6 routes ten distinct expressions
ok 933 - dandelion/6 routes ten distinct expressions
  ---
  duration_ms: 0.052137
  type: 'test'
  ...
# Subtest: dandelion/7 routes ten distinct expressions
ok 934 - dandelion/7 routes ten distinct expressions
  ---
  duration_ms: 0.044456
  type: 'test'
  ...
# Subtest: dandelion/8 routes ten distinct expressions
ok 935 - dandelion/8 routes ten distinct expressions
  ---
  duration_ms: 0.04736
  type: 'test'
  ...
# Subtest: sakura/1 routes ten distinct expressions
ok 936 - sakura/1 routes ten distinct expressions
  ---
  duration_ms: 0.052769
  type: 'test'
  ...
# Subtest: sakura/2 routes ten distinct expressions
ok 937 - sakura/2 routes ten distinct expressions
  ---
  duration_ms: 0.043785
  type: 'test'
  ...
# Subtest: sakura/3 routes ten distinct expressions
ok 938 - sakura/3 routes ten distinct expressions
  ---
  duration_ms: 0.408566
  type: 'test'
  ...
# Subtest: sakura/4 routes ten distinct expressions
ok 939 - sakura/4 routes ten distinct expressions
  ---
  duration_ms: 0.071847
  type: 'test'
  ...
# Subtest: sakura/5 routes ten distinct expressions
ok 940 - sakura/5 routes ten distinct expressions
  ---
  duration_ms: 0.053359
  type: 'test'
  ...
# Subtest: sakura/6 routes ten distinct expressions
ok 941 - sakura/6 routes ten distinct expressions
  ---
  duration_ms: 0.047461
  type: 'test'
  ...
# Subtest: sakura/7 routes ten distinct expressions
ok 942 - sakura/7 routes ten distinct expressions
  ---
  duration_ms: 0.054691
  type: 'test'
  ...
# Subtest: sakura/8 routes ten distinct expressions
ok 943 - sakura/8 routes ten distinct expressions
  ---
  duration_ms: 0.119146
  type: 'test'
  ...
# Subtest: venus_flytrap/1 routes ten distinct expressions
ok 944 - venus_flytrap/1 routes ten distinct expressions
  ---
  duration_ms: 0.066048
  type: 'test'
  ...
# Subtest: venus_flytrap/2 routes ten distinct expressions
ok 945 - venus_flytrap/2 routes ten distinct expressions
  ---
  duration_ms: 0.25613
  type: 'test'
  ...
# Subtest: venus_flytrap/3 routes ten distinct expressions
ok 946 - venus_flytrap/3 routes ten distinct expressions
  ---
  duration_ms: 0.070154
  type: 'test'
  ...
# Subtest: venus_flytrap/4 routes ten distinct expressions
ok 947 - venus_flytrap/4 routes ten distinct expressions
  ---
  duration_ms: 0.048783
  type: 'test'
  ...
# Subtest: venus_flytrap/5 routes ten distinct expressions
ok 948 - venus_flytrap/5 routes ten distinct expressions
  ---
  duration_ms: 0.052548
  type: 'test'
  ...
# Subtest: venus_flytrap/6 routes ten distinct expressions
ok 949 - venus_flytrap/6 routes ten distinct expressions
  ---
  duration_ms: 0.082202
  type: 'test'
  ...
# Subtest: venus_flytrap/7 routes ten distinct expressions
ok 950 - venus_flytrap/7 routes ten distinct expressions
  ---
  duration_ms: 0.068431
  type: 'test'
  ...
# Subtest: venus_flytrap/8 routes ten distinct expressions
ok 951 - venus_flytrap/8 routes ten distinct expressions
  ---
  duration_ms: 0.112647
  type: 'test'
  ...
# Subtest: mushroom/1 routes ten distinct expressions
ok 952 - mushroom/1 routes ten distinct expressions
  ---
  duration_ms: 0.099047
  type: 'test'
  ...
# Subtest: mushroom/2 routes ten distinct expressions
ok 953 - mushroom/2 routes ten distinct expressions
  ---
  duration_ms: 0.090033
  type: 'test'
  ...
# Subtest: mushroom/3 routes ten distinct expressions
ok 954 - mushroom/3 routes ten distinct expressions
  ---
  duration_ms: 0.055322
  type: 'test'
  ...
# Subtest: mushroom/4 routes ten distinct expressions
ok 955 - mushroom/4 routes ten distinct expressions
  ---
  duration_ms: 0.04688
  type: 'test'
  ...
# Subtest: mushroom/5 routes ten distinct expressions
ok 956 - mushroom/5 routes ten distinct expressions
  ---
  duration_ms: 0.044506
  type: 'test'
  ...
# Subtest: mushroom/6 routes ten distinct expressions
ok 957 - mushroom/6 routes ten distinct expressions
  ---
  duration_ms: 0.046599
  type: 'test'
  ...
# Subtest: mushroom/7 routes ten distinct expressions
ok 958 - mushroom/7 routes ten distinct expressions
  ---
  duration_ms: 0.084465
  type: 'test'
  ...
# Subtest: mushroom/8 routes ten distinct expressions
ok 959 - mushroom/8 routes ten distinct expressions
  ---
  duration_ms: 0.092708
  type: 'test'
  ...
# Subtest: dragon/1 routes ten distinct expressions
ok 960 - dragon/1 routes ten distinct expressions
  ---
  duration_ms: 0.081111
  type: 'test'
  ...
# Subtest: dragon/2 routes ten distinct expressions
ok 961 - dragon/2 routes ten distinct expressions
  ---
  duration_ms: 0.054881
  type: 'test'
  ...
# Subtest: dragon/3 routes ten distinct expressions
ok 962 - dragon/3 routes ten distinct expressions
  ---
  duration_ms: 0.081932
  type: 'test'
  ...
# Subtest: dragon/4 routes ten distinct expressions
ok 963 - dragon/4 routes ten distinct expressions
  ---
  duration_ms: 0.066468
  type: 'test'
  ...
# Subtest: dragon/5 routes ten distinct expressions
ok 964 - dragon/5 routes ten distinct expressions
  ---
  duration_ms: 0.093429
  type: 'test'
  ...
# Subtest: dragon/6 routes ten distinct expressions
ok 965 - dragon/6 routes ten distinct expressions
  ---
  duration_ms: 0.066979
  type: 'test'
  ...
# Subtest: dragon/7 routes ten distinct expressions
ok 966 - dragon/7 routes ten distinct expressions
  ---
  duration_ms: 0.043364
  type: 'test'
  ...
# Subtest: dragon/8 routes ten distinct expressions
ok 967 - dragon/8 routes ten distinct expressions
  ---
  duration_ms: 0.055543
  type: 'test'
  ...
# Subtest: phoenix/1 routes ten distinct expressions
ok 968 - phoenix/1 routes ten distinct expressions
  ---
  duration_ms: 0.042573
  type: 'test'
  ...
# Subtest: phoenix/2 routes ten distinct expressions
ok 969 - phoenix/2 routes ten distinct expressions
  ---
  duration_ms: 0.044716
  type: 'test'
  ...
# Subtest: phoenix/3 routes ten distinct expressions
ok 970 - phoenix/3 routes ten distinct expressions
  ---
  duration_ms: 0.048401
  type: 'test'
  ...
# Subtest: phoenix/4 routes ten distinct expressions
ok 971 - phoenix/4 routes ten distinct expressions
  ---
  duration_ms: 0.053269
  type: 'test'
  ...
# Subtest: phoenix/5 routes ten distinct expressions
ok 972 - phoenix/5 routes ten distinct expressions
  ---
  duration_ms: 0.041512
  type: 'test'
  ...
# Subtest: phoenix/6 routes ten distinct expressions
ok 973 - phoenix/6 routes ten distinct expressions
  ---
  duration_ms: 0.053669
  type: 'test'
  ...
# Subtest: phoenix/7 routes ten distinct expressions
ok 974 - phoenix/7 routes ten distinct expressions
  ---
  duration_ms: 0.051426
  type: 'test'
  ...
# Subtest: phoenix/8 routes ten distinct expressions
ok 975 - phoenix/8 routes ten distinct expressions
  ---
  duration_ms: 0.14162
  type: 'test'
  ...
# Subtest: god/1 routes ten distinct expressions
ok 976 - god/1 routes ten distinct expressions
  ---
  duration_ms: 0.131665
  type: 'test'
  ...
# Subtest: god/2 routes ten distinct expressions
ok 977 - god/2 routes ten distinct expressions
  ---
  duration_ms: 0.150783
  type: 'test'
  ...
# Subtest: god/3 routes ten distinct expressions
ok 978 - god/3 routes ten distinct expressions
  ---
  duration_ms: 0.06124
  type: 'test'
  ...
# Subtest: god/4 routes ten distinct expressions
ok 979 - god/4 routes ten distinct expressions
  ---
  duration_ms: 0.044876
  type: 'test'
  ...
# Subtest: god/5 routes ten distinct expressions
ok 980 - god/5 routes ten distinct expressions
  ---
  duration_ms: 0.052167
  type: 'test'
  ...
# Subtest: god/6 routes ten distinct expressions
ok 981 - god/6 routes ten distinct expressions
  ---
  duration_ms: 0.040861
  type: 'test'
  ...
# Subtest: god/7 routes ten distinct expressions
ok 982 - god/7 routes ten distinct expressions
  ---
  duration_ms: 0.041351
  type: 'test'
  ...
# Subtest: god/8 routes ten distinct expressions
ok 983 - god/8 routes ten distinct expressions
  ---
  duration_ms: 0.042734
  type: 'test'
  ...
# Subtest: world_tree/1 routes ten distinct expressions
ok 984 - world_tree/1 routes ten distinct expressions
  ---
  duration_ms: 0.048261
  type: 'test'
  ...
# Subtest: world_tree/2 routes ten distinct expressions
ok 985 - world_tree/2 routes ten distinct expressions
  ---
  duration_ms: 0.049303
  type: 'test'
  ...
# Subtest: world_tree/3 routes ten distinct expressions
ok 986 - world_tree/3 routes ten distinct expressions
  ---
  duration_ms: 0.046559
  type: 'test'
  ...
# Subtest: world_tree/4 routes ten distinct expressions
ok 987 - world_tree/4 routes ten distinct expressions
  ---
  duration_ms: 0.043485
  type: 'test'
  ...
# Subtest: world_tree/5 routes ten distinct expressions
ok 988 - world_tree/5 routes ten distinct expressions
  ---
  duration_ms: 0.086879
  type: 'test'
  ...
# Subtest: world_tree/6 routes ten distinct expressions
ok 989 - world_tree/6 routes ten distinct expressions
  ---
  duration_ms: 0.04727
  type: 'test'
  ...
# Subtest: world_tree/7 routes ten distinct expressions
ok 990 - world_tree/7 routes ten distinct expressions
  ---
  duration_ms: 0.044166
  type: 'test'
  ...
# Subtest: world_tree/8 routes ten distinct expressions
ok 991 - world_tree/8 routes ten distinct expressions
  ---
  duration_ms: 0.04039
  type: 'test'
  ...
# Subtest: ghost/1 routes ten distinct expressions
ok 992 - ghost/1 routes ten distinct expressions
  ---
  duration_ms: 0.232745
  type: 'test'
  ...
# Subtest: ghost/2 routes ten distinct expressions
ok 993 - ghost/2 routes ten distinct expressions
  ---
  duration_ms: 0.058076
  type: 'test'
  ...
# Subtest: ghost/3 routes ten distinct expressions
ok 994 - ghost/3 routes ten distinct expressions
  ---
  duration_ms: 0.048312
  type: 'test'
  ...
# Subtest: ghost/4 routes ten distinct expressions
ok 995 - ghost/4 routes ten distinct expressions
  ---
  duration_ms: 0.046329
  type: 'test'
  ...
# Subtest: ghost/5 routes ten distinct expressions
ok 996 - ghost/5 routes ten distinct expressions
  ---
  duration_ms: 0.044937
  type: 'test'
  ...
# Subtest: ghost/6 routes ten distinct expressions
ok 997 - ghost/6 routes ten distinct expressions
  ---
  duration_ms: 0.042092
  type: 'test'
  ...
# Subtest: ghost/7 routes ten distinct expressions
ok 998 - ghost/7 routes ten distinct expressions
  ---
  duration_ms: 0.08072
  type: 'test'
  ...
# Subtest: ghost/8 routes ten distinct expressions
ok 999 - ghost/8 routes ten distinct expressions
  ---
  duration_ms: 0.079588
  type: 'test'
  ...
# Subtest: star/1 routes ten distinct expressions
ok 1000 - star/1 routes ten distinct expressions
  ---
  duration_ms: 0.088391
  type: 'test'
  ...
# Subtest: star/2 routes ten distinct expressions
ok 1001 - star/2 routes ten distinct expressions
  ---
  duration_ms: 0.070355
  type: 'test'
  ...
# Subtest: star/3 routes ten distinct expressions
ok 1002 - star/3 routes ten distinct expressions
  ---
  duration_ms: 0.063935
  type: 'test'
  ...
# Subtest: star/4 routes ten distinct expressions
ok 1003 - star/4 routes ten distinct expressions
  ---
  duration_ms: 0.096363
  type: 'test'
  ...
# Subtest: star/5 routes ten distinct expressions
ok 1004 - star/5 routes ten distinct expressions
  ---
  duration_ms: 0.072357
  type: 'test'
  ...
# Subtest: star/6 routes ten distinct expressions
ok 1005 - star/6 routes ten distinct expressions
  ---
  duration_ms: 0.062402
  type: 'test'
  ...
# Subtest: star/7 routes ten distinct expressions
ok 1006 - star/7 routes ten distinct expressions
  ---
  duration_ms: 0.128881
  type: 'test'
  ...
# Subtest: star/8 routes ten distinct expressions
ok 1007 - star/8 routes ten distinct expressions
  ---
  duration_ms: 0.087069
  type: 'test'
  ...
# Subtest: plush/1 routes ten distinct expressions
ok 1008 - plush/1 routes ten distinct expressions
  ---
  duration_ms: 0.086719
  type: 'test'
  ...
# Subtest: plush/2 routes ten distinct expressions
ok 1009 - plush/2 routes ten distinct expressions
  ---
  duration_ms: 0.112587
  type: 'test'
  ...
# Subtest: plush/3 routes ten distinct expressions
ok 1010 - plush/3 routes ten distinct expressions
  ---
  duration_ms: 0.080199
  type: 'test'
  ...
# Subtest: plush/4 routes ten distinct expressions
ok 1011 - plush/4 routes ten distinct expressions
  ---
  duration_ms: 0.393033
  type: 'test'
  ...
# Subtest: plush/5 routes ten distinct expressions
ok 1012 - plush/5 routes ten distinct expressions
  ---
  duration_ms: 0.126337
  type: 'test'
  ...
# Subtest: plush/6 routes ten distinct expressions
ok 1013 - plush/6 routes ten distinct expressions
  ---
  duration_ms: 0.076353
  type: 'test'
  ...
# Subtest: plush/7 routes ten distinct expressions
ok 1014 - plush/7 routes ten distinct expressions
  ---
  duration_ms: 0.109733
  type: 'test'
  ...
# Subtest: plush/8 routes ten distinct expressions
ok 1015 - plush/8 routes ten distinct expressions
  ---
  duration_ms: 0.121019
  type: 'test'
  ...
# Subtest: unknown/1 routes ten distinct expressions
ok 1016 - unknown/1 routes ten distinct expressions
  ---
  duration_ms: 0.127319
  type: 'test'
  ...
# Subtest: unknown/2 routes ten distinct expressions
ok 1017 - unknown/2 routes ten distinct expressions
  ---
  duration_ms: 0.076444
  type: 'test'
  ...
# Subtest: unknown/3 routes ten distinct expressions
ok 1018 - unknown/3 routes ten distinct expressions
  ---
  duration_ms: 0.109262
  type: 'test'
  ...
# Subtest: unknown/4 routes ten distinct expressions
ok 1019 - unknown/4 routes ten distinct expressions
  ---
  duration_ms: 0.085196
  type: 'test'
  ...
# Subtest: unknown/5 routes ten distinct expressions
ok 1020 - unknown/5 routes ten distinct expressions
  ---
  duration_ms: 0.123663
  type: 'test'
  ...
# Subtest: unknown/6 routes ten distinct expressions
ok 1021 - unknown/6 routes ten distinct expressions
  ---
  duration_ms: 0.10787
  type: 'test'
  ...
# Subtest: unknown/7 routes ten distinct expressions
ok 1022 - unknown/7 routes ten distinct expressions
  ---
  duration_ms: 0.118856
  type: 'test'
  ...
# Subtest: unknown/8 routes ten distinct expressions
ok 1023 - unknown/8 routes ten distinct expressions
  ---
  duration_ms: 0.097264
  type: 'test'
  ...
# Subtest: ren/1 routes ten distinct expressions
ok 1024 - ren/1 routes ten distinct expressions
  ---
  duration_ms: 0.06737
  type: 'test'
  ...
# Subtest: ren/2 routes ten distinct expressions
ok 1025 - ren/2 routes ten distinct expressions
  ---
  duration_ms: 0.075602
  type: 'test'
  ...
# Subtest: ren/3 routes ten distinct expressions
ok 1026 - ren/3 routes ten distinct expressions
  ---
  duration_ms: 0.065266
  type: 'test'
  ...
# Subtest: ren/4 routes ten distinct expressions
ok 1027 - ren/4 routes ten distinct expressions
  ---
  duration_ms: 0.044236
  type: 'test'
  ...
# Subtest: ren/5 routes ten distinct expressions
ok 1028 - ren/5 routes ten distinct expressions
  ---
  duration_ms: 0.070645
  type: 'test'
  ...
# Subtest: ren/6 routes ten distinct expressions
ok 1029 - ren/6 routes ten distinct expressions
  ---
  duration_ms: 0.058697
  type: 'test'
  ...
# Subtest: ren/7 routes ten distinct expressions
ok 1030 - ren/7 routes ten distinct expressions
  ---
  duration_ms: 0.156222
  type: 'test'
  ...
# Subtest: ren/8 routes ten distinct expressions
ok 1031 - ren/8 routes ten distinct expressions
  ---
  duration_ms: 0.217042
  type: 'test'
  ...
# Subtest: frog and clownfish use distinct species-appropriate hunger marks
ok 1032 - frog and clownfish use distinct species-appropriate hunger marks
  ---
  duration_ms: 0.257482
  type: 'test'
  ...
# Subtest: salmon/1 renders a food mark with normal/unknown fallback intact
ok 1033 - salmon/1 renders a food mark with normal/unknown fallback intact
  ---
  duration_ms: 0.453913
  type: 'test'
  ...
# Subtest: salmon/2 renders a food mark with normal/unknown fallback intact
ok 1034 - salmon/2 renders a food mark with normal/unknown fallback intact
  ---
  duration_ms: 0.178935
  type: 'test'
  ...
# Subtest: salmon/3 renders a food mark with normal/unknown fallback intact
ok 1035 - salmon/3 renders a food mark with normal/unknown fallback intact
  ---
  duration_ms: 0.099507
  type: 'test'
  ...
# Subtest: salmon/4 renders a food mark with normal/unknown fallback intact
ok 1036 - salmon/4 renders a food mark with normal/unknown fallback intact
  ---
  duration_ms: 0.095712
  type: 'test'
  ...
# Subtest: salmon/5 renders a food mark with normal/unknown fallback intact
ok 1037 - salmon/5 renders a food mark with normal/unknown fallback intact
  ---
  duration_ms: 0.152666
  type: 'test'
  ...
# Subtest: salmon/6 renders a food mark with normal/unknown fallback intact
ok 1038 - salmon/6 renders a food mark with normal/unknown fallback intact
  ---
  duration_ms: 0.111526
  type: 'test'
  ...
# Subtest: salmon/7 renders a food mark with normal/unknown fallback intact
ok 1039 - salmon/7 renders a food mark with normal/unknown fallback intact
  ---
  duration_ms: 0.102593
  type: 'test'
  ...
# Subtest: salmon/8 renders a food mark with normal/unknown fallback intact
ok 1040 - salmon/8 renders a food mark with normal/unknown fallback intact
  ---
  duration_ms: 0.186897
  type: 'test'
  ...
# Subtest: hermit_crab/1 renders a food mark with normal/unknown fallback intact
ok 1041 - hermit_crab/1 renders a food mark with normal/unknown fallback intact
  ---
  duration_ms: 0.181149
  type: 'test'
  ...
# Subtest: hermit_crab/2 renders a food mark with normal/unknown fallback intact
ok 1042 - hermit_crab/2 renders a food mark with normal/unknown fallback intact
  ---
  duration_ms: 0.07407
  type: 'test'
  ...
# Subtest: hermit_crab/3 renders a food mark with normal/unknown fallback intact
ok 1043 - hermit_crab/3 renders a food mark with normal/unknown fallback intact
  ---
  duration_ms: 0.172996
  type: 'test'
  ...
# Subtest: hermit_crab/4 renders a food mark with normal/unknown fallback intact
ok 1044 - hermit_crab/4 renders a food mark with normal/unknown fallback intact
  ---
  duration_ms: 0.121531
  type: 'test'
  ...
# Subtest: hermit_crab/5 renders a food mark with normal/unknown fallback intact
ok 1045 - hermit_crab/5 renders a food mark with normal/unknown fallback intact
  ---
  duration_ms: 0.896239
  type: 'test'
  ...
# Subtest: hermit_crab/6 renders a food mark with normal/unknown fallback intact
ok 1046 - hermit_crab/6 renders a food mark with normal/unknown fallback intact
  ---
  duration_ms: 0.166708
  type: 'test'
  ...
# Subtest: hermit_crab/7 renders a food mark with normal/unknown fallback intact
ok 1047 - hermit_crab/7 renders a food mark with normal/unknown fallback intact
  ---
  duration_ms: 0.561853
  type: 'test'
  ...
# Subtest: hermit_crab/8 renders a food mark with normal/unknown fallback intact
ok 1048 - hermit_crab/8 renders a food mark with normal/unknown fallback intact
  ---
  duration_ms: 0.251693
  type: 'test'
  ...
# Subtest: jellyfish/1 renders a food mark with normal/unknown fallback intact
ok 1049 - jellyfish/1 renders a food mark with normal/unknown fallback intact
  ---
  duration_ms: 0.274167
  type: 'test'
  ...
# Subtest: jellyfish/2 renders a food mark with normal/unknown fallback intact
ok 1050 - jellyfish/2 renders a food mark with normal/unknown fallback intact
  ---
  duration_ms: 0.083424
  type: 'test'
  ...
# Subtest: jellyfish/3 renders a food mark with normal/unknown fallback intact
ok 1051 - jellyfish/3 renders a food mark with normal/unknown fallback intact
  ---
  duration_ms: 0.10142
  type: 'test'
  ...
# Subtest: jellyfish/4 renders a food mark with normal/unknown fallback intact
ok 1052 - jellyfish/4 renders a food mark with normal/unknown fallback intact
  ---
  duration_ms: 0.152997
  type: 'test'
  ...
# Subtest: jellyfish/5 renders a food mark with normal/unknown fallback intact
ok 1053 - jellyfish/5 renders a food mark with normal/unknown fallback intact
  ---
  duration_ms: 0.106879
  type: 'test'
  ...
# Subtest: jellyfish/6 renders a food mark with normal/unknown fallback intact
ok 1054 - jellyfish/6 renders a food mark with normal/unknown fallback intact
  ---
  duration_ms: 0.059158
  type: 'test'
  ...
# Subtest: jellyfish/7 renders a food mark with normal/unknown fallback intact
ok 1055 - jellyfish/7 renders a food mark with normal/unknown fallback intact
  ---
  duration_ms: 0.048291
  type: 'test'
  ...
# Subtest: jellyfish/8 renders a food mark with normal/unknown fallback intact
ok 1056 - jellyfish/8 renders a food mark with normal/unknown fallback intact
  ---
  duration_ms: 0.045258
  type: 'test'
  ...
# Subtest: starfish/1 renders a food mark with normal/unknown fallback intact
ok 1057 - starfish/1 renders a food mark with normal/unknown fallback intact
  ---
  duration_ms: 0.122181
  type: 'test'
  ...
# Subtest: starfish/2 renders a food mark with normal/unknown fallback intact
ok 1058 - starfish/2 renders a food mark with normal/unknown fallback intact
  ---
  duration_ms: 0.189191
  type: 'test'
  ...
# Subtest: starfish/3 renders a food mark with normal/unknown fallback intact
ok 1059 - starfish/3 renders a food mark with normal/unknown fallback intact
  ---
  duration_ms: 0.084445
  type: 'test'
  ...
# Subtest: starfish/4 renders a food mark with normal/unknown fallback intact
ok 1060 - starfish/4 renders a food mark with normal/unknown fallback intact
  ---
  duration_ms: 0.087791
  type: 'test'
  ...
# Subtest: starfish/5 renders a food mark with normal/unknown fallback intact
ok 1061 - starfish/5 renders a food mark with normal/unknown fallback intact
  ---
  duration_ms: 0.117053
  type: 'test'
  ...
# Subtest: starfish/6 renders a food mark with normal/unknown fallback intact
ok 1062 - starfish/6 renders a food mark with normal/unknown fallback intact
  ---
  duration_ms: 0.061592
  type: 'test'
  ...
# Subtest: starfish/7 renders a food mark with normal/unknown fallback intact
ok 1063 - starfish/7 renders a food mark with normal/unknown fallback intact
  ---
  duration_ms: 0.045567
  type: 'test'
  ...
# Subtest: starfish/8 renders a food mark with normal/unknown fallback intact
ok 1064 - starfish/8 renders a food mark with normal/unknown fallback intact
  ---
  duration_ms: 0.039439
  type: 'test'
  ...
# Subtest: coral/1 renders a food mark with normal/unknown fallback intact
ok 1065 - coral/1 renders a food mark with normal/unknown fallback intact
  ---
  duration_ms: 0.137134
  type: 'test'
  ...
# Subtest: coral/2 renders a food mark with normal/unknown fallback intact
ok 1066 - coral/2 renders a food mark with normal/unknown fallback intact
  ---
  duration_ms: 0.05414
  type: 'test'
  ...
# Subtest: coral/3 renders a food mark with normal/unknown fallback intact
ok 1067 - coral/3 renders a food mark with normal/unknown fallback intact
  ---
  duration_ms: 0.056594
  type: 'test'
  ...
# Subtest: coral/4 renders a food mark with normal/unknown fallback intact
ok 1068 - coral/4 renders a food mark with normal/unknown fallback intact
  ---
  duration_ms: 0.047901
  type: 'test'
  ...
# Subtest: coral/5 renders a food mark with normal/unknown fallback intact
ok 1069 - coral/5 renders a food mark with normal/unknown fallback intact
  ---
  duration_ms: 0.071045
  type: 'test'
  ...
# Subtest: coral/6 renders a food mark with normal/unknown fallback intact
ok 1070 - coral/6 renders a food mark with normal/unknown fallback intact
  ---
  duration_ms: 0.246206
  type: 'test'
  ...
# Subtest: coral/7 renders a food mark with normal/unknown fallback intact
ok 1071 - coral/7 renders a food mark with normal/unknown fallback intact
  ---
  duration_ms: 1.305808
  type: 'test'
  ...
# Subtest: coral/8 renders a food mark with normal/unknown fallback intact
ok 1072 - coral/8 renders a food mark with normal/unknown fallback intact
  ---
  duration_ms: 0.076914
  type: 'test'
  ...
# Subtest: butterfly/1 renders a food mark with normal/unknown fallback intact
ok 1073 - butterfly/1 renders a food mark with normal/unknown fallback intact
  ---
  duration_ms: 0.157083
  type: 'test'
  ...
# Subtest: butterfly/2 renders a food mark with normal/unknown fallback intact
ok 1074 - butterfly/2 renders a food mark with normal/unknown fallback intact
  ---
  duration_ms: 0.050275
  type: 'test'
  ...
# Subtest: butterfly/3 renders a food mark with normal/unknown fallback intact
ok 1075 - butterfly/3 renders a food mark with normal/unknown fallback intact
  ---
  duration_ms: 0.043334
  type: 'test'
  ...
# Subtest: butterfly/4 renders a food mark with normal/unknown fallback intact
ok 1076 - butterfly/4 renders a food mark with normal/unknown fallback intact
  ---
  duration_ms: 0.039148
  type: 'test'
  ...
# Subtest: butterfly/5 renders a food mark with normal/unknown fallback intact
ok 1077 - butterfly/5 renders a food mark with normal/unknown fallback intact
  ---
  duration_ms: 0.200528
  type: 'test'
  ...
# Subtest: butterfly/6 renders a food mark with normal/unknown fallback intact
ok 1078 - butterfly/6 renders a food mark with normal/unknown fallback intact
  ---
  duration_ms: 0.092747
  type: 'test'
  ...
# Subtest: butterfly/7 renders a food mark with normal/unknown fallback intact
ok 1079 - butterfly/7 renders a food mark with normal/unknown fallback intact
  ---
  duration_ms: 0.171385
  type: 'test'
  ...
# Subtest: butterfly/8 renders a food mark with normal/unknown fallback intact
ok 1080 - butterfly/8 renders a food mark with normal/unknown fallback intact
  ---
  duration_ms: 0.067901
  type: 'test'
  ...
# Subtest: beetle/1 renders a food mark with normal/unknown fallback intact
ok 1081 - beetle/1 renders a food mark with normal/unknown fallback intact
  ---
  duration_ms: 0.131695
  type: 'test'
  ...
# Subtest: beetle/2 renders a food mark with normal/unknown fallback intact
ok 1082 - beetle/2 renders a food mark with normal/unknown fallback intact
  ---
  duration_ms: 0.052347
  type: 'test'
  ...
# Subtest: beetle/3 renders a food mark with normal/unknown fallback intact
ok 1083 - beetle/3 renders a food mark with normal/unknown fallback intact
  ---
  duration_ms: 0.186847
  type: 'test'
  ...
# Subtest: beetle/4 renders a food mark with normal/unknown fallback intact
ok 1084 - beetle/4 renders a food mark with normal/unknown fallback intact
  ---
  duration_ms: 0.057435
  type: 'test'
  ...
# Subtest: beetle/5 renders a food mark with normal/unknown fallback intact
ok 1085 - beetle/5 renders a food mark with normal/unknown fallback intact
  ---
  duration_ms: 0.048331
  type: 'test'
  ...
# Subtest: beetle/6 renders a food mark with normal/unknown fallback intact
ok 1086 - beetle/6 renders a food mark with normal/unknown fallback intact
  ---
  duration_ms: 0.365612
  type: 'test'
  ...
# Subtest: beetle/7 renders a food mark with normal/unknown fallback intact
ok 1087 - beetle/7 renders a food mark with normal/unknown fallback intact
  ---
  duration_ms: 0.115411
  type: 'test'
  ...
# Subtest: beetle/8 renders a food mark with normal/unknown fallback intact
ok 1088 - beetle/8 renders a food mark with normal/unknown fallback intact
  ---
  duration_ms: 0.052558
  type: 'test'
  ...
# Subtest: stagbeetle/1 renders a food mark with normal/unknown fallback intact
ok 1089 - stagbeetle/1 renders a food mark with normal/unknown fallback intact
  ---
  duration_ms: 0.151545
  type: 'test'
  ...
# Subtest: stagbeetle/2 renders a food mark with normal/unknown fallback intact
ok 1090 - stagbeetle/2 renders a food mark with normal/unknown fallback intact
  ---
  duration_ms: 0.057426
  type: 'test'
  ...
# Subtest: stagbeetle/3 renders a food mark with normal/unknown fallback intact
ok 1091 - stagbeetle/3 renders a food mark with normal/unknown fallback intact
  ---
  duration_ms: 0.043034
  type: 'test'
  ...
# Subtest: stagbeetle/4 renders a food mark with normal/unknown fallback intact
ok 1092 - stagbeetle/4 renders a food mark with normal/unknown fallback intact
  ---
  duration_ms: 0.037726
  type: 'test'
  ...
# Subtest: stagbeetle/5 renders a food mark with normal/unknown fallback intact
ok 1093 - stagbeetle/5 renders a food mark with normal/unknown fallback intact
  ---
  duration_ms: 0.039929
  type: 'test'
  ...
# Subtest: stagbeetle/6 renders a food mark with normal/unknown fallback intact
ok 1094 - stagbeetle/6 renders a food mark with normal/unknown fallback intact
  ---
  duration_ms: 0.037105
  type: 'test'
  ...
# Subtest: stagbeetle/7 renders a food mark with normal/unknown fallback intact
ok 1095 - stagbeetle/7 renders a food mark with normal/unknown fallback intact
  ---
  duration_ms: 0.079118
  type: 'test'
  ...
# Subtest: stagbeetle/8 renders a food mark with normal/unknown fallback intact
ok 1096 - stagbeetle/8 renders a food mark with normal/unknown fallback intact
  ---
  duration_ms: 0.082502
  type: 'test'
  ...
# Subtest: cicada/1 renders a food mark with normal/unknown fallback intact
ok 1097 - cicada/1 renders a food mark with normal/unknown fallback intact
  ---
  duration_ms: 0.140748
  type: 'test'
  ...
# Subtest: cicada/2 renders a food mark with normal/unknown fallback intact
ok 1098 - cicada/2 renders a food mark with normal/unknown fallback intact
  ---
  duration_ms: 0.058007
  type: 'test'
  ...
# Subtest: cicada/3 renders a food mark with normal/unknown fallback intact
ok 1099 - cicada/3 renders a food mark with normal/unknown fallback intact
  ---
  duration_ms: 0.042253
  type: 'test'
  ...
# Subtest: cicada/4 renders a food mark with normal/unknown fallback intact
ok 1100 - cicada/4 renders a food mark with normal/unknown fallback intact
  ---
  duration_ms: 0.036184
  type: 'test'
  ...
# Subtest: cicada/5 renders a food mark with normal/unknown fallback intact
ok 1101 - cicada/5 renders a food mark with normal/unknown fallback intact
  ---
  duration_ms: 0.092337
  type: 'test'
  ...
# Subtest: cicada/6 renders a food mark with normal/unknown fallback intact
ok 1102 - cicada/6 renders a food mark with normal/unknown fallback intact
  ---
  duration_ms: 0.042453
  type: 'test'
  ...
# Subtest: cicada/7 renders a food mark with normal/unknown fallback intact
ok 1103 - cicada/7 renders a food mark with normal/unknown fallback intact
  ---
  duration_ms: 0.03323
  type: 'test'
  ...
# Subtest: cicada/8 renders a food mark with normal/unknown fallback intact
ok 1104 - cicada/8 renders a food mark with normal/unknown fallback intact
  ---
  duration_ms: 0.143863
  type: 'test'
  ...
# Subtest: venus_flytrap uses the shared yellow insect hunger mark
ok 1105 - venus_flytrap uses the shared yellow insect hunger mark
  ---
  duration_ms: 0.150022
  type: 'test'
  ...
# Subtest: unknown/1 exposes face-relative sickness drops and the shared hunger mark
ok 1106 - unknown/1 exposes face-relative sickness drops and the shared hunger mark
  ---
  duration_ms: 0.224012
  type: 'test'
  ...
# Subtest: unknown/2 exposes face-relative sickness drops and the shared hunger mark
ok 1107 - unknown/2 exposes face-relative sickness drops and the shared hunger mark
  ---
  duration_ms: 0.073929
  type: 'test'
  ...
# Subtest: unknown/3 exposes face-relative sickness drops and the shared hunger mark
ok 1108 - unknown/3 exposes face-relative sickness drops and the shared hunger mark
  ---
  duration_ms: 0.101841
  type: 'test'
  ...
# Subtest: unknown/4 exposes face-relative sickness drops and the shared hunger mark
ok 1109 - unknown/4 exposes face-relative sickness drops and the shared hunger mark
  ---
  duration_ms: 0.055272
  type: 'test'
  ...
# Subtest: unknown/5 exposes face-relative sickness drops and the shared hunger mark
ok 1110 - unknown/5 exposes face-relative sickness drops and the shared hunger mark
  ---
  duration_ms: 0.194409
  type: 'test'
  ...
# Subtest: unknown/6 exposes face-relative sickness drops and the shared hunger mark
ok 1111 - unknown/6 exposes face-relative sickness drops and the shared hunger mark
  ---
  duration_ms: 0.16135
  type: 'test'
  ...
# Subtest: unknown/7 exposes face-relative sickness drops and the shared hunger mark
ok 1112 - unknown/7 exposes face-relative sickness drops and the shared hunger mark
  ---
  duration_ms: 0.066108
  type: 'test'
  ...
# Subtest: unknown/8 exposes face-relative sickness drops and the shared hunger mark
ok 1113 - unknown/8 exposes face-relative sickness drops and the shared hunger mark
  ---
  duration_ms: 0.139648
  type: 'test'
  ...
# Subtest: ren/1 uses the shared age-appropriate human hunger artwork
ok 1114 - ren/1 uses the shared age-appropriate human hunger artwork
  ---
  duration_ms: 0.184494
  type: 'test'
  ...
# Subtest: ren/2 uses the shared age-appropriate human hunger artwork
ok 1115 - ren/2 uses the shared age-appropriate human hunger artwork
  ---
  duration_ms: 0.064315
  type: 'test'
  ...
# Subtest: ren/3 uses the shared age-appropriate human hunger artwork
ok 1116 - ren/3 uses the shared age-appropriate human hunger artwork
  ---
  duration_ms: 0.085707
  type: 'test'
  ...
# Subtest: ren/4 uses the shared age-appropriate human hunger artwork
ok 1117 - ren/4 uses the shared age-appropriate human hunger artwork
  ---
  duration_ms: 0.066088
  type: 'test'
  ...
# Subtest: ren/5 uses the shared age-appropriate human hunger artwork
ok 1118 - ren/5 uses the shared age-appropriate human hunger artwork
  ---
  duration_ms: 0.079598
  type: 'test'
  ...
# Subtest: ren/6 uses the shared age-appropriate human hunger artwork
ok 1119 - ren/6 uses the shared age-appropriate human hunger artwork
  ---
  duration_ms: 0.122091
  type: 'test'
  ...
# Subtest: ren/7 uses the shared age-appropriate human hunger artwork
ok 1120 - ren/7 uses the shared age-appropriate human hunger artwork
  ---
  duration_ms: 0.051266
  type: 'test'
  ...
# Subtest: ren/8 uses the shared age-appropriate human hunger artwork
ok 1121 - ren/8 uses the shared age-appropriate human hunger artwork
  ---
  duration_ms: 0.042623
  type: 'test'
  ...
# Subtest: ren/1 exposes face-relative sickness drops
ok 1122 - ren/1 exposes face-relative sickness drops
  ---
  duration_ms: 0.117354
  type: 'test'
  ...
# Subtest: ren/2 exposes face-relative sickness drops
ok 1123 - ren/2 exposes face-relative sickness drops
  ---
  duration_ms: 0.033019
  type: 'test'
  ...
# Subtest: ren/3 exposes face-relative sickness drops
ok 1124 - ren/3 exposes face-relative sickness drops
  ---
  duration_ms: 0.025758
  type: 'test'
  ...
# Subtest: ren/4 exposes face-relative sickness drops
ok 1125 - ren/4 exposes face-relative sickness drops
  ---
  duration_ms: 0.029554
  type: 'test'
  ...
# Subtest: ren/5 exposes face-relative sickness drops
ok 1126 - ren/5 exposes face-relative sickness drops
  ---
  duration_ms: 0.029854
  type: 'test'
  ...
# Subtest: ren/6 exposes face-relative sickness drops
ok 1127 - ren/6 exposes face-relative sickness drops
  ---
  duration_ms: 0.032398
  type: 'test'
  ...
# Subtest: ren/7 exposes face-relative sickness drops
ok 1128 - ren/7 exposes face-relative sickness drops
  ---
  duration_ms: 0.019819
  type: 'test'
  ...
# Subtest: ren/8 exposes face-relative sickness drops
ok 1129 - ren/8 exposes face-relative sickness drops
  ---
  duration_ms: 0.030225
  type: 'test'
  ...
# Subtest: the selected expression mark paints above illness sweat and character art
ok 1130 - the selected expression mark paints above illness sweat and character art
  ---
  duration_ms: 1.609418
  type: 'test'
  ...
# [naotocchi] storage Error: localStorage quota exceeded
#     at noteStorageWarning (evalmachine.<anonymous>:16183:24)
#     at Object.saveState (evalmachine.<anonymous>:16223:9)
#     at TestContext.<anonymous> (/workspace/scratch/3c8dd573b96b/naotocchi-step6/tests/save-recovery-test.cjs:52:9)
#     at Test.runInAsyncScope (node:async_hooks:227:14)
#     at Test.run (node:internal/test_runner/test:1382:25)
#     at Test.processPendingSubtests (node:internal/test_runner/test:960:18)
#     at Test.postRun (node:internal/test_runner/test:1522:19)
#     at Test.run (node:internal/test_runner/test:1447:12)
#     at async Test.processPendingSubtests (node:internal/test_runner/test:960:7)
# [naotocchi] storage Error: localStorage quota exceeded
#     at noteStorageWarning (evalmachine.<anonymous>:16183:24)
#     at Object.saveState (evalmachine.<anonymous>:16223:9)
#     at TestContext.<anonymous> (/workspace/scratch/3c8dd573b96b/naotocchi-step6/tests/save-recovery-test.cjs:63:9)
#     at Test.runInAsyncScope (node:async_hooks:227:14)
#     at Test.run (node:internal/test_runner/test:1382:25)
#     at Test.processPendingSubtests (node:internal/test_runner/test:960:18)
#     at Test.postRun (node:internal/test_runner/test:1522:19)
#     at Test.run (node:internal/test_runner/test:1447:12)
#     at async Test.processPendingSubtests (node:internal/test_runner/test:960:7)
# [naotocchi] storage Error: localStorage quota exceeded
#     at noteStorageWarning (evalmachine.<anonymous>:16183:24)
#     at saveState (evalmachine.<anonymous>:16223:9)
#     at Object.fn (evalmachine.<anonymous>:31699:7)
#     at dispatch (/workspace/scratch/3c8dd573b96b/naotocchi-step6/tests/helpers/runtime-harness.cjs:105:75)
#     at Object.dispatch (/workspace/scratch/3c8dd573b96b/naotocchi-step6/tests/helpers/runtime-harness.cjs:206:92)
#     at TestContext.<anonymous> (/workspace/scratch/3c8dd573b96b/naotocchi-step6/tests/save-recovery-test.cjs:240:5)
#     at Test.runInAsyncScope (node:async_hooks:227:14)
#     at Test.run (node:internal/test_runner/test:1382:25)
#     at Test.processPendingSubtests (node:internal/test_runner/test:960:18)
#     at Test.postRun (node:internal/test_runner/test:1522:19)
# [naotocchi] storage Error: localStorage quota exceeded
#     at noteStorageWarning (evalmachine.<anonymous>:16183:24)
#     at Object.saveState (evalmachine.<anonymous>:16223:9)
#     at TestContext.<anonymous> (/workspace/scratch/3c8dd573b96b/naotocchi-step6/tests/save-recovery-test.cjs:282:9)
#     at Test.runInAsyncScope (node:async_hooks:227:14)
#     at Test.run (node:internal/test_runner/test:1382:25)
#     at Test.processPendingSubtests (node:internal/test_runner/test:960:18)
#     at Test.postRun (node:internal/test_runner/test:1522:19)
#     at Test.run (node:internal/test_runner/test:1447:12)
#     at async Test.processPendingSubtests (node:internal/test_runner/test:960:7)
# Subtest: backup write failure does not stop a writable primary save
ok 1131 - backup write failure does not stop a writable primary save
  ---
  duration_ms: 169.621529
  type: 'test'
  ...
# Subtest: failed primary migration cannot replace a working backup
ok 1132 - failed primary migration cannot replace a working backup
  ---
  duration_ms: 29.94617
  type: 'test'
  ...
# Subtest: a failed save after recovery leaves a usable backup for the next reload
ok 1133 - a failed save after recovery leaves a usable backup for the next reload
  ---
  duration_ms: 86.94754
  type: 'test'
  ...
# Subtest: backup advances to the latest successful save and survives the next write failure
ok 1134 - backup advances to the latest successful save and survives the next write failure
  ---
  duration_ms: 54.479339
  type: 'test'
  ...
# Subtest: a missing primary resumes the backup instead of creating a new life
ok 1135 - a missing primary resumes the backup instead of creating a new life
  ---
  duration_ms: 59.328983
  type: 'test'
  ...
# Subtest: backup recovery applies legacy migrations once and preserves old characters
ok 1136 - backup recovery applies legacy migrations once and preserves old characters
  ---
  duration_ms: 69.831344
  type: 'test'
  ...
# Subtest: invalid top-level payloads fall back without replacing the backup
ok 1137 - invalid top-level payloads fall back without replacing the backup
  ---
  duration_ms: 161.328568
  type: 'test'
  ...
# Subtest: confirmed full reset cannot later resurrect the removed life from backup
ok 1138 - confirmed full reset cannot later resurrect the removed life from backup
  ---
  duration_ms: 49.82901
  type: 'test'
  ...
# Subtest: unrecoverable saves remain intact through hidden, unload and repeated saves until explicit reset
ok 1139 - unrecoverable saves remain intact through hidden, unload and repeated saves until explicit reset
  ---
  duration_ms: 80.860104
  type: 'test'
  ...
# Subtest: unreadable storage still permits boot and gameplay without throwing
ok 1140 - unreadable storage still permits boot and gameplay without throwing
  ---
  duration_ms: 15.747311
  type: 'test'
  ...
# Subtest: import retains a newer primary saved by another tab before replacement
ok 1141 - import retains a newer primary saved by another tab before replacement
  ---
  duration_ms: 121.895309
  type: 'test'
  ...
# Subtest: import failure cannot poison a recovered backup with the broken primary
ok 1142 - import failure cannot poison a recovered backup with the broken primary
  ---
  duration_ms: 46.983389
  type: 'test'
  ...
# Subtest: import stops before replacing a save if its safety snapshot cannot be written
ok 1143 - import stops before replacing a save if its safety snapshot cannot be written
  ---
  duration_ms: 48.722128
  type: 'test'
  ...
# Subtest: import retains the prior life across replacement, reload and undo, including duplicate snapshots
ok 1144 - import retains the prior life across replacement, reload and undo, including duplicate snapshots
  ---
  duration_ms: 99.432656
  type: 'test'
  ...
# Subtest: restore retains a newer primary saved by another tab before replacement
ok 1145 - restore retains a newer primary saved by another tab before replacement
  ---
  duration_ms: 86.267631
  type: 'test'
  ...
# Subtest: restore failure cannot poison a recovered backup with the broken primary
ok 1146 - restore failure cannot poison a recovered backup with the broken primary
  ---
  duration_ms: 32.158045
  type: 'test'
  ...
# Subtest: restore stops before replacing a save if its safety snapshot cannot be written
ok 1147 - restore stops before replacing a save if its safety snapshot cannot be written
  ---
  duration_ms: 33.877848
  type: 'test'
  ...
# Subtest: restore retains the prior life across replacement, reload and undo, including duplicate snapshots
ok 1148 - restore retains the prior life across replacement, reload and undo, including duplicate snapshots
  ---
  duration_ms: 78.859767
  type: 'test'
  ...
# Subtest: export uses the recoverable save when a broken primary cannot be repaired
ok 1149 - export uses the recoverable save when a broken primary cannot be repaired
  ---
  duration_ms: 24.057198
  type: 'test'
  ...
# Subtest: explicit import can recover unreadable saves while retaining both originals for inspection
ok 1150 - explicit import can recover unreadable saves while retaining both originals for inspection
  ---
  duration_ms: 33.19923
  type: 'test'
  ...
# Subtest: import from backup recovery with no primary retains the former life after reload
ok 1151 - import from backup recovery with no primary retains the former life after reload
  ---
  duration_ms: 44.598736
  type: 'test'
  ...
# Subtest: a full storage drops the automatic snapshots and still writes the primary save
ok 1152 - a full storage drops the automatic snapshots and still writes the primary save
  ---
  duration_ms: 18.919987
  type: 'test'
  ...
# Subtest: a permanently full storage warns instead of failing silently
ok 1153 - a permanently full storage warns instead of failing silently
  ---
  duration_ms: 22.087436
  type: 'test'
  ...
# Subtest: retired companions migrate once with the strongest bond and collection intact
ok 1154 - retired companions migrate once with the strongest bond and collection intact
  ---
  duration_ms: 32.315144
  type: 'test'
  ...
1..1154
# tests 1154
# suites 0
# pass 1154
# fail 0
# cancelled 0
# skipped 0
# todo 0
# duration_ms 32659.34024
