SMOKE TEST OK
DOM ids: 380
minigames started: 100
variant collections: 92
LEGEND SCHEDULER TEST OK: 6 blocked states; 7 paused menus; non-winning roll; 5 unseen legends; pause, skip, close and one reward-free encounter.
DIALOGUE TEST OK: 20 events; 18 partners; 26 companions; action handlers; 2500ms timing; cancellation; recency; 10 sampled legend stories; 16 anniversary cases.
DATE LIFECYCLE TEST OK: ordinary dates, skip/close, pause/resume/cooldown and complete deep-sea branches.
WHOLE-TEXT TEST OK: 248 descriptions; 40 ordinary stories; 10 deep-sea plans; ordinary date skip/close; 36 anniversary lines; event memories; 18 first encounters.
CAST TEST OK: snail encounters and speech; retired koala migration, bond, row, dex and earned achievements; PNG renderer reference.
NORMAL CAST PNG TEST OK: 19 PNG headers; 18 companions x 5 renderer sizes; 9+9 live rows; collected and locked dex.
RARE CAST PNG TEST OK: 8 PNGs x 5 renderer sizes; invite/profile/row/dex; hidden and partial dex; 13+13 mixed rows; bond retained.
CLOCK CAST TEST OK: real encounter and 69/70 recruitment; five dialogue events; legacy mushroom save, bond, PNG, dialogue and rare dex; unique current/legacy counts.
PARTNER CAST PNG TEST OK: 18 PNGs x 5 sizes; saved relationships; companion/profile/dex; 180 complete dates; 72 complete anniversaries; first encounters; aliases, guests and hidden dex.
AUTHOR ENDING TEST OK: 247/248 unlock; native dex count; goals 4/5; direct goal 5 at 25/100 and both exits; pet and life-record preservation; 4200ms greeting; old-save access and rewards; hidden/repeatable shop greeting; textless goals 1-3 and reward notices.
MAIN 203 AUTHOR COMPATIBILITY OK: prior perfect save keeps author, crown and infinite mode; six new achievements stay unearned; 99/100 current games excludes retired records and opens goal 5 correctly.
VISUAL QA ROUTE TEST OK: generated script compiles; egg, anniversary, legend and ordinary date saves; long disease selects medicine; illustrated save reloads 26 companions, partner, 10 shop items. No browser rendering claimed.
TAP version 13
# [naotocchi] test Error: probe failure
#     at TestContext.<anonymous> (/home/runner/work/naotocchi/naotocchi/tests/album-test.cjs:46:28)
#     at Test.runInAsyncScope (node:async_hooks:214:14)
#     at Test.run (node:internal/test_runner/test:1047:25)
#     at Test.processPendingSubtests (node:internal/test_runner/test:744:18)
#     at Test.postRun (node:internal/test_runner/test:1173:19)
#     at Test.run (node:internal/test_runner/test:1101:12)
#     at async Test.processPendingSubtests (node:internal/test_runner/test:744:7)
# Subtest: the life timeline groups log entries by age and the data screen shows it
ok 1 - the life timeline groups log entries by age and the data screen shows it
  ---
  duration_ms: 180.356639
  type: 'test'
  ...
# Subtest: a life card code round-trips and past lives keep their timeline and code
ok 2 - a life card code round-trips and past lives keep their timeline and code
  ---
  duration_ms: 31.223946
  type: 'test'
  ...
# Subtest: the life card lists the whole timeline and a code button
ok 3 - the life card lists the whole timeline and a code button
  ---
  duration_ms: 42.136868
  type: 'test'
  ...
# Subtest: recorded runtime errors appear in the data screen
ok 4 - recorded runtime errors appear in the data screen
  ---
  duration_ms: 46.453313
  type: 'test'
  ...
# Subtest: every static assets/… reference in HTML, CSS and JS exists with the exact case
ok 5 - every static assets/… reference in HTML, CSS and JS exists with the exact case
  ---
  duration_ms: 53.634696
  type: 'test'
  ...
# Subtest: every script and stylesheet carries a token whose hash matches the file (bump-versions formula)
ok 6 - every script and stylesheet carries a token whose hash matches the file (bump-versions formula)
  ---
  duration_ms: 20.944676
  type: 'test'
  ...
# Subtest: dynamic paths: current species, unified items, egg frames and goal-art fallbacks exist
ok 7 - dynamic paths: current species, unified items, egg frames and goal-art fallbacks exist
  ---
  duration_ms: 188.923575
  type: 'test'
  ...
# Subtest: the checks catch a missing file, a case mismatch, a stale token, a missing token and a missing dynamic path
ok 8 - the checks catch a missing file, a case mismatch, a stale token, a missing token and a missing dynamic path
  ---
  duration_ms: 1.338438
  type: 'test'
  ...
# Subtest: the real index.html and references turn red when a token goes stale, a token is dropped or a path changes case
ok 9 - the real index.html and references turn red when a token goes stale, a token is dropped or a path changes case
  ---
  duration_ms: 50.406567
  type: 'test'
  ...
# Subtest: npm run bump still rewrites only the ?v= tokens with YYYYMMDD-<assetHash>, and is idempotent
ok 10 - npm run bump still rewrites only the ?v= tokens with YYYYMMDD-<assetHash>, and is idempotent
  ---
  duration_ms: 154.690706
  type: 'test'
  ...
# Subtest: index.html asset references exist and carry cache tokens
ok 11 - index.html asset references exist and carry cache tokens
  ---
  duration_ms: 4.516918
  type: 'test'
  ...
# Subtest: the bump tool rewrites only cache tokens
ok 12 - the bump tool rewrites only cache tokens
  ---
  duration_ms: 0.365019
  type: 'test'
  ...
# Subtest: all eight BGM scenes request valid waveforms and schedule two complete loops
ok 13 - all eight BGM scenes request valid waveforms and schedule two complete loops
  ---
  duration_ms: 153.196428
  type: 'test'
  ...
# Subtest: Quick voice routes pico, browser reading and silence through the saved mode
ok 14 - Quick voice routes pico, browser reading and silence through the saved mode
  ---
  duration_ms: 10.650012
  type: 'test'
  ...
# Subtest: the actual TTS controller ducks both buses and replaces the scheduled recovery
ok 15 - the actual TTS controller ducks both buses and replaces the scheduled recovery
  ---
  duration_ms: 4.418105
  type: 'test'
  ...
# Subtest: quick cues are shaped into short, punchy shouts: crisp stop, rising question, faster rate for longer words
ok 16 - quick cues are shaped into short, punchy shouts: crisp stop, rising question, faster rate for longer words
  ---
  duration_ms: 1.842566
  type: 'test'
  ...
# Subtest: ordinary text keeps native arguments and receiver with no illustration state changes
ok 17 - ordinary text keeps native arguments and receiver with no illustration state changes
  ---
  duration_ms: 5.406262
  type: 'test'
  ...
# Subtest: mixed text draws art in the original glyph advance and keeps center/baseline/state
ok 18 - mixed text draws art in the original glyph advance and keeps center/baseline/state
  ---
  duration_ms: 2.524935
  type: 'test'
  ...
# Subtest: maxWidth compresses the whole decorated run and RTL start alignment keeps the right edge
ok 19 - maxWidth compresses the whole decorated run and RTL start alignment keeps the right edge
  ---
  duration_ms: 1.488768
  type: 'test'
  ...
# Subtest: pending, missing and failed images never draw an emoji and settle without scheduling a canvas redraw
ok 20 - pending, missing and failed images never draw an emoji and settle without scheduling a canvas redraw
  ---
  duration_ms: 2.655498
  type: 'test'
  ...
# Subtest: loaded image replaces a pending placeholder on the next caller frame and draw errors stay contained
ok 21 - loaded image replaces a pending placeholder on the next caller frame and draw errors stay contained
  ---
  duration_ms: 1.596489
  type: 'test'
  ...
# Subtest: atlas crops reuse supplied images and actor markers remain separate from bonus symbols
ok 22 - atlas crops reuse supplied images and actor markers remain separate from bonus symbols
  ---
  duration_ms: 1.4091
  type: 'test'
  ...
# Subtest: a malformed atlas cannot sample neighboring or absent artwork
ok 23 - a malformed atlas cannot sample neighboring or absent artwork
  ---
  duration_ms: 1.198157
  type: 'test'
  ...
# Subtest: scenery clip bounds preserve the original frame scale and transparent margins
ok 24 - scenery clip bounds preserve the original frame scale and transparent margins
  ---
  duration_ms: 2.156818
  type: 'test'
  ...
# Subtest: out-of-frame clip bounds cannot expose neighboring atlas illustrations
ok 25 - out-of-frame clip bounds cannot expose neighboring atlas illustrations
  ---
  duration_ms: 1.410092
  type: 'test'
  ...
# Subtest: ordinary copyright and registered marks keep native text while explicit emoji variants use art
ok 26 - ordinary copyright and registered marks keep native text while explicit emoji variants use art
  ---
  duration_ms: 1.671427
  type: 'test'
  ...
# Subtest: joined emoji, flags and keycaps are replaced as whole symbols
ok 27 - joined emoji, flags and keycaps are replaced as whole symbols
  ---
  duration_ms: 1.258219
  type: 'test'
  ...
# Subtest: tagged flags stay one complete symbol in live text and preloading
ok 28 - tagged flags stay one complete symbol in live text and preloading
  ---
  duration_ms: 1.12388
  type: 'test'
  ...
# Subtest: slide puzzle refreshes cached art on its normal frame after loading and never after retirement
ok 29 - slide puzzle refreshes cached art on its normal frame after loading and never after retirement
  ---
  duration_ms: 220.891057
  type: 'test'
  ...
# Subtest: road offscreen sprite caches replace placeholders after loading without drawing raw emoji
ok 30 - road offscreen sprite caches replace placeholders after loading without drawing raw emoji
  ---
  duration_ms: 73.70447
  type: 'test'
  ...
# Subtest: illustrated road play retains input results, rewards and completion timing
ok 31 - illustrated road play retains input results, rewards and completion timing
  ---
  duration_ms: 3959.465201
  type: 'test'
  ...
# Subtest: pre-decode keeps the atlas decoded once as an ImageBitmap, draws from it, and never bumps the sprite version
ok 32 - pre-decode keeps the atlas decoded once as an ImageBitmap, draws from it, and never bumps the sprite version
  ---
  duration_ms: 2.412884
  type: 'test'
  ...
# Subtest: pre-decode failure, svg art and a size mismatch all keep the ordinary lazy image draw
ok 33 - pre-decode failure, svg art and a size mismatch all keep the ordinary lazy image draw
  ---
  duration_ms: 3.353777
  type: 'test'
  ...
# Subtest: health danger is visible before dying and survives unrelated messages and expiry
ok 34 - health danger is visible before dying and survives unrelated messages and expiry
  ---
  duration_ms: 211.702885
  type: 'test'
  ...
# Subtest: illness remains recognizable alongside low life, and medicine clears only the illness effects
ok 35 - illness remains recognizable alongside low life, and medicine clears only the illness effects
  ---
  duration_ms: 63.060472
  type: 'test'
  ...
# Subtest: illness names the condition above the character instead of generic care wording
ok 36 - illness names the condition above the character instead of generic care wording
  ---
  duration_ms: 36.389381
  type: 'test'
  ...
# Subtest: attention effects stop for menus, games, stories and hidden tabs, then reconstruct at home
ok 37 - attention effects stop for menus, games, stories and hidden tabs, then reconstruct at home
  ---
  duration_ms: 54.067181
  type: 'test'
  ...
# Subtest: lightweight mode retains the alert but requests still effects
ok 38 - lightweight mode retains the alert but requests still effects
  ---
  duration_ms: 30.742962
  type: 'test'
  ...
# Subtest: sweat stays beside the painted young fish instead of its transparent upper frame
ok 39 - sweat stays beside the painted young fish instead of its transparent upper frame
  ---
  duration_ms: 26.297016
  type: 'test'
  ...
# Subtest: critical care advice follows the real sequence without medicine for a healthy pet
ok 40 - critical care advice follows the real sequence without medicine for a healthy pet
  ---
  duration_ms: 53.849756
  type: 'test'
  ...
# Subtest: six-tick health death remains unchanged while every living tick has a notice
ok 41 - six-tick health death remains unchanged while every living tick has a notice
  ---
  duration_ms: 32.956939
  type: 'test'
  ...
# Subtest: reloaded illness reconstructs a notice and medicine resolves it
ok 42 - reloaded illness reconstructs a notice and medicine resolves it
  ---
  duration_ms: 72.704153
  type: 'test'
  ...
# Subtest: explicit care displays changes once; ordinary natural ticks stay quiet
ok 43 - explicit care displays changes once; ordinary natural ticks stay quiet
  ---
  duration_ms: 28.191939
  type: 'test'
  ...
# Subtest: danger presentation clears behind overlays and returns with the same state
ok 44 - danger presentation clears behind overlays and returns with the same state
  ---
  duration_ms: 42.010803
  type: 'test'
  ...
# Subtest: egg, farewell and immortal states do not inherit death warnings
ok 45 - egg, farewell and immortal states do not inherit death warnings
  ---
  duration_ms: 27.905948
  type: 'test'
  ...
# Subtest: reduced motion and lightweight mode retain static warning text
ok 46 - reduced motion and lightweight mode retain static warning text
  ---
  duration_ms: 102.818647
  type: 'test'
  ...
# Subtest: numeric feedback keeps the explanation of a mistaken medicine visible
ok 47 - numeric feedback keeps the explanation of a mistaken medicine visible
  ---
  duration_ms: 26.058733
  type: 'test'
  ...
# Subtest: a growth milestone waits for action feedback instead of being forgotten
ok 48 - a growth milestone waits for action feedback instead of being forgotten
  ---
  duration_ms: 26.090972
  type: 'test'
  ...
# Subtest: a recovery milestone waits while a higher priority warning remains
ok 49 - a recovery milestone waits while a higher priority warning remains
  ---
  duration_ms: 23.84127
  type: 'test'
  ...
# Subtest: a delayed sleep recovery never tells an already awake pet to wake
ok 50 - a delayed sleep recovery never tells an already awake pet to wake
  ---
  duration_ms: 40.980238
  type: 'test'
  ...
# Subtest: illness care is readable before an arbitrarily long saved disease name
ok 51 - illness care is readable before an arbitrarily long saved disease name
  ---
  duration_ms: 24.570436
  type: 'test'
  ...
# Subtest: running cat sweat brackets its head rather than the distant tail
ok 52 - running cat sweat brackets its head rather than the distant tail
  ---
  duration_ms: 42.169418
  type: 'test'
  ...
# Subtest: static script exposes the pure assessment interface on window
ok 53 - static script exposes the pure assessment interface on window
  ---
  duration_ms: 5.204297
  type: 'test'
  ...
# Subtest: signals exposes canonical mild and strong display bands without changing assess
ok 54 - signals exposes canonical mild and strong display bands without changing assess
  ---
  duration_ms: 1.014065
  type: 'test'
  ...
# Subtest: signals keeps life and stage semantics identical to current care rules
ok 55 - signals keeps life and stage semantics identical to current care rules
  ---
  duration_ms: 0.502875
  type: 'test'
  ...
# Subtest: signals exposes health, sickness, sleep, and pet availability without mutating state
ok 56 - signals exposes health, sickness, sleep, and pet availability without mutating state
  ---
  duration_ms: 0.445228
  type: 'test'
  ...
# Subtest: assess leaves healthy and non-playable life stages quiet without mutating state
ok 57 - assess leaves healthy and non-playable life stages quiet without mutating state
  ---
  duration_ms: 0.310186
  type: 'test'
  ...
# Subtest: assess treats each real mortal life-risk signal as critical
ok 58 - assess treats each real mortal life-risk signal as critical
  ---
  duration_ms: 0.615534
  type: 'test'
  ...
# Subtest: low life gives recovery advice before the critical threshold and clears after recovery
ok 59 - low life gives recovery advice before the critical threshold and clears after recovery
  ---
  duration_ms: 0.324404
  type: 'test'
  ...
# Subtest: life and health notices choose one useful action from the actual cause
ok 60 - life and health notices choose one useful action from the actual cause
  ---
  duration_ms: 0.724778
  type: 'test'
  ...
# Subtest: health advice never prescribes harmful care and falls back from unavailable affection
ok 61 - health advice never prescribes harmful care and falls back from unavailable affection
  ---
  duration_ms: 0.640391
  type: 'test'
  ...
# Subtest: high life risk restores every stat to the 60-point recovery threshold
ok 62 - high life risk restores every stat to the 60-point recovery threshold
  ---
  duration_ms: 0.56973
  type: 'test'
  ...
# Subtest: unavailable affection uses sleep when exhausted and play when energy is adequate
ok 63 - unavailable affection uses sleep when exhausted and play when energy is adequate
  ---
  duration_ms: 0.255245
  type: 'test'
  ...
# Subtest: assess reports ordinary care needs in priority order
ok 64 - assess reports ordinary care needs in priority order
  ---
  duration_ms: 0.293405
  type: 'test'
  ...
# Subtest: sickness labels remain plain text data for the textContent renderer
ok 65 - sickness labels remain plain text data for the textContent renderer
  ---
  duration_ms: 0.270133
  type: 'test'
  ...
# Subtest: sleep notices distinguish ongoing recovery from a completed rest
ok 66 - sleep notices distinguish ongoing recovery from a completed rest
  ---
  duration_ms: 0.335213
  type: 'test'
  ...
# Subtest: fixed-slot status copy stays compact and has no Japanese word spacing
ok 67 - fixed-slot status copy stays compact and has no Japanese word spacing
  ---
  duration_ms: 1.25333
  type: 'test'
  ...
# Subtest: immortality defaults from state and suppresses death wording while retaining care advice
ok 68 - immortality defaults from state and suppresses death wording while retaining care advice
  ---
  duration_ms: 0.189312
  type: 'test'
  ...
# Subtest: snapshot copies only fields used by explicit action summaries
ok 69 - snapshot copies only fields used by explicit action summaries
  ---
  duration_ms: 0.300067
  type: 'test'
  ...
# Subtest: changes reports at most two meaningful deltas in care priority order
ok 70 - changes reports at most two meaningful deltas in care priority order
  ---
  duration_ms: 0.42526
  type: 'test'
  ...
# Subtest: changes derives life from risk and keeps decline improvement negative
ok 71 - changes derives life from risk and keeps decline improvement negative
  ---
  duration_ms: 0.230699
  type: 'test'
  ...
# Subtest: changes ignores sub-point drift and does not mutate either snapshot
ok 72 - changes ignores sub-point drift and does not mutate either snapshot
  ---
  duration_ms: 0.39297
  type: 'test'
  ...
# Subtest: a married partner keeps a readable ring between the couple and clear of every moving character
ok 73 - a married partner keeps a readable ring between the couple and clear of every moving character
  ---
  duration_ms: 23632.585969
  type: 'test'
  ...
# Subtest: a ring keeps companions readable when another arrangement fits at the same main size
ok 74 - a ring keeps companions readable when another arrangement fits at the same main size
  ---
  duration_ms: 18.948902
  type: 'test'
  ...
# Subtest: the poop row keeps the same lower-right anchor above speech across party sizes and art changes
ok 75 - the poop row keeps the same lower-right anchor above speech across party sizes and art changes
  ---
  duration_ms: 889.190404
  type: 'test'
  ...
# Subtest: home wings balance the painted gaps around the main body, including different PNG padding
ok 76 - home wings balance the painted gaps around the main body, including different PNG padding
  ---
  duration_ms: 255.938465
  type: 'test'
  ...
# Subtest: every intermediate party size fits the minimum fixed home, with partner/item independently present
ok 77 - every intermediate party size fits the minimum fixed home, with partner/item independently present
  ---
  duration_ms: 753.554628
  type: 'test'
  ...
# Subtest: mixed failed and padded friend images keep every stress-count actor and poop slot in a fixed home
ok 78 - mixed failed and padded friend images keep every stress-count actor and poop slot in a fixed home
  ---
  duration_ms: 19.3024
  type: 'test'
  ...
# Subtest: a mixed 31-friend wing fits the minimum height without moving the permanent poop strip
ok 79 - a mixed 31-friend wing fits the minimum height without moving the permanent poop strip
  ---
  duration_ms: 27.766307
  type: 'test'
  ...
# Subtest: poop follows the applied field scale rather than the companion count, with a readable floor
ok 80 - poop follows the applied field scale rather than the companion count, with a readable floor
  ---
  duration_ms: 38.376576
  type: 'test'
  ...
# Subtest: failed companion images keep the balanced cast and the poop row inside the smallest home
ok 81 - failed companion images keep the balanced cast and the poop row inside the smallest home
  ---
  duration_ms: 20.414491
  type: 'test'
  ...
# Subtest: home conversation stays centered below the permanent poop strip without covering the completed cast
ok 82 - home conversation stays centered below the permanent poop strip without covering the completed cast
  ---
  duration_ms: 3562.463457
  type: 'test'
  ...
# Subtest: a home cast stays in view during its larger hop and sway and leaves the floor clear
ok 83 - a home cast stays in view during its larger hop and sway and leaves the floor clear
  ---
  duration_ms: 907.388172
  type: 'test'
  ...
# Subtest: whole cast fits with room for sway and four-pixel companion gaps
ok 84 - whole cast fits with room for sway and four-pixel companion gaps
  ---
  duration_ms: 2802.943494
  type: 'test'
  ...
# Subtest: unknown or failed art retains complete frames without overlapping the core
ok 85 - unknown or failed art retains complete frames without overlapping the core
  ---
  duration_ms: 227.00897
  type: 'test'
  ...
# Subtest: independent reactions retain full frames and four-pixel friend gaps throughout the sway
ok 86 - independent reactions retain full frames and four-pixel friend gaps throughout the sway
  ---
  duration_ms: 3257.649886
  type: 'test'
  ...
# Subtest: a ticklish line moves the pet and equipment together, then the speaking friend is identified without a second celebration
ok 87 - a ticklish line moves the pet and equipment together, then the speaking friend is identified without a second celebration
  ---
  duration_ms: 235.206076
  type: 'test'
  ...
# Subtest: courtship follows the actual partner, while a failed courtship never celebrates
ok 88 - courtship follows the actual partner, while a failed courtship never celebrates
  ---
  duration_ms: 50.464372
  type: 'test'
  ...
# Subtest: non-Relationship group responses remain visible, while negative outcomes settle once
ok 89 - non-Relationship group responses remain visible, while negative outcomes settle once
  ---
  duration_ms: 197.022254
  type: 'test'
  ...
# Subtest: poop updates preserve every placed actor and do not interrupt a reaction
ok 90 - poop updates preserve every placed actor and do not interrupt a reaction
  ---
  duration_ms: 53.560458
  type: 'test'
  ...
# Subtest: care moods follow the line and outcome instead of always bouncing happily
ok 91 - care moods follow the line and outcome instead of always bouncing happily
  ---
  duration_ms: 24.345347
  type: 'test'
  ...
# Subtest: a comforting reply cannot make the disappointed or unwell pet celebrate
ok 92 - a comforting reply cannot make the disappointed or unwell pet celebrate
  ---
  duration_ms: 57.883276
  type: 'test'
  ...
# Subtest: a new action cancels old replies and an old animation cannot clear a new one
ok 93 - a new action cancels old replies and an old animation cannot clear a new one
  ---
  duration_ms: 62.121627
  type: 'test'
  ...
# Subtest: menus and hidden pages stop reactions, and reduced motion still identifies the speaker
ok 94 - menus and hidden pages stop reactions, and reduced motion still identifies the speaker
  ---
  duration_ms: 88.284843
  type: 'test'
  ...
# Subtest: a companion who left before their turn cannot speak or animate a different companion
ok 95 - a companion who left before their turn cannot speak or animate a different companion
  ---
  duration_ms: 307.313548
  type: 'test'
  ...
# Subtest: enabling reduced motion mid-speech stops movement but preserves the current speaker
ok 96 - enabling reduced motion mid-speech stops movement but preserves the current speaker
  ---
  duration_ms: 23.435515
  type: 'test'
  ...
# Subtest: every motion and its interpolation stay inside the reserved one- or three-pixel envelope
ok 97 - every motion and its interpolation stay inside the reserved one- or three-pixel envelope
  ---
  duration_ms: 523.779603
  type: 'test'
  ...
# Subtest: pet-only cues animate the pet and accessory with identical frames
ok 98 - pet-only cues animate the pet and accessory with identical frames
  ---
  duration_ms: 1.03728
  type: 'test'
  ...
# Subtest: pet reports zero when its animation cannot start
ok 99 - pet reports zero when its animation cannot start
  ---
  duration_ms: 0.585149
  type: 'test'
  ...
# Subtest: isActive tracks pet motion and idle can exclude the pet
ok 100 - isActive tracks pet motion and idle can exclude the pet
  ---
  duration_ms: 0.460246
  type: 'test'
  ...
# Subtest: medicine cure settles first unless the text describes rejection
ok 101 - medicine cure settles first unless the text describes rejection
  ---
  duration_ms: 0.303464
  type: 'test'
  ...
# Subtest: pet care semantics win over randomized line tone without changing social tone
ok 102 - pet care semantics win over randomized line tone without changing social tone
  ---
  duration_ms: 0.206955
  type: 'test'
  ...
# Subtest: buildPreview wraps the current game with a compact isolated phone-safe control shell
ok 103 - buildPreview wraps the current game with a compact isolated phone-safe control shell
  ---
  duration_ms: 331.395412
  type: 'test'
  ...
# Subtest: default preview seeds an exact fresh-state adult hungry cat in memory only
ok 104 - default preview seeds an exact fresh-state adult hungry cat in memory only
  ---
  duration_ms: 215.101239
  type: 'test'
  ...
# Subtest: the generated Map-backed adapter implements the complete disposable Storage surface
ok 105 - the generated Map-backed adapter implements the complete disposable Storage surface
  ---
  duration_ms: 200.544505
  type: 'test'
  ...
# Subtest: URL presets use a strict allowlist and reset every care fixture independently
ok 106 - URL presets use a strict allowlist and reset every care fixture independently
  ---
  duration_ms: 685.55765
  type: 'test'
  ...
# Subtest: temporary happy stays on ordinary care controls and never runs automatically
ok 107 - temporary happy stays on ordinary care controls and never runs automatically
  ---
  duration_ms: 156.237144
  type: 'test'
  ...
# Subtest: CLI writes the same self-contained preview for the requested safe preset
ok 108 - CLI writes the same self-contained preview for the requested safe preset
  ---
  duration_ms: 502.129572
  type: 'test'
  ...
# Subtest: all preview forms keep selected faces visible across startup saves without achievement flashes
ok 109 - all preview forms keep selected faces visible across startup saves without achievement flashes
  ---
  duration_ms: 11108.258922
  type: 'test'
  ...
# Subtest: preset clicks reset only the child session and bootstrap uses that selected preset
ok 110 - preset clicks reset only the child session and bootstrap uses that selected preset
  ---
  duration_ms: 281.907238
  type: 'test'
  ...
# Subtest: kitten preview seeds the real third stage in isolated storage and rejects unknown forms
ok 111 - kitten preview seeds the real third stage in isolated storage and rejects unknown forms
  ---
  duration_ms: 171.126089
  type: 'test'
  ...
# Subtest: otemba preview seeds the fourth stage in disposable storage
ok 112 - otemba preview seeds the fourth stage in disposable storage
  ---
  duration_ms: 181.010709
  type: 'test'
  ...
# Subtest: young preview seeds the fifth stage in disposable storage
ok 113 - young preview seeds the fifth stage in disposable storage
  ---
  duration_ms: 226.58768
  type: 'test'
  ...
# Subtest: calm preview seeds the seventh stage in disposable storage
ok 114 - calm preview seeds the seventh stage in disposable storage
  ---
  duration_ms: 187.571018
  type: 'test'
  ...
# Subtest: elder preview seeds the eighth stage in disposable storage
ok 115 - elder preview seeds the eighth stage in disposable storage
  ---
  duration_ms: 192.882434
  type: 'test'
  ...
# Subtest: toddler preview seeds the second stage in disposable storage
ok 116 - toddler preview seeds the second stage in disposable storage
  ---
  duration_ms: 179.407798
  type: 'test'
  ...
# Subtest: baby preview seeds the first stage in disposable storage
ok 117 - baby preview seeds the first stage in disposable storage
  ---
  duration_ms: 187.816157
  type: 'test'
  ...
# Subtest: adult dog preview uses isolated storage and the real sixth stage
ok 118 - adult dog preview uses isolated storage and the real sixth stage
  ---
  duration_ms: 158.412397
  type: 'test'
  ...
# Subtest: query-selected dog matches the dropdown and can switch back to adult cat
ok 119 - query-selected dog matches the dropdown and can switch back to adult cat
  ---
  duration_ms: 206.775762
  type: 'test'
  ...
# Subtest: puppy preview uses isolated storage and the real third stage
ok 120 - puppy preview uses isolated storage and the real third stage
  ---
  duration_ms: 154.344503
  type: 'test'
  ...
# Subtest: wanpaku preview uses isolated storage and the real fourth stage
ok 121 - wanpaku preview uses isolated storage and the real fourth stage
  ---
  duration_ms: 158.602736
  type: 'test'
  ...
# Subtest: young dog preview uses isolated storage and the real fifth stage
ok 122 - young dog preview uses isolated storage and the real fifth stage
  ---
  duration_ms: 191.889073
  type: 'test'
  ...
# Subtest: calm dog preview uses isolated storage and the real seventh stage
ok 123 - calm dog preview uses isolated storage and the real seventh stage
  ---
  duration_ms: 160.437354
  type: 'test'
  ...
# Subtest: babyDog preview uses isolated storage and the correct age stage
ok 124 - babyDog preview uses isolated storage and the correct age stage
  ---
  duration_ms: 153.252488
  type: 'test'
  ...
# Subtest: toddlerDog preview uses isolated storage and the correct age stage
ok 125 - toddlerDog preview uses isolated storage and the correct age stage
  ---
  duration_ms: 168.270836
  type: 'test'
  ...
# Subtest: elderDog preview uses isolated storage and the correct age stage
ok 126 - elderDog preview uses isolated storage and the correct age stage
  ---
  duration_ms: 175.71201
  type: 'test'
  ...
# Subtest: man preview exposes every stage and never accesses real saves
ok 127 - man preview exposes every stage and never accesses real saves
  ---
  duration_ms: 904.188977
  type: 'test'
  ...
# Subtest: woman preview exposes every stage and never accesses real saves
ok 128 - woman preview exposes every stage and never accesses real saves
  ---
  duration_ms: 819.202999
  type: 'test'
  ...
# Subtest: penguin preview exposes every stage and never accesses real saves
ok 129 - penguin preview exposes every stage and never accesses real saves
  ---
  duration_ms: 819.589289
  type: 'test'
  ...
# Subtest: turtle preview exposes every stage and never accesses real saves
ok 130 - turtle preview exposes every stage and never accesses real saves
  ---
  duration_ms: 832.261546
  type: 'test'
  ...
# Subtest: frog preview exposes every stage and never accesses real saves
ok 131 - frog preview exposes every stage and never accesses real saves
  ---
  duration_ms: 738.727143
  type: 'test'
  ...
# Subtest: clownfish preview exposes every stage and never accesses real saves
ok 132 - clownfish preview exposes every stage and never accesses real saves
  ---
  duration_ms: 710.67528
  type: 'test'
  ...
# Subtest: salmon preview exposes every stage and never accesses real saves
ok 133 - salmon preview exposes every stage and never accesses real saves
  ---
  duration_ms: 736.42173
  type: 'test'
  ...
# Subtest: hermit_crab preview exposes every stage and never accesses real saves
ok 134 - hermit_crab preview exposes every stage and never accesses real saves
  ---
  duration_ms: 781.284699
  type: 'test'
  ...
# Subtest: jellyfish preview exposes every stage and never accesses real saves
ok 135 - jellyfish preview exposes every stage and never accesses real saves
  ---
  duration_ms: 758.795021
  type: 'test'
  ...
# Subtest: starfish preview exposes every stage and never accesses real saves
ok 136 - starfish preview exposes every stage and never accesses real saves
  ---
  duration_ms: 822.224907
  type: 'test'
  ...
# Subtest: coral preview exposes every stage and never accesses real saves
ok 137 - coral preview exposes every stage and never accesses real saves
  ---
  duration_ms: 786.813177
  type: 'test'
  ...
# Subtest: butterfly preview exposes every stage and never accesses real saves
ok 138 - butterfly preview exposes every stage and never accesses real saves
  ---
  duration_ms: 875.717631
  type: 'test'
  ...
# Subtest: beetle preview exposes every stage and never accesses real saves
ok 139 - beetle preview exposes every stage and never accesses real saves
  ---
  duration_ms: 741.473731
  type: 'test'
  ...
# Subtest: stagbeetle preview exposes every stage and never accesses real saves
ok 140 - stagbeetle preview exposes every stage and never accesses real saves
  ---
  duration_ms: 759.514368
  type: 'test'
  ...
# Subtest: cicada preview exposes every stage and never accesses real saves
ok 141 - cicada preview exposes every stage and never accesses real saves
  ---
  duration_ms: 760.664198
  type: 'test'
  ...
# Subtest: antlion preview exposes every stage and never accesses real saves
ok 142 - antlion preview exposes every stage and never accesses real saves
  ---
  duration_ms: 887.87935
  type: 'test'
  ...
# Subtest: dandelion preview exposes every stage and never accesses real saves
ok 143 - dandelion preview exposes every stage and never accesses real saves
  ---
  duration_ms: 852.778622
  type: 'test'
  ...
# Subtest: sakura preview exposes every stage and never accesses real saves
ok 144 - sakura preview exposes every stage and never accesses real saves
  ---
  duration_ms: 747.179305
  type: 'test'
  ...
# Subtest: venus_flytrap preview exposes every stage and never accesses real saves
ok 145 - venus_flytrap preview exposes every stage and never accesses real saves
  ---
  duration_ms: 738.432982
  type: 'test'
  ...
# Subtest: mushroom preview exposes every stage and never accesses real saves
ok 146 - mushroom preview exposes every stage and never accesses real saves
  ---
  duration_ms: 814.880517
  type: 'test'
  ...
# Subtest: dragon preview exposes every stage and never accesses real saves
ok 147 - dragon preview exposes every stage and never accesses real saves
  ---
  duration_ms: 891.614463
  type: 'test'
  ...
# Subtest: phoenix preview exposes every stage and never accesses real saves
ok 148 - phoenix preview exposes every stage and never accesses real saves
  ---
  duration_ms: 743.403696
  type: 'test'
  ...
# Subtest: god preview exposes every stage and never accesses real saves
ok 149 - god preview exposes every stage and never accesses real saves
  ---
  duration_ms: 773.58094
  type: 'test'
  ...
# Subtest: world_tree preview exposes every stage and never accesses real saves
ok 150 - world_tree preview exposes every stage and never accesses real saves
  ---
  duration_ms: 718.724012
  type: 'test'
  ...
# Subtest: ghost preview exposes every stage and never accesses real saves
ok 151 - ghost preview exposes every stage and never accesses real saves
  ---
  duration_ms: 769.47727
  type: 'test'
  ...
# Subtest: star preview exposes every stage and never accesses real saves
ok 152 - star preview exposes every stage and never accesses real saves
  ---
  duration_ms: 751.722093
  type: 'test'
  ...
# Subtest: plush preview exposes every stage and never accesses real saves
ok 153 - plush preview exposes every stage and never accesses real saves
  ---
  duration_ms: 765.950982
  type: 'test'
  ...
# Subtest: unknown preview exposes every stage and never accesses real saves
ok 154 - unknown preview exposes every stage and never accesses real saves
  ---
  duration_ms: 746.281135
  type: 'test'
  ...
# Subtest: ren preview exposes every stage and never accesses real saves
ok 155 - ren preview exposes every stage and never accesses real saves
  ---
  duration_ms: 725.486221
  type: 'test'
  ...
# Subtest: salmon preview uses all eight canonical stage names
ok 156 - salmon preview uses all eight canonical stage names
  ---
  duration_ms: 174.375497
  type: 'test'
  ...
# Subtest: hermit_crab preview uses all eight canonical stage names
ok 157 - hermit_crab preview uses all eight canonical stage names
  ---
  duration_ms: 289.395494
  type: 'test'
  ...
# Subtest: jellyfish preview uses all eight canonical stage names
ok 158 - jellyfish preview uses all eight canonical stage names
  ---
  duration_ms: 194.096991
  type: 'test'
  ...
# Subtest: starfish preview uses all eight canonical stage names
ok 159 - starfish preview uses all eight canonical stage names
  ---
  duration_ms: 251.091965
  type: 'test'
  ...
# Subtest: coral preview uses all eight canonical stage names
ok 160 - coral preview uses all eight canonical stage names
  ---
  duration_ms: 195.394015
  type: 'test'
  ...
# Subtest: butterfly preview uses all eight canonical stage names
ok 161 - butterfly preview uses all eight canonical stage names
  ---
  duration_ms: 179.663059
  type: 'test'
  ...
# Subtest: beetle preview uses all eight canonical stage names
ok 162 - beetle preview uses all eight canonical stage names
  ---
  duration_ms: 176.257339
  type: 'test'
  ...
# Subtest: stagbeetle preview uses all eight canonical stage names
ok 163 - stagbeetle preview uses all eight canonical stage names
  ---
  duration_ms: 179.62055
  type: 'test'
  ...
# Subtest: cicada preview uses all eight canonical stage names
ok 164 - cicada preview uses all eight canonical stage names
  ---
  duration_ms: 176.26813
  type: 'test'
  ...
# Subtest: antlion preview uses all eight canonical stage names
ok 165 - antlion preview uses all eight canonical stage names
  ---
  duration_ms: 175.669455
  type: 'test'
  ...
# Subtest: dandelion preview uses all eight canonical stage names
ok 166 - dandelion preview uses all eight canonical stage names
  ---
  duration_ms: 245.519804
  type: 'test'
  ...
# Subtest: sakura preview uses all eight canonical stage names
ok 167 - sakura preview uses all eight canonical stage names
  ---
  duration_ms: 170.409332
  type: 'test'
  ...
# Subtest: venus_flytrap preview uses all eight canonical stage names
ok 168 - venus_flytrap preview uses all eight canonical stage names
  ---
  duration_ms: 180.015916
  type: 'test'
  ...
# Subtest: mushroom preview uses all eight canonical stage names
ok 169 - mushroom preview uses all eight canonical stage names
  ---
  duration_ms: 213.836629
  type: 'test'
  ...
# Subtest: dragon preview uses all eight canonical stage names
ok 170 - dragon preview uses all eight canonical stage names
  ---
  duration_ms: 184.568778
  type: 'test'
  ...
# Subtest: phoenix preview uses all eight canonical stage names
ok 171 - phoenix preview uses all eight canonical stage names
  ---
  duration_ms: 167.020688
  type: 'test'
  ...
# Subtest: god preview uses all eight canonical stage names
ok 172 - god preview uses all eight canonical stage names
  ---
  duration_ms: 174.871192
  type: 'test'
  ...
# Subtest: world_tree preview uses all eight canonical stage names
ok 173 - world_tree preview uses all eight canonical stage names
  ---
  duration_ms: 167.537629
  type: 'test'
  ...
# Subtest: ghost preview uses all eight canonical stage names
ok 174 - ghost preview uses all eight canonical stage names
  ---
  duration_ms: 175.4638
  type: 'test'
  ...
# Subtest: star preview uses all eight canonical stage names
ok 175 - star preview uses all eight canonical stage names
  ---
  duration_ms: 185.406674
  type: 'test'
  ...
# Subtest: plush preview uses all eight canonical stage names
ok 176 - plush preview uses all eight canonical stage names
  ---
  duration_ms: 179.08803
  type: 'test'
  ...
# Subtest: unknown preview uses canonical punctuation and suppresses disposable rare achievement flashes
ok 177 - unknown preview uses canonical punctuation and suppresses disposable rare achievement flashes
  ---
  duration_ms: 177.154105
  type: 'test'
  ...
# Subtest: ren preview uses canonical secret names without a fabricated rare achievement
ok 178 - ren preview uses canonical secret names without a fabricated rare achievement
  ---
  duration_ms: 178.94732
  type: 'test'
  ...
# Subtest: clownfish gay keeps its targets through stages 7 and 8
ok 179 - clownfish gay keeps its targets through stages 7 and 8
  ---
  duration_ms: 219.265808
  type: 'test'
  ...
# Subtest: clownfish straight keeps its targets through stages 7 and 8
ok 180 - clownfish straight keeps its targets through stages 7 and 8
  ---
  duration_ms: 68.314459
  type: 'test'
  ...
# Subtest: new clownfish follow the pictured body stage while NB and other species keep their rules
ok 181 - new clownfish follow the pictured body stage while NB and other species keep their rules
  ---
  duration_ms: 24.507975
  type: 'test'
  ...
# Subtest: bi male/nonbinary survives sex change and reload without re-selection
ok 182 - bi male/nonbinary survives sex change and reload without re-selection
  ---
  duration_ms: 70.440375
  type: 'test'
  ...
# Subtest: bi female/nonbinary survives sex change and reload without re-selection
ok 183 - bi female/nonbinary survives sex change and reload without re-selection
  ---
  duration_ms: 81.152117
  type: 'test'
  ...
# Subtest: bi male/female survives sex change and reload without re-selection
ok 184 - bi male/female survives sex change and reload without re-selection
  ---
  duration_ms: 48.33915
  type: 'test'
  ...
# Subtest: bi male/female/nonbinary survives sex change and reload without re-selection
ok 185 - bi male/female/nonbinary survives sex change and reload without re-selection
  ---
  duration_ms: 64.265906
  type: 'test'
  ...
# Subtest: pan male/female/nonbinary survives sex change and reload without re-selection
ok 186 - pan male/female/nonbinary survives sex change and reload without re-selection
  ---
  duration_ms: 61.921783
  type: 'test'
  ...
# Subtest: aro  survives sex change and reload without re-selection
ok 187 - aro  survives sex change and reload without re-selection
  ---
  duration_ms: 74.738373
  type: 'test'
  ...
# Subtest: questioning male/female/nonbinary survives sex change and reload without re-selection
ok 188 - questioning male/female/nonbinary survives sex change and reload without re-selection
  ---
  duration_ms: 45.005856
  type: 'test'
  ...
# Subtest: NB identity remains NB while its clownfish body completes the transition
ok 189 - NB identity remains NB while its clownfish body completes the transition
  ---
  duration_ms: 25.319996
  type: 'test'
  ...
# Subtest: NB body-only change does not reopen an already reconciled relationship
ok 190 - NB body-only change does not reopen an already reconciled relationship
  ---
  duration_ms: 33.15254
  type: 'test'
  ...
# Subtest: a legacy sex-change notice cannot overwrite a primary save recovered from backup
ok 191 - a legacy sex-change notice cannot overwrite a primary save recovered from backup
  ---
  duration_ms: 54.153558
  type: 'test'
  ...
# Subtest: a partner whose targets no longer include us is retained as mismatched, including marriage
ok 192 - a partner whose targets no longer include us is retained as mismatched, including marriage
  ---
  duration_ms: 280.044684
  type: 'test'
  ...
# Subtest: compatible partners keep affection and a newly matching partner leaves mismatch
ok 193 - compatible partners keep affection and a newly matching partner leaves mismatch
  ---
  duration_ms: 47.936173
  type: 'test'
  ...
# Subtest: valid saved attraction overrides stale labels for self, partner, and guest
ok 194 - valid saved attraction overrides stale labels for self, partner, and guest
  ---
  duration_ms: 95.509329
  type: 'test'
  ...
# Subtest: legacy late-stage saves migrate once after age conversion; existing females never revert
ok 195 - legacy late-stage saves migrate once after age conversion; existing females never revert
  ---
  duration_ms: 144.730526
  type: 'test'
  ...
# Subtest: normal and infinite transformations use the selected form; returning restores the original life
ok 196 - normal and infinite transformations use the selected form; returning restores the original life
  ---
  duration_ms: 39.553579
  type: 'test'
  ...
# Subtest: guest codes preserve individual bi targets and canonical labels; old codes still load
ok 197 - guest codes preserve individual bi targets and canonical labels; old codes still load
  ---
  duration_ms: 27.643226
  type: 'test'
  ...
# Subtest: shared early-female clownfish keep a female stage name in profile and court
ok 198 - shared early-female clownfish keep a female stage name in profile and court
  ---
  duration_ms: 47.194532
  type: 'test'
  ...
# Subtest: a migrated infinite return snapshot gets the same identity repair before resuming
ok 199 - a migrated infinite return snapshot gets the same identity repair before resuming
  ---
  duration_ms: 50.350129
  type: 'test'
  ...
# Subtest: real court regression: male/straight against 18 identities
ok 200 - real court regression: male/straight against 18 identities
  ---
  duration_ms: 198.134391
  type: 'test'
  ...
# Subtest: real court regression: male/gay against 18 identities
ok 201 - real court regression: male/gay against 18 identities
  ---
  duration_ms: 203.434505
  type: 'test'
  ...
# Subtest: real court regression: male/bi against 18 identities
ok 202 - real court regression: male/bi against 18 identities
  ---
  duration_ms: 216.058596
  type: 'test'
  ...
# Subtest: real court regression: male/pan against 18 identities
ok 203 - real court regression: male/pan against 18 identities
  ---
  duration_ms: 280.882022
  type: 'test'
  ...
# Subtest: real court regression: male/aro against 18 identities
ok 204 - real court regression: male/aro against 18 identities
  ---
  duration_ms: 43.587173
  type: 'test'
  ...
# Subtest: real court regression: male/questioning against 18 identities
ok 205 - real court regression: male/questioning against 18 identities
  ---
  duration_ms: 301.158768
  type: 'test'
  ...
# Subtest: real court regression: female/straight against 18 identities
ok 206 - real court regression: female/straight against 18 identities
  ---
  duration_ms: 149.037958
  type: 'test'
  ...
# Subtest: real court regression: female/gay against 18 identities
ok 207 - real court regression: female/gay against 18 identities
  ---
  duration_ms: 134.838119
  type: 'test'
  ...
# Subtest: real court regression: female/bi against 18 identities
ok 208 - real court regression: female/bi against 18 identities
  ---
  duration_ms: 236.409059
  type: 'test'
  ...
# Subtest: real court regression: female/pan against 18 identities
ok 209 - real court regression: female/pan against 18 identities
  ---
  duration_ms: 302.484818
  type: 'test'
  ...
# Subtest: real court regression: female/aro against 18 identities
ok 210 - real court regression: female/aro against 18 identities
  ---
  duration_ms: 44.532673
  type: 'test'
  ...
# Subtest: real court regression: female/questioning against 18 identities
ok 211 - real court regression: female/questioning against 18 identities
  ---
  duration_ms: 328.425625
  type: 'test'
  ...
# Subtest: real court regression: nonbinary/straight against 18 identities
ok 212 - real court regression: nonbinary/straight against 18 identities
  ---
  duration_ms: 183.949793
  type: 'test'
  ...
# Subtest: real court regression: nonbinary/gay against 18 identities
ok 213 - real court regression: nonbinary/gay against 18 identities
  ---
  duration_ms: 154.264001
  type: 'test'
  ...
# Subtest: real court regression: nonbinary/bi against 18 identities
ok 214 - real court regression: nonbinary/bi against 18 identities
  ---
  duration_ms: 177.86532
  type: 'test'
  ...
# Subtest: real court regression: nonbinary/pan against 18 identities
ok 215 - real court regression: nonbinary/pan against 18 identities
  ---
  duration_ms: 290.307875
  type: 'test'
  ...
# Subtest: real court regression: nonbinary/aro against 18 identities
ok 216 - real court regression: nonbinary/aro against 18 identities
  ---
  duration_ms: 44.572397
  type: 'test'
  ...
# Subtest: real court regression: nonbinary/questioning against 18 identities
ok 217 - real court regression: nonbinary/questioning against 18 identities
  ---
  duration_ms: 279.457478
  type: 'test'
  ...
# Subtest: new court after a gay male becomes female uses both participants current genders
ok 218 - new court after a gay male becomes female uses both participants current genders
  ---
  duration_ms: 121.681676
  type: 'test'
  ...
# Subtest: completed relationships can reconcile and stay reconciled after save/load without changing targets
ok 219 - completed relationships can reconcile and stay reconciled after save/load without changing targets
  ---
  duration_ms: 95.468193
  type: 'test'
  ...
# Subtest: a normal tick crossing stage 8 completes once and a non-clownfish never changes gender
ok 220 - a normal tick crossing stage 8 completes once and a non-clownfish never changes gender
  ---
  duration_ms: 44.9602
  type: 'test'
  ...
# Subtest: finished lives retain the recorded identity when an old save is loaded
ok 221 - finished lives retain the recorded identity when an old save is loaded
  ---
  duration_ms: 103.640935
  type: 'test'
  ...
# Subtest: old compatibility cleanup cannot delete a partner before the clownfish migration makes them compatible
ok 222 - old compatibility cleanup cannot delete a partner before the clownfish migration makes them compatible
  ---
  duration_ms: 197.387742
  type: 'test'
  ...
# Subtest: sex change during a minigame is announced after returning to the home screen
ok 223 - sex change during a minigame is announced after returning to the home screen
  ---
  duration_ms: 28.110346
  type: 'test'
  ...
# Subtest: a same-tick elder achievement cannot replace the completed sex-change notice
ok 224 - a same-tick elder achievement cannot replace the completed sex-change notice
  ---
  duration_ms: 26.373471
  type: 'test'
  ...
# Subtest: stage-7 notice waits until finished minigame results have been readable
ok 225 - stage-7 notice waits until finished minigame results have been readable
  ---
  duration_ms: 28.097713
  type: 'test'
  ...
# Subtest: newborn clownfish hatch male for a binary roll and save that identity
ok 226 - newborn clownfish hatch male for a binary roll and save that identity
  ---
  duration_ms: 39.827489
  type: 'test'
  ...
# Subtest: a transition notice waits behind transformation choices and survives choosing to stay
ok 227 - a transition notice waits behind transformation choices and survives choosing to stay
  ---
  duration_ms: 28.469345
  type: 'test'
  ...
# Subtest: pre-v2 compatibility migration leaves finished clownfish relationships and logs unchanged
ok 228 - pre-v2 compatibility migration leaves finished clownfish relationships and logs unchanged
  ---
  duration_ms: 144.455052
  type: 'test'
  ...
# Subtest: pre-v2 infinite return relationship migration is complete before the first return
ok 229 - pre-v2 infinite return relationship migration is complete before the first return
  ---
  duration_ms: 228.997234
  type: 'test'
  ...
# Subtest: a same-tick marriage anniversary leaves the transition notice for after the movie
ok 230 - a same-tick marriage anniversary leaves the transition notice for after the movie
  ---
  duration_ms: 141.036916
  type: 'test'
  ...
# Subtest: comment text reuses matching illustrations and escapes arbitrary text
ok 231 - comment text reuses matching illustrations and escapes arbitrary text
  ---
  duration_ms: 166.838349
  type: 'test'
  ...
# Subtest: whole emoji sequences stay intact and unrelated food keeps its meaning
ok 232 - whole emoji sequences stay intact and unrelated food keeps its meaning
  ---
  duration_ms: 28.328823
  type: 'test'
  ...
# Subtest: speech shows the current actor illustration and leaves conversation and saves unchanged
ok 233 - speech shows the current actor illustration and leaves conversation and saves unchanged
  ---
  duration_ms: 38.277393
  type: 'test'
  ...
# Subtest: notices retain their scroll position until the actual message changes
ok 234 - notices retain their scroll position until the actual message changes
  ---
  duration_ms: 34.928936
  type: 'test'
  ...
# Subtest: event text, captions and birthday notices use the same inline presentation
ok 235 - event text, captions and birthday notices use the same inline presentation
  ---
  duration_ms: 34.486812
  type: 'test'
  ...
# Subtest: birthday and milestone symbols depict their own objects without unrelated atlas substitutes
ok 236 - birthday and milestone symbols depict their own objects without unrelated atlas substitutes
  ---
  duration_ms: 36.46097
  type: 'test'
  ...
# Subtest: all 26 companions and 18 partners keep their own speech portraits
ok 237 - all 26 companions and 18 partners keep their own speech portraits
  ---
  duration_ms: 412.64266
  type: 'test'
  ...
# Subtest: comment image failure stays local and works for newly inserted pictures
ok 238 - comment image failure stays local and works for newly inserted pictures
  ---
  duration_ms: 33.897726
  type: 'test'
  ...
# Subtest: pet reaction notices keep their words and identify the actual pet with its PNG
ok 239 - pet reaction notices keep their words and identify the actual pet with its PNG
  ---
  duration_ms: 22.977327
  type: 'test'
  ...
# Subtest: normal egg reserves an unraised species without changing this life or spending stock
ok 240 - normal egg reserves an unraised species without changing this life or spending stock
  ---
  duration_ms: 174.372183
  type: 'test'
  ...
# Subtest: normal egg blocks an exhausted pool and cannot borrow from the other pool
ok 241 - normal egg blocks an exhausted pool and cannot borrow from the other pool
  ---
  duration_ms: 27.962712
  type: 'test'
  ...
# Subtest: rare egg reserves an unraised species without changing this life or spending stock
ok 242 - rare egg reserves an unraised species without changing this life or spending stock
  ---
  duration_ms: 32.883937
  type: 'test'
  ...
# Subtest: rare egg blocks an exhausted pool and cannot borrow from the other pool
ok 243 - rare egg blocks an exhausted pool and cannot borrow from the other pool
  ---
  duration_ms: 34.366659
  type: 'test'
  ...
# Subtest: one reservation blocks all rerolls; cancellation never duplicates either stock
ok 244 - one reservation blocks all rerolls; cancellation never duplicates either stock
  ---
  duration_ms: 34.356049
  type: 'test'
  ...
# Subtest: reservation and unused stock survive reload, infinite return and next life; five taps consume once
ok 245 - reservation and unused stock survive reload, infinite return and next life; five taps consume once
  ---
  duration_ms: 174.156752
  type: 'test'
  ...
# Subtest: funded legacy reservation keeps an already raised species through migration and hatch
ok 246 - funded legacy reservation keeps an already raised species through migration and hatch
  ---
  duration_ms: 97.680223
  type: 'test'
  ...
# Subtest: old discovered species seed the unraised pool while new temporary discoveries do not
ok 247 - old discovered species seed the unraised pool while new temporary discoveries do not
  ---
  duration_ms: 96.017583
  type: 'test'
  ...
# Subtest: malformed or unfunded reservations never grant their species or negative stock
ok 248 - malformed or unfunded reservations never grant their species or negative stock
  ---
  duration_ms: 242.577548
  type: 'test'
  ...
# Subtest: infinite mode cannot reserve or hatch a funded egg
ok 249 - infinite mode cannot reserve or hatch a funded egg
  ---
  duration_ms: 21.679398
  type: 'test'
  ...
# Subtest: existing milestone egg grants use new stock once and never revive old dream fields
ok 250 - existing milestone egg grants use new stock once and never revive old dream fields
  ---
  duration_ms: 25.123925
  type: 'test'
  ...
# Subtest: normal purchase reserves secretly once; cancel/re-reserve/reload never refunds or clones
ok 251 - normal purchase reserves secretly once; cancel/re-reserve/reload never refunds or clones
  ---
  duration_ms: 68.940965
  type: 'test'
  ...
# Subtest: normal reserve without stock cannot purchase and unavailable purchase cannot charge
ok 252 - normal reserve without stock cannot purchase and unavailable purchase cannot charge
  ---
  duration_ms: 36.889979
  type: 'test'
  ...
# Subtest: rare purchase reserves secretly once; cancel/re-reserve/reload never refunds or clones
ok 253 - rare purchase reserves secretly once; cancel/re-reserve/reload never refunds or clones
  ---
  duration_ms: 63.279149
  type: 'test'
  ...
# Subtest: rare reserve without stock cannot purchase and unavailable purchase cannot charge
ok 254 - rare reserve without stock cannot purchase and unavailable purchase cannot charge
  ---
  duration_ms: 38.247568
  type: 'test'
  ...
# Subtest: central egg controls are removed from real HTML and runtime listeners
ok 255 - central egg controls are removed from real HTML and runtime listeners
  ---
  duration_ms: 8.554643
  type: 'test'
  ...
# Subtest: normal egg card has exactly one state-appropriate action and owned stock cannot be repurchased
ok 256 - normal egg card has exactly one state-appropriate action and owned stock cannot be repurchased
  ---
  duration_ms: 234.20852
  type: 'test'
  ...
# Subtest: rare egg card has exactly one state-appropriate action and owned stock cannot be repurchased
ok 257 - rare egg card has exactly one state-appropriate action and owned stock cannot be repurchased
  ---
  duration_ms: 259.804624
  type: 'test'
  ...
# Subtest: friend tickets list active-unjoined normal and rare companions without spending before confirmation
ok 258 - friend tickets list active-unjoined normal and rare companions without spending before confirmation
  ---
  duration_ms: 172.444734
  type: 'test'
  ...
# Subtest: confirming a companion ticket opens the normal invitation and stale confirmation does not spend
ok 259 - confirming a companion ticket opens the normal invitation and stale confirmation does not spend
  ---
  duration_ms: 38.458861
  type: 'test'
  ...
# Subtest: cancel and no candidate leave friend stock untouched
ok 260 - cancel and no candidate leave friend stock untouched
  ---
  duration_ms: 54.162379
  type: 'test'
  ...
# Subtest: match ticket lists exactly the mutually attracted candidates for male female and nonbinary pets, including seen candidates
ok 261 - match ticket lists exactly the mutually attracted candidates for male female and nonbinary pets, including seen candidates
  ---
  duration_ms: 29.974418
  type: 'test'
  ...
# Subtest: match confirmation calls one candidate to the current region without changing world tables or creating a partner
ok 262 - match confirmation calls one candidate to the current region without changing world tables or creating a partner
  ---
  duration_ms: 28.878437
  type: 'test'
  ...
# Subtest: match confirmation revalidates partner while calls survive introductions and clear on travel
ok 263 - match confirmation revalidates partner while calls survive introductions and clear on travel
  ---
  duration_ms: 226.203581
  type: 'test'
  ...
# Subtest: match confirmation revalidates stock and a local-home display transition keeps the paid call
ok 264 - match confirmation revalidates stock and a local-home display transition keeps the paid call
  ---
  duration_ms: 56.347138
  type: 'test'
  ...
# Subtest: a called match survives save reload in the same region
ok 265 - a called match survives save reload in the same region
  ---
  duration_ms: 96.556347
  type: 'test'
  ...
# Subtest: confirming either companion ticket leaves the shop so its invitation is reachable
ok 266 - confirming either companion ticket leaves the shop so its invitation is reachable
  ---
  duration_ms: 73.327094
  type: 'test'
  ...
# Subtest: time tickets change only the adjacent visual stage for five real minutes
ok 267 - time tickets change only the adjacent visual stage for five real minutes
  ---
  duration_ms: 196.64621
  type: 'test'
  ...
# Subtest: time tickets enforce the first and eighth actual-stage boundaries
ok 268 - time tickets enforce the first and eighth actual-stage boundaries
  ---
  duration_ms: 67.921626
  type: 'test'
  ...
# Subtest: a temporary form survives reload without extending and clears on a real stage change
ok 269 - a temporary form survives reload without extending and clears on a real stage change
  ---
  duration_ms: 70.808554
  type: 'test'
  ...
# Subtest: dex tickets offer exactly all ordinary and eight rare forms and stale choices do not spend
ok 270 - dex tickets offer exactly all ordinary and eight rare forms and stale choices do not spend
  ---
  duration_ms: 70.238742
  type: 'test'
  ...
# Subtest: transform tickets fund three legal candidates and favor species never raised
ok 271 - transform tickets fund three legal candidates and favor species never raised
  ---
  duration_ms: 57.786268
  type: 'test'
  ...
# Subtest: transform tickets supplement experienced candidates and reject stale or unavailable selections
ok 272 - transform tickets supplement experienced candidates and reject stale or unavailable selections
  ---
  duration_ms: 39.764313
  type: 'test'
  ...
# Subtest: legacy discovery seeds raised species once without later temporary discoveries
ok 273 - legacy discovery seeds raised species once without later temporary discoveries
  ---
  duration_ms: 114.914031
  type: 'test'
  ...
# Subtest: an actual transformation clears a temporary appearance
ok 274 - an actual transformation clears a temporary appearance
  ---
  duration_ms: 60.21384
  type: 'test'
  ...
# Subtest: ticket candidates cannot transform through the ordinary overlay without spending stock
ok 275 - ticket candidates cannot transform through the ordinary overlay without spending stock
  ---
  duration_ms: 31.114562
  type: 'test'
  ...
# Subtest: reloading an open transform ticket keeps stock and restores no ordinary offer
ok 276 - reloading an open transform ticket keeps stock and restores no ordinary offer
  ---
  duration_ms: 112.501447
  type: 'test'
  ...
# Subtest: dex picker hides every unknown form including markup and reveals only after selection
ok 277 - dex picker hides every unknown form including markup and reveals only after selection
  ---
  duration_ms: 84.613075
  type: 'test'
  ...
# Subtest: life medicine refills only life and can be used again after life falls
ok 278 - life medicine refills only life and can be used again after life falls
  ---
  duration_ms: 322.973324
  type: 'test'
  ...
# Subtest: life medicine at full life or outside a living finite life does not consume
ok 279 - life medicine at full life or outside a living finite life does not consume
  ---
  duration_ms: 156.8026
  type: 'test'
  ...
# Subtest: life charm automatically prevents actual death without changing its causes
ok 280 - life charm automatically prevents actual death without changing its causes
  ---
  duration_ms: 78.678892
  type: 'test'
  ...
# Subtest: a real dying tick spends one charm at the death boundary
ok 281 - a real dying tick spends one charm at the death boundary
  ---
  duration_ms: 64.516173
  type: 'test'
  ...
# Subtest: the tick reaching age one hundred enters farewell before charm consumption
ok 282 - the tick reaching age one hundred enters farewell before charm consumption
  ---
  duration_ms: 64.759016
  type: 'test'
  ...
# Subtest: life charm waits through grace and is never spent for farewell or infinity
ok 283 - life charm waits through grace and is never spent for farewell or infinity
  ---
  duration_ms: 39.134089
  type: 'test'
  ...
# Subtest: life charm is automatic and has no manual use control
ok 284 - life charm is automatic and has no manual use control
  ---
  duration_ms: 48.567388
  type: 'test'
  ...
# Subtest: retired consumables have no sale, use, or active-effect behavior
ok 285 - retired consumables have no sale, use, or active-effect behavior
  ---
  duration_ms: 55.491695
  type: 'test'
  ...
# Subtest: shop orders all twelve consumables by the approved catalog
ok 286 - shop orders all twelve consumables by the approved catalog
  ---
  duration_ms: 23.217894
  type: 'test'
  ...
# Subtest: final consumable catalog publishes exactly the twelve approved products
ok 287 - final consumable catalog publishes exactly the twelve approved products
  ---
  duration_ms: 4.181799
  type: 'test'
  ...
# Subtest: legacy stock converts or refunds once before retired IDs are filtered
ok 288 - legacy stock converts or refunds once before retired IDs are filtered
  ---
  duration_ms: 2.253587
  type: 'test'
  ...
# Subtest: every retired stock ID refunds its old unit price and purchase history adds nothing
ok 289 - every retired stock ID refunds its old unit price and purchase history adds nothing
  ---
  duration_ms: 1.364351
  type: 'test'
  ...
# Subtest: authoritative lifetime bag prevents live and snapshot copies from duplicating refunds
ok 290 - authoritative lifetime bag prevents live and snapshot copies from duplicating refunds
  ---
  duration_ms: 0.615416
  type: 'test'
  ...
# Subtest: invalid counts and unsafe sums cannot create unsafe money or stock
ok 291 - invalid counts and unsafe sums cannot create unsafe money or stock
  ---
  duration_ms: 0.468984
  type: 'test'
  ...
# Subtest: deduplicates prepaid reservations across live and infinite snapshots
ok 292 - deduplicates prepaid reservations across live and infinite snapshots
  ---
  duration_ms: 0.567207
  type: 'test'
  ...
# Subtest: separately paid small and great minigame reservations refund both once
ok 293 - separately paid small and great minigame reservations refund both once
  ---
  duration_ms: 2.593811
  type: 'test'
  ...
# Subtest: one logical minigame reservation refunds only its highest evidenced tier
ok 294 - one logical minigame reservation refunds only its highest evidenced tier
  ---
  duration_ms: 0.475455
  type: 'test'
  ...
# Subtest: pending funded reservations add no refund beyond their bag stock
ok 295 - pending funded reservations add no refund beyond their bag stock
  ---
  duration_ms: 0.754866
  type: 'test'
  ...
# Subtest: active and partly used effects end without refund while a fully unused sickness shield refunds once
ok 296 - active and partly used effects end without refund while a fully unused sickness shield refunds once
  ---
  duration_ms: 0.983442
  type: 'test'
  ...
# Subtest: a partially used sickness snapshot overrides a duplicate fully unused snapshot
ok 297 - a partially used sickness snapshot overrides a duplicate fully unused snapshot
  ---
  duration_ms: 0.512515
  type: 'test'
  ...
# Subtest: old court-big compatibility pays 350 once and is cleared even with flags
ok 298 - old court-big compatibility pays 350 once and is cleared even with flags
  ---
  duration_ms: 0.343921
  type: 'test'
  ...
# Subtest: reserved dream species survives conversion and reload-shaped normalization
ok 299 - reserved dream species survives conversion and reload-shaped normalization
  ---
  duration_ms: 0.442154
  type: 'test'
  ...
# Subtest: already migrated saves and return snapshots clear obsolete effects without credit
ok 300 - already migrated saves and return snapshots clear obsolete effects without credit
  ---
  duration_ms: 0.369949
  type: 'test'
  ...
# Subtest: a funded old Lucky pending item is cleared without duplicating its bag stock
ok 301 - a funded old Lucky pending item is cleared without duplicating its bag stock
  ---
  duration_ms: 0.270093
  type: 'test'
  ...
# Subtest: malformed migration markers cannot skip conversion
ok 302 - malformed migration markers cannot skip conversion
  ---
  duration_ms: 0.559332
  type: 'test'
  ...
# Subtest: registry sizes: species 31 (22 normal + 8 rare + 1 secret, 8 stages each = 248), companions 26, partners 18, legends 5
ok 303 - registry sizes: species 31 (22 normal + 8 rare + 1 secret, 8 stages each = 248), companions 26, partners 18, legends 5
  ---
  duration_ms: 206.24053
  type: 'test'
  ...
# Subtest: the secret species comes from master.playerSpecies.secret; the ren fallback is only for a missing master
ok 304 - the secret species comes from master.playerSpecies.secret; the ren fallback is only for a missing master
  ---
  duration_ms: 9.372396
  type: 'test'
  ...
# Subtest: every full registry table holds exactly the master ids (plus its pinned legacy rows)
ok 305 - every full registry table holds exactly the master ids (plus its pinned legacy rows)
  ---
  duration_ms: 477.60564
  type: 'test'
  ...
# Subtest: every intentionally partial table is exactly its audited subset
ok 306 - every intentionally partial table is exactly its audited subset
  ---
  duration_ms: 36.361733
  type: 'test'
  ...
# Subtest: legacy rows are pinned and never leak into the current canonical sets
ok 307 - legacy rows are pinned and never leak into the current canonical sets
  ---
  duration_ms: 8.195952
  type: 'test'
  ...
# Subtest: alias destinations are canonical, and alias keys are canonical or retired
ok 308 - alias destinations are canonical, and alias keys are canonical or retired
  ---
  duration_ms: 0.457702
  type: 'test'
  ...
# Subtest: species aliases: dex counts and the dex "found" display agree (raw → alias → registered)
ok 309 - species aliases: dex counts and the dex "found" display agree (raw → alias → registered)
  ---
  duration_ms: 25.62309
  type: 'test'
  ...
# Subtest: cast-bounds covers every current species stage, companion, partner, the author and egg frames
ok 310 - cast-bounds covers every current species stage, companion, partner, the author and egg frames
  ---
  duration_ms: 0.917497
  type: 'test'
  ...
# Subtest: images: every master species has 8 stages whose asset is <id>/01..08.png and whose label matches master
ok 311 - images: every master species has 8 stages whose asset is <id>/01..08.png and whose label matches master
  ---
  duration_ms: 1.207968
  type: 'test'
  ...
# Subtest: GOAL_TIER_IDS is the single tier map: id ↔ ordinal both ways, and every per-tier table follows it
ok 312 - GOAL_TIER_IDS is the single tier map: id ↔ ordinal both ways, and every per-tier table follows it
  ---
  duration_ms: 8.261954
  type: 'test'
  ...
# Subtest: ENDING_CELEBRATIONS still lacks the perfect tier: a known open gap, not the spec
ok 313 - ENDING_CELEBRATIONS still lacks the perfect tier: a known open gap, not the spec
  ---
  duration_ms: 7.748389
  type: 'test'
  ...
# Subtest: save ordinals are unchanged: endingTiersReached stays the ints 0..4 and the tier logic returns the same numbers
ok 314 - save ordinals are unchanged: endingTiersReached stays the ints 0..4 and the tier logic returns the same numbers
  ---
  duration_ms: 97.324925
  type: 'test'
  ...
# Subtest: remove-it: a species added to master but forgotten in one table is named with its table; typo, extra and retired ids too
ok 315 - remove-it: a species added to master but forgotten in one table is named with its table; typo, extra and retired ids too
  ---
  duration_ms: 165.950842
  type: 'test'
  ...
# Subtest: initial decoration preserves all text, existing elements and listeners
ok 316 - initial decoration preserves all text, existing elements and listeners
  ---
  duration_ms: 17.713161
  type: 'test'
  ...
# Subtest: token auditing keeps joined, modified, flag and keycap glyphs whole
ok 317 - token auditing keeps joined, modified, flag and keycap glyphs whole
  ---
  duration_ms: 4.734699
  type: 'test'
  ...
# Subtest: unknown whole sequences remain unchanged even when a component is known
ok 318 - unknown whole sequences remain unchanged even when a component is known
  ---
  duration_ms: 1.455842
  type: 'test'
  ...
# Subtest: editing controls and existing illustration subtrees remain untouched
ok 319 - editing controls and existing illustration subtrees remain untouched
  ---
  duration_ms: 4.962202
  type: 'test'
  ...
# Subtest: later added subtrees and character edits are decorated without rescanning unaffected text
ok 320 - later added subtrees and character edits are decorated without rescanning unaffected text
  ---
  duration_ms: 7.213239
  type: 'test'
  ...
# Subtest: nodes removed before observer delivery are ignored
ok 321 - nodes removed before observer delivery are ignored
  ---
  duration_ms: 4.281076
  type: 'test'
  ...
# Subtest: the current actor marker passes through the same display resolver
ok 322 - the current actor marker passes through the same display resolver
  ---
  duration_ms: 1.390488
  type: 'test'
  ...
# Subtest: daily and Lucky payouts stay independent with null
ok 323 - daily and Lucky payouts stay independent with null
  ---
  duration_ms: 333.778431
  type: 'test'
  ...
# Subtest: daily and Lucky payouts stay independent with star
ok 324 - daily and Lucky payouts stay independent with star
  ---
  duration_ms: 42.444271
  type: 'test'
  ...
# Subtest: Star does not multiply either side of a duel settlement
ok 325 - Star does not multiply either side of a duel settlement
  ---
  duration_ms: 56.148632
  type: 'test'
  ...
# Subtest: five warming taps show progressive egg art and hatch once at the existing boundary
ok 326 - five warming taps show progressive egg art and hatch once at the existing boundary
  ---
  duration_ms: 214.253852
  type: 'test'
  ...
# Subtest: each saved egg resumes its crack stage without replaying a touch reaction
ok 327 - each saved egg resumes its crack stage without replaying a touch reaction
  ---
  duration_ms: 562.596263
  type: 'test'
  ...
# Subtest: reload immediately after the fifth tap keeps the same newborn and one birth record
ok 328 - reload immediately after the fifth tap keeps the same newborn and one birth record
  ---
  duration_ms: 120.741521
  type: 'test'
  ...
# Subtest: reset during the hatch effect cannot alter or decorate the replacement egg
ok 329 - reset during the hatch effect cannot alter or decorate the replacement egg
  ---
  duration_ms: 48.936414
  type: 'test'
  ...
# Subtest: the egg itself can be warmed and newborn care remains available immediately
ok 330 - the egg itself can be warmed and newborn care remains available immediately
  ---
  duration_ms: 32.146423
  type: 'test'
  ...
# Subtest: all 30 legal dream species keep their stable identity and first-form artwork
ok 331 - all 30 legal dream species keep their stable identity and first-form artwork
  ---
  duration_ms: 1422.119275
  type: 'test'
  ...
# Subtest: a failed egg image uses the existing emoji fallback and can still hatch
ok 332 - a failed egg image uses the existing emoji fallback and can still hatch
  ---
  duration_ms: 66.677869
  type: 'test'
  ...
# Subtest: finished reactions are removed and cannot replay when returning from a minigame
ok 333 - finished reactions are removed and cannot replay when returning from a minigame
  ---
  duration_ms: 66.94151
  type: 'test'
  ...
# Subtest: cancelled hatch animation is cleaned before an immediate minigame return
ok 334 - cancelled hatch animation is cleaned before an immediate minigame return
  ---
  duration_ms: 75.511878
  type: 'test'
  ...
# Subtest: reduced motion shows the correct egg and newborn without a pending reveal
ok 335 - reduced motion shows the correct egg and newborn without a pending reveal
  ---
  duration_ms: 30.345998
  type: 'test'
  ...
# Subtest: home derives emotion without adding saved emotion fields
ok 336 - home derives emotion without adding saved emotion fields
  ---
  duration_ms: 181.63489
  type: 'test'
  ...
# Subtest: rendering and running an emotion cue leave the serialized save unchanged
ok 337 - rendering and running an emotion cue leave the serialized save unchanged
  ---
  duration_ms: 28.356356
  type: 'test'
  ...
# Subtest: home emotion follows canonical priority and pet availability
ok 338 - home emotion follows canonical priority and pet availability
  ---
  duration_ms: 53.841229
  type: 'test'
  ...
# Subtest: persistent cue moves only the main pet and its accessory
ok 339 - persistent cue moves only the main pet and its accessory
  ---
  duration_ms: 35.83908
  type: 'test'
  ...
# Subtest: 26 companions stay still during the main pet hungry cue
ok 340 - 26 companions stay still during the main pet hungry cue
  ---
  duration_ms: 57.537407
  type: 'test'
  ...
# Subtest: 26 companions stay still during the main pet sulk cue
ok 341 - 26 companions stay still during the main pet sulk cue
  ---
  duration_ms: 40.48739
  type: 'test'
  ...
# Subtest: critical life cancels a running persistent cue and stays still
ok 342 - critical life cancels a running persistent cue and stays still
  ---
  duration_ms: 40.923401
  type: 'test'
  ...
# Subtest: critical life suppresses both ordinary idle sources while keeping critical UI
ok 343 - critical life suppresses both ordinary idle sources while keeping critical UI
  ---
  duration_ms: 28.478413
  type: 'test'
  ...
# Subtest: ordinary render does not interrupt a real care reaction
ok 344 - ordinary render does not interrupt a real care reaction
  ---
  duration_ms: 26.708199
  type: 'test'
  ...
# Subtest: real feed starts with munch
ok 345 - real feed starts with munch
  ---
  duration_ms: 50.067749
  type: 'test'
  ...
# Subtest: real wake keeps stretch for a sleepy randomized line
ok 346 - real wake keeps stretch for a sleepy randomized line
  ---
  duration_ms: 26.642959
  type: 'test'
  ...
# Subtest: real wrong medicine starts with shake
ok 347 - real wrong medicine starts with shake
  ---
  duration_ms: 28.395665
  type: 'test'
  ...
# Subtest: real annoyed play starts with settle
ok 348 - real annoyed play starts with settle
  ---
  duration_ms: 98.779538
  type: 'test'
  ...
# Subtest: feed adds one pet-only gentle bounce after munch when hunger is cleared
ok 349 - feed adds one pet-only gentle bounce after munch when hunger is cleared
  ---
  duration_ms: 29.280994
  type: 'test'
  ...
# Subtest: feed returns to the latest hungry profile without a happy afterglow
ok 350 - feed returns to the latest hungry profile without a happy afterglow
  ---
  duration_ms: 33.475539
  type: 'test'
  ...
# Subtest: feed afterglow rechecks raw hunger at callback time
ok 351 - feed afterglow rechecks raw hunger at callback time
  ---
  duration_ms: 49.976162
  type: 'test'
  ...
# Subtest: feed afterglow rechecks raw pet availability at callback time
ok 352 - feed afterglow rechecks raw pet availability at callback time
  ---
  duration_ms: 61.224158
  type: 'test'
  ...
# Subtest: cured medicine settles first and then adds one pet-only bounce
ok 353 - cured medicine settles first and then adds one pet-only bounce
  ---
  duration_ms: 37.267544
  type: 'test'
  ...
# Subtest: a newer care action invalidates the old feed afterglow
ok 354 - a newer care action invalidates the old feed afterglow
  ---
  duration_ms: 28.613
  type: 'test'
  ...
# Subtest: a newer semantic event invalidates the old feed afterglow
ok 355 - a newer semantic event invalidates the old feed afterglow
  ---
  duration_ms: 26.808408
  type: 'test'
  ...
# Subtest: leaving home invalidates a feed afterglow even after returning
ok 356 - leaving home invalidates a feed afterglow even after returning
  ---
  duration_ms: 151.780579
  type: 'test'
  ...
# Subtest: feed afterglow waits for existing companion conversation beats
ok 357 - feed afterglow waits for existing companion conversation beats
  ---
  duration_ms: 29.794391
  type: 'test'
  ...
# Subtest: critical life and reduced motion suppress care afterglow movement
ok 358 - critical life and reduced motion suppress care afterglow movement
  ---
  duration_ms: 78.630147
  type: 'test'
  ...
# Subtest: critical life suppresses cured medicine afterglow
ok 359 - critical life suppresses cured medicine afterglow
  ---
  duration_ms: 24.487093
  type: 'test'
  ...
# Subtest: other semantic care reactions finish without an added happy afterglow
ok 360 - other semantic care reactions finish without an added happy afterglow
  ---
  duration_ms: 201.899072
  type: 'test'
  ...
# Subtest: normal state cancels the old profile timer before it can fire
ok 361 - normal state cancels the old profile timer before it can fire
  ---
  duration_ms: 22.780824
  type: 'test'
  ...
# Subtest: non-normal emotion excludes the pet from ordinary idle while companions continue
ok 362 - non-normal emotion excludes the pet from ordinary idle while companions continue
  ---
  duration_ms: 24.994438
  type: 'test'
  ...
# Subtest: non-normal emotion excludes autonomous pet greetings but keeps social greetings
ok 363 - non-normal emotion excludes autonomous pet greetings but keeps social greetings
  ---
  duration_ms: 68.866597
  type: 'test'
  ...
# Subtest: egg blocks a pending persistent cue
ok 364 - egg blocks a pending persistent cue
  ---
  duration_ms: 23.01522
  type: 'test'
  ...
# Subtest: farewell blocks a pending persistent cue
ok 365 - farewell blocks a pending persistent cue
  ---
  duration_ms: 38.878966
  type: 'test'
  ...
# Subtest: dead blocks a pending persistent cue
ok 366 - dead blocks a pending persistent cue
  ---
  duration_ms: 25.509037
  type: 'test'
  ...
# Subtest: sleeping blocks a pending persistent cue
ok 367 - sleeping blocks a pending persistent cue
  ---
  duration_ms: 24.062211
  type: 'test'
  ...
# Subtest: transform blocks a pending persistent cue
ok 368 - transform blocks a pending persistent cue
  ---
  duration_ms: 36.228758
  type: 'test'
  ...
# Subtest: menu blocks a pending persistent cue
ok 369 - menu blocks a pending persistent cue
  ---
  duration_ms: 23.008608
  type: 'test'
  ...
# Subtest: minigame blocks a pending persistent cue
ok 370 - minigame blocks a pending persistent cue
  ---
  duration_ms: 26.619235
  type: 'test'
  ...
# Subtest: story blocks a pending persistent cue
ok 371 - story blocks a pending persistent cue
  ---
  duration_ms: 64.458334
  type: 'test'
  ...
# Subtest: hidden tab blocks a pending persistent cue
ok 372 - hidden tab blocks a pending persistent cue
  ---
  duration_ms: 33.318777
  type: 'test'
  ...
# Subtest: story opening immediately cancels an active persistent cue
ok 373 - story opening immediately cancels an active persistent cue
  ---
  duration_ms: 23.094267
  type: 'test'
  ...
# Subtest: menu cancels an active persistent cue and the current state restarts after return
ok 374 - menu cancels an active persistent cue and the current state restarts after return
  ---
  duration_ms: 64.515186
  type: 'test'
  ...
# Subtest: story cancels an active persistent cue and the current state restarts after return
ok 375 - story cancels an active persistent cue and the current state restarts after return
  ---
  duration_ms: 24.42142
  type: 'test'
  ...
# Subtest: minigame cancels an active persistent cue and the current state restarts after return
ok 376 - minigame cancels an active persistent cue and the current state restarts after return
  ---
  duration_ms: 57.08123
  type: 'test'
  ...
# Subtest: hidden tab cancels an active persistent cue and the current state restarts after return
ok 377 - hidden tab cancels an active persistent cue and the current state restarts after return
  ---
  duration_ms: 37.269278
  type: 'test'
  ...
# Subtest: returning from a hidden tab schedules the current profile again
ok 378 - returning from a hidden tab schedules the current profile again
  ---
  duration_ms: 27.408946
  type: 'test'
  ...
# Subtest: reduced motion retains the derived state without starting a cue
ok 379 - reduced motion retains the derived state without starting a cue
  ---
  duration_ms: 27.98542
  type: 'test'
  ...
# Subtest: switching to reduced motion stops a running persistent cue
ok 380 - switching to reduced motion stops a running persistent cue
  ---
  duration_ms: 45.906109
  type: 'test'
  ...
# Subtest: reduced motion suppresses persistent and afterglow movement but retains the warning icon
ok 381 - reduced motion suppresses persistent and afterglow movement but retains the warning icon
  ---
  duration_ms: 47.379975
  type: 'test'
  ...
# Subtest: normal idle perk callback does not preempt a pending care afterglow
ok 382 - normal idle perk callback does not preempt a pending care afterglow
  ---
  duration_ms: 42.771719
  type: 'test'
  ...
# Subtest: normal idle perk callback does not preempt an active care afterglow
ok 383 - normal idle perk callback does not preempt an active care afterglow
  ---
  duration_ms: 30.264967
  type: 'test'
  ...
# Subtest: normal idle greeting callback does not preempt a pending care afterglow
ok 384 - normal idle greeting callback does not preempt a pending care afterglow
  ---
  duration_ms: 25.715281
  type: 'test'
  ...
# Subtest: normal idle greeting callback does not preempt an active care afterglow
ok 385 - normal idle greeting callback does not preempt an active care afterglow
  ---
  duration_ms: 39.467212
  type: 'test'
  ...
# Subtest: static script exposes the pure resolver on window
ok 386 - static script exposes the pure resolver on window
  ---
  duration_ms: 6.324323
  type: 'test'
  ...
# Subtest: resolve returns every approved emotion profile
ok 387 - resolve returns every approved emotion profile
  ---
  duration_ms: 0.737354
  type: 'test'
  ...
# Subtest: resolve follows the approved visible priority
ok 388 - resolve follows the approved visible priority
  ---
  duration_ms: 0.350343
  type: 'test'
  ...
# Subtest: worsening tiredness never increases cue cadence
ok 389 - worsening tiredness never increases cue cadence
  ---
  duration_ms: 0.271556
  type: 'test'
  ...
# Subtest: non-playable and sleeping signals resolve to normal
ok 390 - non-playable and sleeping signals resolve to normal
  ---
  duration_ms: 0.274181
  type: 'test'
  ...
# Subtest: resolve does not mutate its input or share returned profile objects
ok 391 - resolve does not mutate its input or share returned profile objects
  ---
  duration_ms: 1.703214
  type: 'test'
  ...
# Subtest: sodachi 20 to 100 costs 1,500-1,800 growth and 20 to 70 costs under 800
ok 392 - sodachi 20 to 100 costs 1,500-1,800 growth and 20 to 70 costs under 800
  ---
  duration_ms: 161.289833
  type: 'test'
  ...
# Subtest: sleeping from empty takes roughly 3-12 seconds of recovery steps
ok 393 - sleeping from empty takes roughly 3-12 seconds of recovery steps
  ---
  duration_ms: 63.896748
  type: 'test'
  ...
# Subtest: an S-rank result grants a growth boost that doubles growth and decays per tick
ok 394 - an S-rank result grants a growth boost that doubles growth and decays per tick
  ---
  duration_ms: 33.758547
  type: 'test'
  ...
# Subtest: game length: normal difficulty runs at face value, easy adds 20%, short mode trims games of 20s or more
ok 395 - game length: normal difficulty runs at face value, easy adds 20%, short mode trims games of 20s or more
  ---
  duration_ms: 33.946958
  type: 'test'
  ...
# Subtest: life recovers during ordinary care and faster when everything is above 60
ok 396 - life recovers during ordinary care and faster when everything is above 60
  ---
  duration_ms: 24.354204
  type: 'test'
  ...
# Subtest: a full transform meter opens the transform choice right after the game, with no lottery
ok 397 - a full transform meter opens the transform choice right after the game, with no lottery
  ---
  duration_ms: 37.917575
  type: 'test'
  ...
# Subtest: the same environment + seed + pinned clock gives the same time, weather, season and randomness on any host clock and TZ
ok 398 - the same environment + seed + pinned clock gives the same time, weather, season and randomness on any host clock and TZ
  ---
  duration_ms: 1076.023724
  type: 'test'
  ...
# Subtest: with environment: 'auto' the result follows the host clock (the test detects the difference)
ok 399 - with environment: 'auto' the result follows the host clock (the test detects the difference)
  ---
  duration_ms: 1533.661538
  type: 'test'
  ...
# Subtest: hostEnvironmentClock alone makes the time of day follow the harness clock instead of the host clock
ok 400 - hostEnvironmentClock alone makes the time of day follow the harness clock instead of the host clock
  ---
  duration_ms: 473.869889
  type: 'test'
  ...
# Subtest: the flaky "entering meguru" scene is reproducible with the options on any host clock and TZ
ok 401 - the flaky "entering meguru" scene is reproducible with the options on any host clock and TZ
  ---
  duration_ms: 4718.275245
  type: 'test'
  ...
# Subtest: one generator feeds the page Math.random (from boot) and meguru
ok 402 - one generator feeds the page Math.random (from boot) and meguru
  ---
  duration_ms: 249.690014
  type: 'test'
  ...
# Subtest: default harness(): fixed day/sunny environment (RH-6), native random, unpinned new Date(), harness Date.now()
ok 403 - default harness(): fixed day/sunny environment (RH-6), native random, unpinned new Date(), harness Date.now()
  ---
  duration_ms: 78.851778
  type: 'test'
  ...
# Subtest: a manual time/weather mode still wins over environment, and the undersea/starry regions keep no weather
ok 404 - a manual time/weather mode still wins over environment, and the undersea/starry regions keep no weather
  ---
  duration_ms: 25.164351
  type: 'test'
  ...
# Subtest: the deterministic preset pins environment, host clock, seed and date; explicit options win
ok 405 - the deterministic preset pins environment, host clock, seed and date; explicit options win
  ---
  duration_ms: 71.566586
  type: 'test'
  ...
# Subtest: the weather labels the harness returns match world-environment.js
ok 406 - the weather labels the harness returns match world-environment.js
  ---
  duration_ms: 0.822863
  type: 'test'
  ...
# Subtest: one-finger drags cannot pan the home, including a drag starting on a care button
ok 407 - one-finger drags cannot pan the home, including a drag starting on a care button
  ---
  duration_ms: 256.720358
  type: 'test'
  ...
# Subtest: long text can scroll in both directions but cannot drag the home past its edges
ok 408 - long text can scroll in both directions but cannot drag the home past its edges
  ---
  duration_ms: 26.384818
  type: 'test'
  ...
# Subtest: pinch zoom and panning an enlarged view remain available
ok 409 - pinch zoom and panning an enlarged view remain available
  ---
  duration_ms: 34.396515
  type: 'test'
  ...
# Subtest: menus, minigames and life records keep their gestures and returning home restores the lock
ok 410 - menus, minigames and life records keep their gestures and returning home restores the lock
  ---
  duration_ms: 60.262697
  type: 'test'
  ...
# Subtest: home touch setup leaves the home height available after the fun strip retirement
ok 411 - home touch setup leaves the home height available after the fun strip retirement
  ---
  duration_ms: 25.771215
  type: 'test'
  ...
# Subtest: approved hunger profile covers exactly 31 playable growth lines and all 248 stages
ok 412 - approved hunger profile covers exactly 31 playable growth lines and all 248 stages
  ---
  duration_ms: 6.210871
  type: 'test'
  ...
# Subtest: hunger category resolver does not silently fallback for unsupported or malformed assets
ok 413 - hunger category resolver does not silently fallback for unsupported or malformed assets
  ---
  duration_ms: 0.271466
  type: 'test'
  ...
# Subtest: all 248 hungry displays use the approved food artwork, including life-stage overrides
ok 414 - all 248 hungry displays use the approved food artwork, including life-stage overrides
  ---
  duration_ms: 19.931374
  type: 'test'
  ...
# Subtest: mushroom07 hunger bubble separates from spores without moving other state marks
ok 415 - mushroom07 hunger bubble separates from spores without moving other state marks
  ---
  duration_ms: 2.747468
  type: 'test'
  ...
# Subtest: every shipped UI/game emoji has an illustrated display definition
ok 416 - every shipped UI/game emoji has an illustrated display definition
  ---
  duration_ms: 398.96991
  type: 'test'
  ...
# Subtest: the exact actor and generic game props are separate, and saves stay untouched
ok 417 - the exact actor and generic game props are separate, and saves stay untouched
  ---
  duration_ms: 38.03841
  type: 'test'
  ...
# Subtest: every minigame maps to one of the intro demo kinds, and the kinds are varied
ok 418 - every minigame maps to one of the intro demo kinds, and the kinds are varied
  ---
  duration_ms: 175.258879
  type: 'test'
  ...
# Subtest: the intro card carries a demo canvas tagged with the demo kind
ok 419 - the intro card carries a demo canvas tagged with the demo kind
  ---
  duration_ms: 31.52219
  type: 'test'
  ...
# Subtest: swipe thresholds are unified through MG_SWIPE_MIN and hold timing through MG_HOLD_PROFILES
ok 420 - swipe thresholds are unified through MG_SWIPE_MIN and hold timing through MG_HOLD_PROFILES
  ---
  duration_ms: 48.575752
  type: 'test'
  ...
# Subtest: the result toast offers a retry button that restarts the same game
ok 421 - the result toast offers a retry button that restarts the same game
  ---
  duration_ms: 45.308154
  type: 'test'
  ...
# Subtest: the result toast has no retry button before any game was played
ok 422 - the result toast has no retry button before any game was played
  ---
  duration_ms: 24.443912
  type: 'test'
  ...
# Subtest: the intro card shows for the first three plays and the help overlay works any time
ok 423 - the intro card shows for the first three plays and the help overlay works any time
  ---
  duration_ms: 33.211006
  type: 'test'
  ...
# Subtest: steps pad fires the moment a direction is clear, once per flick, without waiting for release
ok 424 - steps pad fires the moment a direction is clear, once per flick, without waiting for release
  ---
  duration_ms: 39.338903
  type: 'test'
  ...
# Subtest: turn-based steps pad needs a longer drag for the second cell in the same direction
ok 425 - turn-based steps pad needs a longer drag for the second cell in the same direction
  ---
  duration_ms: 40.043606
  type: 'test'
  ...
# Subtest: delta pad glides at the pad edge while pushing outward and stops when the finger comes back
ok 426 - delta pad glides at the pad edge while pushing outward and stops when the finger comes back
  ---
  duration_ms: 41.680626
  type: 'test'
  ...
# Subtest: vector pad keeps the direction of the real movement, not the wobble when the finger stops
ok 427 - vector pad keeps the direction of the real movement, not the wobble when the finger stops
  ---
  duration_ms: 23.64843
  type: 'test'
  ...
# Subtest: the unified manifest gives every one of the 27 item identities a dedicated normalized PNG
ok 428 - the unified manifest gives every one of the 27 item identities a dedicated normalized PNG
  ---
  duration_ms: 405.708969
  type: 'test'
  ...
# Subtest: shop, home, consumables and item stickers use semantic unified art
ok 429 - shop, home, consumables and item stickers use semantic unified art
  ---
  duration_ms: 212.909714
  type: 'test'
  ...
# Subtest: a unified image failure reveals only its semantic fallback without changing state
ok 430 - a unified image failure reveals only its semantic fallback without changing state
  ---
  duration_ms: 34.778848
  type: 'test'
  ...
# Subtest: the unified shop art frame is 40px while the home accessory keeps its inherited frame
ok 431 - the unified shop art frame is 40px while the home accessory keeps its inherited frame
  ---
  duration_ms: 0.444468
  type: 'test'
  ...
# Subtest: retired hat uses the ordinary transform rate and needs four games
ok 432 - retired hat uses the ordinary transform rate and needs four games
  ---
  duration_ms: 188.735668
  type: 'test'
  ...
# Subtest: retired hat has no game effect in a start snapshot
ok 433 - retired hat has no game effect in a start snapshot
  ---
  duration_ms: 124.51658
  type: 'test'
  ...
# Subtest: retired energy1 has no game effect in a start snapshot
ok 434 - retired energy1 has no game effect in a start snapshot
  ---
  duration_ms: 140.91948
  type: 'test'
  ...
# Subtest: retired glasses has no game effect in a start snapshot
ok 435 - retired glasses has no game effect in a start snapshot
  ---
  duration_ms: 114.283584
  type: 'test'
  ...
# Subtest: retired crown has no game effect in a start snapshot
ok 436 - retired crown has no game effect in a start snapshot
  ---
  duration_ms: 164.04019
  type: 'test'
  ...
# Subtest: retired flower has no game effect in a start snapshot
ok 437 - retired flower has no game effect in a start snapshot
  ---
  duration_ms: 124.851895
  type: 'test'
  ...
# Subtest: retired crown cannot rescue zero health but the existing miracle still works
ok 438 - retired crown cannot rescue zero health but the existing miracle still works
  ---
  duration_ms: 33.291598
  type: 'test'
  ...
# Subtest: crown does not bypass normal two minute life warning or rescue life death
ok 439 - crown does not bypass normal two minute life warning or rescue life death
  ---
  duration_ms: 21.077276
  type: 'test'
  ...
# Subtest: retired crown snapshot cannot reduce failed-game life damage
ok 440 - retired crown snapshot cannot reduce failed-game life damage
  ---
  duration_ms: 25.105102
  type: 'test'
  ...
# Subtest: star pays ordinary success immediately and never adds a delayed set reward
ok 441 - star pays ordinary success immediately and never adds a delayed set reward
  ---
  duration_ms: 42.602316
  type: 'test'
  ...
# Subtest: star menu describes immediate ordinary-success coins without stamp or waiting UI
ok 442 - star menu describes immediate ordinary-success coins without stamp or waiting UI
  ---
  duration_ms: 47.574333
  type: 'test'
  ...
# Subtest: ordinary score 0, equipment null -> null pays 0
ok 443 - ordinary score 0, equipment null -> null pays 0
  ---
  duration_ms: 44.978138
  type: 'test'
  ...
# Subtest: ordinary score 0, equipment star -> null pays 0
ok 444 - ordinary score 0, equipment star -> null pays 0
  ---
  duration_ms: 28.113562
  type: 'test'
  ...
# Subtest: ordinary score 0, equipment null -> star pays 0
ok 445 - ordinary score 0, equipment null -> star pays 0
  ---
  duration_ms: 27.572214
  type: 'test'
  ...
# Subtest: ordinary score 29, equipment null -> null pays 0
ok 446 - ordinary score 29, equipment null -> null pays 0
  ---
  duration_ms: 32.663038
  type: 'test'
  ...
# Subtest: ordinary score 29, equipment star -> null pays 0
ok 447 - ordinary score 29, equipment star -> null pays 0
  ---
  duration_ms: 55.951807
  type: 'test'
  ...
# Subtest: ordinary score 29, equipment null -> star pays 0
ok 448 - ordinary score 29, equipment null -> star pays 0
  ---
  duration_ms: 51.86246
  type: 'test'
  ...
# Subtest: ordinary score 30, equipment null -> null pays 30
ok 449 - ordinary score 30, equipment null -> null pays 30
  ---
  duration_ms: 24.177787
  type: 'test'
  ...
# Subtest: ordinary score 30, equipment star -> null pays 90
ok 450 - ordinary score 30, equipment star -> null pays 90
  ---
  duration_ms: 51.834417
  type: 'test'
  ...
# Subtest: ordinary score 30, equipment null -> star pays 30
ok 451 - ordinary score 30, equipment null -> star pays 30
  ---
  duration_ms: 39.150301
  type: 'test'
  ...
# Subtest: ordinary score 69, equipment null -> null pays 30
ok 452 - ordinary score 69, equipment null -> null pays 30
  ---
  duration_ms: 24.72737
  type: 'test'
  ...
# Subtest: ordinary score 69, equipment star -> null pays 90
ok 453 - ordinary score 69, equipment star -> null pays 90
  ---
  duration_ms: 24.457998
  type: 'test'
  ...
# Subtest: ordinary score 69, equipment null -> star pays 30
ok 454 - ordinary score 69, equipment null -> star pays 30
  ---
  duration_ms: 43.918196
  type: 'test'
  ...
# Subtest: ordinary score 70, equipment null -> null pays 60
ok 455 - ordinary score 70, equipment null -> null pays 60
  ---
  duration_ms: 29.59037
  type: 'test'
  ...
# Subtest: ordinary score 70, equipment star -> null pays 180
ok 456 - ordinary score 70, equipment star -> null pays 180
  ---
  duration_ms: 33.74413
  type: 'test'
  ...
# Subtest: ordinary score 70, equipment null -> star pays 60
ok 457 - ordinary score 70, equipment null -> star pays 60
  ---
  duration_ms: 40.598577
  type: 'test'
  ...
# Subtest: ordinary score 100, equipment null -> null pays 60
ok 458 - ordinary score 100, equipment null -> null pays 60
  ---
  duration_ms: 24.702122
  type: 'test'
  ...
# Subtest: ordinary score 100, equipment star -> null pays 180
ok 459 - ordinary score 100, equipment star -> null pays 180
  ---
  duration_ms: 44.266484
  type: 'test'
  ...
# Subtest: ordinary score 100, equipment null -> star pays 60
ok 460 - ordinary score 100, equipment null -> star pays 60
  ---
  duration_ms: 25.820464
  type: 'test'
  ...
# Subtest: quick-run score 0 retains base 0 with null
ok 461 - quick-run score 0 retains base 0 with null
  ---
  duration_ms: 23.875333
  type: 'test'
  ...
# Subtest: quick-run score 0 retains base 0 with star
ok 462 - quick-run score 0 retains base 0 with star
  ---
  duration_ms: 47.610447
  type: 'test'
  ...
# Subtest: quick-run score 50 retains base 0 with null
ok 463 - quick-run score 50 retains base 0 with null
  ---
  duration_ms: 28.912038
  type: 'test'
  ...
# Subtest: quick-run score 50 retains base 0 with star
ok 464 - quick-run score 50 retains base 0 with star
  ---
  duration_ms: 24.578041
  type: 'test'
  ...
# Subtest: quick-run score 70 retains base 0 with null
ok 465 - quick-run score 70 retains base 0 with null
  ---
  duration_ms: 37.917377
  type: 'test'
  ...
# Subtest: quick-run score 70 retains base 0 with star
ok 466 - quick-run score 70 retains base 0 with star
  ---
  duration_ms: 25.028731
  type: 'test'
  ...
# Subtest: quick-solo score 0 retains base 0 with null
ok 467 - quick-solo score 0 retains base 0 with null
  ---
  duration_ms: 23.044538
  type: 'test'
  ...
# Subtest: quick-solo score 0 retains base 0 with star
ok 468 - quick-solo score 0 retains base 0 with star
  ---
  duration_ms: 35.360399
  type: 'test'
  ...
# Subtest: quick-solo score 50 retains base 0 with null
ok 469 - quick-solo score 50 retains base 0 with null
  ---
  duration_ms: 47.156131
  type: 'test'
  ...
# Subtest: quick-solo score 50 retains base 0 with star
ok 470 - quick-solo score 50 retains base 0 with star
  ---
  duration_ms: 29.303776
  type: 'test'
  ...
# Subtest: quick-solo score 70 retains base 0 with null
ok 471 - quick-solo score 70 retains base 0 with null
  ---
  duration_ms: 21.699845
  type: 'test'
  ...
# Subtest: quick-solo score 70 retains base 0 with star
ok 472 - quick-solo score 70 retains base 0 with star
  ---
  duration_ms: 22.624486
  type: 'test'
  ...
# Subtest: game pass applies exactly ordinary score-50 care and 30 coins without starting a game
ok 473 - game pass applies exactly ordinary score-50 care and 30 coins without starting a game
  ---
  duration_ms: 33.96813
  type: 'test'
  ...
# Subtest: game pass preserves all real-play records, consumable reservations and Lucky stock
ok 474 - game pass preserves all real-play records, consumable reservations and Lucky stock
  ---
  duration_ms: 25.426752
  type: 'test'
  ...
# Subtest: egg menu reserves random new stock, hides the species and consumes once across reload
ok 475 - egg menu reserves random new stock, hides the species and consumes once across reload
  ---
  duration_ms: 275.837847
  type: 'test'
  ...
# Subtest: invalid or unavailable hatch reservation clears without spending; growing pets can reserve
ok 476 - invalid or unavailable hatch reservation clears without spending; growing pets can reserve
  ---
  duration_ms: 25.698447
  type: 'test'
  ...
# Subtest: duplicate stickers stay as copies and stop at the nine-copy cap
ok 477 - duplicate stickers stay as copies and stop at the nine-copy cap
  ---
  duration_ms: 28.254083
  type: 'test'
  ...
# Subtest: theme costs 60 and draws only chosen category with the secret gate; ordinary stays 30/3
ok 478 - theme costs 60 and draws only chosen category with the secret gate; ordinary stays 30/3
  ---
  duration_ms: 104.517275
  type: 'test'
  ...
# Subtest: legacy sticker counts and positions merge idempotently without replacing character history
ok 479 - legacy sticker counts and positions merge idempotently without replacing character history
  ---
  duration_ms: 41.666754
  type: 'test'
  ...
# Subtest: sticker catalog offers all current items while retaining other collection categories
ok 480 - sticker catalog offers all current items while retaining other collection categories
  ---
  duration_ms: 22.125991
  type: 'test'
  ...
# Subtest: duel host win: both reserve, purchases cannot spend stake, settlement/reload/replay is exact once
ok 481 - duel host win: both reserve, purchases cannot spend stake, settlement/reload/replay is exact once
  ---
  duration_ms: 141.95089
  type: 'test'
  ...
# Subtest: duel guest win: both reserve, purchases cannot spend stake, settlement/reload/replay is exact once
ok 482 - duel guest win: both reserve, purchases cannot spend stake, settlement/reload/replay is exact once
  ---
  duration_ms: 219.690486
  type: 'test'
  ...
# Subtest: duel draw: both reserve, purchases cannot spend stake, settlement/reload/replay is exact once
ok 483 - duel draw: both reserve, purchases cannot spend stake, settlement/reload/replay is exact once
  ---
  duration_ms: 119.043875
  type: 'test'
  ...
# Subtest: unpublished cancel refunds once; published abandonment forfeits and close/new life preserve stake
ok 484 - unpublished cancel refunds once; published abandonment forfeits and close/new life preserve stake
  ---
  duration_ms: 73.268577
  type: 'test'
  ...
# Subtest: old unfunded progress terminates without minting while completed old matches retain money/statistics
ok 485 - old unfunded progress terminates without minting while completed old matches retain money/statistics
  ---
  duration_ms: 21.243296
  type: 'test'
  ...
# Subtest: repeated hatch callback does not change an already committed newborn
ok 486 - repeated hatch callback does not change an already committed newborn
  ---
  duration_ms: 20.52635
  type: 'test'
  ...
# Subtest: result-only close and rematch handlers cannot discard a reserved match
ok 487 - result-only close and rematch handlers cannot discard a reserved match
  ---
  duration_ms: 21.114455
  type: 'test'
  ...
# Subtest: infinite snapshot reload and return preserve live duel rather than resurrecting an earlier settlement
ok 488 - infinite snapshot reload and return preserve live duel rather than resurrecting an earlier settlement
  ---
  duration_ms: 66.631582
  type: 'test'
  ...
# Subtest: duel spends available coins normally and still settles backed stakes
ok 489 - duel spends available coins normally and still settles backed stakes
  ---
  duration_ms: 67.245708
  type: 'test'
  ...
# Subtest: different match IDs, old-format and duplicate-question codes never reserve or settle
ok 490 - different match IDs, old-format and duplicate-question codes never reserve or settle
  ---
  duration_ms: 181.519373
  type: 'test'
  ...
# Subtest: real sticker menu buys the selected category and has no point-exchange controls
ok 491 - real sticker menu buys the selected category and has no point-exchange controls
  ---
  duration_ms: 83.505829
  type: 'test'
  ...
# Subtest: maxed stickers are excluded from pack draws
ok 492 - maxed stickers are excluded from pack draws
  ---
  duration_ms: 56.278505
  type: 'test'
  ...
# Subtest: host ID generation remains usable at a zero random draw
ok 493 - host ID generation remains usable at a zero random draw
  ---
  duration_ms: 22.621773
  type: 'test'
  ...
# Subtest: completed legacy duels reopen as results, without a new unsupported settlement code
ok 494 - completed legacy duels reopen as results, without a new unsupported settlement code
  ---
  duration_ms: 79.103417
  type: 'test'
  ...
# Subtest: real duel create, join, publish and import controls use the reserved transaction
ok 495 - real duel create, join, publish and import controls use the reserved transaction
  ---
  duration_ms: 90.34508
  type: 'test'
  ...
# Subtest: guest abandonment and full wipe cannot return a published stake
ok 496 - guest abandonment and full wipe cannot return a published stake
  ---
  duration_ms: 50.260664
  type: 'test'
  ...
# Subtest: age stage transition keeps its story and life log without coins
ok 497 - age stage transition keeps its story and life log without coins
  ---
  duration_ms: 237.041998
  type: 'test'
  ...
# Subtest: birthday 41 keeps growth, decline relief and celebration without coins
ok 498 - birthday 41 keeps growth, decline relief and celebration without coins
  ---
  duration_ms: 24.586804
  type: 'test'
  ...
# Subtest: birthday 50 keeps growth, decline relief and celebration without coins
ok 499 - birthday 50 keeps growth, decline relief and celebration without coins
  ---
  duration_ms: 32.201931
  type: 'test'
  ...
# Subtest: birthday 90 keeps growth, decline relief and celebration without coins
ok 500 - birthday 90 keeps growth, decline relief and celebration without coins
  ---
  duration_ms: 38.100379
  type: 'test'
  ...
# Subtest: midlife 44 preserves its noncoin effect and one-time record
ok 501 - midlife 44 preserves its noncoin effect and one-time record
  ---
  duration_ms: 37.920695
  type: 'test'
  ...
# Subtest: midlife 50 preserves its noncoin effect and one-time record
ok 502 - midlife 50 preserves its noncoin effect and one-time record
  ---
  duration_ms: 23.710702
  type: 'test'
  ...
# Subtest: midlife 56 preserves its noncoin effect and one-time record
ok 503 - midlife 56 preserves its noncoin effect and one-time record
  ---
  duration_ms: 34.528335
  type: 'test'
  ...
# Subtest: midlife 62 preserves its noncoin effect and one-time record
ok 504 - midlife 62 preserves its noncoin effect and one-time record
  ---
  duration_ms: 28.844807
  type: 'test'
  ...
# Subtest: midlife 66 preserves its noncoin effect and one-time record
ok 505 - midlife 66 preserves its noncoin effect and one-time record
  ---
  duration_ms: 39.852837
  type: 'test'
  ...
# Subtest: sodachi 30 keeps milestone record and eggs, without coins
ok 506 - sodachi 30 keeps milestone record and eggs, without coins
  ---
  duration_ms: 24.272169
  type: 'test'
  ...
# Subtest: sodachi 40 keeps milestone record and eggs, without coins
ok 507 - sodachi 40 keeps milestone record and eggs, without coins
  ---
  duration_ms: 21.031101
  type: 'test'
  ...
# Subtest: sodachi 50 keeps milestone record and eggs, without coins
ok 508 - sodachi 50 keeps milestone record and eggs, without coins
  ---
  duration_ms: 37.549864
  type: 'test'
  ...
# Subtest: sodachi 60 keeps milestone record and eggs, without coins
ok 509 - sodachi 60 keeps milestone record and eggs, without coins
  ---
  duration_ms: 22.899381
  type: 'test'
  ...
# Subtest: sodachi 70 keeps milestone record and eggs, without coins
ok 510 - sodachi 70 keeps milestone record and eggs, without coins
  ---
  duration_ms: 21.554084
  type: 'test'
  ...
# Subtest: sodachi 80 keeps milestone record and eggs, without coins
ok 511 - sodachi 80 keeps milestone record and eggs, without coins
  ---
  duration_ms: 38.759017
  type: 'test'
  ...
# Subtest: sodachi 90 keeps milestone record and eggs, without coins
ok 512 - sodachi 90 keeps milestone record and eggs, without coins
  ---
  duration_ms: 38.04683
  type: 'test'
  ...
# Subtest: sodachi 100 keeps milestone record and eggs, without coins
ok 513 - sodachi 100 keeps milestone record and eggs, without coins
  ---
  duration_ms: 21.699606
  type: 'test'
  ...
# Subtest: home former coin moment still appears and records without paying
ok 514 - home former coin moment still appears and records without paying
  ---
  duration_ms: 28.800454
  type: 'test'
  ...
# Subtest: desert former coin moment still appears and records without paying
ok 515 - desert former coin moment still appears and records without paying
  ---
  duration_ms: 22.789506
  type: 'test'
  ...
# Subtest: star_stop former coin moment still appears and records without paying
ok 516 - star_stop former coin moment still appears and records without paying
  ---
  duration_ms: 37.714411
  type: 'test'
  ...
# Subtest: environment callbacks ignore a latent money field while preserving noncoin effects
ok 517 - environment callbacks ignore a latent money field while preserving noncoin effects
  ---
  duration_ms: 34.731433
  type: 'test'
  ...
# Subtest: memory lake still recalls life memories and recovers happiness without coins
ok 518 - memory lake still recalls life memories and recovers happiness without coins
  ---
  duration_ms: 48.95964
  type: 'test'
  ...
# Subtest: sticker tasks record completion once without points or coins
ok 519 - sticker tasks record completion once without points or coins
  ---
  duration_ms: 40.689303
  type: 'test'
  ...
# Subtest: offline 10 minutes preserves recovery and memory without money
ok 520 - offline 10 minutes preserves recovery and memory without money
  ---
  duration_ms: 21.980779
  type: 'test'
  ...
# Subtest: offline 60 minutes preserves recovery and memory without money
ok 521 - offline 60 minutes preserves recovery and memory without money
  ---
  duration_ms: 36.675024
  type: 'test'
  ...
# Subtest: offline 600 minutes preserves recovery and memory without money
ok 522 - offline 600 minutes preserves recovery and memory without money
  ---
  duration_ms: 20.023543
  type: 'test'
  ...
# Subtest: eligible gate legend keeps discovery, life log and movie without any care or coin reward
ok 523 - eligible gate legend keeps discovery, life log and movie without any care or coin reward
  ---
  duration_ms: 23.12448
  type: 'test'
  ...
# Subtest: eligible stairs legend keeps discovery, life log and movie without any care or coin reward
ok 524 - eligible stairs legend keeps discovery, life log and movie without any care or coin reward
  ---
  duration_ms: 41.674088
  type: 'test'
  ...
# Subtest: eligible boss legend keeps discovery, life log and movie without any care or coin reward
ok 525 - eligible boss legend keeps discovery, life log and movie without any care or coin reward
  ---
  duration_ms: 22.600654
  type: 'test'
  ...
# Subtest: eligible lamp legend keeps discovery, life log and movie without any care or coin reward
ok 526 - eligible lamp legend keeps discovery, life log and movie without any care or coin reward
  ---
  duration_ms: 44.755718
  type: 'test'
  ...
# Subtest: eligible mirror legend keeps discovery, life log and movie without any care or coin reward
ok 527 - eligible mirror legend keeps discovery, life log and movie without any care or coin reward
  ---
  duration_ms: 24.259414
  type: 'test'
  ...
# Subtest: repeated legend trigger cannot create a second encounter in one life
ok 528 - repeated legend trigger cannot create a second encounter in one life
  ---
  duration_ms: 24.967614
  type: 'test'
  ...
# Subtest: gate legend movie has no payout beat or footer
ok 529 - gate legend movie has no payout beat or footer
  ---
  duration_ms: 23.226461
  type: 'test'
  ...
# Subtest: stairs legend movie has no payout beat or footer
ok 530 - stairs legend movie has no payout beat or footer
  ---
  duration_ms: 43.197632
  type: 'test'
  ...
# Subtest: boss legend movie has no payout beat or footer
ok 531 - boss legend movie has no payout beat or footer
  ---
  duration_ms: 21.232636
  type: 'test'
  ...
# Subtest: lamp legend movie has no payout beat or footer
ok 532 - lamp legend movie has no payout beat or footer
  ---
  duration_ms: 23.696486
  type: 'test'
  ...
# Subtest: mirror legend movie has no payout beat or footer
ok 533 - mirror legend movie has no payout beat or footer
  ---
  duration_ms: 36.54377
  type: 'test'
  ...
# Subtest: old claimed save retains balances, inventory and event claims across reload without repeat grants
ok 534 - old claimed save retains balances, inventory and event claims across reload without repeat grants
  ---
  duration_ms: 54.732585
  type: 'test'
  ...
# Subtest: environment guidance keeps care coefficients but removes obsolete game coin modifiers
ok 535 - environment guidance keeps care coefficients but removes obsolete game coin modifiers
  ---
  duration_ms: 43.336324
  type: 'test'
  ...
# Subtest: retirement refunds stock and tool ownership exactly once, never history or duplicate reservations
ok 536 - retirement refunds stock and tool ownership exactly once, never history or duplicate reservations
  ---
  duration_ms: 2.967779
  type: 'test'
  ...
# Subtest: legacy tool use counts as ownership only before the original item migration
ok 537 - legacy tool use counts as ownership only before the original item migration
  ---
  duration_ms: 0.915946
  type: 'test'
  ...
# Subtest: retirement preserves shared memories and cooldowns while removing fun-only records and sticker placements
ok 538 - retirement preserves shared memories and cooldowns while removing fun-only records and sticker placements
  ---
  duration_ms: 1.555438
  type: 'test'
  ...
# Subtest: retired items cannot be bought, granted, used or selected as stickers; equipment completion ignores stale ids
ok 539 - retired items cannot be bought, granted, used or selected as stickers; equipment completion ignores stale ids
  ---
  duration_ms: 179.74937
  type: 'test'
  ...
# Subtest: refund survives reload, new lives and infinite return without reviving old reservations
ok 540 - refund survives reload, new lives and infinite return without reviving old reservations
  ---
  duration_ms: 68.765498
  type: 'test'
  ...
# Subtest: great games retain coins and offline visits retain recovery without granting retired items
ok 541 - great games retain coins and offline visits retain recovery without granting retired items
  ---
  duration_ms: 37.852838
  type: 'test'
  ...
# Subtest: infinite snapshots and retired achievement metadata are cleared without extra compensation
ok 542 - infinite snapshots and retired achievement metadata are cleared without extra compensation
  ---
  duration_ms: 0.585791
  type: 'test'
  ...
# Subtest: dedicated reward inventory is retired and legacy reward stock is discarded
ok 543 - dedicated reward inventory is retired and legacy reward stock is discarded
  ---
  duration_ms: 232.423297
  type: 'test'
  ...
# Subtest: milestone eggs are granted once even after spending, without coins
ok 544 - milestone eggs are granted once even after spending, without coins
  ---
  duration_ms: 36.577099
  type: 'test'
  ...
# Subtest: ordinary completion pays thirty coins
ok 545 - ordinary completion pays thirty coins
  ---
  duration_ms: 36.788005
  type: 'test'
  ...
# Subtest: daily completion adds one Lucky inventory without a reservation
ok 546 - daily completion adds one Lucky inventory without a reservation
  ---
  duration_ms: 30.767549
  type: 'test'
  ...
# Subtest: invalid stock cannot be spent and normalization does not create wealth
ok 547 - invalid stock cannot be spent and normalization does not create wealth
  ---
  duration_ms: 69.921331
  type: 'test'
  ...
# Subtest: module validates transactions and persists structured memories without retired cooldown APIs
ok 548 - module validates transactions and persists structured memories without retired cooldown APIs
  ---
  duration_ms: 40.671119
  type: 'test'
  ...
# Subtest: normal equipment catalog contains only the final ten products
ok 549 - normal equipment catalog contains only the final ten products
  ---
  duration_ms: 38.468345
  type: 'test'
  ...
# Subtest: normal equipment poop1 has its final catalog price and shop price
ok 550 - normal equipment poop1 has its final catalog price and shop price
  ---
  duration_ms: 30.746089
  type: 'test'
  ...
# Subtest: normal equipment poop1 has its final catalog and shop description
ok 551 - normal equipment poop1 has its final catalog and shop description
  ---
  duration_ms: 27.166511
  type: 'test'
  ...
# Subtest: normal equipment sleepboost1 has its final catalog price and shop price
ok 552 - normal equipment sleepboost1 has its final catalog price and shop price
  ---
  duration_ms: 40.604935
  type: 'test'
  ...
# Subtest: normal equipment sleepboost1 has its final catalog and shop description
ok 553 - normal equipment sleepboost1 has its final catalog and shop description
  ---
  duration_ms: 27.220281
  type: 'test'
  ...
# Subtest: normal equipment bowtie has its final catalog price and shop price
ok 554 - normal equipment bowtie has its final catalog price and shop price
  ---
  duration_ms: 68.083398
  type: 'test'
  ...
# Subtest: normal equipment bowtie has its final catalog and shop description
ok 555 - normal equipment bowtie has its final catalog and shop description
  ---
  duration_ms: 26.669354
  type: 'test'
  ...
# Subtest: normal equipment ribbon has its final catalog price and shop price
ok 556 - normal equipment ribbon has its final catalog price and shop price
  ---
  duration_ms: 25.190699
  type: 'test'
  ...
# Subtest: normal equipment ribbon has its final catalog and shop description
ok 557 - normal equipment ribbon has its final catalog and shop description
  ---
  duration_ms: 25.034759
  type: 'test'
  ...
# Subtest: normal equipment scarf has its final catalog price and shop price
ok 558 - normal equipment scarf has its final catalog price and shop price
  ---
  duration_ms: 36.591429
  type: 'test'
  ...
# Subtest: normal equipment scarf has its final catalog and shop description
ok 559 - normal equipment scarf has its final catalog and shop description
  ---
  duration_ms: 25.315652
  type: 'test'
  ...
# Subtest: normal equipment travel1 has its final catalog price and shop price
ok 560 - normal equipment travel1 has its final catalog price and shop price
  ---
  duration_ms: 44.016691
  type: 'test'
  ...
# Subtest: normal equipment travel1 has its final catalog and shop description
ok 561 - normal equipment travel1 has its final catalog and shop description
  ---
  duration_ms: 27.239867
  type: 'test'
  ...
# Subtest: normal equipment partner1 has its final catalog price and shop price
ok 562 - normal equipment partner1 has its final catalog price and shop price
  ---
  duration_ms: 26.666068
  type: 'test'
  ...
# Subtest: normal equipment partner1 has its final catalog and shop description
ok 563 - normal equipment partner1 has its final catalog and shop description
  ---
  duration_ms: 43.430951
  type: 'test'
  ...
# Subtest: normal equipment bond1 has its final catalog price and shop price
ok 564 - normal equipment bond1 has its final catalog price and shop price
  ---
  duration_ms: 25.476773
  type: 'test'
  ...
# Subtest: normal equipment bond1 has its final catalog and shop description
ok 565 - normal equipment bond1 has its final catalog and shop description
  ---
  duration_ms: 24.681721
  type: 'test'
  ...
# Subtest: normal equipment gamepass1 has its final catalog price and shop price
ok 566 - normal equipment gamepass1 has its final catalog price and shop price
  ---
  duration_ms: 45.447478
  type: 'test'
  ...
# Subtest: normal equipment gamepass1 has its final catalog and shop description
ok 567 - normal equipment gamepass1 has its final catalog and shop description
  ---
  duration_ms: 35.568373
  type: 'test'
  ...
# Subtest: normal equipment star has its final catalog price and shop price
ok 568 - normal equipment star has its final catalog price and shop price
  ---
  duration_ms: 48.743238
  type: 'test'
  ...
# Subtest: normal equipment star has its final catalog and shop description
ok 569 - normal equipment star has its final catalog and shop description
  ---
  duration_ms: 25.284715
  type: 'test'
  ...
# Subtest: normal equipment V2 retains all nine continuing IDs with no price difference charged
ok 570 - normal equipment V2 retains all nine continuing IDs with no price difference charged
  ---
  duration_ms: 285.88054
  type: 'test'
  ...
# Subtest: backpack removes travel hunger and energy costs but does not prevent fatigue
ok 571 - backpack removes travel hunger and energy costs but does not prevent fatigue
  ---
  duration_ms: 194.412915
  type: 'test'
  ...
# Subtest: retired lantern UI and stale clicks never create light scenes or cooldowns
ok 572 - retired lantern UI and stale clicks never create light scenes or cooldowns
  ---
  duration_ms: 44.708941
  type: 'test'
  ...
# Subtest: legacy light data is ignored safely: [{"key":"lantern:1","event":"lantern","text":"old light"}]
ok 573 - legacy light data is ignored safely: [{"key":"lantern:1","event":"lantern","text":"old light"}]
  ---
  duration_ms: 70.768058
  type: 'test'
  ...
# Subtest: legacy light data is ignored safely: null
ok 574 - legacy light data is ignored safely: null
  ---
  duration_ms: 56.752748
  type: 'test'
  ...
# Subtest: legacy light data is ignored safely: "broken"
ok 575 - legacy light data is ignored safely: "broken"
  ---
  duration_ms: 120.656789
  type: 'test'
  ...
# Subtest: equipment reactions only occur for actual eligible care and active protection
ok 576 - equipment reactions only occur for actual eligible care and active protection
  ---
  duration_ms: 31.062018
  type: 'test'
  ...
# Subtest: guest origin persists across appearance, reload and codes but differs for a new life
ok 577 - guest origin persists across appearance, reload and codes but differs for a new life
  ---
  duration_ms: 97.336094
  type: 'test'
  ...
# Subtest: court letters capture the real new partner and survive form changes and a new life
ok 578 - court letters capture the real new partner and survive form changes and a new life
  ---
  duration_ms: 100.730939
  type: 'test'
  ...
# Subtest: danger-triggered ribbon recovery delivers readable feedback in both motion modes
ok 579 - danger-triggered ribbon recovery delivers readable feedback in both motion modes
  ---
  duration_ms: 128.217275
  type: 'test'
  ...
# Subtest: retired flowers leave court dialogue and care feedback without bonus reactions
ok 580 - retired flowers leave court dialogue and care feedback without bonus reactions
  ---
  duration_ms: 279.256886
  type: 'test'
  ...
# Subtest: ineligible ribbon ticks and mismatched court do not claim equipment effects
ok 581 - ineligible ribbon ticks and mismatched court do not claim equipment effects
  ---
  duration_ms: 35.858914
  type: 'test'
  ...
# Subtest: V2 equipment feedback waits for an existing conversation and never replaces critical care
ok 582 - V2 equipment feedback waits for an existing conversation and never replaces critical care
  ---
  duration_ms: 31.995647
  type: 'test'
  ...
# Subtest: a pending equipment line does not follow a reset into another life
ok 583 - a pending equipment line does not follow a reset into another life
  ---
  duration_ms: 25.753207
  type: 'test'
  ...
# Subtest: game pass clears daily and companion context without completing either, including the next real game
ok 584 - game pass clears daily and companion context without completing either, including the next real game
  ---
  duration_ms: 34.662295
  type: 'test'
  ...
# Subtest: V2 paper clears every poop at the danger threshold without manual-care credit
ok 585 - V2 paper clears every poop at the danger threshold without manual-care credit
  ---
  duration_ms: 166.620102
  type: 'test'
  ...
# Subtest: V2 pillow makes sleep an immediate full-energy action
ok 586 - V2 pillow makes sleep an immediate full-energy action
  ---
  duration_ms: 47.587925
  type: 'test'
  ...
# Subtest: V2 bowtie automatically fills hunger when the normal danger band is reached
ok 587 - V2 bowtie automatically fills hunger when the normal danger band is reached
  ---
  duration_ms: 23.587152
  type: 'test'
  ...
# Subtest: V2 ribbon automatically fills happiness when the normal danger band is reached
ok 588 - V2 ribbon automatically fills happiness when the normal danger band is reached
  ---
  duration_ms: 29.084764
  type: 'test'
  ...
# Subtest: V2 disease equipment automatically cures sickness without pretending it was a manual medicine tap
ok 589 - V2 disease equipment automatically cures sickness without pretending it was a manual medicine tap
  ---
  duration_ms: 23.329321
  type: 'test'
  ...
# Subtest: V2 automation equipment no longer keeps the old passive percentage reductions
ok 590 - V2 automation equipment no longer keeps the old passive percentage reductions
  ---
  duration_ms: 179.843112
  type: 'test'
  ...
# Subtest: retired dedicated reward inventory has no production UI or runtime path
ok 591 - retired dedicated reward inventory has no production UI or runtime path
  ---
  duration_ms: 10.698591
  type: 'test'
  ...
# Subtest: V2 backpack makes ordinary travel cost zero hunger and zero energy while fatigue still applies
ok 592 - V2 backpack makes ordinary travel cost zero hunger and zero energy while fatigue still applies
  ---
  duration_ms: 232.36603
  type: 'test'
  ...
# Subtest: V2 star badge triples only the ordinary minigame success coin payout
ok 593 - V2 star badge triples only the ordinary minigame success coin payout
  ---
  duration_ms: 78.491299
  type: 'test'
  ...
# Subtest: V2 love letter restores partner affection to max at the danger threshold
ok 594 - V2 love letter restores partner affection to max at the danger threshold
  ---
  duration_ms: 23.706605
  type: 'test'
  ...
# Subtest: V2 friend badge restores companion bond to max at the danger threshold
ok 595 - V2 friend badge restores companion bond to max at the danger threshold
  ---
  duration_ms: 47.341426
  type: 'test'
  ...
# Subtest: retired star and reunion state is discarded without changing companion records
ok 596 - retired star and reunion state is discarded without changing companion records
  ---
  duration_ms: 29.850581
  type: 'test'
  ...
# Subtest: friend badge no longer offers a reunion game or retired lantern actions
ok 597 - friend badge no longer offers a reunion game or retired lantern actions
  ---
  duration_ms: 39.363162
  type: 'test'
  ...
# Subtest: social equipment preserves ordinary decay and does not automate relationship decisions or award records
ok 598 - social equipment preserves ordinary decay and does not automate relationship decisions or award records
  ---
  duration_ms: 111.836137
  type: 'test'
  ...
# Subtest: star badge triples great-result coins and leaves failed-result at zero
ok 599 - star badge triples great-result coins and leaves failed-result at zero
  ---
  duration_ms: 195.326786
  type: 'test'
  ...
# Subtest: retired energy1 does not soften ordinary care decay
ok 600 - retired energy1 does not soften ordinary care decay
  ---
  duration_ms: 68.216265
  type: 'test'
  ...
# Subtest: retired crown does not soften ordinary care decay
ok 601 - retired crown does not soften ordinary care decay
  ---
  duration_ms: 58.967364
  type: 'test'
  ...
# Subtest: life card and received life code show the recorded woman, not a system emoji
ok 602 - life card and received life code show the recorded woman, not a system emoji
  ---
  duration_ms: 161.831757
  type: 'test'
  ...
# Subtest: overlapping stage names and chosen infinite forms retain their recorded portraits
ok 603 - overlapping stage names and chosen infinite forms retain their recorded portraits
  ---
  duration_ms: 31.94362
  type: 'test'
  ...
# Subtest: leaving current location restores the home-region label after presentation caching
ok 604 - leaving current location restores the home-region label after presentation caching
  ---
  duration_ms: 42.862512
  type: 'test'
  ...
# Subtest: legacy life timeline resolves stage labels and keeps unrelated log strings escaped
ok 605 - legacy life timeline resolves stage labels and keeps unrelated log strings escaped
  ---
  duration_ms: 34.299189
  type: 'test'
  ...
# life-stage profiles: ok
# Subtest: tests/life-stage-profiles-test.cjs
ok 40 - tests/life-stage-profiles-test.cjs
  ---
  duration_ms: 55.324299
  type: 'test'
  ...
# Subtest: static script exposes the locality resolver on window
ok 607 - static script exposes the locality resolver on window
  ---
  duration_ms: 3.980806
  type: 'test'
  ...
# Subtest: known municipalities resolve to their curated scenery profiles
ok 608 - known municipalities resolve to their curated scenery profiles
  ---
  duration_ms: 1.362639
  type: 'test'
  ...
# Subtest: prefecture-aware matching does not confuse same-named wards or conflicting cities
ok 609 - prefecture-aware matching does not confuse same-named wards or conflicting cities
  ---
  duration_ms: 0.364479
  type: 'test'
  ...
# Subtest: explicit Osaka city wards are metropolitan without capturing other cities or bare wards
ok 610 - explicit Osaka city wards are metropolitan without capturing other cities or bare wards
  ---
  duration_ms: 0.309316
  type: 'test'
  ...
# Subtest: unknown municipalities use a general town image without claiming local geography
ok 611 - unknown municipalities use a general town image without claiming local geography
  ---
  duration_ms: 0.511774
  type: 'test'
  ...
# Subtest: sanitizeLocality rejects malformed values and removes unapproved saved fields
ok 612 - sanitizeLocality rejects malformed values and removes unapproved saved fields
  ---
  duration_ms: 0.347508
  type: 'test'
  ...
# Subtest: reload restores saved municipal scenery without requesting GPS
ok 613 - reload restores saved municipal scenery without requesting GPS
  ---
  duration_ms: 170.681111
  type: 'test'
  ...
# Subtest: unknown saved municipalities describe the neutral generated town image
ok 614 - unknown saved municipalities describe the neutral generated town image
  ---
  duration_ms: 26.590688
  type: 'test'
  ...
# Subtest: malformed saved locality is discarded and cannot activate current-location scenery
ok 615 - malformed saved locality is discarded and cannot activate current-location scenery
  ---
  duration_ms: 35.040782
  type: 'test'
  ...
# Subtest: a successful selection saves only display-safe locality fields
ok 616 - a successful selection saves only display-safe locality fields
  ---
  duration_ms: 99.380903
  type: 'test'
  ...
# Subtest: failed refresh keeps saved scenery selected and a later explicit retry can replace it
ok 617 - failed refresh keeps saved scenery selected and a later explicit retry can replace it
  ---
  duration_ms: 31.276898
  type: 'test'
  ...
# Subtest: an observed municipality is offered for selection when another region remains displayed
ok 618 - an observed municipality is offered for selection when another region remains displayed
  ---
  duration_ms: 48.277509
  type: 'test'
  ...
# Subtest: an invalid live municipality falls back to the sanitized saved selection
ok 619 - an invalid live municipality falls back to the sanitized saved selection
  ---
  duration_ms: 28.290654
  type: 'test'
  ...
# Subtest: manual refresh of a selected locality persists and reloads the new municipality
ok 620 - manual refresh of a selected locality persists and reloads the new municipality
  ---
  duration_ms: 90.175624
  type: 'test'
  ...
# Subtest: a canceled manual refresh cannot replace or render over the selected locality
ok 621 - a canceled manual refresh cannot replace or render over the selected locality
  ---
  duration_ms: 28.87354
  type: 'test'
  ...
# Subtest: explicit home selection clears only the current-location presentation
ok 622 - explicit home selection clears only the current-location presentation
  ---
  duration_ms: 25.033517
  type: 'test'
  ...
# Subtest: pending current-location selection cannot override a later travel choice
ok 623 - pending current-location selection cannot override a later travel choice
  ---
  duration_ms: 54.90714
  type: 'test'
  ...
# Subtest: Lucky catalog and shop offer 300 coin immediate roulette
ok 624 - Lucky catalog and shop offer 300 coin immediate roulette
  ---
  duration_ms: 182.643155
  type: 'test'
  ...
# Subtest: roulette draw 0 immediately pays 10
ok 625 - roulette draw 0 immediately pays 10
  ---
  duration_ms: 33.165276
  type: 'test'
  ...
# Subtest: roulette draw 0.14999999999999977 immediately pays 10
ok 626 - roulette draw 0.14999999999999977 immediately pays 10
  ---
  duration_ms: 37.778771
  type: 'test'
  ...
# Subtest: roulette draw 0.15 immediately pays 20
ok 627 - roulette draw 0.15 immediately pays 20
  ---
  duration_ms: 60.115827
  type: 'test'
  ...
# Subtest: roulette draw 0.34999999999999976 immediately pays 20
ok 628 - roulette draw 0.34999999999999976 immediately pays 20
  ---
  duration_ms: 44.892624
  type: 'test'
  ...
# Subtest: roulette draw 0.35 immediately pays 50
ok 629 - roulette draw 0.35 immediately pays 50
  ---
  duration_ms: 40.671299
  type: 'test'
  ...
# Subtest: roulette draw 0.5999999999999998 immediately pays 50
ok 630 - roulette draw 0.5999999999999998 immediately pays 50
  ---
  duration_ms: 57.643655
  type: 'test'
  ...
# Subtest: roulette draw 0.6 immediately pays 100
ok 631 - roulette draw 0.6 immediately pays 100
  ---
  duration_ms: 45.271519
  type: 'test'
  ...
# Subtest: roulette draw 0.7999999999999998 immediately pays 100
ok 632 - roulette draw 0.7999999999999998 immediately pays 100
  ---
  duration_ms: 28.459288
  type: 'test'
  ...
# Subtest: roulette draw 0.8 immediately pays 500
ok 633 - roulette draw 0.8 immediately pays 500
  ---
  duration_ms: 26.975765
  type: 'test'
  ...
# Subtest: roulette draw 0.9199999999999998 immediately pays 500
ok 634 - roulette draw 0.9199999999999998 immediately pays 500
  ---
  duration_ms: 40.297233
  type: 'test'
  ...
# Subtest: roulette draw 0.92 immediately pays 1000
ok 635 - roulette draw 0.92 immediately pays 1000
  ---
  duration_ms: 22.165817
  type: 'test'
  ...
# Subtest: roulette draw 0.9899999999999998 immediately pays 1000
ok 636 - roulette draw 0.9899999999999998 immediately pays 1000
  ---
  duration_ms: 25.393717
  type: 'test'
  ...
# Subtest: roulette draw 0.99 immediately pays 10000
ok 637 - roulette draw 0.99 immediately pays 10000
  ---
  duration_ms: 58.753516
  type: 'test'
  ...
# Subtest: roulette draw 0.9999999999999998 immediately pays 10000
ok 638 - roulette draw 0.9999999999999998 immediately pays 10000
  ---
  duration_ms: 25.323016
  type: 'test'
  ...
# Subtest: roulette independent of equipment null
ok 639 - roulette independent of equipment null
  ---
  duration_ms: 23.61293
  type: 'test'
  ...
# Subtest: roulette independent of equipment poop1
ok 640 - roulette independent of equipment poop1
  ---
  duration_ms: 26.589395
  type: 'test'
  ...
# Subtest: roulette independent of equipment sleepboost1
ok 641 - roulette independent of equipment sleepboost1
  ---
  duration_ms: 35.045048
  type: 'test'
  ...
# Subtest: roulette independent of equipment bowtie
ok 642 - roulette independent of equipment bowtie
  ---
  duration_ms: 28.035089
  type: 'test'
  ...
# Subtest: roulette independent of equipment ribbon
ok 643 - roulette independent of equipment ribbon
  ---
  duration_ms: 39.995661
  type: 'test'
  ...
# Subtest: roulette independent of equipment scarf
ok 644 - roulette independent of equipment scarf
  ---
  duration_ms: 25.185169
  type: 'test'
  ...
# Subtest: roulette independent of equipment travel1
ok 645 - roulette independent of equipment travel1
  ---
  duration_ms: 37.185655
  type: 'test'
  ...
# Subtest: roulette independent of equipment partner1
ok 646 - roulette independent of equipment partner1
  ---
  duration_ms: 24.059762
  type: 'test'
  ...
# Subtest: roulette independent of equipment bond1
ok 647 - roulette independent of equipment bond1
  ---
  duration_ms: 24.533184
  type: 'test'
  ...
# Subtest: roulette independent of equipment gamepass1
ok 648 - roulette independent of equipment gamepass1
  ---
  duration_ms: 37.894306
  type: 'test'
  ...
# Subtest: roulette independent of equipment star
ok 649 - roulette independent of equipment star
  ---
  duration_ms: 27.358778
  type: 'test'
  ...
# Subtest: legacy reservation migration false,false is once across reload reset infinite return
ok 650 - legacy reservation migration false,false is once across reload reset infinite return
  ---
  duration_ms: 143.527996
  type: 'test'
  ...
# Subtest: legacy reservation migration true,false is once across reload reset infinite return
ok 651 - legacy reservation migration true,false is once across reload reset infinite return
  ---
  duration_ms: 121.649319
  type: 'test'
  ...
# Subtest: legacy reservation migration false,true is once across reload reset infinite return
ok 652 - legacy reservation migration false,true is once across reload reset infinite return
  ---
  duration_ms: 110.679015
  type: 'test'
  ...
# Subtest: legacy reservation migration true,true is once across reload reset infinite return
ok 653 - legacy reservation migration true,true is once across reload reset infinite return
  ---
  duration_ms: 137.384102
  type: 'test'
  ...
# Subtest: ordinary result 0 never spends Lucky stock or boosts reward
ok 654 - ordinary result 0 never spends Lucky stock or boosts reward
  ---
  duration_ms: 84.491652
  type: 'test'
  ...
# Subtest: ordinary result 50 never spends Lucky stock or boosts reward
ok 655 - ordinary result 50 never spends Lucky stock or boosts reward
  ---
  duration_ms: 70.326256
  type: 'test'
  ...
# Subtest: ordinary result 95 never spends Lucky stock or boosts reward
ok 656 - ordinary result 95 never spends Lucky stock or boosts reward
  ---
  duration_ms: 96.44838
  type: 'test'
  ...
# Subtest: runtime has no Lucky reservation or doubled-reward code
ok 657 - runtime has no Lucky reservation or doubled-reward code
  ---
  duration_ms: 28.500034
  type: 'test'
  ...
# Subtest: Quick mixed never spends stock or changes Lucky payout
ok 658 - Quick mixed never spends stock or changes Lucky payout
  ---
  duration_ms: 32.88685
  type: 'test'
  ...
# Subtest: Quick knock never spends stock or changes Lucky payout
ok 659 - Quick knock never spends stock or changes Lucky payout
  ---
  duration_ms: 43.447933
  type: 'test'
  ...
# Subtest: Quick tickle never spends stock or changes Lucky payout
ok 660 - Quick tickle never spends stock or changes Lucky payout
  ---
  duration_ms: 26.158244
  type: 'test'
  ...
# Subtest: duel settlement and Lucky payout are independent
ok 661 - duel settlement and Lucky payout are independent
  ---
  duration_ms: 59.054156
  type: 'test'
  ...
# Subtest: spent reservation recovery never reappears after save and return
ok 662 - spent reservation recovery never reappears after save and return
  ---
  duration_ms: 123.601423
  type: 'test'
  ...
# (node:2889) [MODULE_TYPELESS_PACKAGE_JSON] Warning: Module type of file:///home/runner/work/naotocchi/naotocchi/vendor/three-0.170.0/three.module.min.js is not specified and it doesn't parse as CommonJS.
# Reparsing as ES module because module syntax was detected. This incurs a performance overhead.
# To eliminate this warning, add "type": "module" to /home/runner/work/naotocchi/naotocchi/package.json.
# (Use `node --trace-warnings ...` to show where the warning was created)
# Subtest: AD-1. scene dressing の 契約: 3D だけ・あたり なし・ふんで とおれる・群生(2〜8)・道 / spot / かたい 物 / 水 には おかない
ok 663 - AD-1. scene dressing の 契約: 3D だけ・あたり なし・ふんで とおれる・群生(2〜8)・道 / spot / かたい 物 / 水 には おかない
  ---
  duration_ms: 23185.093262
  type: 'test'
  ...
# Subtest: AD-2. 配置は「空いた ところに 均一に 置く」では なく 群生 + 意図した 余白: 道ばたの 帯(roadside)と ます目(grid)の 両方・余白が ある
ok 664 - AD-2. 配置は「空いた ところに 均一に 置く」では なく 群生 + 意図した 余白: 道ばたの 帯(roadside)と ます目(grid)の 両方・余白が ある
  ---
  duration_ms: 1.672683
  type: 'test'
  ...
# Subtest: AD-3. remove-it: 2D の world と corridor には dressing が ない(3D だけ)。cover を 外した profile では 群生 0
ok 665 - AD-3. remove-it: 2D の world と corridor には dressing が ない(3D だけ)。cover を 外した profile では 群生 0
  ---
  duration_ms: 1024.826418
  type: 'test'
  ...
# Subtest: AD-4. 花は 地域に あった いろ・場所: home / forest / jungle / countryside に 花の 群生、しんかい / ゆき には 花 なし、さばくは オアシスの まわり だけ
ok 666 - AD-4. 花は 地域に あった いろ・場所: home / forest / jungle / countryside に 花の 群生、しんかい / ゆき には 花 なし、さばくは オアシスの まわり だけ
  ---
  duration_ms: 1.4877
  type: 'test'
  ...
# Subtest: AD-5. Tree v3: 針葉樹 4〜5 段(明暗・下ほど ひろい)、広葉樹は かたまり 2〜5(明 / 中 / 暗)、ヤシは は 5〜8(はばは 長さに 比例)
ok 667 - AD-5. Tree v3: 針葉樹 4〜5 段(明暗・下ほど ひろい)、広葉樹は かたまり 2〜5(明 / 中 / 暗)、ヤシは は 5〜8(はばは 長さに 比例)
  ---
  duration_ms: 3.798861
  type: 'test'
  ...
# Subtest: AD-6. gate: もり と ジャングルは 1 まいの 絵で 見わけが つく(葉の palette・きりの いろ・ジャングル だけ 大きな は / つる / 根もとの 下草 / lowPoly)
ok 668 - AD-6. gate: もり と ジャングルは 1 まいの 絵で 見わけが つく(葉の palette・きりの いろ・ジャングル だけ 大きな は / つる / 根もとの 下草 / lowPoly)
  ---
  duration_ms: 2.740991
  type: 'test'
  ...
# Subtest: AD-7. Building v4: family ごとの かたまり・屋根の かたち(切妻 / 寄棟 / 平ら)・のき・土台・入口 と まど・かたまりの 足し(ポーチ / 出窓 / 縁側 / はなれ / ベランダ / 煙突 / ひさし)・シルエット 高さ / はば ≤ 1.5
ok 669 - AD-7. Building v4: family ごとの かたまり・屋根の かたち(切妻 / 寄棟 / 平ら)・のき・土台・入口 と まど・かたまりの 足し(ポーチ / 出窓 / 縁側 / はなれ / ベランダ / 煙突 / ひさし)・シルエット 高さ / はば ≤ 1.5
  ---
  duration_ms: 8.625905
  type: 'test'
  ...
# Subtest: AD-8. city scene: 低層 / 中層 / 高層の まざり・灰 だけで ない いろ・みせ(ガラス + ひさし + 看板 + たて看板)・路地の かべも 正面を もつ・高さは 床の 5.5 倍まで
ok 670 - AD-8. city scene: 低層 / 中層 / 高層の まざり・灰 だけで ない いろ・みせ(ガラス + ひさし + 看板 + たて看板)・路地の かべも 正面を もつ・高さは 床の 5.5 倍まで
  ---
  duration_ms: 7.737632
  type: 'test'
  ...
# Subtest: AD-9. city の 小物: 自転車・自販機は 3D の かたち(unresolved なし)。街路樹・信号・横断歩道・電柱は そのまま
ok 671 - AD-9. city の 小物: 自転車・自販機は 3D の かたち(unresolved なし)。街路樹・信号・横断歩道・電柱は そのまま
  ---
  duration_ms: 1.355263
  type: 'test'
  ...
# Subtest: AD-10. いけがき は 箱では なく まるい しげみの れつ(あたりの 箱の なか・あたまより 下)
ok 672 - AD-10. いけがき は 箱では なく まるい しげみの れつ(あたりの 箱の なか・あたまより 下)
  ---
  duration_ms: 0.930411
  type: 'test'
  ...
# Subtest: AD-11. 水の 統合: 川は なめらかに 曲がり はばが ゆれる(riverCurve・pure)。見た目の 水は あたりの 帯の 内がわ。川岸に 石 / あし / 草 / 花の 帯
ok 673 - AD-11. 水の 統合: 川は なめらかに 曲がり はばが ゆれる(riverCurve・pure)。見た目の 水は あたりの 帯の 内がわ。川岸に 石 / あし / 草 / 花の 帯
  ---
  duration_ms: 63.578145
  type: 'test'
  ...
# Subtest: AD-12. Bridge v4: 交わりに かかる(ながさ ≥ 水の はば)・床の 上面は 水面より 上・床より 下から ささえる 橋脚 / 橋台・種類で かたちが ちがう
ok 674 - AD-12. Bridge v4: 交わりに かかる(ながさ ≥ 水の はば)・床の 上面は 水面より 上・床より 下から ささえる 橋脚 / 橋台・種類で かたちが ちがう
  ---
  duration_ms: 1.851967
  type: 'test'
  ...
# Subtest: AD-13. さばくの サボテンは 大きく 4 種(柱・枝分かれ・まる・むれ)。オアシスの まわりは 花 で 対比
ok 675 - AD-13. さばくの サボテンは 大きく 4 種(柱・枝分かれ・まる・むれ)。オアシスの まわりは 花 で 対比
  ---
  duration_ms: 0.661822
  type: 'test'
  ...
# Subtest: AD-14. 光: 明るい fill と 方向光で 面を 分ける・岩 / がけの 明るさ と 地域 palette を 保つ
ok 676 - AD-14. 光: 明るい fill と 方向光で 面を 分ける・岩 / がけの 明るさ と 地域 palette を 保つ
  ---
  duration_ms: 0.411536
  type: 'test'
  ...
# Subtest: AD-15. 箱庭の 比率: ビルは 床の 5.5 倍まで、大木の 幹は あたりより ほそい、花 / しげみ / 街の 小物は 見える 大きさ、まど / 入口は 家に 対して 小さい
ok 677 - AD-15. 箱庭の 比率: ビルは 床の 5.5 倍まで、大木の 幹は あたりより ほそい、花 / しげみ / 街の 小物は 見える 大きさ、まど / 入口は 家に 対して 小さい
  ---
  duration_ms: 2.019749
  type: 'test'
  ...
# Subtest: AD-16. density gate: 代表 spot(各地域 最初の ひろば)から 前景(〜250)/ 中景(250〜700)/ 遠景(700〜1800)の それぞれに 意味の ある 物が 1 つ いじょう。道の 方向は 読める(道の 上に 物 なし)
ok 678 - AD-16. density gate: 代表 spot(各地域 最初の ひろば)から 前景(〜250)/ 中景(250〜700)/ 遠景(700〜1800)の それぞれに 意味の ある 物が 1 つ いじょう。道の 方向は 読める(道の 上に 物 なし)
  ---
  duration_ms: 154.541411
  type: 'test'
  ...
# Subtest: AD-17. Human QA gate の 記録: 13 地域 × 7 条件(ひと目で 地域・さびしく ない・箱っぽく ない・いろ・歩きたい・見どころ・前景 / 中景 / 遠景)が status doc に ある。main merge / Ready は しない
ok 679 - AD-17. Human QA gate の 記録: 13 地域 × 7 条件(ひと目で 地域・さびしく ない・箱っぽく ない・いろ・歩きたい・見どころ・前景 / 中景 / 遠景)が status doc に ある。main merge / Ready は しない
  ---
  duration_ms: 0.767418
  type: 'test'
  ...
# Subtest: AD-18. 原則だけ: Nintendo / どうぶつの森 固有の 名まえ・asset・模様は code にも doc にも 出てこない
ok 680 - AD-18. 原則だけ: Nintendo / どうぶつの森 固有の 名まえ・asset・模様は code にも doc にも 出てこない
  ---
  duration_ms: 4.513641
  type: 'test'
  ...
# (node:2896) [MODULE_TYPELESS_PACKAGE_JSON] Warning: Module type of file:///home/runner/work/naotocchi/naotocchi/vendor/three-0.170.0/three.module.min.js is not specified and it doesn't parse as CommonJS.
# Reparsing as ES module because module syntax was detected. This incurs a performance overhead.
# To eliminate this warning, add "type": "module" to /home/runner/work/naotocchi/naotocchi/package.json.
# (Use `node --trace-warnings ...` to show where the warning was created)
# Subtest: v2-1. player の 絵は きりで 消えない: キャラの material は fog なし・frustum culling なし・きりの 遠端は player + 900 より 遠く
ok 681 - v2-1. player の 絵は きりで 消えない: キャラの material は fog なし・frustum culling なし・きりの 遠端は player + 900 より 遠く
  ---
  duration_ms: 2.056448
  type: 'test'
  ...
# Subtest: v2-2. billboardVisible: 座標に いる のに 描かれない 状態(hidden / scale NaN / texture なし / きりの むこう)を 1 つの 判定で 見つける
ok 682 - v2-2. billboardVisible: 座標に いる のに 描かれない 状態(hidden / scale NaN / texture なし / きりの むこう)を 1 つの 判定で 見つける
  ---
  duration_ms: 60.270692
  type: 'test'
  ...
# Subtest: v2-3. すかしは 見た目の 半径(えだはり)で 判定し、線分より 低い 物は すかさない。あたりの 半径 だけの 旧 判定も そのまま 通る
ok 683 - v2-3. すかしは 見た目の 半径(えだはり)で 判定し、線分より 低い 物は すかさない。あたりの 半径 だけの 旧 判定も そのまま 通る
  ---
  duration_ms: 0.910716
  type: 'test'
  ...
# Subtest: v2-4. ghost pool の 契約: 使った ものだけ visible、使わなかった ものは その frame で hidden、1 frame 使わなければ scene から はずす、pool は つかいまわす
ok 684 - v2-4. ghost pool の 契約: 使った ものだけ visible、使わなかった ものは その frame で hidden、1 frame 使わなければ scene から はずす、pool は つかいまわす
  ---
  duration_ms: 2.420807
  type: 'test'
  ...
# Subtest: v2-5. レンダラーの 切りかえで ghost が のこらない: scene の 捨て(地域 / corridor)・3D → 2D(fallback / 2D の 地域)で clear、stats に ghost と player
ok 685 - v2-5. レンダラーの 切りかえで ghost が のこらない: scene の 捨て(地域 / corridor)・3D → 2D(fallback / 2D の 地域)で clear、stats に ghost と player
  ---
  duration_ms: 0.707387
  type: 'test'
  ...
# Subtest: v2-6. corridor(地域の あいだの 道)は 3D で 描く: 10 本 × 2 方向 ぜんぶ 3D の 対象。飾りは ぜんぶ 意味の 表で 解決し(unresolved 0)、はしの いし だけ かたい
ok 686 - v2-6. corridor(地域の あいだの 道)は 3D で 描く: 10 本 × 2 方向 ぜんぶ 3D の 対象。飾りは ぜんぶ 意味の 表で 解決し(unresolved 0)、はしの いし だけ かたい
  ---
  duration_ms: 247.252674
  type: 'test'
  ...
# Subtest: v2-7. corridor の gameplay は かわらない: 帯の 左右と はしの いし の あたり、着く / もどる、party の 受けわたし、セーブ なし
ok 687 - v2-7. corridor の gameplay は かわらない: 帯の 左右と はしの いし の あたり、着く / もどる、party の 受けわたし、セーブ なし
  ---
  duration_ms: 172.695215
  type: 'test'
  ...
# Subtest: v2-8. しらせ: ふつうの spot と 地区は toast なし、ランドマークは quiet(左上の 静かな 強調)、ひみつ だけ toast。きろくは かわらない
ok 688 - v2-8. しらせ: ふつうの spot と 地区は toast なし、ランドマークは quiet(左上の 静かな 強調)、ひみつ だけ toast。きろくは かわらない
  ---
  duration_ms: 2747.723092
  type: 'test'
  ...
# Subtest: v2-9. ちずの 表示 filter: ふつうの 池・休憩所・小さな 橋・通過点は 出さず、現在地・つながり・gate・ランドマーク・ひみつ・hub / ひろば は 出す。きろくと 分母は かわらない
ok 689 - v2-9. ちずの 表示 filter: ふつうの 池・休憩所・小さな 橋・通過点は 出さず、現在地・つながり・gate・ランドマーク・ひみつ・hub / ひろば は 出す。きろくと 分母は かわらない
  ---
  duration_ms: 3401.81079
  type: 'test'
  ...
# Subtest: v2-10. 帯(strip)の geometry は 1 まいに つながる: frame × lane の 頂点を 共有し、となりの frame と 面で つながる(池の ならび では ない)
ok 690 - v2-10. 帯(strip)の geometry は 1 まいに つながる: frame × lane の 頂点を 共有し、となりの frame と 面で つながる(池の ならび では ない)
  ---
  duration_ms: 2.00874
  type: 'test'
  ...
# Subtest: v2-11. 川(river_lake)= terrain.pts からの 1 本の 帯(岸つき)。帯に かくれる 池は おかない。しんかいの 谷も 1 本の 帯
ok 691 - v2-11. 川(river_lake)= terrain.pts からの 1 本の 帯(岸つき)。帯に かくれる 池は おかない。しんかいの 谷も 1 本の 帯
  ---
  duration_ms: 3231.104657
  type: 'test'
  ...
# Subtest: v2-12. 海(sea)/ 湖(memory_lake)= 岸線から 水平線まで 1 まいの 面(ぬれた 砂 → 浅瀬 → 沖)+ 岸の あわ。岸の むこうの 池は おかない
ok 692 - v2-12. 海(sea)/ 湖(memory_lake)= 岸線から 水平線まで 1 まいの 面(ぬれた 砂 → 浅瀬 → 沖)+ 岸の あわ。岸の むこうの 池は おかない
  ---
  duration_ms: 1502.173461
  type: 'test'
  ...
# Subtest: v2-13. 水の 見た目は あたり(walkability)を かえない: 岸の clamp・池の あたり・橋は 2D と 同じ。水の 面は あたりを もたない
ok 693 - v2-13. 水の 見た目は あたり(walkability)を かえない: 岸の clamp・池の あたり・橋は 2D と 同じ。水の 面は あたりを もたない
  ---
  duration_ms: 5247.912269
  type: 'test'
  ...
# Subtest: v2-14. Kit v2 の 原型: 昆布は 曲がった は(木 / 柱では ない)、遺跡は くずれた かべ、はしは いみ ごと、たてものは body + 屋根 + 入口 + まど
ok 694 - v2-14. Kit v2 の 原型: 昆布は 曲がった は(木 / 柱では ない)、遺跡は くずれた かべ、はしは いみ ごと、たてものは body + 屋根 + 入口 + まど
  ---
  duration_ms: 27000.617566
  type: 'test'
  ...
# Subtest: v2-15. Region Profile v2: 13 地域 ぜんぶに family(terrain / veg / arch / water / density / landmark / sky)。まちは palette で ビルの いろ と 階数が ばらつき、電柱が ある
ok 695 - v2-15. Region Profile v2: 13 地域 ぜんぶに family(terrain / veg / arch / water / density / landmark / sky)。まちは palette で ビルの いろ と 階数が ばらつき、電柱が ある
  ---
  duration_ms: 8429.175614
  type: 'test'
  ...
# (node:2907) [MODULE_TYPELESS_PACKAGE_JSON] Warning: Module type of file:///home/runner/work/naotocchi/naotocchi/vendor/three-0.170.0/three.module.min.js is not specified and it doesn't parse as CommonJS.
# Reparsing as ES module because module syntax was detected. This incurs a performance overhead.
# To eliminate this warning, add "type": "module" to /home/runner/work/naotocchi/naotocchi/package.json.
# (Use `node --trace-warnings ...` to show where the warning was created)
# Subtest: GA-1. 接地: 地面に つく parts は 足もとの いちばん ひくい 地面まで(斜面で 岩 / 盛り土 / 根 / 岸の 花が 浮かない)。13 地域
ok 696 - GA-1. 接地: 地面に つく parts は 足もとの いちばん ひくい 地面まで(斜面で 岩 / 盛り土 / 根 / 岸の 花が 浮かない)。13 地域
  ---
  duration_ms: 26917.294086
  type: 'test'
  ...
# Subtest: GA-2. 小川 / 川 の 交わり: 橋の 交わり には 橋(床 > 水面・ながさ ≥ 水の はば)、そのほかは 飛び石。ランドマークの 橋は 交わりの 上に ある とき だけ うけもつ
ok 697 - GA-2. 小川 / 川 の 交わり: 橋の 交わり には 橋(床 > 水面・ながさ ≥ 水の はば)、そのほかは 飛び石。ランドマークの 橋は 交わりの 上に ある とき だけ うけもつ
  ---
  duration_ms: 0.586922
  type: 'test'
  ...
# Subtest: GA-3. 小川と 池を わける: ながれの 帯の 中に 池の 円盤(水の 小物)を おかない
ok 698 - GA-3. 小川と 池を わける: ながれの 帯の 中に 池の 円盤(水の 小物)を おかない
  ---
  duration_ms: 0.342548
  type: 'test'
  ...
# Subtest: GA-4. Building v4: 塔の ような 家 なし(シルエット 高さ / いちばん ひろい はば ≤ 1.6、看板 / 屋根の はりだし を ふくむ)
ok 699 - GA-4. Building v4: 塔の ような 家 なし(シルエット 高さ / いちばん ひろい はば ≤ 1.6、看板 / 屋根の はりだし を ふくむ)
  ---
  duration_ms: 0.501403
  type: 'test'
  ...
# Subtest: GA-5. 小物の 読みやすさ(props gate): 車 = 車輪・望遠鏡 = 3 本 足 + かたむいた 筒・像 = だい + からだ + あたま・かまくら = いりぐち・箱の 小物 = ひさし + 窓。絵文字の 立て看板 は のこって いない
ok 700 - GA-5. 小物の 読みやすさ(props gate): 車 = 車輪・望遠鏡 = 3 本 足 + かたむいた 筒・像 = だい + からだ + あたま・かまくら = いりぐち・箱の 小物 = ひさし + 窓。絵文字の 立て看板 は のこって いない
  ---
  duration_ms: 21856.606142
  type: 'test'
  ...
# Subtest: GA-6. 季節 / 天気 は 2D の 正本に あわせる: 針葉樹の 雪 = ゆき の 地域 か 冬、山の 頂の 雪 = それ + 雪の 日、deepsea / star_stop は 地表の 季節 なし
ok 701 - GA-6. 季節 / 天気 は 2D の 正本に あわせる: 針葉樹の 雪 = ゆき の 地域 か 冬、山の 頂の 雪 = それ + 雪の 日、deepsea / star_stop は 地表の 季節 なし
  ---
  duration_ms: 13.976946
  type: 'test'
  ...
# Subtest: GA-7. 地域の 識別性(数で): いえ ≠ いなか(いなかは ひらけ +0.1 いじょう・構成の cosine < 0.75)、もり ≠ ジャングル(ジャングルは 見とおし せまく・高い 層・cosine < 0.6)
ok 702 - GA-7. 地域の 識別性(数で): いえ ≠ いなか(いなかは ひらけ +0.1 いじょう・構成の cosine < 0.75)、もり ≠ ジャングル(ジャングルは 見とおし せまく・高い 層・cosine < 0.6)
  ---
  duration_ms: 8486.648086
  type: 'test'
  ...
# (node:2919) [MODULE_TYPELESS_PACKAGE_JSON] Warning: Module type of file:///home/runner/work/naotocchi/naotocchi/vendor/three-0.170.0/three.module.min.js is not specified and it doesn't parse as CommonJS.
# Reparsing as ES module because module syntax was detected. This incurs a performance overhead.
# To eliminate this warning, add "type": "module" to /home/runner/work/naotocchi/naotocchi/package.json.
# (Use `node --trace-warnings ...` to show where the warning was created)
# Subtest: GT-1. runtime P0(HQ-1 / HQ-2 / HQ-3): すかしは ray で ほんとうに 隠す 物 だけ・もとの いろ・大きな 物は うすく・ちらつかない・変わった instance だけ 送る
ok 703 - GT-1. runtime P0(HQ-1 / HQ-2 / HQ-3): すかしは ray で ほんとうに 隠す 物 だけ・もとの いろ・大きな 物は うすく・ちらつかない・変わった instance だけ 送る
  ---
  duration_ms: 69.245954
  type: 'test'
  ...
# Subtest: GT-2. ray の 格子(pure): 線分が とおる ます目の instance だけ が 候補
ok 704 - GT-2. ray の 格子(pure): 線分が とおる ます目の instance だけ が 候補
  ---
  duration_ms: 0.903992
  type: 'test'
  ...
# Subtest: GT-3. 予算(HQ-4): うすい 板は 1 まい・幹は ふたなし・mound は 下半分 なし・花の まんなか 8 三角形。透明 fade で けさない
ok 705 - GT-3. 予算(HQ-4): うすい 板は 1 まい・幹は ふたなし・mound は 下半分 なし・花の まんなか 8 三角形。透明 fade で けさない
  ---
  duration_ms: 0.330956
  type: 'test'
  ...
# Subtest: GT-4. Terrain v1(HQ-5): 意味の ある 起伏。道 / spot は 平ら、ひらけた ところ に 丘、小川は 谷、池は くぼ地、海は 水へ ひくく。ランダムな こぶ だけ では ない
ok 706 - GT-4. Terrain v1(HQ-5): 意味の ある 起伏。道 / spot は 平ら、ひらけた ところ に 丘、小川は 谷、池は くぼ地、海は 水へ ひくく。ランダムな こぶ だけ では ない
  ---
  duration_ms: 14989.030703
  type: 'test'
  ...
# Subtest: GT-5. Creek / River v3(HQ-6): 小川は spot の 円盤の ならび では なく 1 本の ながれ。橋の spot の 下を とおり、道を 横切る ところは 橋 か 飛び石。道 / かたい 物 の 上を ながれない
ok 707 - GT-5. Creek / River v3(HQ-6): 小川は spot の 円盤の ならび では なく 1 本の ながれ。橋の spot の 下を とおり、道を 横切る ところは 橋 か 飛び石。道 / かたい 物 の 上を ながれない
  ---
  duration_ms: 2641.060863
  type: 'test'
  ...
# Subtest: GT-6. Water(HQ-7): 海 / 川 / 池 で 水の 面を かえる(海 = 浅瀬 → 沖 → 水平線、川 = 谷の 中の ながれる 面、池 = しずかな くぼ地の 面)
ok 708 - GT-6. Water(HQ-7): 海 / 川 / 池 で 水の 面を かえる(海 = 浅瀬 → 沖 → 水平線、川 = 谷の 中の ながれる 面、池 = しずかな くぼ地の 面)
  ---
  duration_ms: 0.873575
  type: 'test'
  ...
# Subtest: GT-7. home と countryside(HQ-10): いえ = 家ごとの 庭(花だん・ポスト・ひくい さく・飛び石)、いなか = ひろい 畑 と 用水路 と 板の はし(庭 なし)
ok 709 - GT-7. home と countryside(HQ-10): いえ = 家ごとの 庭(花だん・ポスト・ひくい さく・飛び石)、いなか = ひろい 畑 と 用水路 と 板の はし(庭 なし)
  ---
  duration_ms: 5.065436
  type: 'test'
  ...
# Subtest: GT-8. forest と jungle(HQ-11): もり = つめたい みどり・たおれた 丸太・しだ・きのこ・見とおし ほどほど。ジャングル = 多層(大きな は の 下草・ヤシ・canopy の つる)・しめった もや
ok 710 - GT-8. forest と jungle(HQ-11): もり = つめたい みどり・たおれた 丸太・しだ・きのこ・見とおし ほどほど。ジャングル = 多層(大きな は の 下草・ヤシ・canopy の つる)・しめった もや
  ---
  duration_ms: 553.222764
  type: 'test'
  ...
# Subtest: GT-9. Tree v4(HQ-12): 根もとの はり・2 だんの 幹(すこし かたむく)・かんむりへ のびる 枝・白っぽい ほそい 木(すずしい 地域)
ok 711 - GT-9. Tree v4(HQ-12): 根もとの はり・2 だんの 幹(すこし かたむく)・かんむりへ のびる 枝・白っぽい ほそい 木(すずしい 地域)
  ---
  duration_ms: 1.675348
  type: 'test'
  ...
# Subtest: GT-10. props gate(HQ-13): ラベル なしで わかる。自転車は 立って いる、水車 / 観覧車の わ は たて
ok 712 - GT-10. props gate(HQ-13): ラベル なしで わかる。自転車は 立って いる、水車 / 観覧車の わ は たて
  ---
  duration_ms: 7190.729386
  type: 'test'
  ...
# Subtest: GT-11. 13 地域の grammar(HQ-14): 背景の 絵 なしで 3D だけで 地域が わかる きまり
ok 713 - GT-11. 13 地域の grammar(HQ-14): 背景の 絵 なしで 3D だけで 地域が わかる きまり
  ---
  duration_ms: 0.545395
  type: 'test'
  ...
# Subtest: GT-12. 季節 / 天気(HQ-15): 山は 夏(高原の みどり)と 冬(雪)で 地面が かわる・大木も 季節の いろ・3D でも 雨 / 雪
ok 714 - GT-12. 季節 / 天気(HQ-15): 山は 夏(高原の みどり)と 冬(雪)で 地面が かわる・大木も 季節の いろ・3D でも 雨 / 雪
  ---
  duration_ms: 0.534275
  type: 'test'
  ...
# Subtest: GT-13. Human QA の 記録 と status: 未承認・main merge しない・Ready に しない・production Pages を かえない。特定の 作品の 名まえは 出さない
ok 715 - GT-13. Human QA の 記録 と status: 未承認・main merge しない・Ready に しない・production Pages を かえない。特定の 作品の 名まえは 出さない
  ---
  duration_ms: 3.316243
  type: 'test'
  ...
# (node:2927) [MODULE_TYPELESS_PACKAGE_JSON] Warning: Module type of file:///home/runner/work/naotocchi/naotocchi/vendor/three-0.170.0/three.module.min.js is not specified and it doesn't parse as CommonJS.
# Reparsing as ES module because module syntax was detected. This incurs a performance overhead.
# To eliminate this warning, add "type": "module" to /home/runner/work/naotocchi/naotocchi/package.json.
# (Use `node --trace-warnings ...` to show where the warning was created)
# Subtest: 1. フラグなし: forest の world は いまの 2D の まま(props・あたり・3D の しるし なし)
ok 716 - 1. フラグなし: forest の world は いまの 2D の まま(props・あたり・3D の しるし なし)
  ---
  duration_ms: 1.648728
  type: 'test'
  ...
# Subtest: 2. 3D モード: 道の うえの かたい 物は 見た目ごと 道の そとへ(約 1.5 × 大きさ まで)。おけない ものは 3D では おかない
ok 717 - 2. 3D モード: 道の うえの かたい 物は 見た目ごと 道の そとへ(約 1.5 × 大きさ まで)。おけない ものは 3D では おかない
  ---
  duration_ms: 5.553977
  type: 'test'
  ...
# Subtest: 3. 3D の かたい 物は かならず あたりが あり、あたまより 下の 見た目は あたり + 10 まで(とおれる 木・見えない かべ なし)
ok 718 - 3. 3D の かたい 物は かならず あたりが あり、あたまより 下の 見た目は あたり + 10 まで(とおれる 木・見えない かべ なし)
  ---
  duration_ms: 6.591908
  type: 'test'
  ...
# Subtest: 3b. ランドマーク(3D だけ): spot から 見た むきを たもって おく(±30 度)。たきは がけ = あたりの 箱 で、たきつぼ・あわ と いっしょ
ok 719 - 3b. ランドマーク(3D だけ): spot から 見た むきを たもって おく(±30 度)。たきは がけ = あたりの 箱 で、たきつぼ・あわ と いっしょ
  ---
  duration_ms: 7.880317
  type: 'test'
  ...
# Subtest: 3c. せかいは 3D・キャラだけ 2D: けしきの 物に 立て看板・意味の ちがう 置きかえ・なぞの placeholder は ない
ok 720 - 3c. せかいは 3D・キャラだけ 2D: けしきの 物に 立て看板・意味の ちがう 置きかえ・なぞの placeholder は ない
  ---
  duration_ms: 4.299562
  type: 'test'
  ...
# Subtest: 3d. すかし(occlusion)は カメラ → player の あいだに ある かたい 物 だけ。とおい から すける こと は ない
ok 721 - 3d. すかし(occlusion)は カメラ → player の あいだに ある かたい 物 だけ。とおい から すける こと は ない
  ---
  duration_ms: 56.952588
  type: 'test'
  ...
# Subtest: 3e. たき は うしろ・よこ からも 岩の おか: がけの うしろに 岩の かたまり(あたり つき)が あり、見た目 = あたり
ok 722 - 3e. たき は うしろ・よこ からも 岩の おか: がけの うしろに 岩の かたまり(あたり つき)が あり、見た目 = あたり
  ---
  duration_ms: 9.776646
  type: 'test'
  ...
# Subtest: 4. 3D モードでも 道は ふさがない: 道はばの 3/4 の なか・spot の まんなか は あいて いる
ok 723 - 4. 3D モードでも 道は ふさがない: 道はばの 3/4 の なか・spot の まんなか は あいて いる
  ---
  duration_ms: 5031.233605
  type: 'test'
  ...
# Subtest: 5. 3D モードの forest: 50 の spot に ぜんぶ あるいて 行ける
ok 724 - 5. 3D モードの forest: 50 の spot に ぜんぶ あるいて 行ける
  ---
  duration_ms: 3724.759921
  type: 'test'
  ...
# Subtest: 6. 3D モードの forest: 27 にんの なかまも player も かたい 物に めりこまない
ok 725 - 6. 3D モードの forest: 27 にんの なかまも player も かたい 物に めりこまない
  ---
  duration_ms: 4079.356767
  type: 'test'
  ...
# Subtest: 7. レンダラー: WebGL が ない ところでは すぐ 2D(こわれない・この あいだ ずっと 2D)
ok 726 - 7. レンダラー: WebGL が ない ところでは すぐ 2D(こわれない・この あいだ ずっと 2D)
  ---
  duration_ms: 2.186571
  type: 'test'
  ...
# Subtest: 8. フラグは URL だけ・セーブに のこさない。Three.js は version 固定で repo の なか。ふだんは よみこまない
ok 727 - 8. フラグは URL だけ・セーブに のこさない。Three.js は version 固定で repo の なか。ふだんは よみこまない
  ---
  duration_ms: 12.656964
  type: 'test'
  ...
# Subtest: 9. 全地域: 3D profile が あり、意味の 表で ぜんぶ 解決し(unresolved 0・立て看板 0)、かくす ものは きまった しるし だけ、2D(フラグなし)は かわらない
ok 728 - 9. 全地域: 3D profile が あり、意味の 表で ぜんぶ 解決し(unresolved 0・立て看板 0)、かくす ものは きまった しるし だけ、2D(フラグなし)は かわらない
  ---
  duration_ms: 27170.760136
  type: 'test'
  ...
# Subtest: 10. はっけんの しらせ(全地域): ランドマーク / ひみつ だけ「みつけた！」、その ばしょ だけの もの は かるく「が ある」、ふつうの 池・通過点は しずか。きろく は かわらない
ok 729 - 10. はっけんの しらせ(全地域): ランドマーク / ひみつ だけ「みつけた！」、その ばしょ だけの もの は かるく「が ある」、ふつうの 池・通過点は しずか。きろく は かわらない
  ---
  duration_ms: 2923.496004
  type: 'test'
  ...
# Subtest: 11. 全地域(registry から): 3D モードで ぜんぶの spot と gate に 道に そって あるいて 行ける(とじこめ なし)
ok 730 - 11. 全地域(registry から): 3D モードで ぜんぶの spot と gate に 道に そって あるいて 行ける(とじこめ なし)
  ---
  duration_ms: 27095.757968
  type: 'test'
  ...
# (node:2956) [MODULE_TYPELESS_PACKAGE_JSON] Warning: Module type of file:///home/runner/work/naotocchi/naotocchi/vendor/three-0.170.0/three.module.min.js is not specified and it doesn't parse as CommonJS.
# Reparsing as ES module because module syntax was detected. This incurs a performance overhead.
# To eliminate this warning, add "type": "module" to /home/runner/work/naotocchi/naotocchi/package.json.
# (Use `node --trace-warnings ...` to show where the warning was created)
# Subtest: VQ-23 vehicle window frames connect body and roof at every cab corner when rotated
ok 731 - VQ-23 vehicle window frames connect body and roof at every cab corner when rotated
  ---
  duration_ms: 720.142212
  type: 'test'
  ...
# Subtest: VQ-22 dry-bank patches are continuous, bounded and leave unpainted water unchanged
ok 732 - VQ-22 dry-bank patches are continuous, bounded and leave unpainted water unchanged
  ---
  duration_ms: 58.566988
  type: 'test'
  ...
# Subtest: VQ-9 residential porch supports meet roof slopes within canonical lots
ok 733 - VQ-9 residential porch supports meet roof slopes within canonical lots
  ---
  duration_ms: 22734.94891
  type: 'test'
  ...
# Subtest: VQ-8 farmhouse veranda posts meet a canopy contained over the existing deck
ok 734 - VQ-8 farmhouse veranda posts meet a canopy contained over the existing deck
  ---
  duration_ms: 2378.635345
  type: 'test'
  ...
# Subtest: VQ-6 cottage rooflines include both gable orientations within the residential family
ok 735 - VQ-6 cottage rooflines include both gable orientations within the residential family
  ---
  duration_ms: 488.248739
  type: 'test'
  ...
# Subtest: VQ-5 garden stepping stones connect the actual front door to its finite road segment
ok 736 - VQ-5 garden stepping stones connect the actual front door to its finite road segment
  ---
  duration_ms: 516.939925
  type: 'test'
  ...
# Subtest: VQ-1 contact footprints follow trunks and foundations without mutating objects
ok 737 - VQ-1 contact footprints follow trunks and foundations without mutating objects
  ---
  duration_ms: 1.05815
  type: 'test'
  ...
# Subtest: VQ-2 contact field excludes actors, water, bridges and tiny dressing; finite bounded support
ok 738 - VQ-2 contact field excludes actors, water, bridges and tiny dressing; finite bounded support
  ---
  duration_ms: 3.008669
  type: 'test'
  ...
# Subtest: VQ-3 outer-bank variation leaves water lanes and triangle topology unchanged
ok 739 - VQ-3 outer-bank variation leaves water lanes and triangle topology unchanged
  ---
  duration_ms: 0.96187
  type: 'test'
  ...
# Subtest: VQ-4 residential main roofs retain above-head clearance with canonical colliders
ok 740 - VQ-4 residential main roofs retain above-head clearance with canonical colliders
  ---
  duration_ms: 22031.730028
  type: 'test'
  ...
# Subtest: VQ-7 garden beds retain their planting group outside canonical road and obstacle footprints
ok 741 - VQ-7 garden beds retain their planting group outside canonical road and obstacle footprints
  ---
  duration_ms: 531.569377
  type: 'test'
  ...
# Subtest: VQ-10 barn entrances read as broad paired doors within the wall
ok 742 - VQ-10 barn entrances read as broad paired doors within the wall
  ---
  duration_ms: 2345.746082
  type: 'test'
  ...
# Subtest: VQ-11 flower instances retain planter and window-box elevation
ok 743 - VQ-11 flower instances retain planter and window-box elevation
  ---
  duration_ms: 2.483442
  type: 'test'
  ...
# Subtest: VQ-12 walkable market stalls have open counters and connected canopy supports
ok 744 - VQ-12 walkable market stalls have open counters and connected canopy supports
  ---
  duration_ms: 22995.898045
  type: 'test'
  ...
# Subtest: VQ-13 representative farmhouse flowers clear the veranda as one planting group
ok 745 - VQ-13 representative farmhouse flowers clear the veranda as one planting group
  ---
  duration_ms: 2487.759295
  type: 'test'
  ...
# Subtest: VQ-14 planting clearance preserves groups, rotations and blocked plots
ok 746 - VQ-14 planting clearance preserves groups, rotations and blocked plots
  ---
  duration_ms: 11.791182
  type: 'test'
  ...
# Subtest: VQ-15 residential facade openings fit beside the entrance without frame overlap
ok 747 - VQ-15 residential facade openings fit beside the entrance without frame overlap
  ---
  duration_ms: 23854.491213
  type: 'test'
  ...
# Subtest: VQ-16 single-family main windows reserve the existing bay projection
ok 748 - VQ-16 single-family main windows reserve the existing bay projection
  ---
  duration_ms: 22989.467267
  type: 'test'
  ...
# Subtest: VQ-17 two-storey entrance remains below its existing low canopy
ok 749 - VQ-17 two-storey entrance remains below its existing low canopy
  ---
  duration_ms: 471.280443
  type: 'test'
  ...
# Subtest: VQ-18 ground fern fronds emerge above their root plane, without changing hanging palm leaves
ok 750 - VQ-18 ground fern fronds emerge above their root plane, without changing hanging palm leaves
  ---
  duration_ms: 8382.324664
  type: 'test'
  ...
# Subtest: VQ-19 ordinary big-tree crowns vary azimuth without expanding their envelope
ok 751 - VQ-19 ordinary big-tree crowns vary azimuth without expanding their envelope
  ---
  duration_ms: 6559.115235
  type: 'test'
  ...
# Subtest: VQ-20 ground frond roots attach to their own terrain position
ok 752 - VQ-20 ground frond roots attach to their own terrain position
  ---
  duration_ms: 7671.171063
  type: 'test'
  ...
# Subtest: VQ-21 frond transforms preserve winding and radial direction for rising and hanging leaves
ok 753 - VQ-21 frond transforms preserve winding and radial direction for rising and hanging leaves
  ---
  duration_ms: 3.959499
  type: 'test'
  ...
# Subtest: 1. the same discoveredStages key twice still gives one resident
ok 754 - 1. the same discoveredStages key twice still gives one resident
  ---
  duration_ms: 3247.278985
  type: 'test'
  ...
# Subtest: 2. the same partnersRecorded id twice still gives one resident
ok 755 - 2. the same partnersRecorded id twice still gives one resident
  ---
  duration_ms: 2957.881817
  type: 'test'
  ...
# Subtest: 3. companion aliases collapse to one canonical resident
ok 756 - 3. companion aliases collapse to one canonical resident
  ---
  duration_ms: 32.28845
  type: 'test'
  ...
# Subtest: 4. the current pet is never an ordinary resident
ok 757 - 4. the current pet is never an ordinary resident
  ---
  duration_ms: 5271.077147
  type: 'test'
  ...
# Subtest: 5. the current companion and partner walk with the player only, never as region residents
ok 758 - 5. the current companion and partner walk with the player only, never as region residents
  ---
  duration_ms: 5540.335619
  type: 'test'
  ...
# Subtest: 6. legacy species left in an old save (bird:*) never become residents, but the save keeps them
ok 759 - 6. legacy species left in an old save (bird:*) never become residents, but the save keeps them
  ---
  duration_ms: 3059.939338
  type: 'test'
  ...
# Subtest: 7. current-dex forms such as woman よちよち and the cicada appear once discovered
ok 760 - 7. current-dex forms such as woman よちよち and the cicada appear once discovered
  ---
  duration_ms: 5521.113737
  type: 'test'
  ...
# Subtest: 8. the city 🐈 scenery never resolves to the cat resident asset (the display resolver would)
ok 761 - 8. the city 🐈 scenery never resolves to the cat resident asset (the display resolver would)
  ---
  duration_ms: 40.169669
  type: 'test'
  ...
# Subtest: 9. the forest 🍄 scenery never resolves to the mushroom resident asset
ok 762 - 9. the forest 🍄 scenery never resolves to the mushroom resident asset
  ---
  duration_ms: 28.637257
  type: 'test'
  ...
# Subtest: 10. every scenery emoji in every region (prop/lane/wall/hint/spot.prop/flavour/landmark fallbacks) stays scenery
ok 763 - 10. every scenery emoji in every region (prop/lane/wall/hint/spot.prop/flavour/landmark fallbacks) stays scenery
  ---
  duration_ms: 44.03278
  type: 'test'
  ...
# Subtest: registry audit reports rows and every issue class (duplicate, legacy, undiscovered, pet, follower, shared asset)
ok 764 - registry audit reports rows and every issue class (duplicate, legacy, undiscovered, pet, follower, shared asset)
  ---
  duration_ms: 5495.743581
  type: 'test'
  ...
# Subtest: canvas path: 🐈 scenery is drawn as a native emoji, not the cat picture and not a placeholder tile
ok 765 - canvas path: 🐈 scenery is drawn as a native emoji, not the cat picture and not a placeholder tile
  ---
  duration_ms: 30.181623
  type: 'test'
  ...
# Subtest: canvas path: 🍄 scenery is a native emoji too
ok 766 - canvas path: 🍄 scenery is a native emoji too
  ---
  duration_ms: 35.899485
  type: 'test'
  ...
# Subtest: canvas path: all 17 character-colliding scenery emoji become native emoji (no character asset, no placeholder), U+E000 is never scenery
ok 767 - canvas path: all 17 character-colliding scenery emoji become native emoji (no character asset, no placeholder), U+E000 is never scenery
  ---
  duration_ms: 28.799151
  type: 'test'
  ...
# Subtest: canvas path: scenery with dedicated art (🌳 🌲 🌴 🌵 🐚) goes through the scenery wrapper, never native text and never a character
ok 768 - canvas path: scenery with dedicated art (🌳 🌲 🌴 🌵 🐚) goes through the scenery wrapper, never native text and never a character
  ---
  duration_ms: 45.429504
  type: 'test'
  ...
# Subtest: canvas path: every scenery emoji of every region either has scenery art or falls back to a native emoji, never a character or a placeholder
ok 769 - canvas path: every scenery emoji of every region either has scenery art or falls back to a native emoji, never a character or a placeholder
  ---
  duration_ms: 49.925722
  type: 'test'
  ...
# Subtest: the number of residents is pinned to the dex, not to a round figure
ok 770 - the number of residents is pinned to the dex, not to a round figure
  ---
  duration_ms: 5471.054388
  type: 'test'
  ...
# Subtest: the collider table is world-space data: shape, half sizes, angle and role, never canvas pixels
ok 771 - the collider table is world-space data: shape, half sizes, angle and role, never canvas pixels
  ---
  duration_ms: 7.333829
  type: 'test'
  ...
# Subtest: a tree stops you at the trunk, not at a leaf: the collider is a small part of the drawing
ok 772 - a tree stops you at the trunk, not at a leaf: the collider is a small part of the drawing
  ---
  duration_ms: 0.282907
  type: 'test'
  ...
# Subtest: buildings, walls and fences are boxes with a facing, and a fence is a thin line not a slab
ok 773 - buildings, walls and fences are boxes with a facing, and a fence is a thin line not a slab
  ---
  duration_ms: 0.424681
  type: 'test'
  ...
# Subtest: grass, leaves, small mushrooms, ground detail and bridges have no collider at all
ok 774 - grass, leaves, small mushrooms, ground detail and bridges have no collider at all
  ---
  duration_ms: 0.366793
  type: 'test'
  ...
# Subtest: every path corridor and every spot centre is free of colliders in all 13 regions
ok 775 - every path corridor and every spot centre is free of colliders in all 13 regions
  ---
  duration_ms: 133.627681
  type: 'test'
  ...
# Subtest: walking for real, every spot in every region is still reachable, secret ones included
ok 776 - walking for real, every spot in every region is still reachable, secret ones included
  ---
  duration_ms: 14766.873219
  type: 'test'
  ...
# Subtest: you cannot walk into a big tree, a building, a rock or a fence
ok 777 - you cannot walk into a big tree, a building, a rock or a fence
  ---
  duration_ms: 25228.356222
  type: 'test'
  ...
# Subtest: a diagonal bump slides along the wall instead of stopping dead
ok 778 - a diagonal bump slides along the wall instead of stopping dead
  ---
  duration_ms: 5987.250527
  type: 'test'
  ...
# Subtest: water: the sea you may not enter is the only no-go water, and every water spot is still walkable
ok 779 - water: the sea you may not enter is the only no-go water, and every water spot is still walkable
  ---
  duration_ms: 1.703622
  type: 'test'
  ...
# Subtest: collision cost does not grow with the size of the world: the grid keeps each lookup tiny
ok 780 - collision cost does not grow with the size of the world: the grid keeps each lookup tiny
  ---
  duration_ms: 1.18144
  type: 'test'
  ...
# Subtest: residents are held by the same colliders as the player, so nobody walks through a wall
ok 781 - residents are held by the same colliders as the player, so nobody walks through a wall
  ---
  duration_ms: 408.580456
  type: 'test'
  ...
# Subtest: the role layers hand the same shapes to a Three.js renderer
ok 782 - the role layers hand the same shapes to a Three.js renderer
  ---
  duration_ms: 9.966295
  type: 'test'
  ...
# Subtest: the shared meguru denominators match a fresh count of WORLDS and the world map
ok 783 - the shared meguru denominators match a fresh count of WORLDS and the world map
  ---
  duration_ms: 171.258021
  type: 'test'
  ...
# Subtest: ①-1 ふつうの ばしょ: toast は 出さない。左上の 名まえが かわり、ちず と セーブには きろくされる
ok 784 - ①-1 ふつうの ばしょ: toast は 出さない。左上の 名まえが かわり、ちず と セーブには きろくされる
  ---
  duration_ms: 2020.847264
  type: 'test'
  ...
# Subtest: ①-2 おおきな めじるし(landmark)は toast では なく 左上の 名まえの 静かな 強調。きろくは のこる
ok 785 - ①-2 おおきな めじるし(landmark)は toast では なく 左上の 名まえの 静かな 強調。きろくは のこる
  ---
  duration_ms: 1686.120398
  type: 'test'
  ...
# Subtest: ①-3 ひみつは せんようの しらせ。なまえは 見つけた あとに そえる だけ
ok 786 - ①-3 ひみつは せんようの しらせ。なまえは 見つけた あとに そえる だけ
  ---
  duration_ms: 2621.163854
  type: 'test'
  ...
# Subtest: ①-4 地区(zone)に 入っても toast は 出さない(2026-10-01 v2)。ちずの 地区は ひろがり、中の id は どこにも 出ない
ok 787 - ①-4 地区(zone)に 入っても toast は 出さない(2026-10-01 v2)。ちずの 地区は ひろがり、中の id は どこにも 出ない
  ---
  duration_ms: 1469.850628
  type: 'test'
  ...
# Subtest: ②-1 おなじ ばしょへ もどっても もう「みつけた」と 出さない
ok 788 - ②-1 おなじ ばしょへ もどっても もう「みつけた」と 出さない
  ---
  duration_ms: 3228.796385
  type: 'test'
  ...
# Subtest: ②-2 セーブに のこした きろくを よみなおしても 2かいめ は 出ない(セーブ互換)
ok 789 - ②-2 セーブに のこした きろくを よみなおしても 2かいめ は 出ない(セーブ互換)
  ---
  duration_ms: 3324.489632
  type: 'test'
  ...
# Subtest: ②-3 めじるしは しらせない。ちずの ボタンも 2かいめ は ひからない
ok 790 - ②-3 めじるしは しらせない。ちずの ボタンも 2かいめ は ひからない
  ---
  duration_ms: 3348.873721
  type: 'test'
  ...
# Subtest: ③-1 1フレームに いくつ 見つけても 出すのは 1つ。つよい ものから
ok 791 - ③-1 1フレームに いくつ 見つけても 出すのは 1つ。つよい ものから
  ---
  duration_ms: 2561.908897
  type: 'test'
  ...
# Subtest: ③-2 じゅんばんは region → secret → landmark → みち → zone → ふつうの spot
ok 792 - ③-2 じゅんばんは region → secret → landmark → みち → zone → ふつうの spot
  ---
  duration_ms: 5094.79308
  type: 'test'
  ...
# Subtest: ③-3 地域の はっけんと 二重に 出さない(はじめての 地域では 着いた ばしょの しらせを かさねない)
ok 793 - ③-3 地域の はっけんと 二重に 出さない(はじめての 地域では 着いた ばしょの しらせを かさねない)
  ---
  duration_ms: 4131.452182
  type: 'test'
  ...
# Subtest: ④-1 住民に ちかづいた ことは はっけんに しない(「はなす」だけ)
ok 794 - ④-1 住民に ちかづいた ことは はっけんに しない(「はなす」だけ)
  ---
  duration_ms: 4353.119734
  type: 'test'
  ...
# Subtest: ④-2 しらせは あるくのを とめない(ボタンも おおいも 出さない)
ok 795 - ④-2 しらせは あるくのを とめない(ボタンも おおいも 出さない)
  ---
  duration_ms: 1878.800707
  type: 'test'
  ...
# Subtest: ④-3 しらせの あいだ、した の そうさ せつめいは よわめる(ふたつが まざらない)
ok 796 - ④-3 しらせの あいだ、した の そうさ せつめいは よわめる(ふたつが まざらない)
  ---
  duration_ms: 3001.230616
  type: 'test'
  ...
# Subtest: ⑤-1「ちずに きろくした」と 出た ものは その とき ちずに ある
ok 797 - ⑤-1「ちずに きろくした」と 出た ものは その とき ちずに ある
  ---
  duration_ms: 2993.779942
  type: 'test'
  ...
# Subtest: ⑤-2 こえて いる あいだ に 見つけた めじるしも ちずに のこる
ok 798 - ⑤-2 こえて いる あいだ に 見つけた めじるしも ちずに のこる
  ---
  duration_ms: 4173.653768
  type: 'test'
  ...
# Subtest: ⑤-3 たんさく率の けいさんは 1つも かえて いない
ok 799 - ⑤-3 たんさく率の けいさんは 1つも かえて いない
  ---
  duration_ms: 4413.279384
  type: 'test'
  ...
# Subtest: ⑤-4 みちの はっけんは 出かたが かわる だけ。ひらく じょうけんは そのまま
ok 800 - ⑤-4 みちの はっけんは 出かたが かわる だけ。ひらく じょうけんは そのまま
  ---
  duration_ms: 2174.508562
  type: 'test'
  ...
# Subtest: ⑥-1 travelToRegion() と その ばの ボタンは 1つも かえて いない
ok 801 - ⑥-1 travelToRegion() と その ばの ボタンは 1つも かえて いない
  ---
  duration_ms: 1874.762786
  type: 'test'
  ...
# Subtest: ⑥-2 たんさくを とじると しらせも のこらない
ok 802 - ⑥-2 たんさくを とじると しらせも のこらない
  ---
  duration_ms: 1954.213825
  type: 'test'
  ...
# Subtest: ⑦-1 レベルは buildWorld() が ほんとうに おく ものから きまる
ok 803 - ⑦-1 レベルは buildWorld() が ほんとうに おく ものから きまる
  ---
  duration_ms: 24.713691
  type: 'test'
  ...
# Subtest: ⑦-2 目じるしの ない 通過点では しらせない。でも きろくは のこる(探索率は かわらない)
ok 804 - ⑦-2 目じるしの ない 通過点では しらせない。でも きろくは のこる(探索率は かわらない)
  ---
  duration_ms: 1852.487386
  type: 'test'
  ...
# Subtest: ⑦-3 目じるしの ある ばしょ(L2)も toast は 出さない(2026-10-01 v2)。左上の 名まえ と きろく だけ
ok 805 - ⑦-3 目じるしの ある ばしょ(L2)も toast は 出さない(2026-10-01 v2)。左上の 名まえ と きろく だけ
  ---
  duration_ms: 1818.558854
  type: 'test'
  ...
# Subtest: ⑦-4「ちずに きろくした」は はじめの うちだけ(なんども くりかえさない)
ok 806 - ⑦-4「ちずに きろくした」は はじめの うちだけ(なんども くりかえさない)
  ---
  duration_ms: 1655.125506
  type: 'test'
  ...
# Subtest: ⑦-5 はじめて あそぶ ひとには「ちずに きろくした」を そえる
ok 807 - ⑦-5 はじめて あそぶ ひとには「ちずに きろくした」を そえる
  ---
  duration_ms: 2817.714721
  type: 'test'
  ...
# Subtest: ⑦-6 レベルは セーブに 何も 足さない(旧セーブでも そのまま 動く)
ok 808 - ⑦-6 レベルは セーブに 何も 足さない(旧セーブでも そのまま 動く)
  ---
  duration_ms: 2710.113452
  type: 'test'
  ...
# Subtest: ⑦-7 監査の けっかと 実装が そろって いる
ok 809 - ⑦-7 監査の けっかと 実装が そろって いる
  ---
  duration_ms: 34.456951
  type: 'test'
  ...
# Subtest: ⑧-1 4つの みはらしに、その ばしょ だけの けしきが ある
ok 810 - ⑧-1 4つの みはらしに、その ばしょ だけの けしきが ある
  ---
  duration_ms: 1271.028145
  type: 'test'
  ...
# Subtest: ⑧-2 主役は 地域ごとに ちがう(どこにも おなじ てすりを 置かない)
ok 811 - ⑧-2 主役は 地域ごとに ちがう(どこにも おなじ てすりを 置かない)
  ---
  duration_ms: 1316.800868
  type: 'test'
  ...
# Subtest: ⑧-3 けしきは あたりはんていを 1つも ふやさない(みち・出口・住民を ふさがない)
ok 812 - ⑧-3 けしきは あたりはんていを 1つも ふやさない(みち・出口・住民を ふさがない)
  ---
  duration_ms: 1309.693388
  type: 'test'
  ...
# Subtest: ⑧-4 gate の 発火は 1つも かわらない(connection に さわって いない)
ok 813 - ⑧-4 gate の 発火は 1つも かわらない(connection に さわって いない)
  ---
  duration_ms: 1356.242224
  type: 'test'
  ...
# Subtest: ⑧-5 4つとも L2。toast は 出さず(2026-10-01 v2)、左上の 名まえ と きろく だけ
ok 814 - ⑧-5 4つとも L2。toast は 出さず(2026-10-01 v2)、左上の 名まえ と きろく だけ
  ---
  duration_ms: 1608.919517
  type: 'test'
  ...
# Subtest: ⑧-6 2かいめ は 出さない。旧セーブで もう 見つけて いれば けしきだけ 見える
ok 815 - ⑧-6 2かいめ は 出さない。旧セーブで もう 見つけて いれば けしきだけ 見える
  ---
  duration_ms: 1917.335109
  type: 'test'
  ...
# Subtest: ⑧-7 spot / path / zone / secret の かずは 1つも ふえて いない
ok 816 - ⑧-7 spot / path / zone / secret の かずは 1つも ふえて いない
  ---
  duration_ms: 26.481443
  type: 'test'
  ...
# Subtest: A1. うごく ボタンしか 出さない: なにも ない ときは その ばの ボタンが 1つも ない
ok 817 - A1. うごく ボタンしか 出さない: なにも ない ときは その ばの ボタンが 1つも ない
  ---
  duration_ms: 866.502366
  type: 'test'
  ...
# Subtest: A2. その ばの ボタンは 1 枠。住民が ちかいと「はなす」、のりばに 立つと「のる/もぐる」
ok 818 - A2. その ばの ボタンは 1 枠。住民が ちかいと「はなす」、のりばに 立つと「のる/もぐる」
  ---
  duration_ms: 1043.80926
  type: 'test'
  ...
# Subtest: A3. こえて いる あいだ、右がわの ボタンは ぜんぶ ロックされる
ok 819 - A3. こえて いる あいだ、右がわの ボタンは ぜんぶ ロックされる
  ---
  duration_ms: 3285.461705
  type: 'test'
  ...
# Subtest: A7. hidden を つけた ボタンは ほんとうに きえる(CSS の きまりが ある)
ok 820 - A7. hidden を つけた ボタンは ほんとうに きえる(CSS の きまりが ある)
  ---
  duration_ms: 3.229561
  type: 'test'
  ...
# Subtest: A8. のりばでは、なにが おきるのかを ボタンの した にも 出す
ok 821 - A8. のりばでは、なにが おきるのかを ボタンの した にも 出す
  ---
  duration_ms: 511.826086
  type: 'test'
  ...
# Subtest: A4. めぐる中の「たび」が はたらく。openExclusiveMenu では はじかれて いた
ok 822 - A4. めぐる中の「たび」が はたらく。openExclusiveMenu では はじかれて いた
  ---
  duration_ms: 586.336496
  type: 'test'
  ...
# Subtest: A5. たびが かぶさって いる あいだ せかいは とまり、とじると つづきから うごく
ok 823 - A5. たびが かぶさって いる あいだ せかいは とまり、とじると つづきから うごく
  ---
  duration_ms: 1141.817914
  type: 'test'
  ...
# Subtest: A6. たびから 地域を えらぶと、これまで どおり travelToRegion が はしり めぐるも ついて いく
ok 824 - A6. たびから 地域を えらぶと、これまで どおり travelToRegion が はしり めぐるも ついて いく
  ---
  duration_ms: 984.179793
  type: 'test'
  ...
# Subtest: B1. 見つけた 地域の まわり だけが 紙に のる。0% → 100% で だんだん ひろがる
ok 825 - B1. 見つけた 地域の まわり だけが 紙に のる。0% → 100% で だんだん ひろがる
  ---
  duration_ms: 35.304887
  type: 'test'
  ...
# Subtest: B2. 50% では、まだ 行って いない ところの かたちが はっきり のこって いる
ok 826 - B2. 50% では、まだ 行って いない ところの かたちが はっきり のこって いる
  ---
  duration_ms: 36.713293
  type: 'test'
  ...
# Subtest: B3. 見つけて いない 特殊層(ほしぞら・しんかい・きおく)は 1 文字も もれない
ok 827 - B3. 見つけて いない 特殊層(ほしぞら・しんかい・きおく)は 1 文字も もれない
  ---
  duration_ms: 28.792807
  type: 'test'
  ...
# Subtest: B4. 探索率の しきは ひとつも かわって いない(471 spot / 654 path / 118 zone / 107 ひみつ)
ok 828 - B4. 探索率の しきは ひとつも かわって いない(471 spot / 654 path / 118 zone / 107 ひみつ)
  ---
  duration_ms: 29.268642
  type: 'test'
  ...
# Subtest: C1. ジャングルは 南西の 外洋に うかぶ しま。本土の どの 地域とも 陸つづきに 見えない
ok 829 - C1. ジャングルは 南西の 外洋に うかぶ しま。本土の どの 地域とも 陸つづきに 見えない
  ---
  duration_ms: 51.498895
  type: 'test'
  ...
# Subtest: C2. かいがんせん(本土)は しまに さわらない。しまは べつの 地形として もつ
ok 830 - C2. かいがんせん(本土)は しまに さわらない。しまは べつの 地形として もつ
  ---
  duration_ms: 45.581762
  type: 'test'
  ...
# Subtest: C3. しまは ジャングルを 見つける まで 1 てんも 出ない(なまえも かたちも)
ok 831 - C3. しまは ジャングルを 見つける まで 1 てんも 出ない(なまえも かたちも)
  ---
  duration_ms: 49.951581
  type: 'test'
  ...
# Subtest: C4. ジャングルの なかみ(spot / path / zone / ひみつ)は 1つも かわって いない
ok 832 - C4. ジャングルの なかみ(spot / path / zone / ひみつ)は 1つも かわって いない
  ---
  duration_ms: 451.145118
  type: 'test'
  ...
# Subtest: C5. しまに した あとの みちの かず・つなぎ
ok 833 - C5. しまに した あとの みちの かず・つなぎ
  ---
  duration_ms: 31.016489
  type: 'test'
  ...
# Subtest: D1. 地形には ぜんぶ「あるいて いる ときの けしき」の いみが ついて いる
ok 834 - D1. 地形には ぜんぶ「あるいて いる ときの けしき」の いみが ついて いる
  ---
  duration_ms: 27.617062
  type: 'test'
  ...
# Subtest: D2. 地形の いみは 世界地図の データに 1文字も まざらない
ok 835 - D2. 地形の いみは 世界地図の データに 1文字も まざらない
  ---
  duration_ms: 34.061927
  type: 'test'
  ...
# Subtest: the fauna classifier flags birds, fish, mammals, reptiles and bugs but not plants, shells, paw prints or coral
ok 836 - the fauna classifier flags birds, fish, mammals, reptiles and bugs but not plants, shells, paw prints or coral
  ---
  duration_ms: 167.28161
  type: 'test'
  ...
# Subtest: the jungle random props / lane / hint contain no parrot or snake
ok 837 - the jungle random props / lane / hint contain no parrot or snake
  ---
  duration_ms: 27.502014
  type: 'test'
  ...
# Subtest: no random scenery pool in any region contains living fauna (props, lane, wall, hint, zone lanes, spot props, local flavor)
ok 838 - no random scenery pool in any region contains living fauna (props, lane, wall, hint, zone lanes, spot props, local flavor)
  ---
  duration_ms: 34.69324
  type: 'test'
  ...
# Subtest: the built worlds place no fauna as scenery: every living creature on screen is a registry resident
ok 839 - the built worlds place no fauna as scenery: every living creature on screen is a registry resident
  ---
  duration_ms: 3345.466438
  type: 'test'
  ...
# Subtest: the fauna cleanup does not change the resident registry or the resident placement per region
ok 840 - the fauna cleanup does not change the resident registry or the resident placement per region
  ---
  duration_ms: 5588.353904
  type: 'test'
  ...
# Subtest: scenery is kept rich, but as space rather than scattered trinkets: pools, ground areas and framing all stay in place
ok 841 - scenery is kept rich, but as space rather than scattered trinkets: pools, ground areas and framing all stay in place
  ---
  duration_ms: 3053.931764
  type: 'test'
  ...
# Subtest: the snow world no longer scatters the snowman partner: no ⛄ in props, lane, hint or spot props, density unchanged
ok 842 - the snow world no longer scatters the snowman partner: no ⛄ in props, lane, hint or spot props, density unchanged
  ---
  duration_ms: 21.989037
  type: 'test'
  ...
# Subtest: companion, rare companion and partner emoji are known to the audit, including the ☃️/⛄ alias of the snowman
ok 843 - companion, rare companion and partner emoji are known to the audit, including the ☃️/⛄ alias of the snowman
  ---
  duration_ms: 36.901419
  type: 'test'
  ...
# Subtest: no random scenery pool (props / lane / wall / hint / zone lanes / local flavor) contains a companion, partner or character-asset emoji
ok 844 - no random scenery pool (props / lane / wall / hint / zone lanes / local flavor) contains a companion, partner or character-asset emoji
  ---
  duration_ms: 37.375762
  type: 'test'
  ...
# Subtest: a character emoji sneaking back into a random pool or a second statue spot is reported by the audit
ok 845 - a character emoji sneaking back into a random pool or a second statue spot is reported by the audit
  ---
  duration_ms: 61.892384
  type: 'test'
  ...
# Subtest: every spot says what can be done there, and the list comes from the world, not from a hand-written table
ok 846 - every spot says what can be done there, and the list comes from the world, not from a hand-written table
  ---
  duration_ms: 3045.56596
  type: 'test'
  ...
# Subtest: the 13 regions do not share one set of AI numbers
ok 847 - the 13 regions do not share one set of AI numbers
  ---
  duration_ms: 0.368005
  type: 'test'
  ...
# Subtest: a resident picks an activity, walks there along the paths and does it, rather than drifting at random
ok 848 - a resident picks an activity, walks there along the paths and does it, rather than drifting at random
  ---
  duration_ms: 3071.344201
  type: 'test'
  ...
# Subtest: residents are held by the same world-space colliders as the player and never enter the sea you may not walk in
ok 849 - residents are held by the same world-space colliders as the player and never enter the sea you may not walk in
  ---
  duration_ms: 41423.402261
  type: 'test'
  ...
# Subtest: every way a resident is placed puts them somewhere they can actually stand
ok 850 - every way a resident is placed puts them somewhere they can actually stand
  ---
  duration_ms: 36695.13782
  type: 'test'
  ...
# Subtest: the same seed replays the same life, so this suite cannot pass by luck
ok 851 - the same seed replays the same life, so this suite cannot pass by luck
  ---
  duration_ms: 3110.249056
  type: 'test'
  ...
# Subtest: talking starts by two residents coming together and facing each other, never at a distance
ok 852 - talking starts by two residents coming together and facing each other, never at a distance
  ---
  duration_ms: 14835.030573
  type: 'test'
  ...
# Subtest: nobody is asked to talk by three people at once: an interaction is reserved before it starts
ok 853 - nobody is asked to talk by three people at once: an interaction is reserved before it starts
  ---
  duration_ms: 9607.475602
  type: 'test'
  ...
# Subtest: a gathering forms as a few residents arriving at the same place, and stays small
ok 854 - a gathering forms as a few residents arriving at the same place, and stays small
  ---
  duration_ms: 16588.511942
  type: 'test'
  ...
# Subtest: the time of day changes what residents do, and not everybody changes at the same moment
ok 855 - the time of day changes what residents do, and not everybody changes at the same moment
  ---
  duration_ms: 20868.354169
  type: 'test'
  ...
# Subtest: the weather changes where residents are: rain moves them under a roof, but not all of them
ok 856 - the weather changes where residents are: rain moves them under a roof, but not all of them
  ---
  duration_ms: 26338.386446
  type: 'test'
  ...
# Subtest: a quiet district stays quiet and a busy one does not: the district crowd figure reaches the life AI
ok 857 - a quiet district stays quiet and a busy one does not: the district crowd figure reaches the life AI
  ---
  duration_ms: 9353.868438
  type: 'test'
  ...
# Subtest: behaviour and emotion are two different things
ok 858 - behaviour and emotion are two different things
  ---
  duration_ms: 24605.490921
  type: 'test'
  ...
# Subtest: far-away residents drop to the cheap update, and the cost does not grow with the size of the world
ok 859 - far-away residents drop to the cheap update, and the cost does not grow with the size of the world
  ---
  duration_ms: 12524.911302
  type: 'test'
  ...
# Subtest: nobody is duplicated, the ones walking with you stay out of the resident life, and Naoto keeps the special place
ok 860 - nobody is duplicated, the ones walking with you stay out of the resident life, and Naoto keeps the special place
  ---
  duration_ms: 20088.679174
  type: 'test'
  ...
# Subtest: the life AI leaks nothing to the map: living residents do not discover spots, districts or paths for you
ok 861 - the life AI leaks nothing to the map: living residents do not discover spots, districts or paths for you
  ---
  duration_ms: 26660.359004
  type: 'test'
  ...
# Subtest: you can still talk to a resident whatever they are doing, and they go back to their life afterwards
ok 862 - you can still talk to a resident whatever they are doing, and they go back to their life afterwards
  ---
  duration_ms: 3553.644909
  type: 'test'
  ...
# Subtest: the renderer can read what a resident is doing and feeling through one stable door
ok 863 - the renderer can read what a resident is doing and feeling through one stable door
  ---
  duration_ms: 1356.797823
  type: 'test'
  ...
# Subtest: running a whole day through, nobody freezes, nobody is held in an interaction for ever and nobody vanishes
ok 864 - running a whole day through, nobody freezes, nobody is held in an interaction for ever and nobody vanishes
  ---
  duration_ms: 31515.69005
  type: 'test'
  ...
# Subtest: じかんは ハーネスの とけい だけから くる(決定性の みはり)
ok 865 - じかんは ハーネスの とけい だけから くる(決定性の みはり)
  ---
  duration_ms: 12368.187003
  type: 'test'
  ...
# Subtest: a region you have never walked shows no paths, no spots and no landmarks: only the shape of the map
ok 866 - a region you have never walked shows no paths, no spots and no landmarks: only the shape of the map
  ---
  duration_ms: 3387.690804
  type: 'test'
  ...
# Subtest: walking into a district records it, and only the neighbours reachable by an ordinary path are hinted at
ok 867 - walking into a district records it, and only the neighbours reachable by an ordinary path are hinted at
  ---
  duration_ms: 642.408313
  type: 'test'
  ...
# Subtest: a spot appears on the map only once you have stood in it, and its name comes with it
ok 868 - a spot appears on the map only once you have stood in it, and its name comes with it
  ---
  duration_ms: 369.094241
  type: 'test'
  ...
# Subtest: an undiscovered secret leaks nothing: not its place, not its name, not the path to it, not even a marker
ok 869 - an undiscovered secret leaks nothing: not its place, not its name, not the path to it, not even a marker
  ---
  duration_ms: 3061.972206
  type: 'test'
  ...
# Subtest: a secret is added to the map the moment you find it, and not before
ok 870 - a secret is added to the map the moment you find it, and not before
  ---
  duration_ms: 568.509943
  type: 'test'
  ...
# Subtest: landmarks keep their three tiers, and are drawn only when the place they mark is known
ok 871 - landmarks keep their three tiers, and are drawn only when the place they mark is known
  ---
  duration_ms: 2859.828539
  type: 'test'
  ...
# Subtest: an old save that only knows spots is turned into a map without losing anything
ok 872 - an old save that only knows spots is turned into a map without losing anything
  ---
  duration_ms: 580.798666
  type: 'test'
  ...
# Subtest: the map save stays small: ids only, no coordinates, and it fits in the existing save shape
ok 873 - the map save stays small: ids only, no coordinates, and it fits in the existing save shape
  ---
  duration_ms: 3838.393608
  type: 'test'
  ...
# Subtest: opening the map pauses the walk and closing it puts you back where you stood
ok 874 - opening the map pauses the walk and closing it puts you back where you stood
  ---
  duration_ms: 951.510726
  type: 'test'
  ...
# Subtest: with the map closed there is no map work at all: it is built on open and thrown away on close
ok 875 - with the map closed there is no map work at all: it is built on open and thrown away on close
  ---
  duration_ms: 2299.489911
  type: 'test'
  ...
# Subtest: every one of the 13 regions can be drawn from mapData alone, and the progress never counts hidden secrets
ok 876 - every one of the 13 regions can be drawn from mapData alone, and the progress never counts hidden secrets
  ---
  duration_ms: 3133.818835
  type: 'test'
  ...
# Subtest: the map changes nothing about the scenery: the fauna and character audits still come back clean
ok 877 - the map changes nothing about the scenery: the fauna and character audits still come back clean
  ---
  duration_ms: 3014.621496
  type: 'test'
  ...
# Subtest: every region has its own wind, and every district says what moves there
ok 878 - every region has its own wind, and every district says what moves there
  ---
  duration_ms: 3996.882776
  type: 'test'
  ...
# Subtest: worldLayers hands a 3D renderer the air, the districts and the camera, without reading any drawing code
ok 879 - worldLayers hands a 3D renderer the air, the districts and the camera, without reading any drawing code
  ---
  duration_ms: 2984.341687
  type: 'test'
  ...
# Subtest: the camera keeps the rig and only adds a few percent: bob, pull back with speed, open districts, a glance at landmarks
ok 880 - the camera keeps the rig and only adds a few percent: bob, pull back with speed, open districts, a glance at landmarks
  ---
  duration_ms: 392.217315
  type: 'test'
  ...
# Subtest: parallax is a canvas-only layer trick: sky moves least, the foreground most, and no world coordinate changes
ok 881 - parallax is a canvas-only layer trick: sky moves least, the foreground most, and no world coordinate changes
  ---
  duration_ms: 220.712207
  type: 'test'
  ...
# Subtest: only what actually covers you goes see-through, and never too far
ok 882 - only what actually covers you goes see-through, and never too far
  ---
  duration_ms: 53.2994
  type: 'test'
  ...
# Subtest: the environment animation never adds creatures, and it thins out instead of stopping on a slow phone
ok 883 - the environment animation never adds creatures, and it thins out instead of stopping on a slow phone
  ---
  duration_ms: 2993.734222
  type: 'test'
  ...
# Subtest: transition: 27 companions never stand inside an obstacle after arriving (all 20 walk directions: on placement, after 1.5 s idle, and after walking)
ok 884 - transition: 27 companions never stand inside an obstacle after arriving (all 20 walk directions: on placement, after 1.5 s idle, and after walking)
  ---
  duration_ms: 14356.012315
  type: 'test'
  ...
# Subtest: corridor: 27 companions never stand inside an obstacle after arriving (all 20 walk directions: on placement, after 1.5 s idle, and after walking)
ok 885 - corridor: 27 companions never stand inside an obstacle after arriving (all 20 walk directions: on placement, after 1.5 s idle, and after walking)
  ---
  duration_ms: 8878.360345
  type: 'test'
  ...
# Subtest: 1. いまの ゲームで いっしょに あるける いちばん おおい 人数は 27(なかま 26 + こいびと 1)。コードから もとめる
ok 886 - 1. いまの ゲームで いっしょに あるける いちばん おおい 人数は 27(なかま 26 + こいびと 1)。コードから もとめる
  ---
  duration_ms: 215.198977
  type: 'test'
  ...
# Subtest: 2. かたち: 1〜2 は ななめ うしろ、3〜4 は ちいさな V、5 いじょうは 半円〜おうぎ。まえへ 出ない・横 1 列に ならない
ok 887 - 2. かたち: 1〜2 は ななめ うしろ、3〜4 は ちいさな V、5 いじょうは 半円〜おうぎ。まえへ 出ない・横 1 列に ならない
  ---
  duration_ms: 32.853825
  type: 'test'
  ...
# Subtest: 3. せまい ところ(corridor の 帯)は ほそく する。はばは 帯から(px ではなく world)。せまくても 1 本の 線に しない
ok 888 - 3. せまい ところ(corridor の 帯)は ほそく する。はばは 帯から(px ではなく world)。せまくても 1 本の 線に しない
  ---
  duration_ms: 38.976262
  type: 'test'
  ...
# Subtest: 4. 決定論・並び順が かわらない・らんすうを つかわない・O(n)
ok 889 - 4. 決定論・並び順が かわらない・らんすうを つかわない・O(n)
  ---
  duration_ms: 389.468968
  type: 'test'
  ...
# Subtest: 5. region: 1 / 2 / 4 / 8 / 16 / 27 にんで あるいた あと、うしろに ゆるく あつまる(まえへ 出ない・横 1 列に ならない・同じ ばしょに かさならない)
ok 890 - 5. region: 1 / 2 / 4 / 8 / 16 / 27 にんで あるいた あと、うしろに ゆるく あつまる(まえへ 出ない・横 1 列に ならない・同じ ばしょに かさならない)
  ---
  duration_ms: 2093.733106
  type: 'test'
  ...
# Subtest: 6. region に 入った とき、なかまは その ならびに いる(とおくから かけよらない・1 列に ならない)。当たり判定は ふやさない
ok 891 - 6. region に 入った とき、なかまは その ならびに いる(とおくから かけよらない・1 列に ならない)。当たり判定は ふやさない
  ---
  duration_ms: 596.103198
  type: 'test'
  ...
# Subtest: 7. corridor: 27 にんでも 帯の なか・帯が せまい 段では ほそく・引き返しでも 曲がりでも 段の さかいでも とばない
ok 892 - 7. corridor: 27 にんでも 帯の なか・帯が せまい 段では ほそく・引き返しでも 曲がりでも 段の さかいでも とばない
  ---
  duration_ms: 2448.567521
  type: 'test'
  ...
# Subtest: 8. start(): 27 にんで home → forest を あるいて 着いた とき、なかまは ならびの まま(1 列に ならない・ふえない)。セーブに ならびは のこらない
ok 893 - 8. start(): 27 にんで home → forest を あるいて 着いた とき、なかまは ならびの まま(1 列に ならない・ふえない)。セーブに ならびは のこらない
  ---
  duration_ms: 2428.190576
  type: 'test'
  ...
# Subtest: 1. partyLod: ちかい なかまは full、見かけの 大きさで medium / light。さかいで ぱたぱた しない・決定的
ok 894 - 1. partyLod: ちかい なかまは full、見かけの 大きさで medium / light。さかいで ぱたぱた しない・決定的
  ---
  duration_ms: 196.000799
  type: 'test'
  ...
# Subtest: 2. 1 / 4 / 8 / 16 / 27 にん: 全員 えがく・filter を まいかい つかわない・うしろの なかまほど かるい。16 にん いじょうは 命令 1 にん 2 いか
ok 895 - 2. 1 / 4 / 8 / 16 / 27 にん: 全員 えがく・filter を まいかい つかわない・うしろの なかまほど かるい。16 にん いじょうは 命令 1 にん 2 いか
  ---
  duration_ms: 1518.479975
  type: 'test'
  ...
# Subtest: 3. え の したく: 1 回 作って つかいまわす(つぎの frame は 作らない)。おなじ え は おなじ もの。destroy で すてる
ok 896 - 3. え の したく: 1 回 作って つかいまわす(つぎの frame は 作らない)。おなじ え は おなじ もの。destroy で すてる
  ---
  duration_ms: 472.850801
  type: 'test'
  ...
# Subtest: 4. したくが できない(canvas が 作れない / こける)ときは もとの えがきかた へ。こわれない・全員 えがく
ok 897 - 4. したくが できない(canvas が 作れない / こける)ときは もとの えがきかた へ。こわれない・全員 えがく
  ---
  duration_ms: 926.885106
  type: 'test'
  ...
# Subtest: 5. 暗転の こさで 道の え を えがくか きめる: 0.95 いじょう は えがかない
ok 898 - 5. 暗転の こさで 道の え を えがくか きめる: 0.95 いじょう は えがかない
  ---
  duration_ms: 33.734015
  type: 'test'
  ...
# Subtest: 6. 27 にんで home → forest → home: 暗転の こい frame は 道を えがかない。組むのは 1 回(二重 build なし)。なかまは 27 のまま
ok 899 - 6. 27 にんで home → forest → home: 暗転の こい frame は 道を えがかない。組むのは 1 回(二重 build なし)。なかまは 27 のまま
  ---
  duration_ms: 4081.687549
  type: 'test'
  ...
# Subtest: 7. 27 にん: 着く まえに 引き返す(組んだ ものを すてる)・とちゅうで reload・reduced motion は transition
ok 900 - 7. 27 にん: 着く まえに 引き返す(組んだ ものを すてる)・とちゅうで reload・reduced motion は transition
  ---
  duration_ms: 6059.644656
  type: 'test'
  ...
# Subtest: 8. ほかの 出口・special は いまの まま(連続で あるくのは 許可リストの 5 本だけ。Phase 4E-4A)
ok 901 - 8. ほかの 出口・special は いまの まま(連続で あるくのは 許可リストの 5 本だけ。Phase 4E-4A)
  ---
  duration_ms: 2726.295089
  type: 'test'
  ...
# Subtest: 1. 27 にんの なかまは forest / mountain / city で あるいても とまっても 障害物に めりこまない(player と おなじ あたり)
ok 902 - 1. 27 にんの なかまは forest / mountain / city で あるいても とまっても 障害物に めりこまない(player と おなじ あたり)
  ---
  duration_ms: 6466.259105
  type: 'test'
  ...
# Subtest: 2. player も まえと おなじ あたりで とまる(めりこまない)。なかまが いても player の あるく みちは かわらない
ok 903 - 2. player も まえと おなじ あたりで とまる(めりこまない)。なかまが いても player の あるく みちは かわらない
  ---
  duration_ms: 2251.83014
  type: 'test'
  ...
# Subtest: 3. かたく 見える 物には あたりが ある: fore の 岩・見はり小屋・柵、切り株・丸太・大岩、道ばたの 木と 建物
ok 904 - 3. かたく 見える 物には あたりが ある: fore の 岩・見はり小屋・柵、切り株・丸太・大岩、道ばたの 木と 建物
  ---
  duration_ms: 1408.557166
  type: 'test'
  ...
# Subtest: 4. 道の 面は あいて いる: 道はばの 3/4 の なかは どこでも player(半径 22)が 立てる。はし(±half)の かすりは main(12)より ふえない(13 地域)
ok 905 - 4. 道の 面は あいて いる: 道はばの 3/4 の なかは どこでも player(半径 22)が 立てる。はし(±half)の かすりは main(12)より ふえない(13 地域)
  ---
  duration_ms: 30942.028575
  type: 'test'
  ...
# Subtest: 5. 道の そばの かたい 物: 絵の 中心部に player が 立てる 数が main の 半分 いか(道の 面の うえの 物は のぞく)
ok 906 - 5. 道の そばの かたい 物: 絵の 中心部に player が 立てる 数が main の 半分 いか(道の 面の うえの 物は のぞく)
  ---
  duration_ms: 1760.719532
  type: 'test'
  ...
# Subtest: 6. corridor: なかまも player と おなじ corridorBody で はしの いしを よける。帯の そとへ 出ない・1 frame で とばない
ok 907 - 6. corridor: なかまも player と おなじ corridorBody で はしの いしを よける。帯の そとへ 出ない・1 frame で とばない
  ---
  duration_ms: 4548.035316
  type: 'test'
  ...
# Subtest: 7. まわりこみ: 生け垣の むこうに 取り残されない(ならびの 点は player から 行ける ところ)。つまりの きろくは セーブに のこらない
ok 908 - 7. まわりこみ: 生け垣の むこうに 取り残されない(ならびの 点は player から 行ける ところ)。つまりの きろくは セーブに のこらない
  ---
  duration_ms: 541.57113
  type: 'test'
  ...
# Subtest: 8. たて看板(建物・がけ)の あたりは もとの あたりの なかで 道がわを けずる だけ(見る むきで 見えない かべに ならない)
ok 909 - 8. たて看板(建物・がけ)の あたりは もとの あたりの なかで 道がわを けずる だけ(見る むきで 見えない かべに ならない)
  ---
  duration_ms: 1287.023344
  type: 'test'
  ...
# Subtest: 1. connection は 14 本。b あり 13 / gate 13 / 未実装 0 / special 2
ok 910 - 1. connection は 14 本。b あり 13 / gate 13 / 未実装 0 / special 2
  ---
  duration_ms: 181.268691
  type: 'test'
  ...
# Subtest: 2. gate の 端点は ぜんぶで 26。出口を 1 つも もたない 地域は 1 つだけ
ok 911 - 2. gate の 端点は ぜんぶで 26。出口を 1 つも もたない 地域は 1 つだけ
  ---
  duration_ms: 29.116562
  type: 'test'
  ...
# Subtest: 3. 未実装 connection は 0 本(ぜんぶの みちが 通れる)
ok 912 - 3. 未実装 connection は 0 本(ぜんぶの みちが 通れる)
  ---
  duration_ms: 39.87706
  type: 'test'
  ...
# Subtest: 4. mouths の spot は ぜんぶ じっさいに あって、ひみつでは ない
ok 913 - 4. mouths の spot は ぜんぶ じっさいに あって、ひみつでは ない
  ---
  duration_ms: 28.062982
  type: 'test'
  ...
# Subtest: 5. anchor 候補は ぜんぶ 既存の spot で たりる(新しい spot は いらない)
ok 914 - 5. anchor 候補は ぜんぶ 既存の spot で たりる(新しい spot は いらない)
  ---
  duration_ms: 43.915457
  type: 'test'
  ...
# Subtest: 6. **よその 地域を つらぬいて いる みちは 1 本も ない**
ok 915 - 6. **よその 地域を つらぬいて いる みちは 1 本も ない**
  ---
  duration_ms: 60.293079
  type: 'test'
  ...
# Subtest: 7. 分水界の 点列は にしのやまちの 南はし 4 点と おなじ
ok 916 - 7. 分水界の 点列は にしのやまちの 南はし 4 点と おなじ
  ---
  duration_ms: 26.153077
  type: 'test'
  ...
# Subtest: 8. home の 2 本は どちらも おおきなき。いまの sim は 1 spot 1 gate しか ひろえない
ok 917 - 8. home の 2 本は どちらも おおきなき。いまの sim は 1 spot 1 gate しか ひろえない
  ---
  duration_ms: 41.26331
  type: 'test'
  ...
# Subtest: 9. 通常 11 地域の 次数。一本道では なく、わが 1 つ ある
ok 918 - 9. 通常 11 地域の 次数。一本道では なく、わが 1 つ ある
  ---
  duration_ms: 25.133739
  type: 'test'
  ...
# Subtest: 10. 探索率の 分母(region 11 / link 13 / tier1 17 / zone 103)
ok 919 - 10. 探索率の 分母(region 11 / link 13 / tier1 17 / zone 103)
  ---
  duration_ms: 25.999922
  type: 'test'
  ...
# Subtest: 11. 地域の かずと 世界の 中みは 1 つも 動いて いない
ok 920 - 11. 地域の かずと 世界の 中みは 1 つも 動いて いない
  ---
  duration_ms: 39.925731
  type: 'test'
  ...
# Subtest: 12. 「たび」は 無変更。まだ あるいて 行けない 地域へも たびでは 行ける
ok 921 - 12. 「たび」は 無変更。まだ あるいて 行けない 地域へも たびでは 行ける
  ---
  duration_ms: 42.694764
  type: 'test'
  ...
# Subtest: 1. 正本から きえた。connection 15 → 14 / 未実装 0
ok 922 - 1. 正本から きえた。connection 15 → 14 / 未実装 0
  ---
  duration_ms: 174.325228
  type: 'test'
  ...
# Subtest: 2. 探索率の link 分母が 13 → 12。**かずを たもつ ための 代わりは 足して いない**
ok 923 - 2. 探索率の link 分母が 13 → 12。**かずを たもつ ための 代わりは 足して いない**
  ---
  duration_ms: 29.719294
  type: 'test'
  ...
# Subtest: 3. worldLinksFrom(): 両はしの spot を ぜんぶ 見つけても もう 出て こない
ok 924 - 3. worldLinksFrom(): 両はしの spot を ぜんぶ 見つけても もう 出て こない
  ---
  duration_ms: 40.564713
  type: 'test'
  ...
# Subtest: 4. 世界地図に ゴーストの 線が 出ない(100% でも)
ok 925 - 4. 世界地図に ゴーストの 線が 出ない(100% でも)
  ---
  duration_ms: 31.341994
  type: 'test'
  ...
# Subtest: 5. **ふるい セーブに きろくが のこって いても 無害**(エラー / 水増し / 線の 復活 なし)
ok 926 - 5. **ふるい セーブに きろくが のこって いても 無害**(エラー / 水増し / 線の 復活 なし)
  ---
  duration_ms: 43.947643
  type: 'test'
  ...
# Subtest: 6. 連結性: いなか ⇄ みずべ は **もり けいゆ**でも **にしまわり**でも 行ける
ok 927 - 6. 連結性: いなか ⇄ みずべ は **もり けいゆ**でも **にしまわり**でも 行ける
  ---
  duration_ms: 28.981912
  type: 'test'
  ...
# Subtest: 7. 通常世界は ひとつの まま。あるいて 9 地域 / のりもの こみで 12 地域
ok 928 - 7. 通常世界は ひとつの まま。あるいて 9 地域 / のりもの こみで 12 地域
  ---
  duration_ms: 39.782895
  type: 'test'
  ...
# Subtest: 8. 既存の 13 gate が ぜんぶ 健在。出口の 組み合わせも 変わって いない
ok 929 - 8. 既存の 13 gate が ぜんぶ 健在。出口の 組み合わせも 変わって いない
  ---
  duration_ms: 2268.786962
  type: 'test'
  ...
# Subtest: 9. **spot は けして いない。**かわぞい も かわぎし も そのまま はたらく
ok 930 - 9. **spot は けして いない。**かわぞい も かわぎし も そのまま はたらく
  ---
  duration_ms: 27.282919
  type: 'test'
  ...
# Subtest: 10. region の なかみ・たび・なかま・住民は 1 つも 変わって いない
ok 931 - 10. region の なかみ・たび・なかま・住民は 1 つも 変わって いない
  ---
  duration_ms: 741.13444
  type: 'test'
  ...
# Subtest: 11. **よその region を 貫通する 線が 1 本も なくなった**(けした いちばんの りゆう)
ok 932 - 11. **よその region を 貫通する 線が 1 本も なくなった**(けした いちばんの りゆう)
  ---
  duration_ms: 40.029183
  type: 'test'
  ...
# Subtest: A1. forest|snow は 正本・地図・みちの はっけん の どこにも のこって いない
ok 933 - A1. forest|snow は 正本・地図・みちの はっけん の どこにも のこって いない
  ---
  duration_ms: 184.872049
  type: 'test'
  ...
# Subtest: A2. もり → やま → ゆきぐに が 正式な みちに なる。ゆきぐには やま だけ
ok 934 - A2. もり → やま → ゆきぐに が 正式な みちに なる。ゆきぐには やま だけ
  ---
  duration_ms: 29.004403
  type: 'test'
  ...
# Subtest: A3. 探索率の link ぶんぼは 正本から 13。ふるい セーブに のこって いても こわれない
ok 935 - A3. 探索率の link ぶんぼは 正本から 13。ふるい セーブに のこって いても こわれない
  ---
  duration_ms: 41.465998
  type: 'test'
  ...
# Subtest: A4. みちを けしても region の なかみは 1 つも かわって いない
ok 936 - A4. みちを けしても region の なかみは 1 つも かわって いない
  ---
  duration_ms: 28.600943
  type: 'test'
  ...
# Subtest: B1. regionGates は priority → id の きまった じゅんで かえす(データの じゅんに よらない)
ok 937 - B1. regionGates は priority → id の きまった じゅんで かえす(データの じゅんに よらない)
  ---
  duration_ms: 41.257019
  type: 'test'
  ...
# Subtest: B2. 1 つの spot に 出口が 2 つ あっても、両方 もてる
ok 938 - B2. 1 つの spot に 出口が 2 つ あっても、両方 もてる
  ---
  duration_ms: 106.8866
  type: 'test'
  ...
# Subtest: B3. どちらへ 出るかは いち と むきで きまる。**配列の じゅんばんに よらない**
ok 939 - B3. どちらへ 出るかは いち と むきで きまる。**配列の じゅんばんに よらない**
  ---
  duration_ms: 24.986656
  type: 'test'
  ...
# Subtest: B4. むきでも priority でも きまらない ときは わざと えらばない
ok 940 - B4. むきでも priority でも きまらない ときは わざと えらばない
  ---
  duration_ms: 40.045584
  type: 'test'
  ...
# Subtest: B5. 出口が 1 つの ときは これまでどおり。bearing が なくても うごく
ok 941 - B5. 出口が 1 つの ときは これまでどおり。bearing が なくても うごく
  ---
  duration_ms: 25.696056
  type: 'test'
  ...
# Subtest: B6. じっさいに あるいて、にしなら もり・ひがしなら かわへ 出る
ok 942 - B6. じっさいに あるいて、にしなら もり・ひがしなら かわへ 出る
  ---
  duration_ms: 230.499208
  type: 'test'
  ...
# Subtest: B7. 1 かいの よこぎりで gate は 1 どだけ(演出の 二じゅう はじまり なし)
ok 943 - B7. 1 かいの よこぎりで gate は 1 どだけ(演出の 二じゅう はじまり なし)
  ---
  duration_ms: 209.472355
  type: 'test'
  ...
# Subtest: B8. ride の 出口は 1 つの spot に 1 本まで(ボタンを ふやさない ための ルール)
ok 944 - B8. ride の 出口は 1 つの spot に 1 本まで(ボタンを ふやさない ための ルール)
  ---
  duration_ms: 82.776325
  type: 'test'
  ...
# Subtest: C1. これまでの 出口は そのまま。おうち → もり → いなか が あるける
ok 945 - C1. これまでの 出口は そのまま。おうち → もり → いなか が あるける
  ---
  duration_ms: 616.409256
  type: 'test'
  ...
# Subtest: C2. きめられた 出口 いがいからは 外へ 出られない(おうち ぜんぶの spot)
ok 946 - C2. きめられた 出口 いがいからは 外へ 出られない(おうち ぜんぶの spot)
  ---
  duration_ms: 514.878264
  type: 'test'
  ...
# Subtest: C3. 「たび」は 無変更。けした みちの さきへも たびでは 行ける
ok 947 - C3. 「たび」は 無変更。けした みちの さきへも たびでは 行ける
  ---
  duration_ms: 48.597621
  type: 'test'
  ...
# Subtest: C4. Fog: 見つけて いない 地域・みち・特殊移動は 1 つも もれない
ok 948 - C4. Fog: 見つけて いない 地域・みち・特殊移動は 1 つも もれない
  ---
  duration_ms: 33.63421
  type: 'test'
  ...
# Subtest: C5. なかまは ついてくる。住民は だぶらない
ok 949 - C5. なかまは ついてくる。住民は だぶらない
  ---
  duration_ms: 121.387029
  type: 'test'
  ...
# Subtest: 1. この PR の 2 本に あるく 出口が ある。connection は ふえて いない
ok 950 - 1. この PR の 2 本に あるく 出口が ある。connection は ふえて いない
  ---
  duration_ms: 174.583649
  type: 'test'
  ...
# Subtest: 2. anchor は ぜんぶ 既存の 非秘密 spot。**新しい spot は 1 つも つくって いない**
ok 951 - 2. anchor は ぜんぶ 既存の 非秘密 spot。**新しい spot は 1 つも つくって いない**
  ---
  duration_ms: 28.516886
  type: 'test'
  ...
# Subtest: 3. かわ・みずうみ の 2 つの 入口は かさならない。かわぎし は いなか用に あいて いる
ok 952 - 3. かわ・みずうみ の 2 つの 入口は かさならない。かわぎし は いなか用に あいて いる
  ---
  duration_ms: 401.978292
  type: 'test'
  ...
# Subtest: 4. おおきなきに 出口が 2 つ。にしなら もり・ひがしなら かわ
ok 953 - 4. おおきなきに 出口が 2 つ。にしなら もり・ひがしなら かわ
  ---
  duration_ms: 161.768117
  type: 'test'
  ...
# Subtest: 5. **とりちがえない**。にしへ よって かわに 出る / ひがしへ よって もりに 出る ことは ない
ok 954 - 5. **とりちがえない**。にしへ よって かわに 出る / ひがしへ よって もりに 出る ことは ない
  ---
  duration_ms: 596.556592
  type: 'test'
  ...
# Subtest: 6. まっすぐ あるいた ときは これまでどおり もり(既存の たいけんを かえない)
ok 955 - 6. まっすぐ あるいた ときは これまでどおり もり(既存の たいけんを かえない)
  ---
  duration_ms: 122.17077
  type: 'test'
  ...
# Subtest: 7. 1 かいの よこぎりで gate は 1 どだけ(演出の 二じゅう はじまり なし)
ok 956 - 7. 1 かいの よこぎりで gate は 1 どだけ(演出の 二じゅう はじまり なし)
  ---
  duration_ms: 271.674223
  type: 'test'
  ...
# Subtest: 8. おうち ⇄ かわ・みずうみ を 行って もどれる
ok 957 - 8. おうち ⇄ かわ・みずうみ を 行って もどれる
  ---
  duration_ms: 367.614306
  type: 'test'
  ...
# Subtest: 9. やま ⇄ かわ・みずうみ を 行って もどれる
ok 958 - 9. やま ⇄ かわ・みずうみ を 行って もどれる
  ---
  duration_ms: 566.904774
  type: 'test'
  ...
# Subtest: 10. たにの 川すじが あるいて つながる: やま → かわ → おうち → もり
ok 959 - 10. たにの 川すじが あるいて つながる: やま → かわ → おうち → もり
  ---
  duration_ms: 619.635241
  type: 'test'
  ...
# Subtest: 11. Phase 2.1 の しくみを そのまま つかう(あたらしい engine を つくって いない)
ok 960 - 11. Phase 2.1 の しくみを そのまま つかう(あたらしい engine を つくって いない)
  ---
  duration_ms: 578.924068
  type: 'test'
  ...
# Subtest: 12. non-region terrain: どの 出口も あいだの ちけいを もつ(いきなり ワープ しない)
ok 961 - 12. non-region terrain: どの 出口も あいだの ちけいを もつ(いきなり ワープ しない)
  ---
  duration_ms: 24.689803
  type: 'test'
  ...
# Subtest: 13. UI は ふえて いない。あるく 出口では context action を 出さない
ok 962 - 13. UI は ふえて いない。あるく 出口では context action を 出さない
  ---
  duration_ms: 789.445658
  type: 'test'
  ...
# Subtest: 14. 探索率の ぶんぼは 1 つも 動いて いない(gate を つけただけ)
ok 963 - 14. 探索率の ぶんぼは 1 つも 動いて いない(gate を つけただけ)
  ---
  duration_ms: 26.906619
  type: 'test'
  ...
# Subtest: 15. きめられた 出口 いがいからは 外へ 出られない(かわ・やま ぜんぶの spot)
ok 964 - 15. きめられた 出口 いがいからは 外へ 出られない(かわ・やま ぜんぶの spot)
  ---
  duration_ms: 3751.526058
  type: 'test'
  ...
# Subtest: 16. Fog: gate を つけても 見つけて いない ものは もれない
ok 965 - 16. Fog: gate を つけても 見つけて いない ものは もれない
  ---
  duration_ms: 26.822016
  type: 'test'
  ...
# Subtest: 17. 「たび」は 無変更。なかまは ついてくる。住民は だぶらない
ok 966 - 17. 「たび」は 無変更。なかまは ついてくる。住民は だぶらない
  ---
  duration_ms: 588.314549
  type: 'test'
  ...
# Subtest: 1. この PR の 2 本に あるく 出口が ある。connection は ふえて いない
ok 967 - 1. この PR の 2 本に あるく 出口が ある。connection は ふえて いない
  ---
  duration_ms: 181.089001
  type: 'test'
  ...
# Subtest: 2. forest|snow の ちょくつうろは 復活して いない。もり → やま → ゆきぐに
ok 968 - 2. forest|snow の ちょくつうろは 復活して いない。もり → やま → ゆきぐに
  ---
  duration_ms: 28.446296
  type: 'test'
  ...
# Subtest: 3. anchor は ぜんぶ 既存の 非秘密 spot。**新しい spot は 1 つも つくって いない**
ok 969 - 3. anchor は ぜんぶ 既存の 非秘密 spot。**新しい spot は 1 つも つくって いない**
  ---
  duration_ms: 36.80346
  type: 'test'
  ...
# Subtest: 4. やまの 出口は 4 つ。foot / ひがしの てんぼう / ちょうじょう / かぜのきれめ に やくわりが ぶんさん
ok 970 - 4. やまの 出口は 4 つ。foot / ひがしの てんぼう / ちょうじょう / かぜのきれめ に やくわりが ぶんさん
  ---
  duration_ms: 433.413049
  type: 'test'
  ...
# Subtest: 5. **やまの なかから かわ・みずうみへ もどれる**(もりの 出口が じゃまして いない)
ok 971 - 5. **やまの なかから かわ・みずうみへ もどれる**(もりの 出口が じゃまして いない)
  ---
  duration_ms: 22056.446883
  type: 'test'
  ...
# Subtest: 6. ひがしの てんぼうからは もりへ 出る(よこに ずれた ばしょだけ)
ok 972 - 6. ひがしの てんぼうからは もりへ 出る(よこに ずれた ばしょだけ)
  ---
  duration_ms: 354.360932
  type: 'test'
  ...
# Subtest: 7. もり ⇄ やま を 行って もどれる
ok 973 - 7. もり ⇄ やま を 行って もどれる
  ---
  duration_ms: 842.495176
  type: 'test'
  ...
# Subtest: 8. やま ⇄ ゆきぐに を 行って もどれる。どちらも おくが みね
ok 974 - 8. やま ⇄ ゆきぐに を 行って もどれる。どちらも おくが みね
  ---
  duration_ms: 577.304247
  type: 'test'
  ...
# Subtest: 9. にしの 大山塊が あるいて つながる: もり → やま → ゆきぐに → やま → かわ
ok 975 - 9. にしの 大山塊が あるいて つながる: もり → やま → ゆきぐに → やま → かわ
  ---
  duration_ms: 1322.636614
  type: 'test'
  ...
# Subtest: 10. 1 かいの よこぎりで gate は 1 どだけ(演出の 二じゅう はじまり なし)
ok 976 - 10. 1 かいの よこぎりで gate は 1 どだけ(演出の 二じゅう はじまり なし)
  ---
  duration_ms: 1746.192399
  type: 'test'
  ...
# Subtest: 11. Phase 2.1 の しくみを そのまま つかう(あたらしい engine を つくって いない)
ok 977 - 11. Phase 2.1 の しくみを そのまま つかう(あたらしい engine を つくって いない)
  ---
  duration_ms: 938.414103
  type: 'test'
  ...
# Subtest: 12. non-region terrain: どの 出口も あいだの ちけいを もつ(いきなり ワープ しない)
ok 978 - 12. non-region terrain: どの 出口も あいだの ちけいを もつ(いきなり ワープ しない)
  ---
  duration_ms: 27.351742
  type: 'test'
  ...
# Subtest: 13. UI は ふえて いない。あるく 出口では context action を 出さない
ok 979 - 13. UI は ふえて いない。あるく 出口では context action を 出さない
  ---
  duration_ms: 1189.847259
  type: 'test'
  ...
# Subtest: 14. 探索率の ぶんぼは 1 つも 動いて いない(gate を つけただけ)
ok 980 - 14. 探索率の ぶんぼは 1 つも 動いて いない(gate を つけただけ)
  ---
  duration_ms: 26.807891
  type: 'test'
  ...
# Subtest: 15. きめられた 出口 いがいからは 外へ 出られない(もり・やま・ゆきぐに ぜんぶの spot)
ok 981 - 15. きめられた 出口 いがいからは 外へ 出られない(もり・やま・ゆきぐに ぜんぶの spot)
  ---
  duration_ms: 6786.320832
  type: 'test'
  ...
# Subtest: 16. Fog: もりを 知った だけで ゆきぐにの ばしょも そんざいも わからない
ok 982 - 16. Fog: もりを 知った だけで ゆきぐにの ばしょも そんざいも わからない
  ---
  duration_ms: 31.006627
  type: 'test'
  ...
# Subtest: 17. 「たび」は 無変更。なかまは ついてくる。住民は だぶらない
ok 983 - 17. 「たび」は 無変更。なかまは ついてくる。住民は だぶらない
  ---
  duration_ms: 1170.144676
  type: 'test'
  ...
# Subtest: 18. 4 つの anchor は entry から **みちを たどって** 行ける(じっさいに あそべる)
ok 984 - 18. 4 つの anchor は entry から **みちを たどって** 行ける(じっさいに あそべる)
  ---
  duration_ms: 33.435041
  type: 'test'
  ...
# Subtest: 1. 2 本に あるく 出口が ついた。connection は ふえて いない
ok 985 - 1. 2 本に あるく 出口が ついた。connection は ふえて いない
  ---
  duration_ms: 176.165837
  type: 'test'
  ...
# Subtest: 2. anchor は ぜんぶ 既存の 非秘密 spot。**新しい spot は 1 つも つくって いない**
ok 986 - 2. anchor は ぜんぶ 既存の 非秘密 spot。**新しい spot は 1 つも つくって いない**
  ---
  duration_ms: 30.651641
  type: 'test'
  ...
# Subtest: 3. うみ: あるく(みなと) / ふね(ぼうはてい) / もぐる(どうくつ) が 混線しない
ok 987 - 3. うみ: あるく(みなと) / ふね(ぼうはてい) / もぐる(どうくつ) が 混線しない
  ---
  duration_ms: 301.186904
  type: 'test'
  ...
# Subtest: 4. **うみで あるいて ふね・もぐるへ 出て しまう ことが ない**(8 むき 実測)
ok 988 - 4. **うみで あるいて ふね・もぐるへ 出て しまう ことが ない**(8 むき 実測)
  ---
  duration_ms: 103630.684392
  type: 'test'
  ...
# Subtest: 5. ride ボタンは ぼうはてい / かいしょくどうくつ でしか 出ない
ok 989 - 5. ride ボタンは ぼうはてい / かいしょくどうくつ でしか 出ない
  ---
  duration_ms: 1372.026288
  type: 'test'
  ...
# Subtest: 6. まち: 山ごえ(おおどおりのはし) / 河口(ふなつきば) / キャラバン(やたい) が 誤発火しない
ok 990 - 6. まち: 山ごえ(おおどおりのはし) / 河口(ふなつきば) / キャラバン(やたい) が 誤発火しない
  ---
  duration_ms: 227914.125046
  type: 'test'
  ...
# Subtest: 7. いなか: たなだのてんぼう(まち) / ちんじゅのもり(もり) / そらのりば(ほしぞら) が じゃましあわない
ok 991 - 7. いなか: たなだのてんぼう(まち) / ちんじゅのもり(もり) / そらのりば(ほしぞら) が じゃましあわない
  ---
  duration_ms: 166586.411429
  type: 'test'
  ...
# Subtest: 8. まち ⇄ いなか を 行って もどれる
ok 992 - 8. まち ⇄ いなか を 行って もどれる
  ---
  duration_ms: 931.055559
  type: 'test'
  ...
# Subtest: 9. まち ⇄ うみ を 行って もどれる
ok 993 - 9. まち ⇄ うみ を 行って もどれる
  ---
  duration_ms: 615.762697
  type: 'test'
  ...
# Subtest: 10. **あるいて せかいが 1 つに つながる**: おうち → もり → いなか → まち → うみ
ok 994 - 10. **あるいて せかいが 1 つに つながる**: おうち → もり → いなか → まち → うみ
  ---
  duration_ms: 1158.540779
  type: 'test'
  ...
# Subtest: 11. 1 かいの よこぎりで gate は 1 どだけ(演出の 二じゅう はじまり なし)
ok 995 - 11. 1 かいの よこぎりで gate は 1 どだけ(演出の 二じゅう はじまり なし)
  ---
  duration_ms: 1812.48696
  type: 'test'
  ...
# Subtest: 12. Phase 2.1 の しくみを そのまま つかう。gate 解決は 配列順に よらない
ok 996 - 12. Phase 2.1 の しくみを そのまま つかう。gate 解決は 配列順に よらない
  ---
  duration_ms: 934.628965
  type: 'test'
  ...
# Subtest: 13. non-region terrain: 両がわ 6 段階。みやこがわは たにの おおかわと べつ水系
ok 997 - 13. non-region terrain: 両がわ 6 段階。みやこがわは たにの おおかわと べつ水系
  ---
  duration_ms: 29.297515
  type: 'test'
  ...
# Subtest: 14. 探索率の ぶんぼは 1 つも 動いて いない(gate を つけただけ)
ok 998 - 14. 探索率の ぶんぼは 1 つも 動いて いない(gate を つけただけ)
  ---
  duration_ms: 36.153833
  type: 'test'
  ...
# Subtest: 15. きめられた 出口 いがいからは 外へ 出られない(まち・いなか・うみ ぜんぶの spot)
ok 999 - 15. きめられた 出口 いがいからは 外へ 出られない(まち・いなか・うみ ぜんぶの spot)
  ---
  duration_ms: 7158.85556
  type: 'test'
  ...
# Subtest: 16. Fog: いなかを 知った だけで まち・うみは もれない
ok 1000 - 16. Fog: いなかを 知った だけで まち・うみは もれない
  ---
  duration_ms: 48.229733
  type: 'test'
  ...
# Subtest: 17. anchor は entry から みちを たどって 行ける。たび・なかま・住民も そのまま
ok 1001 - 17. anchor は entry から みちを たどって 行ける。たび・なかま・住民も そのまま
  ---
  duration_ms: 1074.007308
  type: 'test'
  ...
# Subtest: 1. 2 本に あるく 出口が ついた。connection は ふえて いない
ok 1002 - 1. 2 本に あるく 出口が ついた。connection は ふえて いない
  ---
  duration_ms: 174.965287
  type: 'test'
  ...
# Subtest: 2. anchor は ぜんぶ 既存の 非秘密 spot。**新しい spot は 1 つも つくって いない**
ok 1003 - 2. anchor は ぜんぶ 既存の 非秘密 spot。**新しい spot は 1 つも つくって いない**
  ---
  duration_ms: 28.977429
  type: 'test'
  ...
# Subtest: 3. さばくの 2 つの 入口は だんごに ならない(まちがわと やまがわが はなれて いる)
ok 1004 - 3. さばくの 2 つの 入口は だんごに ならない(まちがわと やまがわが はなれて いる)
  ---
  duration_ms: 40.104913
  type: 'test'
  ...
# Subtest: 4. **さばく: あるいて まち・やま いがいへ 出て しまう ことが ない**(ぜんぶの spot x 8 むき 実測)
ok 1005 - 4. **さばく: あるいて まち・やま いがいへ 出て しまう ことが ない**(ぜんぶの spot x 8 むき 実測)
  ---
  duration_ms: 275249.353731
  type: 'test'
  ...
# Subtest: 5. まち: やたい(さばく) / おおどおり(いなか) / ふなつきば(うみ) が 混線しない
ok 1006 - 5. まち: やたい(さばく) / おおどおり(いなか) / ふなつきば(うみ) が 混線しない
  ---
  duration_ms: 481870.523211
  type: 'test'
  ...
# Subtest: 6. **やまの 4 つの 出口が たがいを ふさがない**(かわ / もり / ゆきぐに / さばく)
ok 1007 - 6. **やまの 4 つの 出口が たがいを ふさがない**(かわ / もり / ゆきぐに / さばく)
  ---
  duration_ms: 220073.292477
  type: 'test'
  ...
# Subtest: 7. まち ⇄ さばく を 行って もどれる
ok 1008 - 7. まち ⇄ さばく を 行って もどれる
  ---
  duration_ms: 432.334591
  type: 'test'
  ...
# Subtest: 8. さばく ⇄ やま を 行って もどれる
ok 1009 - 8. さばく ⇄ やま を 行って もどれる
  ---
  duration_ms: 285.282492
  type: 'test'
  ...
# Subtest: 9. **さばくの こりつが とけた**: あるいて せかいが ひとつに つながる
ok 1010 - 9. **さばくの こりつが とけた**: あるいて せかいが ひとつに つながる
  ---
  duration_ms: 16.299555
  type: 'test'
  ...
# Subtest: 10. わ に なって いる: city → desert → mountain → … → city
ok 1011 - 10. わ に なって いる: city → desert → mountain → … → city
  ---
  duration_ms: 14.548375
  type: 'test'
  ...
# Subtest: 11. ジャングルとは つながない。desert|jungle は 復活して いない
ok 1012 - 11. ジャングルとは つながない。desert|jungle は 復活して いない
  ---
  duration_ms: 138.912685
  type: 'test'
  ...
# Subtest: 12. のりものを ふやして いない。あたらしい 2 本は どちらも あるき
ok 1013 - 12. のりものを ふやして いない。あたらしい 2 本は どちらも あるき
  ---
  duration_ms: 481.362136
  type: 'test'
  ...
# Subtest: 13. Phase 2.1 の しくみを そのまま つかう。gate 解決は 配列順に よらない
ok 1014 - 13. Phase 2.1 の しくみを そのまま つかう。gate 解決は 配列順に よらない
  ---
  duration_ms: 563.648468
  type: 'test'
  ...
# Subtest: 14. 1 かいの よこぎりで gate は 1 どだけ(演出の 二じゅう はじまり なし)
ok 1015 - 14. 1 かいの よこぎりで gate は 1 どだけ(演出の 二じゅう はじまり なし)
  ---
  duration_ms: 731.923929
  type: 'test'
  ...
# Subtest: 15. non-region terrain: 両がわ 6 段。まちの となりが いきなり すなの せかいでは ない
ok 1016 - 15. non-region terrain: 両がわ 6 段。まちの となりが いきなり すなの せかいでは ない
  ---
  duration_ms: 15.976354
  type: 'test'
  ...
# Subtest: 16. きめられた 出口 いがいからは 外へ 出られない(まち・さばく・やま ぜんぶの spot)
ok 1017 - 16. きめられた 出口 いがいからは 外へ 出られない(まち・さばく・やま ぜんぶの spot)
  ---
  duration_ms: 3553.693483
  type: 'test'
  ...
# Subtest: 17. 探索率の ぶんぼは 1 つも 動いて いない(gate を つけただけ)
ok 1018 - 17. 探索率の ぶんぼは 1 つも 動いて いない(gate を つけただけ)
  ---
  duration_ms: 15.556125
  type: 'test'
  ...
# Subtest: 18. Fog: まちを 知った だけで さばく・やまは もれない
ok 1019 - 18. Fog: まちを 知った だけで さばく・やまは もれない
  ---
  duration_ms: 18.287366
  type: 'test'
  ...
# Subtest: 19. anchor は entry から みちを たどって 行ける。たび・なかま・住民も そのまま
ok 1020 - 19. anchor は entry から みちを たどって 行ける。たび・なかま・住民も そのまま
  ---
  duration_ms: 534.685763
  type: 'test'
  ...
# Subtest: 20. countryside|river_lake は Phase 3B-Final で けした。この PR の 2 本は のこる
ok 1021 - 20. countryside|river_lake は Phase 3B-Final で けした。この PR の 2 本は のこる
  ---
  duration_ms: 323.437489
  type: 'test'
  ...
# Subtest: 1. REGION_FRAME を もつのは 12 地域。きおくのみずうみ だけ もたない
ok 1022 - 1. REGION_FRAME を もつのは 12 地域。きおくのみずうみ だけ もたない
  ---
  duration_ms: 176.395574
  type: 'test'
  ...
# Subtest: 2. frame の 値は ぜんぶ 有限。yaw は **まるめて いない** 自由な 実数
ok 1023 - 2. frame の 値は ぜんぶ 有限。yaw は **まるめて いない** 自由な 実数
  ---
  duration_ms: 33.16648
  type: 'test'
  ...
# Subtest: 3. toGlobal → toLocal の 往復が 一致する(471 spot ぜんぶ)
ok 1024 - 3. toGlobal → toLocal の 往復が 一致する(471 spot ぜんぶ)
  ---
  duration_ms: 42.733668
  type: 'test'
  ...
# Subtest: 4. むき(dir)の 往復が 一致する。いちは 足さない
ok 1025 - 4. むき(dir)の 往復が 一致する。いちは 足さない
  ---
  duration_ms: 33.156833
  type: 'test'
  ...
# Subtest: 5. yaw の 往復が 一致する
ok 1026 - 5. yaw の 往復が 一致する
  ---
  duration_ms: 49.474013
  type: 'test'
  ...
# Subtest: 6. walk connection 10 本の closure が 目標(< 400)に おさまる
ok 1027 - 6. walk connection 10 本の closure が 目標(< 400)に おさまる
  ---
  duration_ms: 27.748186
  type: 'test'
  ...
# Subtest: 7. special connection は closure を しばらない。layer の 上下だけ しばる
ok 1028 - 7. special connection は closure を しばらない。layer の 上下だけ しばる
  ---
  duration_ms: 48.611708
  type: 'test'
  ...
# Subtest: 8. きおくのみずうみ は 通常 global 地理の そと。逆引きの かんすうは ない
ok 1029 - 8. きおくのみずうみ は 通常 global 地理の そと。逆引きの かんすうは ない
  ---
  duration_ms: 38.357563
  type: 'test'
  ...
# Subtest: 9. special layer(そら / ちじょう / うみのそこ)が 区別できる
ok 1030 - 9. special layer(そら / ちじょう / うみのそこ)が 区別できる
  ---
  duration_ms: 44.984276
  type: 'test'
  ...
# Subtest: 10. REGION_FRAME は mapX / mapY を つかって いない(世界地図とは べつの そう)
ok 1031 - 10. REGION_FRAME は mapX / mapY を つかって いない(世界地図とは べつの そう)
  ---
  duration_ms: 26.707489
  type: 'test'
  ...
# Subtest: 11. **消しても うごきが 変わらない**(まだ だれにも つかわれて いない)
ok 1032 - 11. **消しても うごきが 変わらない**(まだ だれにも つかわれて いない)
  ---
  duration_ms: 7079.283536
  type: 'test'
  ...
# Subtest: 12. 分母・spot・たび・セーブの かたちは 1 つも 動いて いない
ok 1033 - 12. 分母・spot・たび・セーブの かたちは 1 つも 動いて いない
  ---
  duration_ms: 43.5088
  type: 'test'
  ...
# Subtest: 1. corridor は 13 本 = gate を もつ connection ぜんぶ。きおくのみずうみ は 入らない
ok 1034 - 1. corridor は 13 本 = gate を もつ connection ぜんぶ。きおくのみずうみ は 入らない
  ---
  duration_ms: 180.356469
  type: 'test'
  ...
# Subtest: 2. walk / sea / vertical の わけかた と のりもの は 正本の gate / ride から
ok 1035 - 2. walk / sea / vertical の わけかた と のりもの は 正本の gate / ride から
  ---
  duration_ms: 34.352997
  type: 'test'
  ...
# Subtest: 3. こえかた(way)は むきごと。regionGates() と 1 本も ずれない
ok 1036 - 3. こえかた(way)は むきごと。regionGates() と 1 本も ずれない
  ---
  duration_ms: 5805.593089
  type: 'test'
  ...
# Subtest: 4. りょうはしは gate の 出口 spot を toGlobal した もの。ぜんぶ 有限
ok 1037 - 4. りょうはしは gate の 出口 spot を toGlobal した もの。ぜんぶ 有限
  ---
  duration_ms: 42.002076
  type: 'test'
  ...
# Subtest: 5. physicalGap と travelLength は べつもの。special は gap を しばらない
ok 1038 - 5. physicalGap と travelLength は べつもの。special は gap を しばらない
  ---
  duration_ms: 26.0761
  type: 'test'
  ...
# Subtest: 6. 段(terrain)は 正本の gate land / stages / transition を そのまま つかう。手で うつして いない
ok 1039 - 6. 段(terrain)は 正本の gate land / stages / transition を そのまま つかう。手で うつして いない
  ---
  duration_ms: 31.122424
  type: 'test'
  ...
# Subtest: 7. 方角は gate を 出る むき(leave)を global に うつした もの。8 方位
ok 1040 - 7. 方角は gate を 出る むき(leave)を global に うつした もの。8 方位
  ---
  duration_ms: 26.326797
  type: 'test'
  ...
# Subtest: 8. compassLabel: 8 方位の さかいめ
ok 1041 - 8. compassLabel: 8 方位の さかいめ
  ---
  duration_ms: 43.070735
  type: 'test'
  ...
# Subtest: 9. 方角に mapX / mapY も chart の 中心も つかって いない
ok 1042 - 9. 方角に mapX / mapY も chart の 中心も つかって いない
  ---
  duration_ms: 72.67926
  type: 'test'
  ...
# Subtest: 10. いき と かえり の つじつま
ok 1043 - 10. いき と かえり の つじつま
  ---
  duration_ms: 26.482847
  type: 'test'
  ...
# Subtest: 11. graph は 12 地域 ひとつながり。きおくのみずうみ は そと。逆引きは ない
ok 1044 - 11. graph は 12 地域 ひとつながり。きおくのみずうみ は そと。逆引きは ない
  ---
  duration_ms: 2610.917784
  type: 'test'
  ...
# Subtest: 12. findRegionRoute: だいひょうの みち
ok 1045 - 12. findRegionRoute: だいひょうの みち
  ---
  duration_ms: 40.397112
  type: 'test'
  ...
# Subtest: 13. はじめて よんだ ときに 1 どだけ つくる(毎フレーム つくらない)
ok 1046 - 13. はじめて よんだ ときに 1 どだけ つくる(毎フレーム つくらない)
  ---
  duration_ms: 42.45919
  type: 'test'
  ...
# Subtest: 14. **消しても うごきが 変わらない**(まだ だれにも つかわれて いない)
ok 1047 - 14. **消しても うごきが 変わらない**(まだ だれにも つかわれて いない)
  ---
  duration_ms: 8794.465341
  type: 'test'
  ...
# Subtest: 15. 分母・spot・たび・セーブ・REGION_FRAME は 1 つも 動いて いない
ok 1048 - 15. 分母・spot・たび・セーブ・REGION_FRAME は 1 つも 動いて いない
  ---
  duration_ms: 50.736516
  type: 'test'
  ...
# Subtest: 1. 遠景は 37 個。12 地域 すべてに ある。きおくのみずうみ は 入らない
ok 1049 - 1. 遠景は 37 個。12 地域 すべてに ある。きおくのみずうみ は 入らない
  ---
  duration_ms: 176.894752
  type: 'test'
  ...
# Subtest: 2. 行き先と 経路は graph / corridor に 実在する
ok 1050 - 2. 行き先と 経路は graph / corridor に 実在する
  ---
  duration_ms: 38.241206
  type: 'test'
  ...
# Subtest: 3. 方角は corridor の 出口の 向き。REGION_FRAME の 原点どうしは つかわない
ok 1051 - 3. 方角は corridor の 出口の 向き。REGION_FRAME の 原点どうしは つかわない
  ---
  duration_ms: 46.034242
  type: 'test'
  ...
# Subtest: 4. 分類・順位・LOD の 値が 正しい
ok 1052 - 4. 分類・順位・LOD の 値が 正しい
  ---
  duration_ms: 34.086442
  type: 'test'
  ...
# Subtest: 5. px を もたない(renderer に よらない いみデータ)
ok 1053 - 5. px を もたない(renderer に よらない いみデータ)
  ---
  duration_ms: 50.840489
  type: 'test'
  ...
# Subtest: 6. 見える 条件は 決定的。実時刻を 読まない
ok 1054 - 6. 見える 条件は 決定的。実時刻を 読まない
  ---
  duration_ms: 163.169788
  type: 'test'
  ...
# Subtest: 7. 街の 光は 夜だけ(夕方は うすく)。昼は 出ない
ok 1055 - 7. 街の 光は 夜だけ(夕方は うすく)。昼は 出ない
  ---
  duration_ms: 36.321062
  type: 'test'
  ...
# Subtest: 8. しま は うみ から だけ。道を 見つける まで 出ない。夜と 雨も 出ない
ok 1056 - 8. しま は うみ から だけ。道を 見つける まで 出ない。夜と 雨も 出ない
  ---
  duration_ms: 27.720631
  type: 'test'
  ...
# Subtest: 9. ほしぞら は 地上の 遠景では なく 上の 光。見つける まで 出ない
ok 1057 - 9. ほしぞら は 地上の 遠景では なく 上の 光。見つける まで 出ない
  ---
  duration_ms: 37.237026
  type: 'test'
  ...
# Subtest: 10. 1 画面に 出るのは 3 つ まで(順位で しぼる)
ok 1058 - 10. 1 画面に 出るのは 3 つ まで(順位で しぼる)
  ---
  duration_ms: 65.231738
  type: 'test'
  ...
# Subtest: 11. 1 どだけ 組み立てて freeze(毎フレーム つくらない)
ok 1059 - 11. 1 どだけ 組み立てて freeze(毎フレーム つくらない)
  ---
  duration_ms: 27.600658
  type: 'test'
  ...
# Subtest: 12. mapX / mapY を つかって いない
ok 1060 - 12. mapX / mapY を つかって いない
  ---
  duration_ms: 68.864801
  type: 'test'
  ...
# Subtest: 13. **消しても うごきが 変わらない**(つかうのは Phase 4D-2 の 遠景 PoC だけ)
ok 1061 - 13. **消しても うごきが 変わらない**(つかうのは Phase 4D-2 の 遠景 PoC だけ)
  ---
  duration_ms: 8143.747631
  type: 'test'
  ...
# Subtest: 14. 分母・spot・たび・セーブ・世界地図・corridor は 1 つも 動いて いない
ok 1062 - 14. 分母・spot・たび・セーブ・世界地図・corridor は 1 つも 動いて いない
  ---
  duration_ms: 271.701416
  type: 'test'
  ...
# Subtest: 1. start() は 遠景を もつ 地域に データを わたす(きおくのみずうみ には わたさない)
ok 1063 - 1. start() は 遠景を もつ 地域に データを わたす(きおくのみずうみ には わたさない)
  ---
  duration_ms: 2197.271308
  type: 'test'
  ...
# Subtest: 2. 方角固定: yaw 0〜315 で 画面の x は 方角 + カメラの 向き + 視野 だけで きまる(home / sea)
ok 1064 - 2. 方角固定: yaw 0〜315 で 画面の x は 方角 + カメラの 向き + 視野 だけで きまる(home / sea)
  ---
  duration_ms: 815.60768
  type: 'test'
  ...
# Subtest: 3. 見える 条件: 島は 見つけてから、街の 灯は 夕方・夜 だけ、しんかいは 地平線でなく たての 位置
ok 1065 - 3. 見える 条件: 島は 見つけてから、街の 灯は 夕方・夜 だけ、しんかいは 地平線でなく たての 位置
  ---
  duration_ms: 1329.251463
  type: 'test'
  ...
# Subtest: 4. 性能 tier: 1 画面 3 / 2 / 1。lod.maxTier より おもい tier では 出さない
ok 1066 - 4. 性能 tier: 1 画面 3 / 2 / 1。lod.maxTier より おもい tier では 出さない
  ---
  duration_ms: 649.871266
  type: 'test'
  ...
# Subtest: 5. よいやすい せってい: 位置は おなじ、よこの ずれは よわく、ちらつかない。あらわれる ときは fade
ok 1067 - 5. よいやすい せってい: 位置は おなじ、よこの ずれは よわく、ちらつかない。あらわれる ときは fade
  ---
  duration_ms: 1589.287127
  type: 'test'
  ...
# Subtest: 6. 2D 命令は 1 フレーム +30 いか(home / sea の いちばん おおい ばめん)
ok 1068 - 6. 2D 命令は 1 フレーム +30 いか(home / sea の いちばん おおい ばめん)
  ---
  duration_ms: 3605.982934
  type: 'test'
  ...
# Subtest: 7. renderer contract: データは よむ だけ。view・セーブ・地図の 座標・buildWorld は つかわない
ok 1069 - 7. renderer contract: データは よむ だけ。view・セーブ・地図の 座標・buildWorld は つかわない
  ---
  duration_ms: 424.540667
  type: 'test'
  ...
# Subtest: 8. **消しても うごきが 変わらない**: 4D-2 を 消した meguru.js と sim の 指紋が おなじ。ほかの 地域の え も おなじ
ok 1070 - 8. **消しても うごきが 変わらない**: 4D-2 を 消した meguru.js と sim の 指紋が おなじ。ほかの 地域の え も おなじ
  ---
  duration_ms: 6683.937295
  type: 'test'
  ...
# Subtest: 9. 分母・spot・たび・世界地図・corridor・DistantFeature の かずは 動いて いない
ok 1071 - 9. 分母・spot・たび・世界地図・corridor・DistantFeature の かずは 動いて いない
  ---
  duration_ms: 31.00063
  type: 'test'
  ...
# Subtest: 1. 12 地域 ぜんぶで 同じ パイプラインが うごく(start() から renderer へ)。きおくのみずうみ は 出さない
ok 1072 - 1. 12 地域 ぜんぶで 同じ パイプラインが うごく(start() から renderer へ)。きおくのみずうみ は 出さない
  ---
  duration_ms: 4636.318231
  type: 'test'
  ...
# Subtest: 2. よこは 方角固定: 12 地域の 代表 1 つずつ、yaw 0〜315 で 正しい がわへ うごく
ok 1073 - 2. よこは 方角固定: 12 地域の 代表 1 つずつ、yaw 0〜315 で 正しい がわへ うごく
  ---
  duration_ms: 6401.800599
  type: 'test'
  ...
# Subtest: 3. どの 地域も 遠景が じっさいに 画面に 出る。kind 11 種 ぜんぶ 描ける
ok 1074 - 3. どの 地域も 遠景が じっさいに 画面に 出る。kind 11 種 ぜんぶ 描ける
  ---
  duration_ms: 7989.760982
  type: 'test'
  ...
# Subtest: 4. たて: 方位を もたず、意味の 位置(上 / 中央上 / 中央下 / 水ぎわ)に 出る。カメラが まわっても うごかない
ok 1075 - 4. たて: 方位を もたず、意味の 位置(上 / 中央上 / 中央下 / 水ぎわ)に 出る。カメラが まわっても うごかない
  ---
  duration_ms: 1812.83346
  type: 'test'
  ...
# Subtest: 5. 1 画面は たても ふくめて 3 / 2 / 1。同じ 方角は 2 まで、山影は 1 まい。低 tier は mid だけ
ok 1076 - 5. 1 画面は たても ふくめて 3 / 2 / 1。同じ 方角は 2 まで、山影は 1 まい。低 tier は mid だけ
  ---
  duration_ms: 49948.141963
  type: 'test'
  ...
# Subtest: 6. 見える 条件は visibleDistant の まま: ほしぞら・島は 見つけてから、下の 暗さは 出口の ちかく、街の 灯は 夕夜
ok 1077 - 6. 見える 条件は visibleDistant の まま: ほしぞら・島は 見つけてから、下の 暗さは 出口の ちかく、街の 灯は 夕夜
  ---
  duration_ms: 4807.800807
  type: 'test'
  ...
# Subtest: 7. 地域の みとおし(view)で こさを おさえる: 森・ジャングルは うすい。高い ところ(やまなみ)から 見る 山は ひくい
ok 1078 - 7. 地域の みとおし(view)で こさを おさえる: 森・ジャングルは うすい。高い ところ(やまなみ)から 見る 山は ひくい
  ---
  duration_ms: 1224.481711
  type: 'test'
  ...
# Subtest: 8. よいやすい せってい: 12 地域 ぜんぶ 位置は おなじ・よこの ずれは 3 わり・ちらつかない
ok 1079 - 8. よいやすい せってい: 12 地域 ぜんぶ 位置は おなじ・よこの ずれは 3 わり・ちらつかない
  ---
  duration_ms: 6419.553668
  type: 'test'
  ...
# Subtest: 9. 2D 命令: 12 地域・ぜんぶの 向き・ぜんぶの tier の 最悪でも +30 いか
ok 1080 - 9. 2D 命令: 12 地域・ぜんぶの 向き・ぜんぶの tier の 最悪でも +30 いか
  ---
  duration_ms: 71956.957756
  type: 'test'
  ...
# Subtest: 10. renderer contract と 不変: 地域名で わけない・buildWorld / mapX を つかわない・セーブ / 当たり判定 / 住民 は そのまま
ok 1081 - 10. renderer contract と 不変: 地域名で わけない・buildWorld / mapX を つかわない・セーブ / 当たり判定 / 住民 は そのまま
  ---
  duration_ms: 3387.0905
  type: 'test'
  ...
# Subtest: 1. どの backdrop の どの そうも、右へ まわると 左へ ながれる(逆向き 0)。1 周 2° きざみ
ok 1082 - 1. どの backdrop の どの そうも、右へ まわると 左へ ながれる(逆向き 0)。1 周 2° きざみ
  ---
  duration_ms: 13666.49675
  type: 'test'
  ...
# Subtest: 2. 速さ: C だった 5 種は 角度どおりの 0.6〜1.2 倍、ほかは これまでの 速さ(0.1〜0.7 倍)の まま
ok 1083 - 2. 速さ: C だった 5 種は 角度どおりの 0.6〜1.2 倍、ほかは これまでの 速さ(0.1〜0.7 倍)の まま
  ---
  duration_ms: 4346.524259
  type: 'test'
  ...
# Subtest: 3. じっさいの 波の 形も 左へ ながれる(描いた 点で たしかめる)
ok 1084 - 3. じっさいの 波の 形も 左へ ながれる(描いた 点で たしかめる)
  ---
  duration_ms: 1185.67448
  type: 'test'
  ...
# Subtest: 4. 1 周で 模様が つながる: 0° / 360° と ±180° の 前後で ずれが とばない
ok 1085 - 4. 1 周で 模様が つながる: 0° / 360° と ±180° の 前後で ずれが とばない
  ---
  duration_ms: 3135.012502
  type: 'test'
  ...
# Subtest: 5. 形は かえない: yaw 0・よこ 0 では どの そうも ずれ 0。描く 命令の かずは 向きで かわらない
ok 1086 - 5. 形は かえない: yaw 0・よこ 0 では どの そうも ずれ 0。描く 命令の かずは 向きで かわらない
  ---
  duration_ms: 4442.374291
  type: 'test'
  ...
# Subtest: 6. よいやすい せってい: 回転の 向きは おなじ(左へ)、歩いた ぶんの よこの ずれは 3 わり
ok 1087 - 6. よいやすい せってい: 回転の 向きは おなじ(左へ)、歩いた ぶんの よこの ずれは 3 わり
  ---
  duration_ms: 2304.109639
  type: 'test'
  ...
# Subtest: 7. 実時刻・地図の 座標を つかわない。遠景レイヤー(方角固定)は そのまま
ok 1088 - 7. 実時刻・地図の 座標を つかわない。遠景レイヤー(方角固定)は そのまま
  ---
  duration_ms: 71.711193
  type: 'test'
  ...
# Subtest: 8. セーブ・当たり判定・住民・たび・分母・DistantFeature は 動かない
ok 1089 - 8. セーブ・当たり判定・住民・たび・分母・DistantFeature は 動かない
  ---
  duration_ms: 4948.76222
  type: 'test'
  ...
# Subtest: 1. spec は walk の 10 本。Phase 4C の walk corridor と 1 対 1。special と きおくのみずうみ は 入らない
ok 1090 - 1. spec は walk の 10 本。Phase 4C の walk corridor と 1 対 1。special と きおくのみずうみ は 入らない
  ---
  duration_ms: 177.063756
  type: 'test'
  ...
# Subtest: 2. はし は gate の 出口 spot と 一致。むきも gate と あう
ok 1091 - 2. はし は gate の 出口 spot と 一致。むきも gate と あう
  ---
  duration_ms: 4948.616735
  type: 'test'
  ...
# Subtest: 3. 段の かずは land と おなじ。ことばは gate の land から(むきごと)。地面は 11 種
ok 1092 - 3. 段の かずは land と おなじ。ことばは gate の land から(むきごと)。地面は 11 種
  ---
  duration_ms: 33.930051
  type: 'test'
  ...
# Subtest: 4. walkLength = 段 × 450。初回 8.7〜10.4 秒、再訪は 1.4 倍の はやさ(かたちは 同じ)
ok 1093 - 4. walkLength = 段 × 450。初回 8.7〜10.4 秒、再訪は 1.4 倍の はやさ(かたちは 同じ)
  ---
  duration_ms: 37.228517
  type: 'test'
  ...
# Subtest: 5. むきは a の 出口 → b へ 入る むき へ なめらかに。はじめと おわりの 半段は まっすぐ
ok 1094 - 5. むきは a の 出口 → b へ 入る むき へ なめらかに。はじめと おわりの 半段は まっすぐ
  ---
  duration_ms: 132.113564
  type: 'test'
  ...
# Subtest: 6. 曲がる はやさ(260/s): めやす 30°/s。こえる ものには しるし。U ターン寄りは countryside|forest
ok 1095 - 6. 曲がる はやさ(260/s): めやす 30°/s。こえる ものには しるし。U ターン寄りは countryside|forest
  ---
  duration_ms: 161.23466
  type: 'test'
  ...
# Subtest: 7. 幅は いみの クラス(narrow / normal / wide)。world たんいの 幅と よこずれの 上限を みちびける
ok 1096 - 7. 幅は いみの クラス(narrow / normal / wide)。world たんいの 幅と よこずれの 上限を みちびける
  ---
  duration_ms: 31.935265
  type: 'test'
  ...
# Subtest: 8. 当たり判定は いみだけ。region の collider を もちこまない。障害物の 上限 24
ok 1097 - 8. 当たり判定は いみだけ。region の collider を もちこまない。障害物の 上限 24
  ---
  duration_ms: 57.50863
  type: 'test'
  ...
# Subtest: 9. いきと かえり: かたち・長さ・幅は 1 つを 共有、むきだけ さかさ
ok 1098 - 9. いきと かえり: かたち・長さ・幅は 1 つを 共有、むきだけ さかさ
  ---
  duration_ms: 33.29957
  type: 'test'
  ...
# Subtest: 10. handoff: 出口の pose ↔ s / u ↔ 入口の pose。むきの とびは 0.5° 未満、位置は spot の なか
ok 1099 - 10. handoff: 出口の pose ↔ s / u ↔ 入口の pose。むきの とびは 0.5° 未満、位置は spot の なか
  ---
  duration_ms: 58.046059
  type: 'test'
  ...
# Subtest: 11. closure の のこりを もちこまない: はしは spot の local 座標 そのもの。global の 位置では きめない
ok 1100 - 11. closure の のこりを もちこまない: はしは spot の local 座標 そのもの。global の 位置では きめない
  ---
  duration_ms: 31.462196
  type: 'test'
  ...
# Subtest: 12. fallback: reduced motion・perfTier 2・失敗・許可リスト外 は いまの transition
ok 1101 - 12. fallback: reduced motion・perfTier 2・失敗・許可リスト外 は いまの transition
  ---
  duration_ms: 31.488756
  type: 'test'
  ...
# Subtest: 13. CorridorState の かたち。s は 0〜walkLength の world 距離、u は よこの world 距離
ok 1102 - 13. CorridorState の かたち。s は 0〜walkLength の world 距離、u は よこの world 距離
  ---
  duration_ms: 47.436787
  type: 'test'
  ...
# Subtest: 14. 1 どだけ 組み立てて freeze。生成は かるい
ok 1103 - 14. 1 どだけ 組み立てて freeze。生成は かるい
  ---
  duration_ms: 30.045925
  type: 'test'
  ...
# Subtest: 15. まだ だれも つかって いない: simulation / renderer / UI / script.js から よばない
ok 1104 - 15. まだ だれも つかって いない: simulation / renderer / UI / script.js から よばない
  ---
  duration_ms: 61.477433
  type: 'test'
  ...
# Subtest: 16. **消しても うごきが 変わらない**: 4E-1 を 消した meguru.js と ゲームの 指紋が おなじ
ok 1105 - 16. **消しても うごきが 変わらない**: 4E-1 を 消した meguru.js と ゲームの 指紋が おなじ
  ---
  duration_ms: 9280.940208
  type: 'test'
  ...
# Subtest: 17. 分母・spot・たび・セーブ・世界地図・corridor・遠景・transition は 1 つも 動いて いない
ok 1106 - 17. 分母・spot・たび・セーブ・世界地図・corridor・遠景・transition は 1 つも 動いて いない
  ---
  duration_ms: 110.818733
  type: 'test'
  ...
# Subtest: 1. corridor を あるくのは 許可リストの 5 本(行きと 帰り)だけ。ほかの 出口は いまの transition(Phase 4E-4A で LOW 4 本を たした)
ok 1107 - 1. corridor を あるくのは 許可リストの 5 本(行きと 帰り)だけ。ほかの 出口は いまの transition(Phase 4E-4A で LOW 4 本を たした)
  ---
  duration_ms: 2976.368989
  type: 'test'
  ...
# Subtest: 2. fallback: よいやすい せってい・perfTier 2・しっぱいした・おもい・形が あわない → transition。perfTier 0 / 1 は corridor
ok 1108 - 2. fallback: よいやすい せってい・perfTier 2・しっぱいした・おもい・形が あわない → transition。perfTier 0 / 1 は corridor
  ---
  duration_ms: 82.146945
  type: 'test'
  ...
# Subtest: 3. home → forest: 長さは spec の まま、初回 10.4 秒 / 再訪 7.4 秒、段は 0 → 5、着く がわは forest の 入口
ok 1109 - 3. home → forest: 長さは spec の まま、初回 10.4 秒 / 再訪 7.4 秒、段は 0 → 5、着く がわは forest の 入口
  ---
  duration_ms: 142.278882
  type: 'test'
  ...
# Subtest: 4. forest → home も おなじ 形を さかさに つかう(長さ・段・幅は おなじ、ことばは forest がわ)
ok 1110 - 4. forest → home も おなじ 形を さかさに つかう(長さ・段・幅は おなじ、ことばは forest がわ)
  ---
  duration_ms: 90.595354
  type: 'test'
  ...
# Subtest: 5. s / u: 左右に あるけるが 帯の そとへは 出ない(幅クラスから)。レールでは ない
ok 1111 - 5. s / u: 左右に あるけるが 帯の そとへは 出ない(幅クラスから)。レールでは ない
  ---
  duration_ms: 120.819557
  type: 'test'
  ...
# Subtest: 6. むき: 入る しゅんかんに カメラは うごかない。曲がる はやさは spec どおり(初回 10.9°/s)、着く ときの ずれは 1° 未満
ok 1112 - 6. むき: 入る しゅんかんに カメラは うごかない。曲がる はやさは spec どおり(初回 10.9°/s)、着く ときの ずれは 1° 未満
  ---
  duration_ms: 205.328279
  type: 'test'
  ...
# Subtest: 7. 当たり判定: 帯の はしの いし だけ(1 段 1 こ・24 こ いない)。いしに めりこまない。region の 当たり判定は もたない
ok 1113 - 7. 当たり判定: 帯の はしの いし だけ(1 段 1 こ・24 こ いない)。いしに めりこまない。region の 当たり判定は もたない
  ---
  duration_ms: 87.964595
  type: 'test'
  ...
# Subtest: 8. なかまは ついてくる(帯の なか・じぶんの ちかく・かずは おなじ)。住民は 0
ok 1114 - 8. なかまは ついてくる(帯の なか・じぶんの ちかく・かずは おなじ)。住民は 0
  ---
  duration_ms: 165.073158
  type: 'test'
  ...
# Subtest: 9. 引き返し: とちゅうで もどると 出発 地域の 同じ 出口へ(commit しない)
ok 1115 - 9. 引き返し: とちゅうで もどると 出発 地域の 同じ 出口へ(commit しない)
  ---
  duration_ms: 67.86137
  type: 'test'
  ...
# Subtest: 10. け しき: 飾りは 150 こ いない、段の 地面の 種類で かわり、となりの 段と なめらかに まざる。地面の いろは 出発 → 到着 へ とばずに。背景は まんなかで 1 回だけ(Phase 4E-4A)。遠景は すすみぐあいで まざる
ok 1116 - 10. け しき: 飾りは 150 こ いない、段の 地面の 種類で かわり、となりの 段と なめらかに まざる。地面の いろは 出発 → 到着 へ とばずに。背景は まんなかで 1 回だけ(Phase 4E-4A)。遠景は すすみぐあいで まざる
  ---
  duration_ms: 111.041377
  type: 'test'
  ...
# Subtest: 11. start(): home → forest を あるく。とちゅうの セーブは home の まま、着いた ときだけ forest。corridor の あとかたは のこらない
ok 1117 - 11. start(): home → forest を あるく。とちゅうの セーブは home の まま、着いた ときだけ forest。corridor の あとかたは のこらない
  ---
  duration_ms: 728.750837
  type: 'test'
  ...
# Subtest: 12. とちゅうで reload(もどる → もう いちど start)すると 出発 地域から。セーブの かたちは かわらない
ok 1118 - 12. とちゅうで reload(もどる → もう いちど start)すると 出発 地域から。セーブの かたちは かわらない
  ---
  duration_ms: 196.155325
  type: 'test'
  ...
# Subtest: 13. とちゅうで 引き返すと home の 大きな 木へ。地域も セーブも かわらない
ok 1119 - 13. とちゅうで 引き返すと home の 大きな 木へ。地域も セーブも かわらない
  ---
  duration_ms: 170.581246
  type: 'test'
  ...
# Subtest: 20. corridor の あいだ、しらせ・その ばの ボタン(はなす / のる)は 出ない(こえた frame に 出た ものも のこらない)
ok 1120 - 20. corridor の あいだ、しらせ・その ばの ボタン(はなす / のる)は 出ない(こえた frame に 出た ものも のこらない)
  ---
  duration_ms: 1524.043455
  type: 'test'
  ...
# Subtest: 21. 着く まえに 1 かい だけ 組み(prepare)、着いた ときに それを そのまま つかう(buildWorld を 2 かい よばない)。帰りも おなじ しくみ
ok 1121 - 21. 着く まえに 1 かい だけ 組み(prepare)、着いた ときに それを そのまま つかう(buildWorld を 2 かい よばない)。帰りも おなじ しくみ
  ---
  duration_ms: 749.538713
  type: 'test'
  ...
# Subtest: 22. commit で しっぱい: 地域が かわる まえ でも かわった あと でも、出発 地域へ もどる。セーブは home、corridor の あとかたなし、つぎは transition
ok 1122 - 22. commit で しっぱい: 地域が かわる まえ でも かわった あと でも、出発 地域へ もどる。セーブは home、corridor の あとかたなし、つぎは transition
  ---
  duration_ms: 2448.423466
  type: 'test'
  ...
# Subtest: 23. 終端 ちかくの 競合: 組んだ あとで 引き返す / もどる / reload / 暗く なりかけて 引き返す — どれも forest へ commit しない
ok 1123 - 23. 終端 ちかくの 競合: 組んだ あとで 引き返す / もどる / reload / 暗く なりかけて 引き返す — どれも forest へ commit しない
  ---
  duration_ms: 2127.428668
  type: 'test'
  ...
# Subtest: 24. けしきは はじめて でも 2 かいめ でも おなじ(はやさ だけ かわる)。いしは まっすぐ あるく 道の うえに ない
ok 1124 - 24. けしきは はじめて でも 2 かいめ でも おなじ(はやさ だけ かわる)。いしは まっすぐ あるく 道の うえに ない
  ---
  duration_ms: 50.312741
  type: 'test'
  ...
# Subtest: 25. なかまは 段の さかいでも とばない・きえない(ずっと 同じ かず、1 frame の うごきは ちいさい)
ok 1125 - 25. なかまは 段の さかいでも とばない・きえない(ずっと 同じ かず、1 frame の うごきは ちいさい)
  ---
  duration_ms: 715.997308
  type: 'test'
  ...
# Subtest: 14. よいやすい せってい・perfTier 2 は いまの transition(corridor は つかわない)。地域の いどうは できる
ok 1126 - 14. よいやすい せってい・perfTier 2 は いまの transition(corridor は つかわない)。地域の いどうは できる
  ---
  duration_ms: 1194.456205
  type: 'test'
  ...
# Subtest: 15. home.bigtree の 2 つの 出口を とりちがえない: かわ(river_lake)の むきは home|river_lake、もりの むきは home|forest(Phase 4E-4A から どちらも corridor)
ok 1127 - 15. home.bigtree の 2 つの 出口を とりちがえない: かわ(river_lake)の むきは home|river_lake、もりの むきは home|forest(Phase 4E-4A から どちらも corridor)
  ---
  duration_ms: 1250.235601
  type: 'test'
  ...
# Subtest: 16. 着く がわが 組み立てられない とき: home の 出口へ もどる。セーブは home、つぎからは transition
ok 1128 - 16. 着く がわが 組み立てられない とき: home の 出口へ もどる。セーブは home、つぎからは transition
  ---
  duration_ms: 716.460162
  type: 'test'
  ...
# Subtest: 17. walk で ない 出口(例: countryside の ゴンドラ)は いまの transition の まま(Phase 4E-4C で walk は 10 本 ぜんぶ corridor)
ok 1129 - 17. walk で ない 出口(例: countryside の ゴンドラ)は いまの transition の まま(Phase 4E-4C で walk は 10 本 ぜんぶ corridor)
  ---
  duration_ms: 374.266182
  type: 'test'
  ...
# Subtest: 18. 4E-2 の コードは 印の ついた ところ だけ。simulation・renderer・セーブ・たび は かえて いない
ok 1130 - 18. 4E-2 の コードは 印の ついた ところ だけ。simulation・renderer・セーブ・たび は かえて いない
  ---
  duration_ms: 23.964593
  type: 'test'
  ...
# Subtest: 19. 分母・spot・たび・セーブ・世界地図・corridor の かずは うごいて いない
ok 1131 - 19. 分母・spot・たび・セーブ・世界地図・corridor の かずは うごいて いない
  ---
  duration_ms: 47.738812
  type: 'test'
  ...
# Subtest: 1. じょうたいの きまり: 道の のこり 810 で 組みはじめ、のこり 1485 より もどったら すてる(あそび)。こけた あと・着いた あとは なにも しない(Phase 4E-4A で 割合 → のこり きょり)
ok 1132 - 1. じょうたいの きまり: 道の のこり 810 で 組みはじめ、のこり 1485 より もどったら すてる(あそび)。こけた あと・着いた あとは なにも しない(Phase 4E-4A で 割合 → のこり きょり)
  ---
  duration_ms: 176.234844
  type: 'test'
  ...
# Subtest: 2. buildWorldSteps: くぎって 組んでも・とちゅうで ほかの ことを しても、buildWorld と おなじ world(13 地域)
ok 1133 - 2. buildWorldSteps: くぎって 組んでも・とちゅうで ほかの ことを しても、buildWorld と おなじ world(13 地域)
  ---
  duration_ms: 19767.327903
  type: 'test'
  ...
# Subtest: 3. home → forest: 0.70 から 組みはじめ、着く まえに ready。組んで いる あいだ 正本は home。着いた ときに その world を つかう(二重 build なし)
ok 1134 - 3. home → forest: 0.70 から 組みはじめ、着く まえに ready。組んで いる あいだ 正本は home。着いた ときに その world を つかう(二重 build なし)
  ---
  duration_ms: 691.924236
  type: 'test'
  ...
# Subtest: 4. 帰り(forest → home)も 同じ しくみ。2 かいめ(はやあし 1.4 倍)でも 着く まえに ready
ok 1135 - 4. 帰り(forest → home)も 同じ しくみ。2 かいめ(はやあし 1.4 倍)でも 着く まえに ready
  ---
  duration_ms: 1241.412185
  type: 'test'
  ...
# Subtest: 5. まにあわない(組みかけ で 着いた): のこりを その場で 組んで つかう。二重 build なし
ok 1136 - 5. まにあわない(組みかけ で 着いた): のこりを その場で 組んで つかう。二重 build なし
  ---
  duration_ms: 652.940585
  type: 'test'
  ...
# Subtest: 6. こける(台帳 / 組む とちゅう / 絵の したく / 着く ときの たしかめ): 歩きつづけ、着いた ときに 4E-2 の 着き方で forest へ。その 旅では 組みなおさない
ok 1137 - 6. こける(台帳 / 組む とちゅう / 絵の したく / 着く ときの たしかめ): 歩きつづけ、着いた ときに 4E-2 の 着き方で forest へ。その 旅では 組みなおさない
  ---
  duration_ms: 3362.854605
  type: 'test'
  ...
# Subtest: 7. 引き返し: 組む まえ / 組みかけ / ready の あと。0.45 より もどったら すてる。もどりきれば home。また すすめば 組みなおす
ok 1138 - 7. 引き返し: 組む まえ / 組みかけ / ready の あと。0.45 より もどったら すてる。もどりきれば home。また すすめば 組みなおす
  ---
  duration_ms: 1632.808817
  type: 'test'
  ...
# Subtest: 8. reload(組みかけ / ready で やめる): 組んだ ものは すて、セーブは home。つぎは home から
ok 1139 - 8. reload(組みかけ / ready で やめる): 組んだ ものは すて、セーブは home。つぎは home から
  ---
  duration_ms: 916.216569
  type: 'test'
  ...
# Subtest: 9. 10 往復しても たまらない(組んだ world・わたす もの・ログ)。まいかい 組んで 1 回 つかう
ok 1140 - 9. 10 往復しても たまらない(組んだ world・わたす もの・ログ)。まいかい 組んで 1 回 つかう
  ---
  duration_ms: 5475.013186
  type: 'test'
  ...
# Subtest: 10. 27 にんでも 組んで 着く(ならびは そのまま)。セーブに あたらしい key は ない
ok 1141 - 10. 27 にんでも 組んで 着く(ならびは そのまま)。セーブに あたらしい key は ない
  ---
  duration_ms: 3814.666063
  type: 'test'
  ...
# Subtest: 11. reduced motion・perfTier 2 は いまの transition(preload も しない)。ほかの 出口・special も そのまま
ok 1142 - 11. reduced motion・perfTier 2 は いまの transition(preload も しない)。ほかの 出口・special も そのまま
  ---
  duration_ms: 3921.22567
  type: 'test'
  ...
# Subtest: 1. 許可リストは 5 本(かさならない)。のこり 5 本と special・memory_lake は いまの transition。LOW 4 本は 形が そろって いる
ok 1143 - 1. 許可リストは 5 本(かさならない)。のこり 5 本と special・memory_lake は いまの transition。LOW 4 本は 形が そろって いる
  ---
  duration_ms: 5345.783402
  type: 'test'
  ...
# Subtest: 2. 組みはじめ は 道の のこり 810(6 段 = 0.70)。5 本とも 曲がる はやさは 初回 / 2 かいめ 30°/s いか
ok 1144 - 2. 組みはじめ は 道の のこり 810(6 段 = 0.70)。5 本とも 曲がる はやさは 初回 / 2 かいめ 30°/s いか
  ---
  duration_ms: 32.756263
  type: 'test'
  ...
# Subtest: 3. 5 本 × 行きと 帰り(27 にん): 0.70 から 組み、着く まえに ready、組んだ world を 1 回 つかう。正本は 着く まで 出発 地域。はっけん・セーブの key・なかま
ok 1145 - 3. 5 本 × 行きと 帰り(27 にん): 0.70 から 組み、着く まえに ready、組んだ world を 1 回 つかう。正本は 着く まで 出発 地域。はっけん・セーブの key・なかま
  ---
  duration_ms: 135428.70593
  type: 'test'
  ...
# Subtest: 4. reload(組みかけ / ready で やめる): セーブは 出発 地域、組んだ ものは のこらない(home|forest いがい の 9 本)
ok 1146 - 4. reload(組みかけ / ready で やめる): セーブは 出発 地域、組んだ ものは のこらない(home|forest いがい の 9 本)
  ---
  duration_ms: 15423.529122
  type: 'test'
  ...
# Subtest: 5. しっぱい: 組む とちゅう / 絵の デコード / 着く ときの たしかめ で こけても 移動は とまらない(5 本)
ok 1147 - 5. しっぱい: 組む とちゅう / 絵の デコード / 着く ときの たしかめ で こけても 移動は とまらない(5 本)
  ---
  duration_ms: 18159.987808
  type: 'test'
  ...
# Subtest: 6. 絵の さきどり デコード: あるける 出口に ちかづくと その corridor の 段と 両端の ことば だけを 1 回(4E-4B: 道 ぜんぶの 段)。セーブ・地域は かわらない
ok 1148 - 6. 絵の さきどり デコード: あるける 出口に ちかづくと その corridor の 段と 両端の ことば だけを 1 回(4E-4B: 道 ぜんぶの 段)。セーブ・地域は かわらない
  ---
  duration_ms: 4895.897299
  type: 'test'
  ...
# Subtest: 7. 景色(5 本 × 行きと 帰り): 背景は まんなかで 1 回だけ 出発 → 到着。はしは 端の 地域の いろ。いろは とばない
ok 1149 - 7. 景色(5 本 × 行きと 帰り): 背景は まんなかで 1 回だけ 出発 → 到着。はしは 端の 地域の いろ。いろは とばない
  ---
  duration_ms: 420.068099
  type: 'test'
  ...
# Subtest: 8. home.bigtree の 2 出口: むきで 1 つに きまる(もり / かわ を とりちがえない)。city の 3 出口・mountain の 4 出口も とりちがえない
ok 1150 - 8. home.bigtree の 2 出口: むきで 1 つに きまる(もり / かわ を とりちがえない)。city の 3 出口・mountain の 4 出口も とりちがえない
  ---
  duration_ms: 8287.215306
  type: 'test'
  ...
# Subtest: 1. 曲がる はやさ: 8 本 × 行き / 帰り × 初回 / 2 かいめ を はかる。MEDIUM 3 本は 2 かいめでも 28°/s いか、4E-4A の 5 本は かわらない
ok 1151 - 1. 曲がる はやさ: 8 本 × 行き / 帰り × 初回 / 2 かいめ を はかる。MEDIUM 3 本は 2 かいめでも 28°/s いか、4E-4A の 5 本は かわらない
  ---
  duration_ms: 680.146361
  type: 'test'
  ...
# Subtest: 2. 曲がる 量 と 両はしの むきは 4C / 4E-1 の まま(ひろげる だけ)。むきの 積分 = 出口の むき、行きと 帰りは 同じ かたちを さかさに
ok 1152 - 2. 曲がる 量 と 両はしの むきは 4C / 4E-1 の まま(ひろげる だけ)。むきの 積分 = 出口の むき、行きと 帰りは 同じ かたちを さかさに
  ---
  duration_ms: 197.636471
  type: 'test'
  ...
# Subtest: 3. カメラ・なかま 27 にん・帯: MEDIUM 3 本 × 行き / 帰り(2 かいめ 1.4 倍)で なめらかに ついて いく。帯の そとへ 出ない
ok 1153 - 3. カメラ・なかま 27 にん・帯: MEDIUM 3 本 × 行き / 帰り(2 かいめ 1.4 倍)で なめらかに ついて いく。帯の そとへ 出ない
  ---
  duration_ms: 10005.154838
  type: 'test'
  ...
# Subtest: 4. 景色(MEDIUM 3 本): 森 → 岩 → 山、山 → 川 → 湖(海に ならない)、まち → 運河 / 港 → 海(深い 海・ジャングル・ふね を まぜない)
ok 1154 - 4. 景色(MEDIUM 3 本): 森 → 岩 → 山、山 → 川 → 湖(海に ならない)、まち → 運河 / 港 → 海(深い 海・ジャングル・ふね を まぜない)
  ---
  duration_ms: 306.235479
  type: 'test'
  ...
# Subtest: 5. city の 3 出口: desert・sea・countryside とも corridor(4E-4C)。special(ふね・ゴンドラ・もぐる)は 許可リストに ない
ok 1155 - 5. city の 3 出口: desert・sea・countryside とも corridor(4E-4C)。special(ふね・ゴンドラ・もぐる)は 許可リストに ない
  ---
  duration_ms: 809.782497
  type: 'test'
  ...
# Subtest: 1. 曲がりの 表(10 本): どれも 2 かいめ 30°/s いか・倍率 1.4(cap なし)。HIGH 2 本は city|countryside = level 2、countryside|forest = 一定 曲率(level 3)
ok 1156 - 1. 曲がりの 表(10 本): どれも 2 かいめ 30°/s いか・倍率 1.4(cap なし)。HIGH 2 本は city|countryside = level 2、countryside|forest = 一定 曲率(level 3)
  ---
  duration_ms: 187.063243
  type: 'test'
  ...
# Subtest: 2. countryside|forest の 一定 曲率: 行き / 帰り とも 道 ぜんぶ おなじ はやさで 曲がる。曲がる 量・両はし の むき・ぎゃく むき は 4E-1 の まま
ok 1157 - 2. countryside|forest の 一定 曲率: 行き / 帰り とも 道 ぜんぶ おなじ はやさで 曲がる。曲がる 量・両はし の むき・ぎゃく むき は 4E-1 の まま
  ---
  duration_ms: 108.721028
  type: 'test'
  ...
# Subtest: 3. カメラ・なかま 27 にん(HIGH 2 本 × 行き / 帰り、2 かいめ 1.4 倍 + とちゅうの U ターン): カメラは 上限 いか、なかまは とばない・ひろがらない
ok 1158 - 3. カメラ・なかま 27 にん(HIGH 2 本 × 行き / 帰り、2 かいめ 1.4 倍 + とちゅうの U ターン): カメラは 上限 いか、なかまは とばない・ひろがらない
  ---
  duration_ms: 12613.820466
  type: 'test'
  ...
# Subtest: 4. 景色 city|countryside: まち(灰 / ネオン) → 道・畑 → 村。いろは ひとつの むき、背景は 1 回、home の いえ・海 を まぜない
ok 1159 - 4. 景色 city|countryside: まち(灰 / ネオン) → 道・畑 → 村。いろは ひとつの むき、背景は 1 回、home の いえ・海 を まぜない
  ---
  duration_ms: 79.893844
  type: 'test'
  ...
# Subtest: 5. 景色 countryside|forest: 村・畑 → 雑木林 → 深い 森。村の はしは countryside の いろ(home の いえなみ・いろ で ない)。背景は 1 回、星の ことば なし
ok 1160 - 5. 景色 countryside|forest: 村・畑 → 雑木林 → 深い 森。村の はしは countryside の いろ(home の いえなみ・いろ で ない)。背景は 1 回、星の ことば なし
  ---
  duration_ms: 49.457276
  type: 'test'
  ...
# Subtest: 6. HIGH 2 本 × 行き / 帰り(start): あるく あいだ たび・ちず は つかえない / もどる・パッド は つかえる、着くと もとどおり。遠景に ゴンドラ(星の とまりば)の ひかり は 出ない。はっけんは 1 回
ok 1161 - 6. HIGH 2 本 × 行き / 帰り(start): あるく あいだ たび・ちず は つかえない / もどる・パッド は つかえる、着くと もとどおり。遠景に ゴンドラ(星の とまりば)の ひかり は 出ない。はっけんは 1 回
  ---
  duration_ms: 3314.619938
  type: 'test'
  ...
# Subtest: 7. HIGH 2 本 の fallback(start): よいやすい せってい・perfTier 2 は corridor を つかわず いまの transition で 着く
ok 1162 - 7. HIGH 2 本 の fallback(start): よいやすい せってい・perfTier 2 は corridor を つかわず いまの transition で 着く
  ---
  duration_ms: 3964.820188
  type: 'test'
  ...
# Subtest: 8. gate の 表(13 地域 × 出口): 地域 × spot × connection × mode。walk 10 本 × 2 = 20 出口 は corridor、special 5 出口 は transition、memory_lake は 出口 なし
ok 1163 - 8. gate の 表(13 地域 × 出口): 地域 × spot × connection × mode。walk 10 本 × 2 = 20 出口 は corridor、special 5 出口 は transition、memory_lake は 出口 なし
  ---
  duration_ms: 2816.753055
  type: 'test'
  ...
# Subtest: 9. special の 表(ふね・ゴンドラ・もぐる): 許可リストに いれても walk で ない ので transition。corridor の spec も ない
ok 1164 - 9. special の 表(ふね・ゴンドラ・もぐる): 許可リストに いれても walk で ない ので transition。corridor の spec も ない
  ---
  duration_ms: 1307.644736
  type: 'test'
  ...
# Subtest: 10. 端の いろ の きまり(地形 × 地域 の きまり で、本ごと で ない): 10 本 の 端の 段を ほかの 地域の いろの 地形に かえても、道の はしは 端の 地域の いろ
ok 1165 - 10. 端の いろ の きまり(地形 × 地域 の きまり で、本ごと で ない): 10 本 の 端の 段を ほかの 地域の いろの 地形に かえても、道の はしは 端の 地域の いろ
  ---
  duration_ms: 193.145321
  type: 'test'
  ...
# Subtest: every region carries its own look: colours, backdrop, air, view distance, ground layers and structures all differ
ok 1166 - every region carries its own look: colours, backdrop, air, view distance, ground layers and structures all differ
  ---
  duration_ms: 160.541597
  type: 'test'
  ...
# Subtest: density follows the plan: the jungle and forest are dense, the desert and the memory lake are open
ok 1167 - density follows the plan: the jungle and forest are dense, the desert and the memory lake are open
  ---
  duration_ms: 5272.405619
  type: 'test'
  ...
# Subtest: the ground is never a big empty space: detail is generated from the world grid anywhere you stand
ok 1168 - the ground is never a big empty space: detail is generated from the world grid anywhere you stand
  ---
  duration_ms: 2987.507609
  type: 'test'
  ...
# Subtest: structures are canvas shapes with a region, never emoji, and never a living creature
ok 1169 - structures are canvas shapes with a region, never emoji, and never a living creature
  ---
  duration_ms: 5127.037473
  type: 'test'
  ...
# Subtest: water regions have real terrain and nobody can walk into the water
ok 1170 - water regions have real terrain and nobody can walk into the water
  ---
  duration_ms: 781.539919
  type: 'test'
  ...
# Subtest: the world layer still works with no canvas at all (the renderer stays swappable)
ok 1171 - the world layer still works with no canvas at all (the renderer stays swappable)
  ---
  duration_ms: 3058.511059
  type: 'test'
  ...
# Subtest: weather and time reach the regions that should have them: no rain under the sea or in the sky stop
ok 1172 - weather and time reach the regions that should have them: no rain under the sea or in the sky stop
  ---
  duration_ms: 21.939892
  type: 'test'
  ...
# Subtest: forest: drawing goes to the raw context; only text (emoji → illustration) goes through the wrapped context
ok 1173 - forest: drawing goes to the raw context; only text (emoji → illustration) goes through the wrapped context
  ---
  duration_ms: 795.333279
  type: 'test'
  ...
# Subtest: mountain: drawing goes to the raw context; only text (emoji → illustration) goes through the wrapped context
ok 1174 - mountain: drawing goes to the raw context; only text (emoji → illustration) goes through the wrapped context
  ---
  duration_ms: 426.701085
  type: 'test'
  ...
# Subtest: city: drawing goes to the raw context; only text (emoji → illustration) goes through the wrapped context
ok 1175 - city: drawing goes to the raw context; only text (emoji → illustration) goes through the wrapped context
  ---
  duration_ms: 496.100337
  type: 'test'
  ...
# Subtest: ground details: the per-cell memo returns exactly what a fresh world computes, across many queries and all regions
ok 1176 - ground details: the per-cell memo returns exactly what a fresh world computes, across many queries and all regions
  ---
  duration_ms: 53374.625705
  type: 'test'
  ...
# Subtest: city: ばらつき は city の 🏢 / 🏬 だけ。ほか の 地域 と 絵 は そのまま
ok 1177 - city: ばらつき は city の 🏢 / 🏬 だけ。ほか の 地域 と 絵 は そのまま
  ---
  duration_ms: 183.618778
  type: 'test'
  ...
# Subtest: city: おなじ いち は いつも おなじ 大きさ(決定的)。はば と たかさ は きめた はんい の なか
ok 1178 - city: おなじ いち は いつも おなじ 大きさ(決定的)。はば と たかさ は きめた はんい の なか
  ---
  duration_ms: 549.981394
  type: 'test'
  ...
# Subtest: city: 絵文字 を えがく ところ で ばらつき を わたす(ほか の 絵文字 は いままで どおり)
ok 1179 - city: 絵文字 を えがく ところ で ばらつき を わたす(ほか の 絵文字 は いままで どおり)
  ---
  duration_ms: 7.718275
  type: 'test'
  ...
# Subtest: city: 1 フレーム で えがく ビル の たて よこ の ひ が ばらける
ok 1180 - city: 1 フレーム で えがく ビル の たて よこ の ひ が ばらける
  ---
  duration_ms: 2535.655825
  type: 'test'
  ...
# Subtest: city: props・当たり判定 は そのまま(えがく とき だけ)
ok 1181 - city: props・当たり判定 は そのまま(えがく とき だけ)
  ---
  duration_ms: 735.117163
  type: 'test'
  ...
# Subtest: river_lake(night): もや は ふち を ぼかした 1 まい。かたい おび は ない
ok 1182 - river_lake(night): もや は ふち を ぼかした 1 まい。かたい おび は ない
  ---
  duration_ms: 2105.735449
  type: 'test'
  ...
# Subtest: river_lake(morning): もや は ふち を ぼかした 1 まい。かたい おび は ない
ok 1183 - river_lake(morning): もや は ふち を ぼかした 1 まい。かたい おび は ない
  ---
  duration_ms: 2076.575962
  type: 'test'
  ...
# Subtest: river_lake(day): 昼 は もや を えがかない(いままで どおり)
ok 1184 - river_lake(day): 昼 は もや を えがかない(いままで どおり)
  ---
  duration_ms: 1994.790918
  type: 'test'
  ...
# Subtest: river_lake: もや の とまり は 3 つ の やま(もと の 3 本 の おび の まんなか)
ok 1185 - river_lake: もや の とまり は 3 つ の やま(もと の 3 本 の おび の まんなか)
  ---
  duration_ms: 31.604447
  type: 'test'
  ...
# Subtest: counts: spot / path / zone / secret / 分母 / 遠景 / 発見レベル は 1 つも かわらない
ok 1186 - counts: spot / path / zone / secret / 分母 / 遠景 / 発見レベル は 1 つも かわらない
  ---
  duration_ms: 31.613684
  type: 'test'
  ...
# Subtest: river_lake: props・当たり判定 は そのまま
ok 1187 - river_lake: props・当たり判定 は そのまま
  ---
  duration_ms: 516.199693
  type: 'test'
  ...
# Subtest: save: 形 は かわらない(ばらつき・もや は セーブ しない)
ok 1188 - save: 形 は かわらない(ばらつき・もや は セーブ しない)
  ---
  duration_ms: 2053.839956
  type: 'test'
  ...
# Subtest: arch: drawStructure が しって いる 1 つ の かたち。地形 として えがく
ok 1189 - arch: drawStructure が しって いる 1 つ の かたち。地形 として えがく
  ---
  duration_ms: 185.518841
  type: 'test'
  ...
# Subtest: arch: いわのアーチ は rock、ほねのアーチ は bone。1 つ の かたち を ぬりわける
ok 1190 - arch: いわのアーチ は rock、ほねのアーチ は bone。1 つ の かたち を ぬりわける
  ---
  duration_ms: 444.226448
  type: 'test'
  ...
# Subtest: arch: rock は 穴を くりぬいた 岩、bone は 線 の ほね。えがきかた が ちがう
ok 1191 - arch: rock は 穴を くりぬいた 岩、bone は 線 の ほね。えがきかた が ちがう
  ---
  duration_ms: 3825.617337
  type: 'test'
  ...
# Subtest: arch: 1 フレーム の よびだし の ふえかた は ちいさい(2 か所 だけ)
ok 1192 - arch: 1 フレーム の よびだし の ふえかた は ちいさい(2 か所 だけ)
  ---
  duration_ms: 3559.730074
  type: 'test'
  ...
# Subtest: deco: 7 か所 とも deco で、view に して いない。しらせ の レベル は そのまま
ok 1193 - deco: 7 か所 とも deco で、view に して いない。しらせ の レベル は そのまま
  ---
  duration_ms: 1627.167987
  type: 'test'
  ...
# Subtest: deco: solid に しない。当たり判定 に も 地図 に も のらない。カメラ も ふりむかない
ok 1194 - deco: solid に しない。当たり判定 に も 地図 に も のらない。カメラ も ふりむかない
  ---
  duration_ms: 2901.607427
  type: 'test'
  ...
# Subtest: deco: \#319 の view 4 か所 は keep を もたず、いち も かわらない ルール の まま
ok 1195 - deco: \#319 の view 4 か所 は keep を もたず、いち も かわらない ルール の まま
  ---
  duration_ms: 1275.846693
  type: 'test'
  ...
# Subtest: counts: spot / path / zone / secret / 分母 / 遠景 / 発見レベル は 1 つも かわらない
ok 1196 - counts: spot / path / zone / secret / 分母 / 遠景 / 発見レベル は 1 つも かわらない
  ---
  duration_ms: 30.576647
  type: 'test'
  ...
# Subtest: counts: props が ふえる の は deco を もつ 6 地域 だけ(その かず だけ)
ok 1197 - counts: props が ふえる の は deco を もつ 6 地域 だけ(その かず だけ)
  ---
  duration_ms: 2794.566863
  type: 'test'
  ...
# Subtest: save: 形 は かわらない(deco は セーブ しない)
ok 1198 - save: 形 は かわらない(deco は セーブ しない)
  ---
  duration_ms: 1608.045479
  type: 'test'
  ...
# Subtest: snow: じめん の いろ は そのまま(世界地図・地域地図・corridor が つかう)
ok 1199 - snow: じめん の いろ は そのまま(世界地図・地域地図・corridor が つかう)
  ---
  duration_ms: 204.588558
  type: 'test'
  ...
# Subtest: snow: みち は 圧雪 の 青灰。雪面 から 読める が、青く しすぎない
ok 1200 - snow: みち は 圧雪 の 青灰。雪面 から 読める が、青く しすぎない
  ---
  duration_ms: 42.809387
  type: 'test'
  ...
# Subtest: snow: 雪面 の 起伏 と 足あと は 白 で なく 青灰〜薄紫。きらきら と 氷 は そのまま
ok 1201 - snow: 雪面 の 起伏 と 足あと は 白 で なく 青灰〜薄紫。きらきら と 氷 は そのまま
  ---
  duration_ms: 323.704505
  type: 'test'
  ...
# Subtest: memory_lake: 霧 は memory_lake の 木 と 草 だけ。ほか の 地域 と あかり は うすく しない
ok 1202 - memory_lake: 霧 は memory_lake の 木 と 草 だけ。ほか の 地域 と あかり は うすく しない
  ---
  duration_ms: 42.970787
  type: 'test'
  ...
# Subtest: memory_lake: ちかく は くっきり、とおく ほど 霧 に しずむ(ゆうれい に しない)
ok 1203 - memory_lake: ちかく は くっきり、とおく ほど 霧 に しずむ(ゆうれい に しない)
  ---
  duration_ms: 27.440573
  type: 'test'
  ...
# Subtest: memory_lake: 絵文字 の fade に 霧 を かける(描く 命令 は ふやさない)
ok 1204 - memory_lake: 絵文字 の fade に 霧 を かける(描く 命令 は ふやさない)
  ---
  duration_ms: 6.972222
  type: 'test'
  ...
# Subtest: memory_lake: props・木 の 壁・当たり判定 は そのまま(霧 は 見た目 だけ)
ok 1205 - memory_lake: props・木 の 壁・当たり判定 は そのまま(霧 は 見た目 だけ)
  ---
  duration_ms: 133.853886
  type: 'test'
  ...
# Subtest: star_stop(day): 地平線 を またぐ 霞 の おび が ある。地上 は 霞 の むこう
ok 1206 - star_stop(day): 地平線 を またぐ 霞 の おび が ある。地上 は 霞 の むこう
  ---
  duration_ms: 1879.2329
  type: 'test'
  ...
# Subtest: star_stop(night): 地平線 を またぐ 霞 の おび が ある。地上 は 霞 の むこう
ok 1207 - star_stop(night): 地平線 を またぐ 霞 の おび が ある。地上 は 霞 の むこう
  ---
  duration_ms: 1769.031409
  type: 'test'
  ...
# Subtest: star_stop: 遠景 は 1 つ(land_below)の まま。ほか の 地域 に 地平線 の した の 遠景 は ない
ok 1208 - star_stop: 遠景 は 1 つ(land_below)の まま。ほか の 地域 に 地平線 の した の 遠景 は ない
  ---
  duration_ms: 41.048628
  type: 'test'
  ...
# Subtest: counts: spot / path / zone / secret / 分母 / 遠景 / 発見レベル は 1 つも かわらない
ok 1209 - counts: spot / path / zone / secret / 分母 / 遠景 / 発見レベル は 1 つも かわらない
  ---
  duration_ms: 28.666037
  type: 'test'
  ...
# Subtest: snow / star_stop / memory_lake: props・当たり判定 は そのまま(いろ と 霞 と 霧 だけ)
ok 1210 - snow / star_stop / memory_lake: props・当たり判定 は そのまま(いろ と 霞 と 霧 だけ)
  ---
  duration_ms: 599.652483
  type: 'test'
  ...
# Subtest: save: 形 は かわらない(霧 や 霞 は セーブ しない)
ok 1211 - save: 形 は かわらない(霧 や 霞 は セーブ しない)
  ---
  duration_ms: 1414.894006
  type: 'test'
  ...
# Subtest: 1. さばく ↔ ジャングルの 徒歩の みちは もう ない
ok 1212 - 1. さばく ↔ ジャングルの 徒歩の みちは もう ない
  ---
  duration_ms: 176.300029
  type: 'test'
  ...
# Subtest: 2. jungle|sea は special sea connection。ふつうの 徒歩の みちでは ない
ok 1213 - 2. jungle|sea は special sea connection。ふつうの 徒歩の みちでは ない
  ---
  duration_ms: 45.687717
  type: 'test'
  ...
# Subtest: 3. 出発と 上陸は、どちらも 実在する 非秘密の spot
ok 1214 - 3. 出発と 上陸は、どちらも 実在する 非秘密の spot
  ---
  duration_ms: 31.467027
  type: 'test'
  ...
# Subtest: 4. 外洋は region では ない。non-region geography として もって いる
ok 1215 - 4. 外洋は region では ない。non-region geography として もって いる
  ---
  duration_ms: 28.787653
  type: 'test'
  ...
# Subtest: 5. 海路は Phase 2.1 の transition 正本に そのまま のって いる
ok 1216 - 5. 海路は Phase 2.1 の transition 正本に そのまま のって いる
  ---
  duration_ms: 291.123844
  type: 'test'
  ...
# Subtest: 6. 初回は すこし ながく、2 かいめ からは みじかい。よいやすい せっていも きく
ok 1217 - 6. 初回は すこし ながく、2 かいめ からは みじかい。よいやすい せっていも きく
  ---
  duration_ms: 265.685832
  type: 'test'
  ...
# Subtest: 7. 音は sim/world がわ。え の がわは 音を 鳴らさない
ok 1218 - 7. 音は sim/world がわ。え の がわは 音を 鳴らさない
  ---
  duration_ms: 14.093032
  type: 'test'
  ...
# Subtest: 8. うみ → ふね → ジャングル。もどりも おなじ しくみで わたれる
ok 1219 - 8. うみ → ふね → ジャングル。もどりも おなじ しくみで わたれる
  ---
  duration_ms: 7080.032719
  type: 'test'
  ...
# Subtest: 9. なかまは いっしょに わたる。住民は のせない。二重に 出ない
ok 1220 - 9. なかまは いっしょに わたる。住民は のせない。二重に 出ない
  ---
  duration_ms: 4253.840233
  type: 'test'
  ...
# Subtest: 10. わたって いる あいだ、二重に はじまらない。ボタンも ぜんぶ ロックされる
ok 1221 - 10. わたって いる あいだ、二重に はじまらない。ボタンも ぜんぶ ロックされる
  ---
  duration_ms: 4276.277794
  type: 'test'
  ...
# Subtest: 11. 「たび」は これまで どおり。あるいて 行けなくても たびでは 行ける
ok 1222 - 11. 「たび」は これまで どおり。あるいて 行けなくても たびでは 行ける
  ---
  duration_ms: 752.44684
  type: 'test'
  ...
# Subtest: 12. 海路を 見つける まで、島も 航路も 1 つも もれない
ok 1223 - 12. 海路を 見つける まで、島も 航路も 1 つも もれない
  ---
  duration_ms: 40.54454
  type: 'test'
  ...
# Subtest: 13. 海路の はっけんは、りょうがわの 入口を どちらも 見つけた ときだけ
ok 1224 - 13. 海路の はっけんは、りょうがわの 入口を どちらも 見つけた ときだけ
  ---
  duration_ms: 29.218224
  type: 'test'
  ...
# Subtest: 14. 世界地図の 海路は 徒歩の みちと おなじ 線に しない
ok 1225 - 14. 世界地図の 海路は 徒歩の みちと おなじ 線に しない
  ---
  duration_ms: 7.189913
  type: 'test'
  ...
# Subtest: 15. 探索率: 通常 link の ぶんぼに ひみつも ゴンドラも 入って いない
ok 1226 - 15. 探索率: 通常 link の ぶんぼに ひみつも ゴンドラも 入って いない
  ---
  duration_ms: 34.15637
  type: 'test'
  ...
# Subtest: 16. 地域の なかみは 1 つも かわって いない
ok 1227 - 16. 地域の なかみは 1 つも かわって いない
  ---
  duration_ms: 35.169564
  type: 'test'
  ...
# Subtest: 17. ひみつは 1 つも 世界地図へ もれない(海路を 足した あとも)
ok 1228 - 17. ひみつは 1 つも 世界地図へ もれない(海路を 足した あとも)
  ---
  duration_ms: 29.276302
  type: 'test'
  ...
# Subtest: every dex entry becomes exactly one inhabitant somewhere; the current pet, companions and partner are not duplicated
ok 1229 - every dex entry becomes exactly one inhabitant somewhere; the current pet, companions and partner are not duplicated
  ---
  duration_ms: 2858.877395
  type: 'test'
  ...
# Subtest: Naoto never appears before the secret is unlocked, and afterwards waits at the far end of the memory lake
ok 1230 - Naoto never appears before the secret is unlocked, and afterwards waits at the far end of the memory lake
  ---
  duration_ms: 3247.028046
  type: 'test'
  ...
# Subtest: entering めぐる from the travel screen switches to the field, inhabitants live, talking works, and returning restores home
ok 1231 - entering めぐる from the travel screen switches to the field, inhabitants live, talking works, and returning restores home
  ---
  duration_ms: 785.245197
  type: 'test'
  ...
# Subtest: げんざいち keeps the home world and only changes its flavour; sleeping blocks entry
ok 1232 - げんざいち keeps the home world and only changes its flavour; sleeping blocks entry
  ---
  duration_ms: 94.47658
  type: 'test'
  ...
# Subtest: the simulation runs with no renderer or DOM: world coordinates, movement, obstacles, meeting and talking
ok 1233 - the simulation runs with no renderer or DOM: world coordinates, movement, obstacles, meeting and talking
  ---
  duration_ms: 1722.743154
  type: 'test'
  ...
# Subtest: the renderer is swappable: a custom renderer receives sim.view() and the world is never given screen coordinates
ok 1234 - the renderer is swappable: a custom renderer receives sim.view() and the world is never given screen coordinates
  ---
  duration_ms: 594.55716
  type: 'test'
  ...
# Subtest: every region is a spot graph: all spots reachable from the entrance, at least one loop and one secret place, crowds uneven
ok 1235 - every region is a spot graph: all spots reachable from the entrance, at least one loop and one secret place, crowds uneven
  ---
  duration_ms: 582.330618
  type: 'test'
  ...
# Subtest: camera-relative input, a camera that turns toward the walk direction, spot discovery events and facing
ok 1236 - camera-relative input, a camera that turns toward the walk direction, spot discovery events and facing
  ---
  duration_ms: 648.705974
  type: 'test'
  ...
# Subtest: spot discoveries are saved per region and survive re-entering
ok 1237 - spot discoveries are saved per region and survive re-entering
  ---
  duration_ms: 1073.609558
  type: 'test'
  ...
# Subtest: holding one pad direction never spins the camera: the input frame is locked while the finger stays down
ok 1238 - holding one pad direction never spins the camera: the input frame is locked while the finger stays down
  ---
  duration_ms: 613.044023
  type: 'test'
  ...
# Subtest: regions differ in size and structure; zones give a mood that changes with depth; the forest is the maze
ok 1239 - regions differ in size and structure; zones give a mood that changes with depth; the forest is the maze
  ---
  duration_ms: 1008.936878
  type: 'test'
  ...
# Subtest: こえかたは 4つの あいだ(approach → cross → arrive → settle)で できて いる
ok 1240 - こえかたは 4つの あいだ(approach → cross → arrive → settle)で できて いる
  ---
  duration_ms: 2.341345
  type: 'test'
  ...
# Subtest: のぼり / くだりは connection では なく layer の さ から きまる(かえりは 逆)
ok 1241 - のぼり / くだりは connection では なく layer の さ から きまる(かえりは 逆)
  ---
  duration_ms: 1694.624824
  type: 'test'
  ...
# Subtest: 入れかえの しゅんかんは ぜったいに すけない(cross の あいだは ずっと 1)
ok 1242 - 入れかえの しゅんかんは ぜったいに すけない(cross の あいだは ずっと 1)
  ---
  duration_ms: 0.973772
  type: 'test'
  ...
# Subtest: settle が あり、操作は settle の あたまで もどる(ながく うばわない)
ok 1243 - settle が あり、操作は settle の あたまで もどる(ながく うばわない)
  ---
  duration_ms: 0.348869
  type: 'test'
  ...
# Subtest: 2かいめ は みじかく、よいやすい せっていは もっと みじかい(なくしはしない)
ok 1244 - 2かいめ は みじかく、よいやすい せっていは もっと みじかい(なくしはしない)
  ---
  duration_ms: 0.674976
  type: 'test'
  ...
# Subtest: 端末の おもさで つぶの かずを へらす(えの がわが よむ 1つの すう字)
ok 1245 - 端末の おもさで つぶの かずを へらす(えの がわが よむ 1つの すう字)
  ---
  duration_ms: 0.426032
  type: 'test'
  ...
# Subtest: 音は いみの がわ(cue)に あり、え の かんすうからは 鳴らさない
ok 1246 - 音は いみの がわ(cue)に あり、え の かんすうからは 鳴らさない
  ---
  duration_ms: 7.697607
  type: 'test'
  ...
# Subtest: plan は 3D 化に そのまま つかえる いみ だけ を もつ
ok 1247 - plan は 3D 化に そのまま つかえる いみ だけ を もつ
  ---
  duration_ms: 284.383461
  type: 'test'
  ...
# Subtest: こえた ときに カメラが とばない(出るときの むきを ひきついで ゆっくり もどす)
ok 1248 - こえた ときに カメラが とばない(出るときの むきを ひきついで ゆっくり もどす)
  ---
  duration_ms: 497.295117
  type: 'test'
  ...
# Subtest: ひきつぎが ない とき(たび)は これまでどおり
ok 1249 - ひきつぎが ない とき(たび)は これまでどおり
  ---
  duration_ms: 239.905042
  type: 'test'
  ...
# Subtest: 鳥居・山道・のりば・どうくつには その ばしょ だけの きぶんが ある
ok 1250 - 鳥居・山道・のりば・どうくつには その ばしょ だけの きぶんが ある
  ---
  duration_ms: 1620.058542
  type: 'test'
  ...
# Subtest: えんしゅつを 足しても 地理正本・データの かずは 1つも かわらない
ok 1251 - えんしゅつを 足しても 地理正本・データの かずは 1つも かわらない
  ---
  duration_ms: 0.6292
  type: 'test'
  ...
# Subtest: こえる ための データに ひみつは 出て こない
ok 1252 - こえる ための データに ひみつは 出て こない
  ---
  duration_ms: 2400.748461
  type: 'test'
  ...
# Subtest: 1. 代表ルートが 出口の いみデータを もつ(あるく 10・たてじく 2・海路 1)
ok 1253 - 1. 代表ルートが 出口の いみデータを もつ(あるく 10・たてじく 2・海路 1)
  ---
  duration_ms: 171.98276
  type: 'test'
  ...
# Subtest: 2. きめられた 出口 いがいから region の 外へ 出られない
ok 1254 - 2. きめられた 出口 いがいから region の 外へ 出られない
  ---
  duration_ms: 2872.152658
  type: 'test'
  ...
# Subtest: 3. あるいて こえる: おうち → もり → いなか。むきも ひきつぐ
ok 1255 - 3. あるいて こえる: おうち → もり → いなか。むきも ひきつぐ
  ---
  duration_ms: 1885.424937
  type: 'test'
  ...
# Subtest: 4. 入った しゅんかんに もどされない。はなれれば また こえられる
ok 1256 - 4. 入った しゅんかんに もどされない。はなれれば また こえられる
  ---
  duration_ms: 629.514021
  type: 'test'
  ...
# Subtest: 5. ゴンドラは たてじくの 上、もぐるは 下。どちらも あるいては 出ない
ok 1257 - 5. ゴンドラは たてじくの 上、もぐるは 下。どちらも あるいては 出ない
  ---
  duration_ms: 949.950252
  type: 'test'
  ...
# Subtest: 6. 鳥居 → 山道 → のりば。鳥居と のりばは 直結して いない
ok 1258 - 6. 鳥居 → 山道 → のりば。鳥居と のりばは 直結して いない
  ---
  duration_ms: 25.311644
  type: 'test'
  ...
# Subtest: 7. 住民は region を こえない。なかまは ついてくるし 二重に 出ない
ok 1259 - 7. 住民は region を こえない。なかまは ついてくるし 二重に 出ない
  ---
  duration_ms: 488.04467
  type: 'test'
  ...
# Subtest: 8. あるいて こえても「たび」の ひようが かからない
ok 1260 - 8. あるいて こえても「たび」の ひようが かからない
  ---
  duration_ms: 39.239393
  type: 'test'
  ...
# Subtest: 9. はじめて きた ことは のこる。region はっけんと みちの はっけんが すすむ
ok 1261 - 9. はじめて きた ことは のこる。region はっけんと みちの はっけんが すすむ
  ---
  duration_ms: 33.866909
  type: 'test'
  ...
# Subtest: 10. みちの はっけんは これまでどおり「両がわの 入口を 見つけた とき」だけ
ok 1262 - 10. みちの はっけんは これまでどおり「両がわの 入口を 見つけた とき」だけ
  ---
  duration_ms: 31.561951
  type: 'test'
  ...
# Subtest: 11. 出口を ふやしても ひみつは もれない
ok 1263 - 11. 出口を ふやしても ひみつは もれない
  ---
  duration_ms: 1685.593578
  type: 'test'
  ...
# Subtest: 12. region-local な せかいは こわれて いない
ok 1264 - 12. region-local な せかいは こわれて いない
  ---
  duration_ms: 3021.365254
  type: 'test'
  ...
# Subtest: 13. 往復しても こわれない: おうち → いなか → もり → いなか → おうち
ok 1265 - 13. 往復しても こわれない: おうち → いなか → もり → いなか → おうち
  ---
  duration_ms: 4784.582103
  type: 'test'
  ...
# Subtest: 14. たてじくは 3D 化に つかえる いみデータ
ok 1266 - 14. たてじくは 3D 化に つかえる いみデータ
  ---
  duration_ms: 27.633571
  type: 'test'
  ...
# Subtest: occlusion: ランドマーク を ふさぐ 木 は すける。地形(がけ・岩)は すけない
ok 1267 - occlusion: ランドマーク を ふさぐ 木 は すける。地形(がけ・岩)は すけない
  ---
  duration_ms: 193.472247
  type: 'test'
  ...
# Subtest: たきのみはらし: みき は solid の まま、いち も かわらない(すけるのは えがく とき だけ)
ok 1268 - たきのみはらし: みき は solid の まま、いち も かわらない(すけるのは えがく とき だけ)
  ---
  duration_ms: 650.266975
  type: 'test'
  ...
# Subtest: landmarkNearAlpha: ふつう に ながめる 大きさ は そのまま、レンズ の なか は えがかない
ok 1269 - landmarkNearAlpha: ふつう に ながめる 大きさ は そのまま、レンズ の なか は えがかない
  ---
  duration_ms: 36.1305
  type: 'test'
  ...
# Subtest: OCCLUDER_SHIFT: かたがわ に はりだす かたち だけ。side の ほう へ ずらす
ok 1270 - OCCLUDER_SHIFT: かたがわ に はりだす かたち だけ。side の ほう へ ずらす
  ---
  duration_ms: 34.89895
  type: 'test'
  ...
# Subtest: ちいさな 絵文字: みちばた の もの は、じぶん より ある ていど おおきい とき だけ すける
ok 1271 - ちいさな 絵文字: みちばた の もの は、じぶん より ある ていど おおきい とき だけ すける
  ---
  duration_ms: 33.711841
  type: 'test'
  ...
# Subtest: jungle 夜: もちあげ は jungle だけ。floor と mul は ひかえめ
ok 1272 - jungle 夜: もちあげ は jungle だけ。floor と mul は ひかえめ
  ---
  duration_ms: 33.298182
  type: 'test'
  ...
# Subtest: jungle 夜: みき の あいだ の もや を ぬる。ぬれた は の ひかり は 1 かい の fill
ok 1273 - jungle 夜: みき の あいだ の もや を ぬる。ぬれた は の ひかり は 1 かい の fill
  ---
  duration_ms: 2493.838794
  type: 'test'
  ...
# Subtest: jungle 昼: もや も ひかり も えがかない
ok 1274 - jungle 昼: もや も ひかり も えがかない
  ---
  duration_ms: 2346.816354
  type: 'test'
  ...
# Subtest: star_stop: 霞 は 地平線 で いちばん こく、地上 の こい ところ でも 0.7 のこる
ok 1275 - star_stop: 霞 は 地平線 で いちばん こく、地上 の こい ところ でも 0.7 のこる
  ---
  duration_ms: 32.704635
  type: 'test'
  ...
# Subtest: deco: くぼちのみはらし に しだ、つりばし に つりばし。見た目 だけ
ok 1276 - deco: くぼちのみはらし に しだ、つりばし に つりばし。見た目 だけ
  ---
  duration_ms: 948.867396
  type: 'test'
  ...
# Subtest: counts: spot / path / zone / secret / 分母 / 遠景 / 発見レベル は かわらない
ok 1277 - counts: spot / path / zone / secret / 分母 / 遠景 / 発見レベル は かわらない
  ---
  duration_ms: 29.96071
  type: 'test'
  ...
# Subtest: collision: forest / jungle の 障害物 は main と おなじ かず(deco は solid で ない)
ok 1278 - collision: forest / jungle の 障害物 は main と おなじ かず(deco は solid で ない)
  ---
  duration_ms: 1418.41435
  type: 'test'
  ...
# Subtest: save: 形 は かわらない
ok 1279 - save: 形 は かわらない
  ---
  duration_ms: 1998.096298
  type: 'test'
  ...
# Subtest: worldLayers: every region can be read by meaning, and every drawn structure has a role
ok 1280 - worldLayers: every region can be read by meaning, and every drawn structure has a role
  ---
  duration_ms: 3927.956336
  type: 'test'
  ...
# Subtest: no giant "material" illustration stands in for a landmark: waves, ice cubes, stars, wheat become canvas shapes or nothing
ok 1281 - no giant "material" illustration stands in for a landmark: waves, ice cubes, stars, wheat become canvas shapes or nothing
  ---
  duration_ms: 3376.32489
  type: 'test'
  ...
# Subtest: composition changes inside a region: zones swap the framing kind, the plant pool and place one hero
ok 1282 - composition changes inside a region: zones swap the framing kind, the plant pool and place one hero
  ---
  duration_ms: 2650.273396
  type: 'test'
  ...
# Subtest: fallen logs and rocks lie at different angles and gather instead of lining up
ok 1283 - fallen logs and rocks lie at different angles and gather instead of lining up
  ---
  duration_ms: 603.553693
  type: 'test'
  ...
# Subtest: the world is still data only: layers, heroes and zone composition need no canvas, and PR \#277 stays intact
ok 1284 - the world is still data only: layers, heroes and zone composition need no canvas, and PR \#277 stays intact
  ---
  duration_ms: 3296.944667
  type: 'test'
  ...
# Subtest: 1. 正式地理 v2(D2): 13地域が 1回ずつ、地上10・水面下1・上空1・記憶1
ok 1285 - 1. 正式地理 v2(D2): 13地域が 1回ずつ、地上10・水面下1・上空1・記憶1
  ---
  duration_ms: 180.60863
  type: 'test'
  ...
# Subtest: 2. 接続表が 正本の 14本と ぴったり あう。入口の spot も ぜんぶ 実在して、ひみつでは ない
ok 1286 - 2. 接続表が 正本の 14本と ぴったり あう。入口の spot も ぜんぶ 実在して、ひみつでは ない
  ---
  duration_ms: 40.63021
  type: 'test'
  ...
# Subtest: 3. 二つの水系。たにの おおかわと みやこがわは べつの 川で、上流で つながって いない
ok 1287 - 3. 二つの水系。たにの おおかわと みやこがわは べつの 川で、上流で つながって いない
  ---
  duration_ms: 31.135425
  type: 'test'
  ...
# Subtest: 4/5. たてじくは 2か所。ほしぞらは いなかの 山の上、しんかいは うみの 外洋の下
ok 1288 - 4/5. たてじくは 2か所。ほしぞらは いなかの 山の上、しんかいは うみの 外洋の下
  ---
  duration_ms: 31.502148
  type: 'test'
  ...
# Subtest: 6/7/8. まだ 見つけて いない 地域・みち・大めじるしは、なまえも かたちも 出ない
ok 1289 - 6/7/8. まだ 見つけて いない 地域・みち・大めじるしは、なまえも かたちも 出ない
  ---
  duration_ms: 48.48843
  type: 'test'
  ...
# Subtest: 9. ひみつ spot・ひみつ path・ひみつ zone が せかいのちずへ 1つも もれない
ok 1290 - 9. ひみつ spot・ひみつ path・ひみつ zone が せかいのちずへ 1つも もれない
  ---
  duration_ms: 30.448237
  type: 'test'
  ...
# Subtest: 10. 旧セーブの 訪問ずみ 地域が、そのまま 見つけた ことに なる。でも みちは ひらかない
ok 1291 - 10. 旧セーブの 訪問ずみ 地域が、そのまま 見つけた ことに なる。でも みちは ひらかない
  ---
  duration_ms: 47.875609
  type: 'test'
  ...
# Subtest: 11. みちは りょうがわの 入口 spot を どちらも 見つけた ときだけ ひらく
ok 1292 - 11. みちは りょうがわの 入口 spot を どちらも 見つけた ときだけ ひらく
  ---
  duration_ms: 25.914402
  type: 'test'
  ...
# Subtest: 12. せかい たんさくりつ: ぶんぼに ひみつが 1つも 入って いない
ok 1293 - 12. せかい たんさくりつ: ぶんぼに ひみつが 1つも 入って いない
  ---
  duration_ms: 40.426331
  type: 'test'
  ...
# Subtest: 13. たんさくりつから のこりの ひみつの かずが ぎゃくさんできない
ok 1294 - 13. たんさくりつから のこりの ひみつの かずが ぎゃくさんできない
  ---
  duration_ms: 27.35918
  type: 'test'
  ...
# Subtest: 14. 図上の おおきさ: おうちが 点に ならず、さばくの ひろさも のこる
ok 1295 - 14. 図上の おおきさ: おうちが 点に ならず、さばくの ひろさも のこる
  ---
  duration_ms: 38.030082
  type: 'test'
  ...
# Subtest: 15. GEO_AREA は 実際の world から 測った 値と あう(halfW では なく 実 box)
ok 1296 - 15. GEO_AREA は 実際の world から 測った 値と あう(halfW では なく 実 box)
  ---
  duration_ms: 2778.529708
  type: 'test'
  ...
# Subtest: 16. せかいのちずから 地域の ちずへ 入れて、もどれる。開いただけでは 発見状態が かわらない
ok 1297 - 16. せかいのちずから 地域の ちずへ 入れて、もどれる。開いただけでは 発見状態が かわらない
  ---
  duration_ms: 1041.561218
  type: 'test'
  ...
# Subtest: 17. せかいのちずを とじて いる あいだ、たんさくの けいさんは 1フレームも ふえない
ok 1298 - 17. せかいのちずを とじて いる あいだ、たんさくの けいさんは 1フレームも ふえない
  ---
  duration_ms: 1751.795998
  type: 'test'
  ...
# Subtest: 18. せかいのちずの セーブは id だけ。地域の はっけんと みちの はっけんを べつに もつ
ok 1299 - 18. せかいのちずの セーブは id だけ。地域の はっけんと みちの はっけんを べつに もつ
  ---
  duration_ms: 548.697411
  type: 'test'
  ...
# Subtest: 19. 旧セーブ(せかいの きろくが ない)でも こわれない
ok 1300 - 19. 旧セーブ(せかいの きろくが ない)でも こわれない
  ---
  duration_ms: 629.140607
  type: 'test'
  ...
# Subtest: 20. 地域の ちずは これまでどおり。せかいのちずの ために 1つも かわって いない
ok 1301 - 20. 地域の ちずは これまでどおり。せかいのちずの ために 1つも かわって いない
  ---
  duration_ms: 783.327993
  type: 'test'
  ...
# Subtest: 21. D2 へ かえても、地域の なかみは 1つも うごいて いない
ok 1302 - 21. D2 へ かえても、地域の なかみは 1つも うごいて いない
  ---
  duration_ms: 5449.804503
  type: 'test'
  ...
# Subtest: 22. 地理正本 v1: 山は 3 つの モチーフ。にしは あるける 山地、ひがしは region では ない 巨大山地
ok 1303 - 22. 地理正本 v1: 山は 3 つの モチーフ。にしは あるける 山地、ひがしは region では ない 巨大山地
  ---
  duration_ms: 29.972321
  type: 'test'
  ...
# Subtest: 23. 地理正本 v1: おうちの すぐ近くを 天竜川型が ながれ、とかいへは ながれない
ok 1304 - 23. 地理正本 v1: おうちの すぐ近くを 天竜川型が ながれ、とかいへは ながれない
  ---
  duration_ms: 27.004809
  type: 'test'
  ...
# Subtest: 24. 地理正本 v1: 分水界が 正式な 地形。2 水系を 図の うえで 分ける
ok 1305 - 24. 地理正本 v1: 分水界が 正式な 地形。2 水系を 図の うえで 分ける
  ---
  duration_ms: 26.283677
  type: 'test'
  ...
# Subtest: 25. 地理正本 v1: 源の湖は ふつうの 地形。きおくのみずうみ では ない
ok 1306 - 25. 地理正本 v1: 源の湖は ふつうの 地形。きおくのみずうみ では ない
  ---
  duration_ms: 35.236796
  type: 'test'
  ...
# Subtest: 26. 地理正本 v1: 北西に さばく、南西に ジャングル
ok 1307 - 26. 地理正本 v1: 北西に さばく、南西に ジャングル
  ---
  duration_ms: 25.71562
  type: 'test'
  ...
# Subtest: 27. 地理正本 v1: 生活圏の 三角と、おうち ↔ とかい を 持たない こと
ok 1308 - 27. 地理正本 v1: 生活圏の 三角と、おうち ↔ とかい を 持たない こと
  ---
  duration_ms: 41.578057
  type: 'test'
  ...
# Subtest: 28. 地理正本 v1: もりは「やま と おうちの あいだ」ではなく「おうち → いなか の とちゅう」
ok 1309 - 28. 地理正本 v1: もりは「やま と おうちの あいだ」ではなく「おうち → いなか の とちゅう」
  ---
  duration_ms: 26.397278
  type: 'test'
  ...
# Subtest: 29. 地理正本 v1: 南アルプス型は ひがしの 巨大山地。やまは にしの 中央アルプス型がわ
ok 1310 - 29. 地理正本 v1: 南アルプス型は ひがしの 巨大山地。やまは にしの 中央アルプス型がわ
  ---
  duration_ms: 26.143697
  type: 'test'
  ...
# Subtest: 30. 地理正本 v1: ほしぞらへは **特殊たてじく接続**。ふつうの 徒歩の みちでは ない
ok 1311 - 30. 地理正本 v1: ほしぞらへは **特殊たてじく接続**。ふつうの 徒歩の みちでは ない
  ---
  duration_ms: 39.495742
  type: 'test'
  ...
# Subtest: 31. 地理正本 v1: ゴンドラは 見つけるまで ばれない。探索率も 1 つも かわらない
ok 1312 - 31. 地理正本 v1: ゴンドラは 見つけるまで ばれない。探索率も 1 つも かわらない
  ---
  duration_ms: 31.339123
  type: 'test'
  ...
# Subtest: story pools exist for everyday care, travel, courtship and waking
ok 1313 - story pools exist for everyday care, travel, courtship and waking
  ---
  duration_ms: 162.837902
  type: 'test'
  ...
# Subtest: each midlife event fires once at its age and records a life-log line
ok 1314 - each midlife event fires once at its age and records a life-log line
  ---
  duration_ms: 30.415966
  type: 'test'
  ...
# Subtest: a birthday at a midlife age triggers the event through onAgeChanged
ok 1315 - a birthday at a midlife age triggers the event through onAgeChanged
  ---
  duration_ms: 33.215986
  type: 'test'
  ...
# Subtest: a fresh save is schemaVersion 5 and survives a save/load round trip unchanged
ok 1316 - a fresh save is schemaVersion 5 and survives a save/load round trip unchanged
  ---
  duration_ms: 262.630798
  type: 'test'
  ...
# Subtest: a schemaVersion 3 save keeps its displayed age (18 -> 20 ticks per year)
ok 1317 - a schemaVersion 3 save keeps its displayed age (18 -> 20 ticks per year)
  ---
  duration_ms: 55.272518
  type: 'test'
  ...
# Subtest: a pre-schema save converts the old age scale, stage names, and freePlay
ok 1318 - a pre-schema save converts the old age scale, stage names, and freePlay
  ---
  duration_ms: 42.385962
  type: 'test'
  ...
# Subtest: schemaVersion 5 heals wrong shapes without touching valid values
ok 1319 - schemaVersion 5 heals wrong shapes without touching valid values
  ---
  duration_ms: 84.010459
  type: 'test'
  ...
# Subtest: normalizeStateShape is idempotent on a fresh state
ok 1320 - normalizeStateShape is idempotent on a fresh state
  ---
  duration_ms: 29.905245
  type: 'test'
  ...
# Subtest: the infinite-world return snapshot is normalized with the save
ok 1321 - the infinite-world return snapshot is normalized with the save
  ---
  duration_ms: 63.515225
  type: 'test'
  ...
# Subtest: normal equipment V2 refunds all five owned retired IDs before catalog filtering
ok 1322 - normal equipment V2 refunds all five owned retired IDs before catalog filtering
  ---
  duration_ms: 23.676195
  type: 'test'
  ...
# Subtest: normal equipment V2 refunds flower once and unequips it
ok 1323 - normal equipment V2 refunds flower once and unequips it
  ---
  duration_ms: 23.071629
  type: 'test'
  ...
# Subtest: normal equipment V2 refunds energy1 once and unequips it
ok 1324 - normal equipment V2 refunds energy1 once and unequips it
  ---
  duration_ms: 66.349857
  type: 'test'
  ...
# Subtest: normal equipment V2 refunds hat once and unequips it
ok 1325 - normal equipment V2 refunds hat once and unequips it
  ---
  duration_ms: 25.455493
  type: 'test'
  ...
# Subtest: normal equipment V2 refunds crown once and unequips it
ok 1326 - normal equipment V2 refunds crown once and unequips it
  ---
  duration_ms: 23.908485
  type: 'test'
  ...
# Subtest: normal equipment V2 refunds glasses once and unequips it
ok 1327 - normal equipment V2 refunds glasses once and unequips it
  ---
  duration_ms: 23.282331
  type: 'test'
  ...
# Subtest: normal equipment V2 ignores purchase history without actual ownership
ok 1328 - normal equipment V2 ignores purchase history without actual ownership
  ---
  duration_ms: 30.216881
  type: 'test'
  ...
# Subtest: normal equipment V2 marked saves remove stale retired equipment without refunding again
ok 1329 - normal equipment V2 marked saves remove stale retired equipment without refunding again
  ---
  duration_ms: 23.718783
  type: 'test'
  ...
# Subtest: normal equipment V2 heals malformed migration marker null
ok 1330 - normal equipment V2 heals malformed migration marker null
  ---
  duration_ms: 29.367562
  type: 'test'
  ...
# Subtest: normal equipment V2 heals malformed migration marker []
ok 1331 - normal equipment V2 heals malformed migration marker []
  ---
  duration_ms: 34.99538
  type: 'test'
  ...
# Subtest: normal equipment V2 heals malformed migration marker "bad"
ok 1332 - normal equipment V2 heals malformed migration marker "bad"
  ---
  duration_ms: 31.593772
  type: 'test'
  ...
# Subtest: normal equipment V2 heals malformed migration marker {"normalEquipmentV2":"false"}
ok 1333 - normal equipment V2 heals malformed migration marker {"normalEquipmentV2":"false"}
  ---
  duration_ms: 31.65706
  type: 'test'
  ...
# Subtest: normal equipment V2 heals malformed migration marker {"normalEquipmentV2":1}
ok 1334 - normal equipment V2 heals malformed migration marker {"normalEquipmentV2":1}
  ---
  duration_ms: 36.986063
  type: 'test'
  ...
# Subtest: normal equipment V2 heals malformed migration marker {"normalEquipmentV2":{}}
ok 1335 - normal equipment V2 heals malformed migration marker {"normalEquipmentV2":{}}
  ---
  duration_ms: 24.380955
  type: 'test'
  ...
# Subtest: normal equipment V2 heals malformed money and ownership without creating unowned refunds
ok 1336 - normal equipment V2 heals malformed money and ownership without creating unowned refunds
  ---
  duration_ms: 57.217101
  type: 'test'
  ...
# Subtest: normal equipment V2 refunds survive save/load, repeated normalization and the next life
ok 1337 - normal equipment V2 refunds survive save/load, repeated normalization and the next life
  ---
  duration_ms: 92.698632
  type: 'test'
  ...
# Subtest: normal equipment V2 infinite return never credits its snapshot into the live balance
ok 1338 - normal equipment V2 infinite return never credits its snapshot into the live balance
  ---
  duration_ms: 52.435683
  type: 'test'
  ...
# Subtest: normal equipment V2 does not repay an old infinite snapshot when the live save is marked
ok 1339 - normal equipment V2 does not repay an old infinite snapshot when the live save is marked
  ---
  duration_ms: 59.713899
  type: 'test'
  ...
# Subtest: normal equipment V2 canonicalizes tier aliases and refunds each retired base only once
ok 1340 - normal equipment V2 canonicalizes tier aliases and refunds each retired base only once
  ---
  duration_ms: 27.109801
  type: 'test'
  ...
# Subtest: stack-harvest uses the existing atlas crop within the original block decoration box
ok 1341 - stack-harvest uses the existing atlas crop within the original block decoration box
  ---
  duration_ms: 181.111585
  type: 'test'
  ...
# Subtest: stack-sakura uses the existing atlas crop within the original block decoration box
ok 1342 - stack-sakura uses the existing atlas crop within the original block decoration box
  ---
  duration_ms: 25.343147
  type: 'test'
  ...
# Subtest: stack-leaves uses the existing atlas crop within the original block decoration box
ok 1343 - stack-leaves uses the existing atlas crop within the original block decoration box
  ---
  duration_ms: 40.065428
  type: 'test'
  ...
# Subtest: pending, failed, wrong-size and drawing-error atlases retain the original emoji and recover on load
ok 1344 - pending, failed, wrong-size and drawing-error atlases retain the original emoji and recover on load
  ---
  duration_ms: 43.72821
  type: 'test'
  ...
# Subtest: unmapped stack themes keep their own symbols instead of a different illustration
ok 1345 - unmapped stack themes keep their own symbols instead of a different illustration
  ---
  duration_ms: 94.010179
  type: 'test'
  ...
# Subtest: illustrated play keeps all other Canvas commands, score, rewards and timing identical to emoji fallback
ok 1346 - illustrated play keeps all other Canvas commands, score, rewards and timing identical to emoji fallback
  ---
  duration_ms: 1574.66873
  type: 'test'
  ...
# Subtest: reduced motion and lightweight mode retain the motif; retirement prevents late image work
ok 1347 - reduced motion and lightweight mode retain the motif; retirement prevents late image work
  ---
  duration_ms: 73.610778
  type: 'test'
  ...
# [naotocchi] minigame Error: boom
#     at frame (/home/runner/work/naotocchi/naotocchi/tests/minigame-lifecycle-test.cjs:220:60)
#     at mgRunTagged (evalmachine.<anonymous>:38712:17)
#     at evalmachine.<anonymous>:38757:9
#     at /home/runner/work/naotocchi/naotocchi/tests/helpers/runtime-harness.cjs:233:49
#     at Object.fn (/home/runner/work/naotocchi/naotocchi/tests/helpers/runtime-harness.cjs:207:82)
#     at Object.advance (/home/runner/work/naotocchi/naotocchi/tests/helpers/runtime-harness.cjs:322:57)
#     at TestContext.<anonymous> (/home/runner/work/naotocchi/naotocchi/tests/minigame-lifecycle-test.cjs:224:5)
#     at Test.runInAsyncScope (node:async_hooks:214:14)
#     at Test.run (node:internal/test_runner/test:1047:25)
#     at Test.processPendingSubtests (node:internal/test_runner/test:744:18)
# [naotocchi] minigame Error: start boom
#     at Object.start (/home/runner/work/naotocchi/naotocchi/tests/minigame-lifecycle-test.cjs:237:59)
#     at evalmachine.<anonymous>:39088:39
#     at mgRunTagged (evalmachine.<anonymous>:38712:17)
#     at launch (evalmachine.<anonymous>:39088:7)
#     at Object.startMinigame (evalmachine.<anonymous>:39093:10)
#     at TestContext.<anonymous> (/home/runner/work/naotocchi/naotocchi/tests/minigame-lifecycle-test.cjs:237:9)
#     at Test.runInAsyncScope (node:async_hooks:214:14)
#     at Test.run (node:internal/test_runner/test:1047:25)
#     at Test.processPendingSubtests (node:internal/test_runner/test:744:18)
#     at Test.postRun (node:internal/test_runner/test:1173:19)
# Subtest: score 10 keeps results readable before the reaction begins
ok 1348 - score 10 keeps results readable before the reaction begins
  ---
  duration_ms: 187.562122
  type: 'test'
  ...
# Subtest: score 90 keeps results readable before the reaction begins
ok 1349 - score 90 keeps results readable before the reaction begins
  ---
  duration_ms: 50.54196
  type: 'test'
  ...
# Subtest: a new care conversation replaces results and cancels the delayed game reaction
ok 1350 - a new care conversation replaces results and cancels the delayed game reaction
  ---
  duration_ms: 33.85048
  type: 'test'
  ...
# Subtest: replaying cancels the delayed reaction and old result controls
ok 1351 - replaying cancels the delayed reaction and old result controls
  ---
  duration_ms: 41.74166
  type: 'test'
  ...
# Subtest: retire clears a held key before the next game
ok 1352 - retire clears a held key before the next game
  ---
  duration_ms: 32.719817
  type: 'test'
  ...
# Subtest: complete clears a held key before the next game
ok 1353 - complete clears a held key before the next game
  ---
  duration_ms: 31.459432
  type: 'test'
  ...
# Subtest: blur releases keyboard steering and allows a new press
ok 1354 - blur releases keyboard steering and allows a new press
  ---
  duration_ms: 39.461679
  type: 'test'
  ...
# Subtest: hidden releases keyboard steering and allows a new press
ok 1355 - hidden releases keyboard steering and allows a new press
  ---
  duration_ms: 32.880365
  type: 'test'
  ...
# Subtest: a background switch stops repeating button input without ending the game
ok 1356 - a background switch stops repeating button input without ending the game
  ---
  duration_ms: 40.073379
  type: 'test'
  ...
# Subtest: a background switch releases a touch-held control without a pointerup
ok 1357 - a background switch releases a touch-held control without a pointerup
  ---
  duration_ms: 28.05039
  type: 'test'
  ...
# Subtest: input scope is restored when an event never bubbles to window
ok 1358 - input scope is restored when an event never bubbles to window
  ---
  duration_ms: 26.860748
  type: 'test'
  ...
# Subtest: all 100 registered games can retire without delayed rewards or repopulating the screen
ok 1359 - all 100 registered games can retire without delayed rewards or repopulating the screen
  ---
  duration_ms: 389.53443
  type: 'test'
  ...
# Subtest: first-play instructions include each dynamic goal needed to finish the game
    # Subtest: tilt-maze-3d
    ok 1 - tilt-maze-3d
      ---
      duration_ms: 4.5588
      type: 'test'
      ...
    # Subtest: pingpong-3d
    ok 2 - pingpong-3d
      ---
      duration_ms: 1.748933
      type: 'test'
      ...
    # Subtest: sudoku-mini
    ok 3 - sudoku-mini
      ---
      duration_ms: 1.789348
      type: 'test'
      ...
    # Subtest: area-claim
    ok 4 - area-claim
      ---
      duration_ms: 1.635712
      type: 'test'
      ...
    # Subtest: beach-volley
    ok 5 - beach-volley
      ---
      duration_ms: 1.610565
      type: 'test'
      ...
    1..5
ok 1360 - first-play instructions include each dynamic goal needed to finish the game
  ---
  duration_ms: 33.442481
  type: 'test'
  ...
# Subtest: Sudoku instructions follow the actual 4×4 board
ok 1361 - Sudoku instructions follow the actual 4×4 board
  ---
  duration_ms: 29.005868
  type: 'test'
  ...
# Subtest: Sudoku instructions follow the actual 6×6 board
ok 1362 - Sudoku instructions follow the actual 6×6 board
  ---
  duration_ms: 22.961784
  type: 'test'
  ...
# Subtest: Mancala explains sowing toward the right-hand own store and follows that path
ok 1363 - Mancala explains sowing toward the right-hand own store and follows that path
  ---
  duration_ms: 23.159904
  type: 'test'
  ...
# Subtest: a game whose frame loop throws is closed without rewards and the next game works
ok 1364 - a game whose frame loop throws is closed without rewards and the next game works
  ---
  duration_ms: 45.521632
  type: 'test'
  ...
# Subtest: a game that throws while starting is closed cleanly
ok 1365 - a game that throws while starting is closed cleanly
  ---
  duration_ms: 24.992242
  type: 'test'
  ...
# Subtest: game pass five-second timer refreshes UI and respects null
ok 1366 - game pass five-second timer refreshes UI and respects null
  ---
  duration_ms: 43.58034
  type: 'test'
  ...
# Subtest: game pass five-second timer refreshes UI and respects sleep
ok 1367 - game pass five-second timer refreshes UI and respects sleep
  ---
  duration_ms: 32.18385
  type: 'test'
  ...
# Subtest: game pass five-second timer refreshes UI and respects dead
ok 1368 - game pass five-second timer refreshes UI and respects dead
  ---
  duration_ms: 35.624347
  type: 'test'
  ...
# Subtest: game pass five-second timer refreshes UI and respects transform
ok 1369 - game pass five-second timer refreshes UI and respects transform
  ---
  duration_ms: 48.512274
  type: 'test'
  ...
# Subtest: game pass reload retains only the unexpired part of its five-second deadline
ok 1370 - game pass reload retains only the unexpired part of its five-second deadline
  ---
  duration_ms: 66.843335
  type: 'test'
  ...
# Subtest: game pass infinite return preserves its remaining cooldown
ok 1371 - game pass infinite return preserves its remaining cooldown
  ---
  duration_ms: 31.621023
  type: 'test'
  ...
# Subtest: game pass infinite return preserves its remaining cooldown after reload
ok 1372 - game pass infinite return preserves its remaining cooldown after reload
  ---
  duration_ms: 67.521768
  type: 'test'
  ...
# Subtest: game pass infinite return without an old-life snapshot retains its deadline
ok 1373 - game pass infinite return without an old-life snapshot retains its deadline
  ---
  duration_ms: 29.358444
  type: 'test'
  ...
# Subtest: game pass infinite return never shortens a later saved normal-life deadline
ok 1374 - game pass infinite return never shortens a later saved normal-life deadline
  ---
  duration_ms: 40.367443
  type: 'test'
  ...
# Subtest: the observer legend stays abstract and does not alter the current life
ok 1375 - the observer legend stays abstract and does not alter the current life
  ---
  duration_ms: 186.164652
  type: 'test'
  ...
# Subtest: observer stories keep their clues ambiguous instead of identifying Naoto
ok 1376 - observer stories keep their clues ambiguous instead of identifying Naoto
  ---
  duration_ms: 61.057151
  type: 'test'
  ...
# Subtest: skipping then closing releases the movie and cancels all later scene changes
ok 1377 - skipping then closing releases the movie and cancels all later scene changes
  ---
  duration_ms: 31.018402
  type: 'test'
  ...
# Subtest: opening a different overlay cleans up cinema mode and a following date resets legend choreography
ok 1378 - opening a different overlay cleans up cinema mode and a following date resets legend choreography
  ---
  duration_ms: 32.776933
  type: 'test'
  ...
# Subtest: cinematic legend subtitles and titles contain no emoji
ok 1379 - cinematic legend subtitles and titles contain no emoji
  ---
  duration_ms: 26.644065
  type: 'test'
  ...
# Subtest: date dialogue identifies each speaker with their own portrait and escapes the saved name
ok 1380 - date dialogue identifies each speaker with their own portrait and escapes the saved name
  ---
  duration_ms: 45.338293
  type: 'test'
  ...
# Subtest: repeated dates rotate whole small stories before replaying one, even with the same random roll
ok 1381 - repeated dates rotate whole small stories before replaying one, even with the same random roll
  ---
  duration_ms: 170.620638
  type: 'test'
  ...
# Subtest: the 100-beyond voice stays unnamed and separate from the player
ok 1382 - the 100-beyond voice stays unnamed and separate from the player
  ---
  duration_ms: 42.215502
  type: 'test'
  ...
# Subtest: all 18 partners keep their own speech identity across complete dates and anniversaries
ok 1383 - all 18 partners keep their own speech identity across complete dates and anniversaries
  ---
  duration_ms: 3593.861526
  type: 'test'
  ...
# Subtest: four coherent stories per legend finish without rewards or explicit world answers
ok 1384 - four coherent stories per legend finish without rewards or explicit world answers
  ---
  duration_ms: 138.02474
  type: 'test'
  ...
# Subtest: guest and legacy partner speech keeps illustrated saved appearances without rewriting the relationship
ok 1385 - guest and legacy partner speech keeps illustrated saved appearances without rewriting the relationship
  ---
  duration_ms: 109.204645
  type: 'test'
  ...
# Subtest: underwater dates keep both character asides and the closing consistent with swimming
ok 1386 - underwater dates keep both character asides and the closing consistent with swimming
  ---
  duration_ms: 352.529959
  type: 'test'
  ...
# Subtest: game: only owned crown after dex completion doubles a relevant candidate
ok 1387 - game: only owned crown after dex completion doubles a relevant candidate
  ---
  duration_ms: 159.636022
  type: 'test'
  ...
# Subtest: game: achievement completion removes bias despite other unfinished achievements
ok 1388 - game: achievement completion removes bias despite other unfinished achievements
  ---
  duration_ms: 31.245475
  type: 'test'
  ...
# Subtest: sticker: only owned crown after dex completion doubles a relevant candidate
ok 1389 - sticker: only owned crown after dex completion doubles a relevant candidate
  ---
  duration_ms: 44.378115
  type: 'test'
  ...
# Subtest: sticker: achievement completion removes bias despite other unfinished achievements
ok 1390 - sticker: achievement completion removes bias despite other unfinished achievements
  ---
  duration_ms: 37.965736
  type: 'test'
  ...
# Subtest: moment: only owned crown after dex completion doubles a relevant candidate
ok 1391 - moment: only owned crown after dex completion doubles a relevant candidate
  ---
  duration_ms: 25.03984
  type: 'test'
  ...
# Subtest: moment: achievement completion removes bias despite other unfinished achievements
ok 1392 - moment: achievement completion removes bias despite other unfinished achievements
  ---
  duration_ms: 23.856709
  type: 'test'
  ...
# Subtest: unplayed and record targets form a union, never 4x, and ring ownership has no effect
ok 1393 - unplayed and record targets form a union, never 4x, and ring ownership has no effect
  ---
  duration_ms: 36.24788
  type: 'test'
  ...
# Subtest: actual achievement conditions stop bias before the next achievement notification
ok 1394 - actual achievement conditions stop bias before the next achievement notification
  ---
  duration_ms: 29.010597
  type: 'test'
  ...
# Subtest: danger, manual environment and ring pools never receive a crown multiplier
ok 1395 - danger, manual environment and ring pools never receive a crown multiplier
  ---
  duration_ms: 61.053846
  type: 'test'
  ...
# Subtest: all achievements complete disables every crown target, even with stale missing counters
ok 1396 - all achievements complete disables every crown target, even with stale missing counters
  ---
  duration_ms: 21.433561
  type: 'test'
  ...
# Subtest: unowned sticker bias ends at the collection threshold and never boosts an owned copy
ok 1397 - unowned sticker bias ends at the collection threshold and never boosts an owned copy
  ---
  duration_ms: 40.910453
  type: 'test'
  ...
# Subtest: task bias only fills a missing supply; enough unplaced copies require manual placement
ok 1398 - task bias only fills a missing supply; enough unplaced copies require manual placement
  ---
  duration_ms: 40.20432
  type: 'test'
  ...
# Subtest: sticker candidate weights preserve rarity mass while doubling only the target
ok 1399 - sticker candidate weights preserve rarity mass while doubling only the target
  ---
  duration_ms: 35.97931
  type: 'test'
  ...
# Subtest: environment joint lottery is 90:55 with all-safe candidates, not 90 percent
ok 1400 - environment joint lottery is 90:55 with all-safe candidates, not 90 percent
  ---
  duration_ms: 34.206392
  type: 'test'
  ...
# Subtest: mixed environment keeps negative raw weight and doubles safe weight only
ok 1401 - mixed environment keeps negative raw weight and doubles safe weight only
  ---
  duration_ms: 27.693646
  type: 'test'
  ...
# Subtest: inactive environment remains 45:55 and empty pools cannot produce events
ok 1402 - inactive environment remains 45:55 and empty pools cannot produce events
  ---
  duration_ms: 32.408045
  type: 'test'
  ...
# Subtest: real scheduled environment event uses crown odds and counts exactly once
ok 1403 - real scheduled environment event uses crown odds and counts exactly once
  ---
  duration_ms: 26.177818
  type: 'test'
  ...
# Subtest: legacy crown save reload preserves rewards/history and activates only with dex proof
ok 1404 - legacy crown save reload preserves rewards/history and activates only with dex proof
  ---
  duration_ms: 94.398404
  type: 'test'
  ...
# Subtest: queue crown ordering changes but candidate multiplicity and play count stay intact
ok 1405 - queue crown ordering changes but candidate multiplicity and play count stay intact
  ---
  duration_ms: 67.882217
  type: 'test'
  ...
# Subtest: movable copies on other pages already satisfy supply; rearrangement is manual
ok 1406 - movable copies on other pages already satisfy supply; rearrangement is manual
  ---
  duration_ms: 32.002332
  type: 'test'
  ...
# Subtest: 20th A record removes cached bias before notification without refilling consumed tickets
ok 1407 - 20th A record removes cached bias before notification without refilling consumed tickets
  ---
  duration_ms: 41.635272
  type: 'test'
  ...
# Subtest: actual game queue lottery applies exactly 2x, neither 1x nor 4x
ok 1408 - actual game queue lottery applies exactly 2x, neither 1x nor 4x
  ---
  duration_ms: 50.870492
  type: 'test'
  ...
# Subtest: lantern ownership false: positive growth
ok 1409 - lantern ownership false: positive growth
  ---
  duration_ms: 159.512473
  type: 'test'
  ...
# Subtest: lantern ownership true: positive growth
ok 1410 - lantern ownership true: positive growth
  ---
  duration_ms: 30.011028
  type: 'test'
  ...
# Subtest: lantern stacks once with existing boost, retaining fractional growth
ok 1411 - lantern stacks once with existing boost, retaining fractional growth
  ---
  duration_ms: 29.23826
  type: 'test'
  ...
# Subtest: lantern does not boost loss, decline, initial sodachi or zero
ok 1412 - lantern does not boost loss, decline, initial sodachi or zero
  ---
  duration_ms: 27.251835
  type: 'test'
  ...
# Subtest: lantern leaves eggs and infinite mode unchanged
ok 1413 - lantern leaves eggs and infinite mode unchanged
  ---
  duration_ms: 23.735624
  type: 'test'
  ...
# Subtest: lantern crosses the unchanged sodachi threshold with one level and a fraction
ok 1414 - lantern crosses the unchanged sodachi threshold with one level and a fraction
  ---
  duration_ms: 24.626
  type: 'test'
  ...
# Subtest: normal game remains one real play and unchanged coins with lantern
ok 1415 - normal game remains one real play and unchanged coins with lantern
  ---
  duration_ms: 43.995122
  type: 'test'
  ...
# Subtest: ring species: unknown doubles; registered immediately restores base
ok 1416 - ring species: unknown doubles; registered immediately restores base
  ---
  duration_ms: 25.220175
  type: 'test'
  ...
# Subtest: ring companion: unknown doubles; registered immediately restores base
ok 1417 - ring companion: unknown doubles; registered immediately restores base
  ---
  duration_ms: 54.605179
  type: 'test'
  ...
# Subtest: ring partner: unknown doubles; registered immediately restores base
ok 1418 - ring partner: unknown doubles; registered immediately restores base
  ---
  duration_ms: 21.940135
  type: 'test'
  ...
# Subtest: ring species uses the actual form dex, including ticket registrations, not raised species
ok 1419 - ring species uses the actual form dex, including ticket registrations, not raised species
  ---
  duration_ms: 21.484607
  type: 'test'
  ...
# Subtest: rare companion registration use the same dex predicate
ok 1420 - rare companion registration use the same dex predicate
  ---
  duration_ms: 37.57036
  type: 'test'
  ...
# Subtest: ring never targets crown pools, risks, manual settings, or secret ren
ok 1421 - ring never targets crown pools, risks, manual settings, or secret ren
  ---
  duration_ms: 22.382307
  type: 'test'
  ...
# Subtest: ring does not promote romantically incompatible candidates
ok 1422 - ring does not promote romantically incompatible candidates
  ---
  duration_ms: 21.14737
  type: 'test'
  ...
# Subtest: ring and crown do not multiply one candidate to four
ok 1423 - ring and crown do not multiply one candidate to four
  ---
  duration_ms: 72.192573
  type: 'test'
  ...
# Subtest: weighted ring sampler doubles each unknown candidate and preserves known base mass
ok 1424 - weighted ring sampler doubles each unknown candidate and preserves known base mass
  ---
  duration_ms: 21.378321
  type: 'test'
  ...
# Subtest: normal companion draw retains regional 4:1 mass before ring bonus
ok 1425 - normal companion draw retains regional 4:1 mass before ring bonus
  ---
  duration_ms: 20.412724
  type: 'test'
  ...
# Subtest: natural transform excludes current, excluded and locked rares, biases only legal choices
ok 1426 - natural transform excludes current, excluded and locked rares, biases only legal choices
  ---
  duration_ms: 20.534451
  type: 'test'
  ...
# Subtest: transform ticket output is identical with and without ring for the same random stream
ok 1427 - transform ticket output is identical with and without ring for the same random stream
  ---
  duration_ms: 30.151691
  type: 'test'
  ...
# Subtest: old save ownership restores passives without new save fields
ok 1428 - old save ownership restores passives without new save fields
  ---
  duration_ms: 47.410038
  type: 'test'
  ...
# Subtest: old save goal-history restores passives without new save fields
ok 1429 - old save goal-history restores passives without new save fields
  ---
  duration_ms: 55.764049
  type: 'test'
  ...
# Subtest: item-all counts consumables ever acquired: a held (never used) life charm counts, no near-death needed
ok 1430 - item-all counts consumables ever acquired: a held (never used) life charm counts, no near-death needed
  ---
  duration_ms: 161.880509
  type: 'test'
  ...
# Subtest: PERFECT and unlocked achievements are never revoked when the items or dex later change
ok 1431 - PERFECT and unlocked achievements are never revoked when the items or dex later change
  ---
  duration_ms: 33.399263
  type: 'test'
  ...
# Subtest: a reached PERFECT celebration is saved as pending and comes back after a reload until it is closed
ok 1432 - a reached PERFECT celebration is saved as pending and comes back after a reload until it is closed
  ---
  duration_ms: 94.990535
  type: 'test'
  ...
# Subtest: a pending celebration without the matching clear flag is dropped (never shown by itself)
ok 1433 - a pending celebration without the matching clear flag is dropped (never shown by itself)
  ---
  duration_ms: 70.680158
  type: 'test'
  ...
# Subtest: a panel pushes one history entry; back closes it; closing by UI removes the entry; home back does nothing
ok 1434 - a panel pushes one history entry; back closes it; closing by UI removes the entry; home back does nothing
  ---
  duration_ms: 83.675072
  type: 'test'
  ...
# Subtest: back during a minigame asks to quit instead of ending it, and stays in the layer
ok 1435 - back during a minigame asks to quit instead of ending it, and stays in the layer
  ---
  duration_ms: 29.249944
  type: 'test'
  ...
# Subtest: Escape closes the top panel through the same path
ok 1436 - Escape closes the top panel through the same path
  ---
  duration_ms: 25.617186
  type: 'test'
  ...
# Subtest: a critical notice (another tab) is not overwritten for 8 s; the latest ordinary notice follows it
ok 1437 - a critical notice (another tab) is not overwritten for 8 s; the latest ordinary notice follows it
  ---
  duration_ms: 36.035186
  type: 'test'
  ...
# Subtest: every overlay is a named modal dialog; story flash and birthday toast are live status regions
ok 1438 - every overlay is a named modal dialog; story flash and birthday toast are live status regions
  ---
  duration_ms: 1.357666
  type: 'test'
  ...
# Subtest: the home screen behind an open panel is inert, and becomes interactive again when it closes
ok 1439 - the home screen behind an open panel is inert, and becomes interactive again when it closes
  ---
  duration_ms: 33.545536
  type: 'test'
  ...
# Subtest: minigame screen shakes go through the reduced-motion guard (the random sequence is unchanged)
ok 1440 - minigame screen shakes go through the reduced-motion guard (the random sequence is unchanged)
  ---
  duration_ms: 15.993052
  type: 'test'
  ...
# Subtest: every achievement has an illustration without changing its definition or saved state
ok 1441 - every achievement has an illustration without changing its definition or saved state
  ---
  duration_ms: 170.276018
  type: 'test'
  ...
# Subtest: achievement grid, recent list, goals and unlock flash share artwork and preserve locks
ok 1442 - achievement grid, recent list, goals and unlock flash share artwork and preserve locks
  ---
  duration_ms: 33.919721
  type: 'test'
  ...
# Subtest: environment notices use matching whole animal PNGs and keep unknown birds intact
ok 1443 - environment notices use matching whole animal PNGs and keep unknown birds intact
  ---
  duration_ms: 38.987389
  type: 'test'
  ...
# Subtest: form-change notices and generic butterfly comments do not assume an adult growth stage
ok 1444 - form-change notices and generic butterfly comments do not assume an adult growth stage
  ---
  duration_ms: 44.718531
  type: 'test'
  ...
# Subtest: food illustrations distinguish onigiri and cooked egg from care rice and hatching egg
ok 1445 - food illustrations distinguish onigiri and cooked egg from care rice and hatching egg
  ---
  duration_ms: 25.182297
  type: 'test'
  ...
# Subtest: cake preserves order, retry and completion while the placed item keeps its illustration
ok 1446 - cake preserves order, retry and completion while the placed item keeps its illustration
  ---
  duration_ms: 38.29104
  type: 'test'
  ...
# Subtest: bento retains its preview interval and shows the actual food even in a wrong slot
ok 1447 - bento retains its preview interval and shows the actual food even in a wrong slot
  ---
  duration_ms: 40.783501
  type: 'test'
  ...
# Subtest: food decoration keeps timeout scoring and retires without late score changes
ok 1448 - food decoration keeps timeout scoring and retires without late score changes
  ---
  duration_ms: 148.608951
  type: 'test'
  ...
# Subtest: bento completion retains all food and text in normal, reduced-motion, low and fallback modes
ok 1449 - bento completion retains all food and text in normal, reduced-motion, low and fallback modes
  ---
  duration_ms: 279.291392
  type: 'test'
  ...
# Subtest: a short absence changes nothing
ok 1450 - a short absence changes nothing
  ---
  duration_ms: 161.989312
  type: 'test'
  ...
# Subtest: ten minutes away lowers stats gently without changing coins
ok 1451 - ten minutes away lowers stats gently without changing coins
  ---
  duration_ms: 29.014707
  type: 'test'
  ...
# Subtest: stats never drop below the floor even when the drift exceeds them
ok 1452 - stats never drop below the floor even when the drift exceeds them
  ---
  duration_ms: 33.815408
  type: 'test'
  ...
# Subtest: a long absence is capped at thirty minutes of drift and cannot endanger a low pet
ok 1453 - a long absence is capped at thirty minutes of drift and cannot endanger a low pet
  ---
  duration_ms: 33.684183
  type: 'test'
  ...
# Subtest: sleeping while away recovers energy instead of draining it
ok 1454 - sleeping while away recovers energy instead of draining it
  ---
  duration_ms: 24.37741
  type: 'test'
  ...
# Subtest: only one main overlay is open at a time
ok 1455 - only one main overlay is open at a time
  ---
  duration_ms: 209.896214
  type: 'test'
  ...
# Subtest: an unknown kind opens nothing and close buttons only close their own overlay
ok 1456 - an unknown kind opens nothing and close buttons only close their own overlay
  ---
  duration_ms: 38.077166
  type: 'test'
  ...
# Subtest: every overlay kind renders its own panel
ok 1457 - every overlay kind renders its own panel
  ---
  duration_ms: 73.863567
  type: 'test'
  ...
# Subtest: performance tiers step up on slow frames and back down after sustained fast frames
ok 1458 - performance tiers step up on slow frames and back down after sustained fast frames
  ---
  duration_ms: 24.405131
  type: 'test'
  ...
# Subtest: the original adult cat stays byte-identical to the approved master
ok 1459 - the original adult cat stays byte-identical to the approved master
  ---
  duration_ms: 24.825132
  type: 'test'
  ...
# Subtest: all ten expression assets are distinct approved transparent RGBA PNGs on the original bounds
ok 1460 - all ten expression assets are distinct approved transparent RGBA PNGs on the original bounds
  ---
  duration_ms: 97.656452
  type: 'test'
  ...
# Subtest: every runtime-allowlisted adult-cat expression path exists
ok 1461 - every runtime-allowlisted adult-cat expression path exists
  ---
  duration_ms: 0.599285
  type: 'test'
  ...
# Subtest: kitten expression assets retain the original small stage bounds and transparent canvas
ok 1462 - kitten expression assets retain the original small stage bounds and transparent canvas
  ---
  duration_ms: 20.828999
  type: 'test'
  ...
# Subtest: otemba expression assets retain the original small stage bounds and transparent canvas
ok 1463 - otemba expression assets retain the original small stage bounds and transparent canvas
  ---
  duration_ms: 11.709063
  type: 'test'
  ...
# Subtest: young expression assets retain the original small stage bounds and transparent canvas
ok 1464 - young expression assets retain the original small stage bounds and transparent canvas
  ---
  duration_ms: 12.920627
  type: 'test'
  ...
# Subtest: calm expression assets retain the original small stage bounds and transparent canvas
ok 1465 - calm expression assets retain the original small stage bounds and transparent canvas
  ---
  duration_ms: 13.443099
  type: 'test'
  ...
# Subtest: elder expression assets retain the original small stage bounds and transparent canvas
ok 1466 - elder expression assets retain the original small stage bounds and transparent canvas
  ---
  duration_ms: 14.187514
  type: 'test'
  ...
# Subtest: toddler expression assets retain the original small stage bounds and transparent canvas
ok 1467 - toddler expression assets retain the original small stage bounds and transparent canvas
  ---
  duration_ms: 13.195218
  type: 'test'
  ...
# Subtest: baby expression assets retain the original small stage bounds and transparent canvas
ok 1468 - baby expression assets retain the original small stage bounds and transparent canvas
  ---
  duration_ms: 13.327213
  type: 'test'
  ...
# Subtest: adult dog expressions are distinct transparent assets with original sprite bounds
ok 1469 - adult dog expressions are distinct transparent assets with original sprite bounds
  ---
  duration_ms: 12.55132
  type: 'test'
  ...
# Subtest: puppy expressions are distinct transparent assets with original sprite bounds
ok 1470 - puppy expressions are distinct transparent assets with original sprite bounds
  ---
  duration_ms: 11.920155
  type: 'test'
  ...
# Subtest: wanpaku expressions are distinct transparent assets with original sprite bounds
ok 1471 - wanpaku expressions are distinct transparent assets with original sprite bounds
  ---
  duration_ms: 12.306724
  type: 'test'
  ...
# Subtest: young dog expressions are distinct transparent assets with original sprite bounds
ok 1472 - young dog expressions are distinct transparent assets with original sprite bounds
  ---
  duration_ms: 11.801324
  type: 'test'
  ...
# Subtest: calm dog expressions are distinct transparent assets with original sprite bounds
ok 1473 - calm dog expressions are distinct transparent assets with original sprite bounds
  ---
  duration_ms: 11.292929
  type: 'test'
  ...
# Subtest: baby dog expressions are distinct transparent assets with original sprite bounds
ok 1474 - baby dog expressions are distinct transparent assets with original sprite bounds
  ---
  duration_ms: 11.210475
  type: 'test'
  ...
# Subtest: toddler dog expressions are distinct transparent assets with original sprite bounds
ok 1475 - toddler dog expressions are distinct transparent assets with original sprite bounds
  ---
  duration_ms: 12.924063
  type: 'test'
  ...
# Subtest: elder dog expressions are distinct transparent assets with original sprite bounds
ok 1476 - elder dog expressions are distinct transparent assets with original sprite bounds
  ---
  duration_ms: 14.462124
  type: 'test'
  ...
# Subtest: starfish/01 master is the exact approved candidate; normal routing uses it
ok 1477 - starfish/01 master is the exact approved candidate; normal routing uses it
  ---
  duration_ms: 2.397801
  type: 'test'
  ...
# Subtest: starfish/02 master is the exact approved candidate; normal routing uses it
ok 1478 - starfish/02 master is the exact approved candidate; normal routing uses it
  ---
  duration_ms: 1.941783
  type: 'test'
  ...
# Subtest: starfish/03 master is the exact approved candidate; normal routing uses it
ok 1479 - starfish/03 master is the exact approved candidate; normal routing uses it
  ---
  duration_ms: 1.638047
  type: 'test'
  ...
# Subtest: man/01 has ten distinct transparent expressions with original bounds
ok 1480 - man/01 has ten distinct transparent expressions with original bounds
  ---
  duration_ms: 12.977643
  type: 'test'
  ...
# Subtest: man/02 has ten distinct transparent expressions with original bounds
ok 1481 - man/02 has ten distinct transparent expressions with original bounds
  ---
  duration_ms: 13.338604
  type: 'test'
  ...
# Subtest: man/03 has ten distinct transparent expressions with original bounds
ok 1482 - man/03 has ten distinct transparent expressions with original bounds
  ---
  duration_ms: 13.747014
  type: 'test'
  ...
# Subtest: man/04 has ten distinct transparent expressions with original bounds
ok 1483 - man/04 has ten distinct transparent expressions with original bounds
  ---
  duration_ms: 14.663158
  type: 'test'
  ...
# Subtest: man/05 has ten distinct transparent expressions with original bounds
ok 1484 - man/05 has ten distinct transparent expressions with original bounds
  ---
  duration_ms: 11.647448
  type: 'test'
  ...
# Subtest: man/06 has ten distinct transparent expressions with original bounds
ok 1485 - man/06 has ten distinct transparent expressions with original bounds
  ---
  duration_ms: 20.750112
  type: 'test'
  ...
# Subtest: man/07 has ten distinct transparent expressions with original bounds
ok 1486 - man/07 has ten distinct transparent expressions with original bounds
  ---
  duration_ms: 14.698564
  type: 'test'
  ...
# Subtest: man/08 has ten distinct transparent expressions with original bounds
ok 1487 - man/08 has ten distinct transparent expressions with original bounds
  ---
  duration_ms: 12.269635
  type: 'test'
  ...
# Subtest: woman/01 has ten distinct transparent expressions with original bounds
ok 1488 - woman/01 has ten distinct transparent expressions with original bounds
  ---
  duration_ms: 10.451003
  type: 'test'
  ...
# Subtest: woman/02 has ten distinct transparent expressions with original bounds
ok 1489 - woman/02 has ten distinct transparent expressions with original bounds
  ---
  duration_ms: 11.299321
  type: 'test'
  ...
# Subtest: woman/03 has ten distinct transparent expressions with original bounds
ok 1490 - woman/03 has ten distinct transparent expressions with original bounds
  ---
  duration_ms: 12.888988
  type: 'test'
  ...
# Subtest: woman/04 has ten distinct transparent expressions with original bounds
ok 1491 - woman/04 has ten distinct transparent expressions with original bounds
  ---
  duration_ms: 11.662346
  type: 'test'
  ...
# Subtest: woman/05 has ten distinct transparent expressions with original bounds
ok 1492 - woman/05 has ten distinct transparent expressions with original bounds
  ---
  duration_ms: 12.017426
  type: 'test'
  ...
# Subtest: woman/06 has ten distinct transparent expressions with original bounds
ok 1493 - woman/06 has ten distinct transparent expressions with original bounds
  ---
  duration_ms: 13.661895
  type: 'test'
  ...
# Subtest: woman/07 has ten distinct transparent expressions with original bounds
ok 1494 - woman/07 has ten distinct transparent expressions with original bounds
  ---
  duration_ms: 11.918933
  type: 'test'
  ...
# Subtest: woman/08 has ten distinct transparent expressions with original bounds
ok 1495 - woman/08 has ten distinct transparent expressions with original bounds
  ---
  duration_ms: 12.526092
  type: 'test'
  ...
# Subtest: penguin/01 has ten distinct transparent expressions with original bounds
ok 1496 - penguin/01 has ten distinct transparent expressions with original bounds
  ---
  duration_ms: 12.260489
  type: 'test'
  ...
# Subtest: penguin/02 has ten distinct transparent expressions with original bounds
ok 1497 - penguin/02 has ten distinct transparent expressions with original bounds
  ---
  duration_ms: 10.443027
  type: 'test'
  ...
# Subtest: penguin/03 has ten distinct transparent expressions with original bounds
ok 1498 - penguin/03 has ten distinct transparent expressions with original bounds
  ---
  duration_ms: 23.051253
  type: 'test'
  ...
# Subtest: penguin/04 has ten distinct transparent expressions with original bounds
ok 1499 - penguin/04 has ten distinct transparent expressions with original bounds
  ---
  duration_ms: 11.701659
  type: 'test'
  ...
# Subtest: penguin/05 has ten distinct transparent expressions with original bounds
ok 1500 - penguin/05 has ten distinct transparent expressions with original bounds
  ---
  duration_ms: 10.512817
  type: 'test'
  ...
# Subtest: penguin/06 has ten distinct transparent expressions with original bounds
ok 1501 - penguin/06 has ten distinct transparent expressions with original bounds
  ---
  duration_ms: 10.67012
  type: 'test'
  ...
# Subtest: penguin/07 has ten distinct transparent expressions with original bounds
ok 1502 - penguin/07 has ten distinct transparent expressions with original bounds
  ---
  duration_ms: 10.696388
  type: 'test'
  ...
# Subtest: penguin/08 has ten distinct transparent expressions with original bounds
ok 1503 - penguin/08 has ten distinct transparent expressions with original bounds
  ---
  duration_ms: 10.689936
  type: 'test'
  ...
# Subtest: turtle/01 has ten distinct transparent expressions with original bounds
ok 1504 - turtle/01 has ten distinct transparent expressions with original bounds
  ---
  duration_ms: 9.743586
  type: 'test'
  ...
# Subtest: turtle/02 has ten distinct transparent expressions with original bounds
ok 1505 - turtle/02 has ten distinct transparent expressions with original bounds
  ---
  duration_ms: 10.117151
  type: 'test'
  ...
# Subtest: turtle/03 has ten distinct transparent expressions with original bounds
ok 1506 - turtle/03 has ten distinct transparent expressions with original bounds
  ---
  duration_ms: 10.439881
  type: 'test'
  ...
# Subtest: turtle/04 has ten distinct transparent expressions with original bounds
ok 1507 - turtle/04 has ten distinct transparent expressions with original bounds
  ---
  duration_ms: 18.977054
  type: 'test'
  ...
# Subtest: turtle/05 has ten distinct transparent expressions with original bounds
ok 1508 - turtle/05 has ten distinct transparent expressions with original bounds
  ---
  duration_ms: 12.516164
  type: 'test'
  ...
# Subtest: turtle/06 has ten distinct transparent expressions with original bounds
ok 1509 - turtle/06 has ten distinct transparent expressions with original bounds
  ---
  duration_ms: 16.090984
  type: 'test'
  ...
# Subtest: turtle/07 has ten distinct transparent expressions with original bounds
ok 1510 - turtle/07 has ten distinct transparent expressions with original bounds
  ---
  duration_ms: 13.979176
  type: 'test'
  ...
# Subtest: turtle/08 has ten distinct transparent expressions with original bounds
ok 1511 - turtle/08 has ten distinct transparent expressions with original bounds
  ---
  duration_ms: 11.052431
  type: 'test'
  ...
# Subtest: frog/01 has ten distinct transparent expressions with original bounds
ok 1512 - frog/01 has ten distinct transparent expressions with original bounds
  ---
  duration_ms: 9.677314
  type: 'test'
  ...
# Subtest: frog/02 has ten distinct transparent expressions with original bounds
ok 1513 - frog/02 has ten distinct transparent expressions with original bounds
  ---
  duration_ms: 9.654851
  type: 'test'
  ...
# Subtest: frog/03 has ten distinct transparent expressions with original bounds
ok 1514 - frog/03 has ten distinct transparent expressions with original bounds
  ---
  duration_ms: 9.776818
  type: 'test'
  ...
# Subtest: frog/04 has ten distinct transparent expressions with original bounds
ok 1515 - frog/04 has ten distinct transparent expressions with original bounds
  ---
  duration_ms: 14.086525
  type: 'test'
  ...
# Subtest: frog/05 has ten distinct transparent expressions with original bounds
ok 1516 - frog/05 has ten distinct transparent expressions with original bounds
  ---
  duration_ms: 10.219191
  type: 'test'
  ...
# Subtest: frog/06 has ten distinct transparent expressions with original bounds
ok 1517 - frog/06 has ten distinct transparent expressions with original bounds
  ---
  duration_ms: 10.270917
  type: 'test'
  ...
# Subtest: frog/07 has ten distinct transparent expressions with original bounds
ok 1518 - frog/07 has ten distinct transparent expressions with original bounds
  ---
  duration_ms: 11.331961
  type: 'test'
  ...
# Subtest: frog/08 has ten distinct transparent expressions with original bounds
ok 1519 - frog/08 has ten distinct transparent expressions with original bounds
  ---
  duration_ms: 11.182834
  type: 'test'
  ...
# Subtest: clownfish/01 has ten distinct transparent expressions with original bounds
ok 1520 - clownfish/01 has ten distinct transparent expressions with original bounds
  ---
  duration_ms: 9.508549
  type: 'test'
  ...
# Subtest: clownfish/02 has ten distinct transparent expressions with original bounds
ok 1521 - clownfish/02 has ten distinct transparent expressions with original bounds
  ---
  duration_ms: 9.770967
  type: 'test'
  ...
# Subtest: clownfish/03 has ten distinct transparent expressions with original bounds
ok 1522 - clownfish/03 has ten distinct transparent expressions with original bounds
  ---
  duration_ms: 10.074482
  type: 'test'
  ...
# Subtest: clownfish/04 has ten distinct transparent expressions with original bounds
ok 1523 - clownfish/04 has ten distinct transparent expressions with original bounds
  ---
  duration_ms: 12.547412
  type: 'test'
  ...
# Subtest: clownfish/05 has ten distinct transparent expressions with original bounds
ok 1524 - clownfish/05 has ten distinct transparent expressions with original bounds
  ---
  duration_ms: 11.060055
  type: 'test'
  ...
# Subtest: clownfish/06 has ten distinct transparent expressions with original bounds
ok 1525 - clownfish/06 has ten distinct transparent expressions with original bounds
  ---
  duration_ms: 10.327683
  type: 'test'
  ...
# Subtest: clownfish/07 has ten distinct transparent expressions with original bounds
ok 1526 - clownfish/07 has ten distinct transparent expressions with original bounds
  ---
  duration_ms: 10.52545
  type: 'test'
  ...
# Subtest: clownfish/08 has ten distinct transparent expressions with original bounds
ok 1527 - clownfish/08 has ten distinct transparent expressions with original bounds
  ---
  duration_ms: 10.736804
  type: 'test'
  ...
# Subtest: salmon/01 has ten distinct transparent expressions with original bounds
ok 1528 - salmon/01 has ten distinct transparent expressions with original bounds
  ---
  duration_ms: 9.42301
  type: 'test'
  ...
# Subtest: salmon/02 has ten distinct transparent expressions with original bounds
ok 1529 - salmon/02 has ten distinct transparent expressions with original bounds
  ---
  duration_ms: 9.647808
  type: 'test'
  ...
# Subtest: salmon/03 has ten distinct transparent expressions with original bounds
ok 1530 - salmon/03 has ten distinct transparent expressions with original bounds
  ---
  duration_ms: 9.707139
  type: 'test'
  ...
# Subtest: salmon/04 has ten distinct transparent expressions with original bounds
ok 1531 - salmon/04 has ten distinct transparent expressions with original bounds
  ---
  duration_ms: 9.698893
  type: 'test'
  ...
# Subtest: salmon/05 has ten distinct transparent expressions with original bounds
ok 1532 - salmon/05 has ten distinct transparent expressions with original bounds
  ---
  duration_ms: 9.898465
  type: 'test'
  ...
# Subtest: salmon/06 has ten distinct transparent expressions with original bounds
ok 1533 - salmon/06 has ten distinct transparent expressions with original bounds
  ---
  duration_ms: 10.115278
  type: 'test'
  ...
# Subtest: salmon/07 has ten distinct transparent expressions with original bounds
ok 1534 - salmon/07 has ten distinct transparent expressions with original bounds
  ---
  duration_ms: 10.050076
  type: 'test'
  ...
# Subtest: salmon/08 has ten distinct transparent expressions with original bounds
ok 1535 - salmon/08 has ten distinct transparent expressions with original bounds
  ---
  duration_ms: 10.193824
  type: 'test'
  ...
# Subtest: hermit_crab/01 has ten distinct transparent expressions with original bounds
ok 1536 - hermit_crab/01 has ten distinct transparent expressions with original bounds
  ---
  duration_ms: 9.779693
  type: 'test'
  ...
# Subtest: hermit_crab/02 has ten distinct transparent expressions with original bounds
ok 1537 - hermit_crab/02 has ten distinct transparent expressions with original bounds
  ---
  duration_ms: 10.948099
  type: 'test'
  ...
# Subtest: hermit_crab/03 has ten distinct transparent expressions with original bounds
ok 1538 - hermit_crab/03 has ten distinct transparent expressions with original bounds
  ---
  duration_ms: 10.677163
  type: 'test'
  ...
# Subtest: hermit_crab/04 has ten distinct transparent expressions with original bounds
ok 1539 - hermit_crab/04 has ten distinct transparent expressions with original bounds
  ---
  duration_ms: 10.30461
  type: 'test'
  ...
# Subtest: hermit_crab/05 has ten distinct transparent expressions with original bounds
ok 1540 - hermit_crab/05 has ten distinct transparent expressions with original bounds
  ---
  duration_ms: 10.978724
  type: 'test'
  ...
# Subtest: hermit_crab/06 has ten distinct transparent expressions with original bounds
ok 1541 - hermit_crab/06 has ten distinct transparent expressions with original bounds
  ---
  duration_ms: 15.448319
  type: 'test'
  ...
# Subtest: hermit_crab/07 has ten distinct transparent expressions with original bounds
ok 1542 - hermit_crab/07 has ten distinct transparent expressions with original bounds
  ---
  duration_ms: 11.036211
  type: 'test'
  ...
# Subtest: hermit_crab/08 has ten distinct transparent expressions with original bounds
ok 1543 - hermit_crab/08 has ten distinct transparent expressions with original bounds
  ---
  duration_ms: 11.38467
  type: 'test'
  ...
# Subtest: jellyfish/01 has ten distinct transparent expressions with original bounds
ok 1544 - jellyfish/01 has ten distinct transparent expressions with original bounds
  ---
  duration_ms: 24.848196
  type: 'test'
  ...
# Subtest: jellyfish/02 has ten distinct transparent expressions with original bounds
ok 1545 - jellyfish/02 has ten distinct transparent expressions with original bounds
  ---
  duration_ms: 26.197266
  type: 'test'
  ...
# Subtest: jellyfish/03 has ten distinct transparent expressions with original bounds
ok 1546 - jellyfish/03 has ten distinct transparent expressions with original bounds
  ---
  duration_ms: 11.134674
  type: 'test'
  ...
# Subtest: jellyfish/04 has ten distinct transparent expressions with original bounds
ok 1547 - jellyfish/04 has ten distinct transparent expressions with original bounds
  ---
  duration_ms: 10.965279
  type: 'test'
  ...
# Subtest: jellyfish/05 has ten distinct transparent expressions with original bounds
ok 1548 - jellyfish/05 has ten distinct transparent expressions with original bounds
  ---
  duration_ms: 11.029659
  type: 'test'
  ...
# Subtest: jellyfish/06 has ten distinct transparent expressions with original bounds
ok 1549 - jellyfish/06 has ten distinct transparent expressions with original bounds
  ---
  duration_ms: 30.469813
  type: 'test'
  ...
# Subtest: jellyfish/07 has ten distinct transparent expressions with original bounds
ok 1550 - jellyfish/07 has ten distinct transparent expressions with original bounds
  ---
  duration_ms: 26.6847
  type: 'test'
  ...
# Subtest: jellyfish/08 has ten distinct transparent expressions with original bounds
ok 1551 - jellyfish/08 has ten distinct transparent expressions with original bounds
  ---
  duration_ms: 11.859813
  type: 'test'
  ...
# Subtest: starfish/01 has ten distinct transparent expressions with projected approved master bounds
ok 1552 - starfish/01 has ten distinct transparent expressions with projected approved master bounds
  ---
  duration_ms: 13.957666
  type: 'test'
  ...
# Subtest: starfish/02 has ten distinct transparent expressions with projected approved master bounds
ok 1553 - starfish/02 has ten distinct transparent expressions with projected approved master bounds
  ---
  duration_ms: 13.336049
  type: 'test'
  ...
# Subtest: starfish/03 has ten distinct transparent expressions with projected approved master bounds
ok 1554 - starfish/03 has ten distinct transparent expressions with projected approved master bounds
  ---
  duration_ms: 12.074983
  type: 'test'
  ...
# Subtest: starfish/04 has ten distinct transparent expressions with original bounds
ok 1555 - starfish/04 has ten distinct transparent expressions with original bounds
  ---
  duration_ms: 11.0734
  type: 'test'
  ...
# Subtest: starfish/05 has ten distinct transparent expressions with original bounds
ok 1556 - starfish/05 has ten distinct transparent expressions with original bounds
  ---
  duration_ms: 10.701338
  type: 'test'
  ...
# Subtest: starfish/06 has ten distinct transparent expressions with original bounds
ok 1557 - starfish/06 has ten distinct transparent expressions with original bounds
  ---
  duration_ms: 10.635045
  type: 'test'
  ...
# Subtest: starfish/07 has ten distinct transparent expressions with original bounds
ok 1558 - starfish/07 has ten distinct transparent expressions with original bounds
  ---
  duration_ms: 10.473844
  type: 'test'
  ...
# Subtest: starfish/08 has ten distinct transparent expressions with original bounds
ok 1559 - starfish/08 has ten distinct transparent expressions with original bounds
  ---
  duration_ms: 15.240081
  type: 'test'
  ...
# Subtest: coral/01 has ten distinct transparent expressions with original bounds
ok 1560 - coral/01 has ten distinct transparent expressions with original bounds
  ---
  duration_ms: 14.491389
  type: 'test'
  ...
# Subtest: coral/02 has ten distinct transparent expressions with original bounds
ok 1561 - coral/02 has ten distinct transparent expressions with original bounds
  ---
  duration_ms: 14.665413
  type: 'test'
  ...
# Subtest: coral/03 has ten distinct transparent expressions with original bounds
ok 1562 - coral/03 has ten distinct transparent expressions with original bounds
  ---
  duration_ms: 10.998731
  type: 'test'
  ...
# Subtest: coral/04 has ten distinct transparent expressions with original bounds
ok 1563 - coral/04 has ten distinct transparent expressions with original bounds
  ---
  duration_ms: 10.835026
  type: 'test'
  ...
# Subtest: coral/05 has ten distinct transparent expressions with original bounds
ok 1564 - coral/05 has ten distinct transparent expressions with original bounds
  ---
  duration_ms: 16.208844
  type: 'test'
  ...
# Subtest: coral/06 has ten distinct transparent expressions with original bounds
ok 1565 - coral/06 has ten distinct transparent expressions with original bounds
  ---
  duration_ms: 10.892263
  type: 'test'
  ...
# Subtest: coral/07 has ten distinct transparent expressions with original bounds
ok 1566 - coral/07 has ten distinct transparent expressions with original bounds
  ---
  duration_ms: 11.1648
  type: 'test'
  ...
# Subtest: coral/08 has ten distinct transparent expressions with original bounds
ok 1567 - coral/08 has ten distinct transparent expressions with original bounds
  ---
  duration_ms: 10.575263
  type: 'test'
  ...
# Subtest: butterfly/01 has ten distinct transparent expressions with original bounds
ok 1568 - butterfly/01 has ten distinct transparent expressions with original bounds
  ---
  duration_ms: 9.530991
  type: 'test'
  ...
# Subtest: butterfly/02 has ten distinct transparent expressions with original bounds
ok 1569 - butterfly/02 has ten distinct transparent expressions with original bounds
  ---
  duration_ms: 9.969476
  type: 'test'
  ...
# Subtest: butterfly/03 has ten distinct transparent expressions with original bounds
ok 1570 - butterfly/03 has ten distinct transparent expressions with original bounds
  ---
  duration_ms: 10.190297
  type: 'test'
  ...
# Subtest: butterfly/04 has ten distinct transparent expressions with original bounds
ok 1571 - butterfly/04 has ten distinct transparent expressions with original bounds
  ---
  duration_ms: 10.763324
  type: 'test'
  ...
# Subtest: butterfly/05 has ten distinct transparent expressions with original bounds
ok 1572 - butterfly/05 has ten distinct transparent expressions with original bounds
  ---
  duration_ms: 10.102354
  type: 'test'
  ...
# Subtest: butterfly/06 has ten distinct transparent expressions with original bounds
ok 1573 - butterfly/06 has ten distinct transparent expressions with original bounds
  ---
  duration_ms: 10.885551
  type: 'test'
  ...
# Subtest: butterfly/07 has ten distinct transparent expressions with original bounds
ok 1574 - butterfly/07 has ten distinct transparent expressions with original bounds
  ---
  duration_ms: 12.147799
  type: 'test'
  ...
# Subtest: butterfly/08 has ten distinct transparent expressions with original bounds
ok 1575 - butterfly/08 has ten distinct transparent expressions with original bounds
  ---
  duration_ms: 10.948037
  type: 'test'
  ...
# Subtest: beetle/01 has ten distinct transparent expressions with original bounds
ok 1576 - beetle/01 has ten distinct transparent expressions with original bounds
  ---
  duration_ms: 10.075223
  type: 'test'
  ...
# Subtest: beetle/02 has ten distinct transparent expressions with original bounds
ok 1577 - beetle/02 has ten distinct transparent expressions with original bounds
  ---
  duration_ms: 10.024288
  type: 'test'
  ...
# Subtest: beetle/03 has ten distinct transparent expressions with original bounds
ok 1578 - beetle/03 has ten distinct transparent expressions with original bounds
  ---
  duration_ms: 11.603256
  type: 'test'
  ...
# Subtest: beetle/04 has ten distinct transparent expressions with original bounds
ok 1579 - beetle/04 has ten distinct transparent expressions with original bounds
  ---
  duration_ms: 12.662096
  type: 'test'
  ...
# Subtest: beetle/05 has ten distinct transparent expressions with original bounds
ok 1580 - beetle/05 has ten distinct transparent expressions with original bounds
  ---
  duration_ms: 11.961883
  type: 'test'
  ...
# Subtest: beetle/06 has ten distinct transparent expressions with original bounds
ok 1581 - beetle/06 has ten distinct transparent expressions with original bounds
  ---
  duration_ms: 10.289241
  type: 'test'
  ...
# Subtest: beetle/07 has ten distinct transparent expressions with original bounds
ok 1582 - beetle/07 has ten distinct transparent expressions with original bounds
  ---
  duration_ms: 10.513218
  type: 'test'
  ...
# Subtest: beetle/08 has ten distinct transparent expressions with original bounds
ok 1583 - beetle/08 has ten distinct transparent expressions with original bounds
  ---
  duration_ms: 10.771148
  type: 'test'
  ...
# Subtest: stagbeetle/01 has ten distinct transparent expressions with original bounds
ok 1584 - stagbeetle/01 has ten distinct transparent expressions with original bounds
  ---
  duration_ms: 9.660201
  type: 'test'
  ...
# Subtest: stagbeetle/02 has ten distinct transparent expressions with original bounds
ok 1585 - stagbeetle/02 has ten distinct transparent expressions with original bounds
  ---
  duration_ms: 9.976219
  type: 'test'
  ...
# Subtest: stagbeetle/03 has ten distinct transparent expressions with original bounds
ok 1586 - stagbeetle/03 has ten distinct transparent expressions with original bounds
  ---
  duration_ms: 11.568771
  type: 'test'
  ...
# Subtest: stagbeetle/04 has ten distinct transparent expressions with original bounds
ok 1587 - stagbeetle/04 has ten distinct transparent expressions with original bounds
  ---
  duration_ms: 11.891743
  type: 'test'
  ...
# Subtest: stagbeetle/05 has ten distinct transparent expressions with original bounds
ok 1588 - stagbeetle/05 has ten distinct transparent expressions with original bounds
  ---
  duration_ms: 12.981089
  type: 'test'
  ...
# Subtest: stagbeetle/06 has ten distinct transparent expressions with original bounds
ok 1589 - stagbeetle/06 has ten distinct transparent expressions with original bounds
  ---
  duration_ms: 10.007186
  type: 'test'
  ...
# Subtest: stagbeetle/07 has ten distinct transparent expressions with original bounds
ok 1590 - stagbeetle/07 has ten distinct transparent expressions with original bounds
  ---
  duration_ms: 10.249247
  type: 'test'
  ...
# Subtest: stagbeetle/08 has ten distinct transparent expressions with original bounds
ok 1591 - stagbeetle/08 has ten distinct transparent expressions with original bounds
  ---
  duration_ms: 10.206969
  type: 'test'
  ...
# Subtest: cicada/01 has ten distinct transparent expressions with original bounds
ok 1592 - cicada/01 has ten distinct transparent expressions with original bounds
  ---
  duration_ms: 10.726735
  type: 'test'
  ...
# Subtest: cicada/02 has ten distinct transparent expressions with original bounds
ok 1593 - cicada/02 has ten distinct transparent expressions with original bounds
  ---
  duration_ms: 13.053704
  type: 'test'
  ...
# Subtest: cicada/03 has ten distinct transparent expressions with original bounds
ok 1594 - cicada/03 has ten distinct transparent expressions with original bounds
  ---
  duration_ms: 17.249138
  type: 'test'
  ...
# Subtest: cicada/04 has ten distinct transparent expressions with original bounds
ok 1595 - cicada/04 has ten distinct transparent expressions with original bounds
  ---
  duration_ms: 21.89369
  type: 'test'
  ...
# Subtest: cicada/05 has ten distinct transparent expressions with original bounds
ok 1596 - cicada/05 has ten distinct transparent expressions with original bounds
  ---
  duration_ms: 15.616631
  type: 'test'
  ...
# Subtest: cicada/06 has ten distinct transparent expressions with original bounds
ok 1597 - cicada/06 has ten distinct transparent expressions with original bounds
  ---
  duration_ms: 20.015164
  type: 'test'
  ...
# Subtest: cicada/07 has ten distinct transparent expressions with original bounds
ok 1598 - cicada/07 has ten distinct transparent expressions with original bounds
  ---
  duration_ms: 23.068527
  type: 'test'
  ...
# Subtest: cicada/08 has ten distinct transparent expressions with original bounds
ok 1599 - cicada/08 has ten distinct transparent expressions with original bounds
  ---
  duration_ms: 13.757975
  type: 'test'
  ...
# Subtest: antlion/01 has ten distinct transparent expressions with original bounds
ok 1600 - antlion/01 has ten distinct transparent expressions with original bounds
  ---
  duration_ms: 15.425166
  type: 'test'
  ...
# Subtest: antlion/02 has ten distinct transparent expressions with original bounds
ok 1601 - antlion/02 has ten distinct transparent expressions with original bounds
  ---
  duration_ms: 13.894808
  type: 'test'
  ...
# Subtest: antlion/03 has ten distinct transparent expressions with original bounds
ok 1602 - antlion/03 has ten distinct transparent expressions with original bounds
  ---
  duration_ms: 17.173308
  type: 'test'
  ...
# Subtest: antlion/04 has ten distinct transparent expressions with original bounds
ok 1603 - antlion/04 has ten distinct transparent expressions with original bounds
  ---
  duration_ms: 19.306717
  type: 'test'
  ...
# Subtest: antlion/05 has ten distinct transparent expressions with original bounds
ok 1604 - antlion/05 has ten distinct transparent expressions with original bounds
  ---
  duration_ms: 11.308077
  type: 'test'
  ...
# Subtest: antlion/06 has ten distinct transparent expressions with original bounds
ok 1605 - antlion/06 has ten distinct transparent expressions with original bounds
  ---
  duration_ms: 10.996477
  type: 'test'
  ...
# Subtest: antlion/07 has ten distinct transparent expressions with original bounds
ok 1606 - antlion/07 has ten distinct transparent expressions with original bounds
  ---
  duration_ms: 10.808917
  type: 'test'
  ...
# Subtest: antlion/08 has ten distinct transparent expressions with original bounds
ok 1607 - antlion/08 has ten distinct transparent expressions with original bounds
  ---
  duration_ms: 10.663277
  type: 'test'
  ...
# Subtest: dandelion/01 has ten distinct transparent expressions with original bounds
ok 1608 - dandelion/01 has ten distinct transparent expressions with original bounds
  ---
  duration_ms: 11.432658
  type: 'test'
  ...
# Subtest: dandelion/02 has ten distinct transparent expressions with original bounds
ok 1609 - dandelion/02 has ten distinct transparent expressions with original bounds
  ---
  duration_ms: 10.345015
  type: 'test'
  ...
# Subtest: dandelion/03 has ten distinct transparent expressions with original bounds
ok 1610 - dandelion/03 has ten distinct transparent expressions with original bounds
  ---
  duration_ms: 12.082367
  type: 'test'
  ...
# Subtest: dandelion/04 has ten distinct transparent expressions with original bounds
ok 1611 - dandelion/04 has ten distinct transparent expressions with original bounds
  ---
  duration_ms: 10.413152
  type: 'test'
  ...
# Subtest: dandelion/05 has ten distinct transparent expressions with original bounds
ok 1612 - dandelion/05 has ten distinct transparent expressions with original bounds
  ---
  duration_ms: 10.527454
  type: 'test'
  ...
# Subtest: dandelion/06 has ten distinct transparent expressions with original bounds
ok 1613 - dandelion/06 has ten distinct transparent expressions with original bounds
  ---
  duration_ms: 10.937026
  type: 'test'
  ...
# Subtest: dandelion/07 has ten distinct transparent expressions with original bounds
ok 1614 - dandelion/07 has ten distinct transparent expressions with original bounds
  ---
  duration_ms: 12.602484
  type: 'test'
  ...
# Subtest: dandelion/08 has ten distinct transparent expressions with original bounds
ok 1615 - dandelion/08 has ten distinct transparent expressions with original bounds
  ---
  duration_ms: 25.749132
  type: 'test'
  ...
# Subtest: sakura/01 has ten distinct transparent expressions with original bounds
ok 1616 - sakura/01 has ten distinct transparent expressions with original bounds
  ---
  duration_ms: 10.565816
  type: 'test'
  ...
# Subtest: sakura/02 has ten distinct transparent expressions with original bounds
ok 1617 - sakura/02 has ten distinct transparent expressions with original bounds
  ---
  duration_ms: 9.887494
  type: 'test'
  ...
# Subtest: sakura/03 has ten distinct transparent expressions with original bounds
ok 1618 - sakura/03 has ten distinct transparent expressions with original bounds
  ---
  duration_ms: 10.233727
  type: 'test'
  ...
# Subtest: sakura/04 has ten distinct transparent expressions with original bounds
ok 1619 - sakura/04 has ten distinct transparent expressions with original bounds
  ---
  duration_ms: 10.964317
  type: 'test'
  ...
# Subtest: sakura/05 has ten distinct transparent expressions with original bounds
ok 1620 - sakura/05 has ten distinct transparent expressions with original bounds
  ---
  duration_ms: 10.559765
  type: 'test'
  ...
# Subtest: sakura/06 has ten distinct transparent expressions with original bounds
ok 1621 - sakura/06 has ten distinct transparent expressions with original bounds
  ---
  duration_ms: 10.551178
  type: 'test'
  ...
# Subtest: sakura/07 has ten distinct transparent expressions with original bounds
ok 1622 - sakura/07 has ten distinct transparent expressions with original bounds
  ---
  duration_ms: 10.71307
  type: 'test'
  ...
# Subtest: sakura/08 has ten distinct transparent expressions with original bounds
ok 1623 - sakura/08 has ten distinct transparent expressions with original bounds
  ---
  duration_ms: 10.945713
  type: 'test'
  ...
# Subtest: venus_flytrap/01 has ten distinct transparent expressions with original bounds
ok 1624 - venus_flytrap/01 has ten distinct transparent expressions with original bounds
  ---
  duration_ms: 11.159149
  type: 'test'
  ...
# Subtest: venus_flytrap/02 has ten distinct transparent expressions with original bounds
ok 1625 - venus_flytrap/02 has ten distinct transparent expressions with original bounds
  ---
  duration_ms: 9.489924
  type: 'test'
  ...
# Subtest: venus_flytrap/03 has ten distinct transparent expressions with original bounds
ok 1626 - venus_flytrap/03 has ten distinct transparent expressions with original bounds
  ---
  duration_ms: 9.87504
  type: 'test'
  ...
# Subtest: venus_flytrap/04 has ten distinct transparent expressions with original bounds
ok 1627 - venus_flytrap/04 has ten distinct transparent expressions with original bounds
  ---
  duration_ms: 11.30489
  type: 'test'
  ...
# Subtest: venus_flytrap/05 has ten distinct transparent expressions with original bounds
ok 1628 - venus_flytrap/05 has ten distinct transparent expressions with original bounds
  ---
  duration_ms: 12.332592
  type: 'test'
  ...
# Subtest: venus_flytrap/06 has ten distinct transparent expressions with original bounds
ok 1629 - venus_flytrap/06 has ten distinct transparent expressions with original bounds
  ---
  duration_ms: 10.598817
  type: 'test'
  ...
# Subtest: venus_flytrap/07 has ten distinct transparent expressions with original bounds
ok 1630 - venus_flytrap/07 has ten distinct transparent expressions with original bounds
  ---
  duration_ms: 11.395529
  type: 'test'
  ...
# Subtest: venus_flytrap/08 has ten distinct transparent expressions with original bounds
ok 1631 - venus_flytrap/08 has ten distinct transparent expressions with original bounds
  ---
  duration_ms: 11.134473
  type: 'test'
  ...
# Subtest: mushroom/01 has ten distinct transparent expressions with original bounds
ok 1632 - mushroom/01 has ten distinct transparent expressions with original bounds
  ---
  duration_ms: 10.625627
  type: 'test'
  ...
# Subtest: mushroom/02 has ten distinct transparent expressions with original bounds
ok 1633 - mushroom/02 has ten distinct transparent expressions with original bounds
  ---
  duration_ms: 12.03014
  type: 'test'
  ...
# Subtest: mushroom/03 has ten distinct transparent expressions with original bounds
ok 1634 - mushroom/03 has ten distinct transparent expressions with original bounds
  ---
  duration_ms: 10.027343
  type: 'test'
  ...
# Subtest: mushroom/04 has ten distinct transparent expressions with original bounds
ok 1635 - mushroom/04 has ten distinct transparent expressions with original bounds
  ---
  duration_ms: 9.890069
  type: 'test'
  ...
# Subtest: mushroom/05 has ten distinct transparent expressions with original bounds
ok 1636 - mushroom/05 has ten distinct transparent expressions with original bounds
  ---
  duration_ms: 10.781727
  type: 'test'
  ...
# Subtest: mushroom/06 has ten distinct transparent expressions with original bounds
ok 1637 - mushroom/06 has ten distinct transparent expressions with original bounds
  ---
  duration_ms: 10.4126
  type: 'test'
  ...
# Subtest: mushroom/07 has ten distinct transparent expressions with original bounds
ok 1638 - mushroom/07 has ten distinct transparent expressions with original bounds
  ---
  duration_ms: 10.804941
  type: 'test'
  ...
# Subtest: mushroom/08 has ten distinct transparent expressions with original bounds
ok 1639 - mushroom/08 has ten distinct transparent expressions with original bounds
  ---
  duration_ms: 10.85868
  type: 'test'
  ...
# Subtest: dragon/01 has ten distinct transparent expressions with original bounds
ok 1640 - dragon/01 has ten distinct transparent expressions with original bounds
  ---
  duration_ms: 10.73481
  type: 'test'
  ...
# Subtest: dragon/02 has ten distinct transparent expressions with original bounds
ok 1641 - dragon/02 has ten distinct transparent expressions with original bounds
  ---
  duration_ms: 15.345307
  type: 'test'
  ...
# Subtest: dragon/03 has ten distinct transparent expressions with original bounds
ok 1642 - dragon/03 has ten distinct transparent expressions with original bounds
  ---
  duration_ms: 10.540609
  type: 'test'
  ...
# Subtest: dragon/04 has ten distinct transparent expressions with original bounds
ok 1643 - dragon/04 has ten distinct transparent expressions with original bounds
  ---
  duration_ms: 16.001628
  type: 'test'
  ...
# Subtest: dragon/05 has ten distinct transparent expressions with original bounds
ok 1644 - dragon/05 has ten distinct transparent expressions with original bounds
  ---
  duration_ms: 10.812605
  type: 'test'
  ...
# Subtest: dragon/06 has ten distinct transparent expressions with original bounds
ok 1645 - dragon/06 has ten distinct transparent expressions with original bounds
  ---
  duration_ms: 10.785003
  type: 'test'
  ...
# Subtest: dragon/07 has ten distinct transparent expressions with original bounds
ok 1646 - dragon/07 has ten distinct transparent expressions with original bounds
  ---
  duration_ms: 11.338764
  type: 'test'
  ...
# Subtest: dragon/08 has ten distinct transparent expressions with original bounds
ok 1647 - dragon/08 has ten distinct transparent expressions with original bounds
  ---
  duration_ms: 14.154882
  type: 'test'
  ...
# Subtest: phoenix/01 has ten distinct transparent expressions with original bounds
ok 1648 - phoenix/01 has ten distinct transparent expressions with original bounds
  ---
  duration_ms: 13.083199
  type: 'test'
  ...
# Subtest: phoenix/02 has ten distinct transparent expressions with original bounds
ok 1649 - phoenix/02 has ten distinct transparent expressions with original bounds
  ---
  duration_ms: 12.866286
  type: 'test'
  ...
# Subtest: phoenix/03 has ten distinct transparent expressions with original bounds
ok 1650 - phoenix/03 has ten distinct transparent expressions with original bounds
  ---
  duration_ms: 13.359673
  type: 'test'
  ...
# Subtest: phoenix/04 has ten distinct transparent expressions with original bounds
ok 1651 - phoenix/04 has ten distinct transparent expressions with original bounds
  ---
  duration_ms: 10.614066
  type: 'test'
  ...
# Subtest: phoenix/05 has ten distinct transparent expressions with original bounds
ok 1652 - phoenix/05 has ten distinct transparent expressions with original bounds
  ---
  duration_ms: 11.099689
  type: 'test'
  ...
# Subtest: phoenix/06 has ten distinct transparent expressions with original bounds
ok 1653 - phoenix/06 has ten distinct transparent expressions with original bounds
  ---
  duration_ms: 12.179026
  type: 'test'
  ...
# Subtest: phoenix/07 has ten distinct transparent expressions with original bounds
ok 1654 - phoenix/07 has ten distinct transparent expressions with original bounds
  ---
  duration_ms: 10.555617
  type: 'test'
  ...
# Subtest: phoenix/08 has ten distinct transparent expressions with original bounds
ok 1655 - phoenix/08 has ten distinct transparent expressions with original bounds
  ---
  duration_ms: 9.938017
  type: 'test'
  ...
# Subtest: god/01 has ten distinct transparent expressions with original bounds
ok 1656 - god/01 has ten distinct transparent expressions with original bounds
  ---
  duration_ms: 11.988783
  type: 'test'
  ...
# Subtest: god/02 has ten distinct transparent expressions with original bounds
ok 1657 - god/02 has ten distinct transparent expressions with original bounds
  ---
  duration_ms: 22.531585
  type: 'test'
  ...
# Subtest: god/03 has ten distinct transparent expressions with original bounds
ok 1658 - god/03 has ten distinct transparent expressions with original bounds
  ---
  duration_ms: 20.158101
  type: 'test'
  ...
# Subtest: god/04 has ten distinct transparent expressions with original bounds
ok 1659 - god/04 has ten distinct transparent expressions with original bounds
  ---
  duration_ms: 15.272571
  type: 'test'
  ...
# Subtest: god/05 has ten distinct transparent expressions with original bounds
ok 1660 - god/05 has ten distinct transparent expressions with original bounds
  ---
  duration_ms: 11.080373
  type: 'test'
  ...
# Subtest: god/06 has ten distinct transparent expressions with original bounds
ok 1661 - god/06 has ten distinct transparent expressions with original bounds
  ---
  duration_ms: 11.18075
  type: 'test'
  ...
# Subtest: god/07 has ten distinct transparent expressions with original bounds
ok 1662 - god/07 has ten distinct transparent expressions with original bounds
  ---
  duration_ms: 11.0087
  type: 'test'
  ...
# Subtest: god/08 has ten distinct transparent expressions with original bounds
ok 1663 - god/08 has ten distinct transparent expressions with original bounds
  ---
  duration_ms: 10.699575
  type: 'test'
  ...
# Subtest: world_tree/01 has ten distinct transparent expressions with original bounds
ok 1664 - world_tree/01 has ten distinct transparent expressions with original bounds
  ---
  duration_ms: 10.763904
  type: 'test'
  ...
# Subtest: world_tree/02 has ten distinct transparent expressions with original bounds
ok 1665 - world_tree/02 has ten distinct transparent expressions with original bounds
  ---
  duration_ms: 14.175161
  type: 'test'
  ...
# Subtest: world_tree/03 has ten distinct transparent expressions with original bounds
ok 1666 - world_tree/03 has ten distinct transparent expressions with original bounds
  ---
  duration_ms: 19.837044
  type: 'test'
  ...
# Subtest: world_tree/04 has ten distinct transparent expressions with original bounds
ok 1667 - world_tree/04 has ten distinct transparent expressions with original bounds
  ---
  duration_ms: 10.249136
  type: 'test'
  ...
# Subtest: world_tree/05 has ten distinct transparent expressions with original bounds
ok 1668 - world_tree/05 has ten distinct transparent expressions with original bounds
  ---
  duration_ms: 11.401792
  type: 'test'
  ...
# Subtest: world_tree/06 has ten distinct transparent expressions with original bounds
ok 1669 - world_tree/06 has ten distinct transparent expressions with original bounds
  ---
  duration_ms: 10.694225
  type: 'test'
  ...
# Subtest: world_tree/07 has ten distinct transparent expressions with original bounds
ok 1670 - world_tree/07 has ten distinct transparent expressions with original bounds
  ---
  duration_ms: 11.050227
  type: 'test'
  ...
# Subtest: world_tree/08 has ten distinct transparent expressions with original bounds
ok 1671 - world_tree/08 has ten distinct transparent expressions with original bounds
  ---
  duration_ms: 10.314949
  type: 'test'
  ...
# Subtest: ghost/01 has ten distinct transparent expressions with original bounds
ok 1672 - ghost/01 has ten distinct transparent expressions with original bounds
  ---
  duration_ms: 13.766871
  type: 'test'
  ...
# Subtest: ghost/02 has ten distinct transparent expressions with original bounds
ok 1673 - ghost/02 has ten distinct transparent expressions with original bounds
  ---
  duration_ms: 9.83666
  type: 'test'
  ...
# Subtest: ghost/03 has ten distinct transparent expressions with original bounds
ok 1674 - ghost/03 has ten distinct transparent expressions with original bounds
  ---
  duration_ms: 12.439572
  type: 'test'
  ...
# Subtest: ghost/04 has ten distinct transparent expressions with original bounds
ok 1675 - ghost/04 has ten distinct transparent expressions with original bounds
  ---
  duration_ms: 10.404406
  type: 'test'
  ...
# Subtest: ghost/05 has ten distinct transparent expressions with original bounds
ok 1676 - ghost/05 has ten distinct transparent expressions with original bounds
  ---
  duration_ms: 10.588869
  type: 'test'
  ...
# Subtest: ghost/06 has ten distinct transparent expressions with original bounds
ok 1677 - ghost/06 has ten distinct transparent expressions with original bounds
  ---
  duration_ms: 10.622211
  type: 'test'
  ...
# Subtest: ghost/07 has ten distinct transparent expressions with original bounds
ok 1678 - ghost/07 has ten distinct transparent expressions with original bounds
  ---
  duration_ms: 10.477221
  type: 'test'
  ...
# Subtest: ghost/08 has ten distinct transparent expressions with original bounds
ok 1679 - ghost/08 has ten distinct transparent expressions with original bounds
  ---
  duration_ms: 10.918402
  type: 'test'
  ...
# Subtest: star/01 has ten distinct transparent expressions with original bounds
ok 1680 - star/01 has ten distinct transparent expressions with original bounds
  ---
  duration_ms: 8.958185
  type: 'test'
  ...
# Subtest: star/02 has ten distinct transparent expressions with original bounds
ok 1681 - star/02 has ten distinct transparent expressions with original bounds
  ---
  duration_ms: 9.835267
  type: 'test'
  ...
# Subtest: star/03 has ten distinct transparent expressions with original bounds
ok 1682 - star/03 has ten distinct transparent expressions with original bounds
  ---
  duration_ms: 9.854593
  type: 'test'
  ...
# Subtest: star/04 has ten distinct transparent expressions with original bounds
ok 1683 - star/04 has ten distinct transparent expressions with original bounds
  ---
  duration_ms: 10.321121
  type: 'test'
  ...
# Subtest: star/05 has ten distinct transparent expressions with original bounds
ok 1684 - star/05 has ten distinct transparent expressions with original bounds
  ---
  duration_ms: 10.409926
  type: 'test'
  ...
# Subtest: star/06 has ten distinct transparent expressions with original bounds
ok 1685 - star/06 has ten distinct transparent expressions with original bounds
  ---
  duration_ms: 11.318807
  type: 'test'
  ...
# Subtest: star/07 has ten distinct transparent expressions with original bounds
ok 1686 - star/07 has ten distinct transparent expressions with original bounds
  ---
  duration_ms: 10.988843
  type: 'test'
  ...
# Subtest: star/08 has ten distinct transparent expressions with original bounds
ok 1687 - star/08 has ten distinct transparent expressions with original bounds
  ---
  duration_ms: 10.110649
  type: 'test'
  ...
# Subtest: plush/01 has ten distinct transparent expressions with original bounds
ok 1688 - plush/01 has ten distinct transparent expressions with original bounds
  ---
  duration_ms: 11.334967
  type: 'test'
  ...
# Subtest: plush/02 has ten distinct transparent expressions with original bounds
ok 1689 - plush/02 has ten distinct transparent expressions with original bounds
  ---
  duration_ms: 10.889047
  type: 'test'
  ...
# Subtest: plush/03 has ten distinct transparent expressions with original bounds
ok 1690 - plush/03 has ten distinct transparent expressions with original bounds
  ---
  duration_ms: 10.705466
  type: 'test'
  ...
# Subtest: plush/04 has ten distinct transparent expressions with original bounds
ok 1691 - plush/04 has ten distinct transparent expressions with original bounds
  ---
  duration_ms: 12.280816
  type: 'test'
  ...
# Subtest: plush/05 has ten distinct transparent expressions with original bounds
ok 1692 - plush/05 has ten distinct transparent expressions with original bounds
  ---
  duration_ms: 11.125587
  type: 'test'
  ...
# Subtest: plush/06 has ten distinct transparent expressions with original bounds
ok 1693 - plush/06 has ten distinct transparent expressions with original bounds
  ---
  duration_ms: 11.275937
  type: 'test'
  ...
# Subtest: plush/07 has ten distinct transparent expressions with original bounds
ok 1694 - plush/07 has ten distinct transparent expressions with original bounds
  ---
  duration_ms: 14.678507
  type: 'test'
  ...
# Subtest: plush/08 has ten distinct transparent expressions with original bounds
ok 1695 - plush/08 has ten distinct transparent expressions with original bounds
  ---
  duration_ms: 13.758916
  type: 'test'
  ...
# Subtest: unknown/01 has ten distinct transparent expressions with original bounds
ok 1696 - unknown/01 has ten distinct transparent expressions with original bounds
  ---
  duration_ms: 9.109406
  type: 'test'
  ...
# Subtest: unknown/02 has ten distinct transparent expressions with original bounds
ok 1697 - unknown/02 has ten distinct transparent expressions with original bounds
  ---
  duration_ms: 9.574011
  type: 'test'
  ...
# Subtest: unknown/03 has ten distinct transparent expressions with original bounds
ok 1698 - unknown/03 has ten distinct transparent expressions with original bounds
  ---
  duration_ms: 9.885941
  type: 'test'
  ...
# Subtest: unknown/04 has ten distinct transparent expressions with original bounds
ok 1699 - unknown/04 has ten distinct transparent expressions with original bounds
  ---
  duration_ms: 10.036061
  type: 'test'
  ...
# Subtest: unknown/05 has ten distinct transparent expressions with original bounds
ok 1700 - unknown/05 has ten distinct transparent expressions with original bounds
  ---
  duration_ms: 10.301093
  type: 'test'
  ...
# Subtest: unknown/06 has ten distinct transparent expressions with original bounds
ok 1701 - unknown/06 has ten distinct transparent expressions with original bounds
  ---
  duration_ms: 16.392556
  type: 'test'
  ...
# Subtest: unknown/07 has ten distinct transparent expressions with original bounds
ok 1702 - unknown/07 has ten distinct transparent expressions with original bounds
  ---
  duration_ms: 9.113875
  type: 'test'
  ...
# Subtest: unknown/08 has ten distinct transparent expressions with original bounds
ok 1703 - unknown/08 has ten distinct transparent expressions with original bounds
  ---
  duration_ms: 9.189375
  type: 'test'
  ...
# Subtest: ren/01 has ten distinct transparent expressions with original bounds
ok 1704 - ren/01 has ten distinct transparent expressions with original bounds
  ---
  duration_ms: 16.008992
  type: 'test'
  ...
# Subtest: ren/02 has ten distinct transparent expressions with original bounds
ok 1705 - ren/02 has ten distinct transparent expressions with original bounds
  ---
  duration_ms: 13.078109
  type: 'test'
  ...
# Subtest: ren/03 has ten distinct transparent expressions with original bounds
ok 1706 - ren/03 has ten distinct transparent expressions with original bounds
  ---
  duration_ms: 10.187602
  type: 'test'
  ...
# Subtest: ren/04 has ten distinct transparent expressions with original bounds
ok 1707 - ren/04 has ten distinct transparent expressions with original bounds
  ---
  duration_ms: 12.922109
  type: 'test'
  ...
# Subtest: ren/05 has ten distinct transparent expressions with original bounds
ok 1708 - ren/05 has ten distinct transparent expressions with original bounds
  ---
  duration_ms: 13.505926
  type: 'test'
  ...
# Subtest: ren/06 has ten distinct transparent expressions with original bounds
ok 1709 - ren/06 has ten distinct transparent expressions with original bounds
  ---
  duration_ms: 10.586164
  type: 'test'
  ...
# Subtest: ren/07 has ten distinct transparent expressions with original bounds
ok 1710 - ren/07 has ten distinct transparent expressions with original bounds
  ---
  duration_ms: 10.305703
  type: 'test'
  ...
# Subtest: ren/08 has ten distinct transparent expressions with original bounds
ok 1711 - ren/08 has ten distinct transparent expressions with original bounds
  ---
  duration_ms: 10.323605
  type: 'test'
  ...
# Subtest: normalization produces identical framing for high-resolution and projected masters
ok 1712 - normalization produces identical framing for high-resolution and projected masters
  ---
  duration_ms: 1261.177851
  type: 'test'
  ...
# Subtest: starfish/02 left illness sweat and silver mark clear the new body at Home sizes
ok 1713 - starfish/02 left illness sweat and silver mark clear the new body at Home sizes
  ---
  duration_ms: 1218.544919
  type: 'test'
  ...
# Subtest: starfish/03 left illness sweat and silver mark clear the new body at Home sizes
ok 1714 - starfish/03 left illness sweat and silver mark clear the new body at Home sizes
  ---
  duration_ms: 997.71774
  type: 'test'
  ...
# Subtest: real home emotion profiles select only the adult cat portrait
ok 1715 - real home emotion profiles select only the adult cat portrait
  ---
  duration_ms: 503.191821
  type: 'test'
  ...
# Subtest: adult-cat expressions append unique static accents inside the existing visual
ok 1716 - adult-cat expressions append unique static accents inside the existing visual
  ---
  duration_ms: 304.30652
  type: 'test'
  ...
# Subtest: real play and medicine outcomes use semantic temporary faces
ok 1717 - real play and medicine outcomes use semantic temporary faces
  ---
  duration_ms: 154.636521
  type: 'test'
  ...
# Subtest: feed afterglow starts happy only after the validated result and expires to latest state
ok 1718 - feed afterglow starts happy only after the validated result and expires to latest state
  ---
  duration_ms: 30.685785
  type: 'test'
  ...
# Subtest: a real cure receives the same validated happy afterglow
ok 1719 - a real cure receives the same validated happy afterglow
  ---
  duration_ms: 27.808112
  type: 'test'
  ...
# Subtest: reduced motion keeps the static happy afterglow for one second without animation
ok 1720 - reduced motion keeps the static happy afterglow for one second without animation
  ---
  duration_ms: 40.282849
  type: 'test'
  ...
# Subtest: only pet semantic speech starts a temporary face
ok 1721 - only pet semantic speech starts a temporary face
  ---
  duration_ms: 34.348019
  type: 'test'
  ...
# Subtest: critical state interrupts happy immediately and expiry cannot restore stale state
ok 1722 - critical state interrupts happy immediately and expiry cannot restore stale state
  ---
  duration_ms: 42.481209
  type: 'test'
  ...
# Subtest: a new life cancels the old face timer
ok 1723 - a new life cancels the old face timer
  ---
  duration_ms: 29.241418
  type: 'test'
  ...
# Subtest: sleep uses its own face, and waking shows normal before latest-state reevaluation
ok 1724 - sleep uses its own face, and waking shows normal before latest-state reevaluation
  ---
  duration_ms: 30.200192
  type: 'test'
  ...
# Subtest: form changes and blocked screens clear the temporary face and accent
ok 1725 - form changes and blocked screens clear the temporary face and accent
  ---
  duration_ms: 237.64679
  type: 'test'
  ...
# Subtest: expression rendering does not alter saves, cast geometry, or 26 companions
ok 1726 - expression rendering does not alter saves, cast geometry, or 26 companions
  ---
  duration_ms: 49.660905
  type: 'test'
  ...
# Subtest: a failed expression portrait retries the original before the emoji fallback
ok 1727 - a failed expression portrait retries the original before the emoji fallback
  ---
  duration_ms: 32.63976
  type: 'test'
  ...
# Subtest: home care colors follow existing mood and fatigue boundaries and reset after sleep/recovery
ok 1728 - home care colors follow existing mood and fatigue boundaries and reset after sleep/recovery
  ---
  duration_ms: 26.571792
  type: 'test'
  ...
# Subtest: progress meter colors vary with fill without altering game state or life direction
ok 1729 - progress meter colors vary with fill without altering game state or life direction
  ---
  duration_ms: 25.852774
  type: 'test'
  ...
# Subtest: overfeeding shows discomfort before a random story can replace it
ok 1730 - overfeeding shows discomfort before a random story can replace it
  ---
  duration_ms: 28.234055
  type: 'test'
  ...
# Subtest: a newer care action cancels an older delayed overfeeding story
ok 1731 - a newer care action cancels an older delayed overfeeding story
  ---
  duration_ms: 43.852941
  type: 'test'
  ...
# Subtest: kitten home uses its own portraits, care reactions and sleeping face without save changes
ok 1732 - kitten home uses its own portraits, care reactions and sleeping face without save changes
  ---
  duration_ms: 26.730457
  type: 'test'
  ...
# Subtest: otemba home uses its own portraits, care reactions and sleeping face without save changes
ok 1733 - otemba home uses its own portraits, care reactions and sleeping face without save changes
  ---
  duration_ms: 45.439672
  type: 'test'
  ...
# Subtest: young home uses its own portraits, care reactions and sleeping face without save changes
ok 1734 - young home uses its own portraits, care reactions and sleeping face without save changes
  ---
  duration_ms: 24.45272
  type: 'test'
  ...
# Subtest: calm home uses its own portraits, care reactions and sleeping face without save changes
ok 1735 - calm home uses its own portraits, care reactions and sleeping face without save changes
  ---
  duration_ms: 27.167129
  type: 'test'
  ...
# Subtest: elder home uses its own portraits, care reactions and sleeping face without save changes
ok 1736 - elder home uses its own portraits, care reactions and sleeping face without save changes
  ---
  duration_ms: 45.786378
  type: 'test'
  ...
# Subtest: toddler home uses its own portraits, care reactions and sleeping face without save changes
ok 1737 - toddler home uses its own portraits, care reactions and sleeping face without save changes
  ---
  duration_ms: 25.170956
  type: 'test'
  ...
# Subtest: baby home uses its own portraits, care reactions and sleeping face without save changes
ok 1738 - baby home uses its own portraits, care reactions and sleeping face without save changes
  ---
  duration_ms: 25.241427
  type: 'test'
  ...
# Subtest: adult dog shows all ten state and reaction faces without changing saved state
ok 1739 - adult dog shows all ten state and reaction faces without changing saved state
  ---
  duration_ms: 300.57725
  type: 'test'
  ...
# Subtest: puppy shows all ten state and reaction faces without changing saved state
ok 1740 - puppy shows all ten state and reaction faces without changing saved state
  ---
  duration_ms: 256.04746
  type: 'test'
  ...
# Subtest: wanpaku shows all ten state and reaction faces without changing saved state
ok 1741 - wanpaku shows all ten state and reaction faces without changing saved state
  ---
  duration_ms: 267.822936
  type: 'test'
  ...
# Subtest: young dog shows all ten state and reaction faces without changing saved state
ok 1742 - young dog shows all ten state and reaction faces without changing saved state
  ---
  duration_ms: 273.482606
  type: 'test'
  ...
# Subtest: young dog routing is limited to ages sixteen through twenty-one
ok 1743 - young dog routing is limited to ages sixteen through twenty-one
  ---
  duration_ms: 95.78958
  type: 'test'
  ...
# Subtest: calm dog shows all ten state and reaction faces without changing saved state
ok 1744 - calm dog shows all ten state and reaction faces without changing saved state
  ---
  duration_ms: 296.763827
  type: 'test'
  ...
# Subtest: calm dog routing is limited to ages forty through sixty-nine
ok 1745 - calm dog routing is limited to ages forty through sixty-nine
  ---
  duration_ms: 122.508706
  type: 'test'
  ...
# Subtest: baby dog shows all ten state and reaction faces without changing saved state
ok 1746 - baby dog shows all ten state and reaction faces without changing saved state
  ---
  duration_ms: 328.830941
  type: 'test'
  ...
# Subtest: toddler dog shows all ten state and reaction faces without changing saved state
ok 1747 - toddler dog shows all ten state and reaction faces without changing saved state
  ---
  duration_ms: 263.595392
  type: 'test'
  ...
# Subtest: elder dog shows all ten state and reaction faces without changing saved state
ok 1748 - elder dog shows all ten state and reaction faces without changing saved state
  ---
  duration_ms: 316.53592
  type: 'test'
  ...
# Subtest: remaining dog stage boundaries select their own portraits
ok 1749 - remaining dog stage boundaries select their own portraits
  ---
  duration_ms: 285.039884
  type: 'test'
  ...
# Subtest: man/01 renders all ten states and reactions without mutating saved state
ok 1750 - man/01 renders all ten states and reactions without mutating saved state
  ---
  duration_ms: 324.39539
  type: 'test'
  ...
# Subtest: man/02 renders all ten states and reactions without mutating saved state
ok 1751 - man/02 renders all ten states and reactions without mutating saved state
  ---
  duration_ms: 302.850175
  type: 'test'
  ...
# Subtest: man/03 renders all ten states and reactions without mutating saved state
ok 1752 - man/03 renders all ten states and reactions without mutating saved state
  ---
  duration_ms: 370.126314
  type: 'test'
  ...
# Subtest: man/04 renders all ten states and reactions without mutating saved state
ok 1753 - man/04 renders all ten states and reactions without mutating saved state
  ---
  duration_ms: 309.12276
  type: 'test'
  ...
# Subtest: man/05 renders all ten states and reactions without mutating saved state
ok 1754 - man/05 renders all ten states and reactions without mutating saved state
  ---
  duration_ms: 295.690259
  type: 'test'
  ...
# Subtest: man/06 renders all ten states and reactions without mutating saved state
ok 1755 - man/06 renders all ten states and reactions without mutating saved state
  ---
  duration_ms: 274.649536
  type: 'test'
  ...
# Subtest: man/07 renders all ten states and reactions without mutating saved state
ok 1756 - man/07 renders all ten states and reactions without mutating saved state
  ---
  duration_ms: 270.31882
  type: 'test'
  ...
# Subtest: man/08 renders all ten states and reactions without mutating saved state
ok 1757 - man/08 renders all ten states and reactions without mutating saved state
  ---
  duration_ms: 316.053401
  type: 'test'
  ...
# Subtest: woman/01 renders all ten states and reactions without mutating saved state
ok 1758 - woman/01 renders all ten states and reactions without mutating saved state
  ---
  duration_ms: 334.48804
  type: 'test'
  ...
# Subtest: woman/02 renders all ten states and reactions without mutating saved state
ok 1759 - woman/02 renders all ten states and reactions without mutating saved state
  ---
  duration_ms: 317.420634
  type: 'test'
  ...
# Subtest: woman/03 renders all ten states and reactions without mutating saved state
ok 1760 - woman/03 renders all ten states and reactions without mutating saved state
  ---
  duration_ms: 279.523087
  type: 'test'
  ...
# Subtest: woman/04 renders all ten states and reactions without mutating saved state
ok 1761 - woman/04 renders all ten states and reactions without mutating saved state
  ---
  duration_ms: 313.436238
  type: 'test'
  ...
# Subtest: woman/05 renders all ten states and reactions without mutating saved state
ok 1762 - woman/05 renders all ten states and reactions without mutating saved state
  ---
  duration_ms: 264.526225
  type: 'test'
  ...
# Subtest: woman/06 renders all ten states and reactions without mutating saved state
ok 1763 - woman/06 renders all ten states and reactions without mutating saved state
  ---
  duration_ms: 317.228228
  type: 'test'
  ...
# Subtest: woman/07 renders all ten states and reactions without mutating saved state
ok 1764 - woman/07 renders all ten states and reactions without mutating saved state
  ---
  duration_ms: 277.186772
  type: 'test'
  ...
# Subtest: woman/08 renders all ten states and reactions without mutating saved state
ok 1765 - woman/08 renders all ten states and reactions without mutating saved state
  ---
  duration_ms: 311.577551
  type: 'test'
  ...
# Subtest: penguin/01 renders all ten states and reactions without mutating saved state
ok 1766 - penguin/01 renders all ten states and reactions without mutating saved state
  ---
  duration_ms: 265.231928
  type: 'test'
  ...
# Subtest: penguin/02 renders all ten states and reactions without mutating saved state
ok 1767 - penguin/02 renders all ten states and reactions without mutating saved state
  ---
  duration_ms: 317.362311
  type: 'test'
  ...
# Subtest: penguin/03 renders all ten states and reactions without mutating saved state
ok 1768 - penguin/03 renders all ten states and reactions without mutating saved state
  ---
  duration_ms: 303.460813
  type: 'test'
  ...
# Subtest: penguin/04 renders all ten states and reactions without mutating saved state
ok 1769 - penguin/04 renders all ten states and reactions without mutating saved state
  ---
  duration_ms: 340.858692
  type: 'test'
  ...
# Subtest: penguin/05 renders all ten states and reactions without mutating saved state
ok 1770 - penguin/05 renders all ten states and reactions without mutating saved state
  ---
  duration_ms: 298.768725
  type: 'test'
  ...
# Subtest: penguin/06 renders all ten states and reactions without mutating saved state
ok 1771 - penguin/06 renders all ten states and reactions without mutating saved state
  ---
  duration_ms: 297.918785
  type: 'test'
  ...
# Subtest: penguin/07 renders all ten states and reactions without mutating saved state
ok 1772 - penguin/07 renders all ten states and reactions without mutating saved state
  ---
  duration_ms: 374.694832
  type: 'test'
  ...
# Subtest: penguin/08 renders all ten states and reactions without mutating saved state
ok 1773 - penguin/08 renders all ten states and reactions without mutating saved state
  ---
  duration_ms: 281.757457
  type: 'test'
  ...
# Subtest: turtle/01 renders all ten states and reactions without mutating saved state
ok 1774 - turtle/01 renders all ten states and reactions without mutating saved state
  ---
  duration_ms: 271.92784
  type: 'test'
  ...
# Subtest: turtle/02 renders all ten states and reactions without mutating saved state
ok 1775 - turtle/02 renders all ten states and reactions without mutating saved state
  ---
  duration_ms: 264.617101
  type: 'test'
  ...
# Subtest: turtle/03 renders all ten states and reactions without mutating saved state
ok 1776 - turtle/03 renders all ten states and reactions without mutating saved state
  ---
  duration_ms: 300.296138
  type: 'test'
  ...
# Subtest: turtle/04 renders all ten states and reactions without mutating saved state
ok 1777 - turtle/04 renders all ten states and reactions without mutating saved state
  ---
  duration_ms: 287.403435
  type: 'test'
  ...
# Subtest: turtle/05 renders all ten states and reactions without mutating saved state
ok 1778 - turtle/05 renders all ten states and reactions without mutating saved state
  ---
  duration_ms: 283.668366
  type: 'test'
  ...
# Subtest: turtle/06 renders all ten states and reactions without mutating saved state
ok 1779 - turtle/06 renders all ten states and reactions without mutating saved state
  ---
  duration_ms: 306.687783
  type: 'test'
  ...
# Subtest: turtle/07 renders all ten states and reactions without mutating saved state
ok 1780 - turtle/07 renders all ten states and reactions without mutating saved state
  ---
  duration_ms: 279.343181
  type: 'test'
  ...
# Subtest: turtle/08 renders all ten states and reactions without mutating saved state
ok 1781 - turtle/08 renders all ten states and reactions without mutating saved state
  ---
  duration_ms: 300.315425
  type: 'test'
  ...
# Subtest: frog/01 renders all ten states and reactions without mutating saved state
ok 1782 - frog/01 renders all ten states and reactions without mutating saved state
  ---
  duration_ms: 362.639895
  type: 'test'
  ...
# Subtest: frog/02 renders all ten states and reactions without mutating saved state
ok 1783 - frog/02 renders all ten states and reactions without mutating saved state
  ---
  duration_ms: 282.936746
  type: 'test'
  ...
# Subtest: frog/03 renders all ten states and reactions without mutating saved state
ok 1784 - frog/03 renders all ten states and reactions without mutating saved state
  ---
  duration_ms: 303.627492
  type: 'test'
  ...
# Subtest: frog/04 renders all ten states and reactions without mutating saved state
ok 1785 - frog/04 renders all ten states and reactions without mutating saved state
  ---
  duration_ms: 317.226011
  type: 'test'
  ...
# Subtest: frog/05 renders all ten states and reactions without mutating saved state
ok 1786 - frog/05 renders all ten states and reactions without mutating saved state
  ---
  duration_ms: 279.869985
  type: 'test'
  ...
# Subtest: frog/06 renders all ten states and reactions without mutating saved state
ok 1787 - frog/06 renders all ten states and reactions without mutating saved state
  ---
  duration_ms: 277.273449
  type: 'test'
  ...
# Subtest: frog/07 renders all ten states and reactions without mutating saved state
ok 1788 - frog/07 renders all ten states and reactions without mutating saved state
  ---
  duration_ms: 303.844639
  type: 'test'
  ...
# Subtest: frog/08 renders all ten states and reactions without mutating saved state
ok 1789 - frog/08 renders all ten states and reactions without mutating saved state
  ---
  duration_ms: 273.928135
  type: 'test'
  ...
# Subtest: clownfish/01 renders all ten states and reactions without mutating saved state
ok 1790 - clownfish/01 renders all ten states and reactions without mutating saved state
  ---
  duration_ms: 283.763975
  type: 'test'
  ...
# Subtest: clownfish/02 renders all ten states and reactions without mutating saved state
ok 1791 - clownfish/02 renders all ten states and reactions without mutating saved state
  ---
  duration_ms: 486.088914
  type: 'test'
  ...
# Subtest: clownfish/03 renders all ten states and reactions without mutating saved state
ok 1792 - clownfish/03 renders all ten states and reactions without mutating saved state
  ---
  duration_ms: 326.692291
  type: 'test'
  ...
# Subtest: clownfish/04 renders all ten states and reactions without mutating saved state
ok 1793 - clownfish/04 renders all ten states and reactions without mutating saved state
  ---
  duration_ms: 279.347959
  type: 'test'
  ...
# Subtest: clownfish/05 renders all ten states and reactions without mutating saved state
ok 1794 - clownfish/05 renders all ten states and reactions without mutating saved state
  ---
  duration_ms: 271.258532
  type: 'test'
  ...
# Subtest: clownfish/06 renders all ten states and reactions without mutating saved state
ok 1795 - clownfish/06 renders all ten states and reactions without mutating saved state
  ---
  duration_ms: 296.8087
  type: 'test'
  ...
# Subtest: clownfish/07 renders all ten states and reactions without mutating saved state
ok 1796 - clownfish/07 renders all ten states and reactions without mutating saved state
  ---
  duration_ms: 276.044384
  type: 'test'
  ...
# Subtest: clownfish/08 renders all ten states and reactions without mutating saved state
ok 1797 - clownfish/08 renders all ten states and reactions without mutating saved state
  ---
  duration_ms: 287.904921
  type: 'test'
  ...
# Subtest: salmon/01 renders all ten states and reactions without mutating saved state
ok 1798 - salmon/01 renders all ten states and reactions without mutating saved state
  ---
  duration_ms: 286.226886
  type: 'test'
  ...
# Subtest: salmon/02 renders all ten states and reactions without mutating saved state
ok 1799 - salmon/02 renders all ten states and reactions without mutating saved state
  ---
  duration_ms: 258.991251
  type: 'test'
  ...
# Subtest: salmon/03 renders all ten states and reactions without mutating saved state
ok 1800 - salmon/03 renders all ten states and reactions without mutating saved state
  ---
  duration_ms: 276.971679
  type: 'test'
  ...
# Subtest: salmon/04 renders all ten states and reactions without mutating saved state
ok 1801 - salmon/04 renders all ten states and reactions without mutating saved state
  ---
  duration_ms: 270.229076
  type: 'test'
  ...
# Subtest: salmon/05 renders all ten states and reactions without mutating saved state
ok 1802 - salmon/05 renders all ten states and reactions without mutating saved state
  ---
  duration_ms: 254.444053
  type: 'test'
  ...
# Subtest: salmon/06 renders all ten states and reactions without mutating saved state
ok 1803 - salmon/06 renders all ten states and reactions without mutating saved state
  ---
  duration_ms: 263.172997
  type: 'test'
  ...
# Subtest: salmon/07 renders all ten states and reactions without mutating saved state
ok 1804 - salmon/07 renders all ten states and reactions without mutating saved state
  ---
  duration_ms: 341.282731
  type: 'test'
  ...
# Subtest: salmon/08 renders all ten states and reactions without mutating saved state
ok 1805 - salmon/08 renders all ten states and reactions without mutating saved state
  ---
  duration_ms: 272.325922
  type: 'test'
  ...
# Subtest: hermit_crab/01 renders all ten states and reactions without mutating saved state
ok 1806 - hermit_crab/01 renders all ten states and reactions without mutating saved state
  ---
  duration_ms: 242.10776
  type: 'test'
  ...
# Subtest: hermit_crab/02 renders all ten states and reactions without mutating saved state
ok 1807 - hermit_crab/02 renders all ten states and reactions without mutating saved state
  ---
  duration_ms: 256.447668
  type: 'test'
  ...
# Subtest: hermit_crab/03 renders all ten states and reactions without mutating saved state
ok 1808 - hermit_crab/03 renders all ten states and reactions without mutating saved state
  ---
  duration_ms: 305.805493
  type: 'test'
  ...
# Subtest: hermit_crab/04 renders all ten states and reactions without mutating saved state
ok 1809 - hermit_crab/04 renders all ten states and reactions without mutating saved state
  ---
  duration_ms: 416.912896
  type: 'test'
  ...
# Subtest: hermit_crab/05 renders all ten states and reactions without mutating saved state
ok 1810 - hermit_crab/05 renders all ten states and reactions without mutating saved state
  ---
  duration_ms: 454.159012
  type: 'test'
  ...
# Subtest: hermit_crab/06 renders all ten states and reactions without mutating saved state
ok 1811 - hermit_crab/06 renders all ten states and reactions without mutating saved state
  ---
  duration_ms: 280.782077
  type: 'test'
  ...
# Subtest: hermit_crab/07 renders all ten states and reactions without mutating saved state
ok 1812 - hermit_crab/07 renders all ten states and reactions without mutating saved state
  ---
  duration_ms: 291.57389
  type: 'test'
  ...
# Subtest: hermit_crab/08 renders all ten states and reactions without mutating saved state
ok 1813 - hermit_crab/08 renders all ten states and reactions without mutating saved state
  ---
  duration_ms: 311.056775
  type: 'test'
  ...
# Subtest: jellyfish/01 renders all ten states and reactions without mutating saved state
ok 1814 - jellyfish/01 renders all ten states and reactions without mutating saved state
  ---
  duration_ms: 287.744344
  type: 'test'
  ...
# Subtest: jellyfish/02 renders all ten states and reactions without mutating saved state
ok 1815 - jellyfish/02 renders all ten states and reactions without mutating saved state
  ---
  duration_ms: 292.224961
  type: 'test'
  ...
# Subtest: jellyfish/03 renders all ten states and reactions without mutating saved state
ok 1816 - jellyfish/03 renders all ten states and reactions without mutating saved state
  ---
  duration_ms: 313.210994
  type: 'test'
  ...
# Subtest: jellyfish/04 renders all ten states and reactions without mutating saved state
ok 1817 - jellyfish/04 renders all ten states and reactions without mutating saved state
  ---
  duration_ms: 312.528143
  type: 'test'
  ...
# Subtest: jellyfish/05 renders all ten states and reactions without mutating saved state
ok 1818 - jellyfish/05 renders all ten states and reactions without mutating saved state
  ---
  duration_ms: 293.707547
  type: 'test'
  ...
# Subtest: jellyfish/06 renders all ten states and reactions without mutating saved state
ok 1819 - jellyfish/06 renders all ten states and reactions without mutating saved state
  ---
  duration_ms: 310.761148
  type: 'test'
  ...
# Subtest: jellyfish/07 renders all ten states and reactions without mutating saved state
ok 1820 - jellyfish/07 renders all ten states and reactions without mutating saved state
  ---
  duration_ms: 302.257037
  type: 'test'
  ...
# Subtest: jellyfish/08 renders all ten states and reactions without mutating saved state
ok 1821 - jellyfish/08 renders all ten states and reactions without mutating saved state
  ---
  duration_ms: 303.018239
  type: 'test'
  ...
# Subtest: starfish/01 renders all ten states and reactions without mutating saved state
ok 1822 - starfish/01 renders all ten states and reactions without mutating saved state
  ---
  duration_ms: 297.794676
  type: 'test'
  ...
# Subtest: starfish/02 renders all ten states and reactions without mutating saved state
ok 1823 - starfish/02 renders all ten states and reactions without mutating saved state
  ---
  duration_ms: 327.624188
  type: 'test'
  ...
# Subtest: starfish/03 renders all ten states and reactions without mutating saved state
ok 1824 - starfish/03 renders all ten states and reactions without mutating saved state
  ---
  duration_ms: 320.479697
  type: 'test'
  ...
# Subtest: starfish/04 renders all ten states and reactions without mutating saved state
ok 1825 - starfish/04 renders all ten states and reactions without mutating saved state
  ---
  duration_ms: 355.950083
  type: 'test'
  ...
# Subtest: starfish/05 renders all ten states and reactions without mutating saved state
ok 1826 - starfish/05 renders all ten states and reactions without mutating saved state
  ---
  duration_ms: 286.50292
  type: 'test'
  ...
# Subtest: starfish/06 renders all ten states and reactions without mutating saved state
ok 1827 - starfish/06 renders all ten states and reactions without mutating saved state
  ---
  duration_ms: 303.969883
  type: 'test'
  ...
# Subtest: starfish/07 renders all ten states and reactions without mutating saved state
ok 1828 - starfish/07 renders all ten states and reactions without mutating saved state
  ---
  duration_ms: 356.796302
  type: 'test'
  ...
# Subtest: starfish/08 renders all ten states and reactions without mutating saved state
ok 1829 - starfish/08 renders all ten states and reactions without mutating saved state
  ---
  duration_ms: 290.713367
  type: 'test'
  ...
# Subtest: coral/01 renders all ten states and reactions without mutating saved state
ok 1830 - coral/01 renders all ten states and reactions without mutating saved state
  ---
  duration_ms: 362.770871
  type: 'test'
  ...
# Subtest: coral/02 renders all ten states and reactions without mutating saved state
ok 1831 - coral/02 renders all ten states and reactions without mutating saved state
  ---
  duration_ms: 418.582895
  type: 'test'
  ...
# Subtest: coral/03 renders all ten states and reactions without mutating saved state
ok 1832 - coral/03 renders all ten states and reactions without mutating saved state
  ---
  duration_ms: 330.851885
  type: 'test'
  ...
# Subtest: coral/04 renders all ten states and reactions without mutating saved state
ok 1833 - coral/04 renders all ten states and reactions without mutating saved state
  ---
  duration_ms: 288.366913
  type: 'test'
  ...
# Subtest: coral/05 renders all ten states and reactions without mutating saved state
ok 1834 - coral/05 renders all ten states and reactions without mutating saved state
  ---
  duration_ms: 291.170054
  type: 'test'
  ...
# Subtest: coral/06 renders all ten states and reactions without mutating saved state
ok 1835 - coral/06 renders all ten states and reactions without mutating saved state
  ---
  duration_ms: 294.722271
  type: 'test'
  ...
# Subtest: coral/07 renders all ten states and reactions without mutating saved state
ok 1836 - coral/07 renders all ten states and reactions without mutating saved state
  ---
  duration_ms: 250.952544
  type: 'test'
  ...
# Subtest: coral/08 renders all ten states and reactions without mutating saved state
ok 1837 - coral/08 renders all ten states and reactions without mutating saved state
  ---
  duration_ms: 232.67863
  type: 'test'
  ...
# Subtest: butterfly/01 renders all ten states and reactions without mutating saved state
ok 1838 - butterfly/01 renders all ten states and reactions without mutating saved state
  ---
  duration_ms: 221.725203
  type: 'test'
  ...
# Subtest: butterfly/02 renders all ten states and reactions without mutating saved state
ok 1839 - butterfly/02 renders all ten states and reactions without mutating saved state
  ---
  duration_ms: 241.41682
  type: 'test'
  ...
# Subtest: butterfly/03 renders all ten states and reactions without mutating saved state
ok 1840 - butterfly/03 renders all ten states and reactions without mutating saved state
  ---
  duration_ms: 244.059656
  type: 'test'
  ...
# Subtest: butterfly/04 renders all ten states and reactions without mutating saved state
ok 1841 - butterfly/04 renders all ten states and reactions without mutating saved state
  ---
  duration_ms: 262.06093
  type: 'test'
  ...
# Subtest: butterfly/05 renders all ten states and reactions without mutating saved state
ok 1842 - butterfly/05 renders all ten states and reactions without mutating saved state
  ---
  duration_ms: 197.129783
  type: 'test'
  ...
# Subtest: butterfly/06 renders all ten states and reactions without mutating saved state
ok 1843 - butterfly/06 renders all ten states and reactions without mutating saved state
  ---
  duration_ms: 188.635134
  type: 'test'
  ...
# Subtest: butterfly/07 renders all ten states and reactions without mutating saved state
ok 1844 - butterfly/07 renders all ten states and reactions without mutating saved state
  ---
  duration_ms: 193.833953
  type: 'test'
  ...
# Subtest: butterfly/08 renders all ten states and reactions without mutating saved state
ok 1845 - butterfly/08 renders all ten states and reactions without mutating saved state
  ---
  duration_ms: 167.610426
  type: 'test'
  ...
# Subtest: beetle/01 renders all ten states and reactions without mutating saved state
ok 1846 - beetle/01 renders all ten states and reactions without mutating saved state
  ---
  duration_ms: 157.357285
  type: 'test'
  ...
# Subtest: beetle/02 renders all ten states and reactions without mutating saved state
ok 1847 - beetle/02 renders all ten states and reactions without mutating saved state
  ---
  duration_ms: 165.078919
  type: 'test'
  ...
# Subtest: beetle/03 renders all ten states and reactions without mutating saved state
ok 1848 - beetle/03 renders all ten states and reactions without mutating saved state
  ---
  duration_ms: 175.436493
  type: 'test'
  ...
# Subtest: beetle/04 renders all ten states and reactions without mutating saved state
ok 1849 - beetle/04 renders all ten states and reactions without mutating saved state
  ---
  duration_ms: 175.000259
  type: 'test'
  ...
# Subtest: beetle/05 renders all ten states and reactions without mutating saved state
ok 1850 - beetle/05 renders all ten states and reactions without mutating saved state
  ---
  duration_ms: 167.342778
  type: 'test'
  ...
# Subtest: beetle/06 renders all ten states and reactions without mutating saved state
ok 1851 - beetle/06 renders all ten states and reactions without mutating saved state
  ---
  duration_ms: 168.433738
  type: 'test'
  ...
# Subtest: beetle/07 renders all ten states and reactions without mutating saved state
ok 1852 - beetle/07 renders all ten states and reactions without mutating saved state
  ---
  duration_ms: 158.266826
  type: 'test'
  ...
# Subtest: beetle/08 renders all ten states and reactions without mutating saved state
ok 1853 - beetle/08 renders all ten states and reactions without mutating saved state
  ---
  duration_ms: 182.086444
  type: 'test'
  ...
# Subtest: stagbeetle/01 renders all ten states and reactions without mutating saved state
ok 1854 - stagbeetle/01 renders all ten states and reactions without mutating saved state
  ---
  duration_ms: 160.769519
  type: 'test'
  ...
# Subtest: stagbeetle/02 renders all ten states and reactions without mutating saved state
ok 1855 - stagbeetle/02 renders all ten states and reactions without mutating saved state
  ---
  duration_ms: 164.549023
  type: 'test'
  ...
# Subtest: stagbeetle/03 renders all ten states and reactions without mutating saved state
ok 1856 - stagbeetle/03 renders all ten states and reactions without mutating saved state
  ---
  duration_ms: 161.179524
  type: 'test'
  ...
# Subtest: stagbeetle/04 renders all ten states and reactions without mutating saved state
ok 1857 - stagbeetle/04 renders all ten states and reactions without mutating saved state
  ---
  duration_ms: 156.287394
  type: 'test'
  ...
# Subtest: stagbeetle/05 renders all ten states and reactions without mutating saved state
ok 1858 - stagbeetle/05 renders all ten states and reactions without mutating saved state
  ---
  duration_ms: 164.584095
  type: 'test'
  ...
# Subtest: stagbeetle/06 renders all ten states and reactions without mutating saved state
ok 1859 - stagbeetle/06 renders all ten states and reactions without mutating saved state
  ---
  duration_ms: 169.091457
  type: 'test'
  ...
# Subtest: stagbeetle/07 renders all ten states and reactions without mutating saved state
ok 1860 - stagbeetle/07 renders all ten states and reactions without mutating saved state
  ---
  duration_ms: 167.506396
  type: 'test'
  ...
# Subtest: stagbeetle/08 renders all ten states and reactions without mutating saved state
ok 1861 - stagbeetle/08 renders all ten states and reactions without mutating saved state
  ---
  duration_ms: 159.411331
  type: 'test'
  ...
# Subtest: cicada/01 renders all ten states and reactions without mutating saved state
ok 1862 - cicada/01 renders all ten states and reactions without mutating saved state
  ---
  duration_ms: 156.776775
  type: 'test'
  ...
# Subtest: cicada/02 renders all ten states and reactions without mutating saved state
ok 1863 - cicada/02 renders all ten states and reactions without mutating saved state
  ---
  duration_ms: 176.127392
  type: 'test'
  ...
# Subtest: cicada/03 renders all ten states and reactions without mutating saved state
ok 1864 - cicada/03 renders all ten states and reactions without mutating saved state
  ---
  duration_ms: 157.31375
  type: 'test'
  ...
# Subtest: cicada/04 renders all ten states and reactions without mutating saved state
ok 1865 - cicada/04 renders all ten states and reactions without mutating saved state
  ---
  duration_ms: 162.921938
  type: 'test'
  ...
# Subtest: cicada/05 renders all ten states and reactions without mutating saved state
ok 1866 - cicada/05 renders all ten states and reactions without mutating saved state
  ---
  duration_ms: 156.952642
  type: 'test'
  ...
# Subtest: cicada/06 renders all ten states and reactions without mutating saved state
ok 1867 - cicada/06 renders all ten states and reactions without mutating saved state
  ---
  duration_ms: 155.131524
  type: 'test'
  ...
# Subtest: cicada/07 renders all ten states and reactions without mutating saved state
ok 1868 - cicada/07 renders all ten states and reactions without mutating saved state
  ---
  duration_ms: 166.968973
  type: 'test'
  ...
# Subtest: cicada/08 renders all ten states and reactions without mutating saved state
ok 1869 - cicada/08 renders all ten states and reactions without mutating saved state
  ---
  duration_ms: 161.371659
  type: 'test'
  ...
# Subtest: antlion/01 renders all ten states and reactions without mutating saved state
ok 1870 - antlion/01 renders all ten states and reactions without mutating saved state
  ---
  duration_ms: 156.487872
  type: 'test'
  ...
# Subtest: antlion/02 renders all ten states and reactions without mutating saved state
ok 1871 - antlion/02 renders all ten states and reactions without mutating saved state
  ---
  duration_ms: 166.339905
  type: 'test'
  ...
# Subtest: antlion/03 renders all ten states and reactions without mutating saved state
ok 1872 - antlion/03 renders all ten states and reactions without mutating saved state
  ---
  duration_ms: 194.466178
  type: 'test'
  ...
# Subtest: antlion/04 renders all ten states and reactions without mutating saved state
ok 1873 - antlion/04 renders all ten states and reactions without mutating saved state
  ---
  duration_ms: 155.622871
  type: 'test'
  ...
# Subtest: antlion/05 renders all ten states and reactions without mutating saved state
ok 1874 - antlion/05 renders all ten states and reactions without mutating saved state
  ---
  duration_ms: 159.61954
  type: 'test'
  ...
# Subtest: antlion/06 renders all ten states and reactions without mutating saved state
ok 1875 - antlion/06 renders all ten states and reactions without mutating saved state
  ---
  duration_ms: 155.038625
  type: 'test'
  ...
# Subtest: antlion/07 renders all ten states and reactions without mutating saved state
ok 1876 - antlion/07 renders all ten states and reactions without mutating saved state
  ---
  duration_ms: 160.417965
  type: 'test'
  ...
# Subtest: antlion/08 renders all ten states and reactions without mutating saved state
ok 1877 - antlion/08 renders all ten states and reactions without mutating saved state
  ---
  duration_ms: 158.332286
  type: 'test'
  ...
# Subtest: dandelion/01 renders all ten states and reactions without mutating saved state
ok 1878 - dandelion/01 renders all ten states and reactions without mutating saved state
  ---
  duration_ms: 160.512771
  type: 'test'
  ...
# Subtest: dandelion/02 renders all ten states and reactions without mutating saved state
ok 1879 - dandelion/02 renders all ten states and reactions without mutating saved state
  ---
  duration_ms: 174.683753
  type: 'test'
  ...
# Subtest: dandelion/03 renders all ten states and reactions without mutating saved state
ok 1880 - dandelion/03 renders all ten states and reactions without mutating saved state
  ---
  duration_ms: 158.49226
  type: 'test'
  ...
# Subtest: dandelion/04 renders all ten states and reactions without mutating saved state
ok 1881 - dandelion/04 renders all ten states and reactions without mutating saved state
  ---
  duration_ms: 158.075005
  type: 'test'
  ...
# Subtest: dandelion/05 renders all ten states and reactions without mutating saved state
ok 1882 - dandelion/05 renders all ten states and reactions without mutating saved state
  ---
  duration_ms: 154.459158
  type: 'test'
  ...
# Subtest: dandelion/06 renders all ten states and reactions without mutating saved state
ok 1883 - dandelion/06 renders all ten states and reactions without mutating saved state
  ---
  duration_ms: 168.188596
  type: 'test'
  ...
# Subtest: dandelion/07 renders all ten states and reactions without mutating saved state
ok 1884 - dandelion/07 renders all ten states and reactions without mutating saved state
  ---
  duration_ms: 165.232605
  type: 'test'
  ...
# Subtest: dandelion/08 renders all ten states and reactions without mutating saved state
ok 1885 - dandelion/08 renders all ten states and reactions without mutating saved state
  ---
  duration_ms: 157.146395
  type: 'test'
  ...
# Subtest: sakura/01 renders all ten states and reactions without mutating saved state
ok 1886 - sakura/01 renders all ten states and reactions without mutating saved state
  ---
  duration_ms: 162.107321
  type: 'test'
  ...
# Subtest: sakura/02 renders all ten states and reactions without mutating saved state
ok 1887 - sakura/02 renders all ten states and reactions without mutating saved state
  ---
  duration_ms: 173.573578
  type: 'test'
  ...
# Subtest: sakura/03 renders all ten states and reactions without mutating saved state
ok 1888 - sakura/03 renders all ten states and reactions without mutating saved state
  ---
  duration_ms: 161.588223
  type: 'test'
  ...
# Subtest: sakura/04 renders all ten states and reactions without mutating saved state
ok 1889 - sakura/04 renders all ten states and reactions without mutating saved state
  ---
  duration_ms: 162.533132
  type: 'test'
  ...
# Subtest: sakura/05 renders all ten states and reactions without mutating saved state
ok 1890 - sakura/05 renders all ten states and reactions without mutating saved state
  ---
  duration_ms: 164.955959
  type: 'test'
  ...
# Subtest: sakura/06 renders all ten states and reactions without mutating saved state
ok 1891 - sakura/06 renders all ten states and reactions without mutating saved state
  ---
  duration_ms: 158.585846
  type: 'test'
  ...
# Subtest: sakura/07 renders all ten states and reactions without mutating saved state
ok 1892 - sakura/07 renders all ten states and reactions without mutating saved state
  ---
  duration_ms: 163.640183
  type: 'test'
  ...
# Subtest: sakura/08 renders all ten states and reactions without mutating saved state
ok 1893 - sakura/08 renders all ten states and reactions without mutating saved state
  ---
  duration_ms: 156.99753
  type: 'test'
  ...
# Subtest: venus_flytrap/01 renders all ten states and reactions without mutating saved state
ok 1894 - venus_flytrap/01 renders all ten states and reactions without mutating saved state
  ---
  duration_ms: 154.629543
  type: 'test'
  ...
# Subtest: venus_flytrap/02 renders all ten states and reactions without mutating saved state
ok 1895 - venus_flytrap/02 renders all ten states and reactions without mutating saved state
  ---
  duration_ms: 173.403879
  type: 'test'
  ...
# Subtest: venus_flytrap/03 renders all ten states and reactions without mutating saved state
ok 1896 - venus_flytrap/03 renders all ten states and reactions without mutating saved state
  ---
  duration_ms: 166.366736
  type: 'test'
  ...
# Subtest: venus_flytrap/04 renders all ten states and reactions without mutating saved state
ok 1897 - venus_flytrap/04 renders all ten states and reactions without mutating saved state
  ---
  duration_ms: 156.527435
  type: 'test'
  ...
# Subtest: venus_flytrap/05 renders all ten states and reactions without mutating saved state
ok 1898 - venus_flytrap/05 renders all ten states and reactions without mutating saved state
  ---
  duration_ms: 180.689126
  type: 'test'
  ...
# Subtest: venus_flytrap/06 renders all ten states and reactions without mutating saved state
ok 1899 - venus_flytrap/06 renders all ten states and reactions without mutating saved state
  ---
  duration_ms: 159.88329
  type: 'test'
  ...
# Subtest: venus_flytrap/07 renders all ten states and reactions without mutating saved state
ok 1900 - venus_flytrap/07 renders all ten states and reactions without mutating saved state
  ---
  duration_ms: 161.938228
  type: 'test'
  ...
# Subtest: venus_flytrap/08 renders all ten states and reactions without mutating saved state
ok 1901 - venus_flytrap/08 renders all ten states and reactions without mutating saved state
  ---
  duration_ms: 167.459159
  type: 'test'
  ...
# Subtest: mushroom/01 renders all ten states and reactions without mutating saved state
ok 1902 - mushroom/01 renders all ten states and reactions without mutating saved state
  ---
  duration_ms: 154.554263
  type: 'test'
  ...
# Subtest: mushroom/02 renders all ten states and reactions without mutating saved state
ok 1903 - mushroom/02 renders all ten states and reactions without mutating saved state
  ---
  duration_ms: 163.134701
  type: 'test'
  ...
# Subtest: mushroom/03 renders all ten states and reactions without mutating saved state
ok 1904 - mushroom/03 renders all ten states and reactions without mutating saved state
  ---
  duration_ms: 167.780998
  type: 'test'
  ...
# Subtest: mushroom/04 renders all ten states and reactions without mutating saved state
ok 1905 - mushroom/04 renders all ten states and reactions without mutating saved state
  ---
  duration_ms: 157.156427
  type: 'test'
  ...
# Subtest: mushroom/05 renders all ten states and reactions without mutating saved state
ok 1906 - mushroom/05 renders all ten states and reactions without mutating saved state
  ---
  duration_ms: 155.168394
  type: 'test'
  ...
# Subtest: mushroom/06 renders all ten states and reactions without mutating saved state
ok 1907 - mushroom/06 renders all ten states and reactions without mutating saved state
  ---
  duration_ms: 161.503727
  type: 'test'
  ...
# Subtest: mushroom/07 renders all ten states and reactions without mutating saved state
ok 1908 - mushroom/07 renders all ten states and reactions without mutating saved state
  ---
  duration_ms: 160.724901
  type: 'test'
  ...
# Subtest: mushroom/08 renders all ten states and reactions without mutating saved state
ok 1909 - mushroom/08 renders all ten states and reactions without mutating saved state
  ---
  duration_ms: 160.771197
  type: 'test'
  ...
# Subtest: dragon/01 renders all ten states and reactions without mutating saved state
ok 1910 - dragon/01 renders all ten states and reactions without mutating saved state
  ---
  duration_ms: 153.492395
  type: 'test'
  ...
# Subtest: dragon/02 renders all ten states and reactions without mutating saved state
ok 1911 - dragon/02 renders all ten states and reactions without mutating saved state
  ---
  duration_ms: 177.973903
  type: 'test'
  ...
# Subtest: dragon/03 renders all ten states and reactions without mutating saved state
ok 1912 - dragon/03 renders all ten states and reactions without mutating saved state
  ---
  duration_ms: 160.780825
  type: 'test'
  ...
# Subtest: dragon/04 renders all ten states and reactions without mutating saved state
ok 1913 - dragon/04 renders all ten states and reactions without mutating saved state
  ---
  duration_ms: 163.187893
  type: 'test'
  ...
# Subtest: dragon/05 renders all ten states and reactions without mutating saved state
ok 1914 - dragon/05 renders all ten states and reactions without mutating saved state
  ---
  duration_ms: 154.886837
  type: 'test'
  ...
# Subtest: dragon/06 renders all ten states and reactions without mutating saved state
ok 1915 - dragon/06 renders all ten states and reactions without mutating saved state
  ---
  duration_ms: 156.621277
  type: 'test'
  ...
# Subtest: dragon/07 renders all ten states and reactions without mutating saved state
ok 1916 - dragon/07 renders all ten states and reactions without mutating saved state
  ---
  duration_ms: 160.268552
  type: 'test'
  ...
# Subtest: dragon/08 renders all ten states and reactions without mutating saved state
ok 1917 - dragon/08 renders all ten states and reactions without mutating saved state
  ---
  duration_ms: 170.400721
  type: 'test'
  ...
# Subtest: phoenix/01 renders all ten states and reactions without mutating saved state
ok 1918 - phoenix/01 renders all ten states and reactions without mutating saved state
  ---
  duration_ms: 162.0579
  type: 'test'
  ...
# Subtest: phoenix/02 renders all ten states and reactions without mutating saved state
ok 1919 - phoenix/02 renders all ten states and reactions without mutating saved state
  ---
  duration_ms: 153.571324
  type: 'test'
  ...
# Subtest: phoenix/03 renders all ten states and reactions without mutating saved state
ok 1920 - phoenix/03 renders all ten states and reactions without mutating saved state
  ---
  duration_ms: 161.554985
  type: 'test'
  ...
# Subtest: phoenix/04 renders all ten states and reactions without mutating saved state
ok 1921 - phoenix/04 renders all ten states and reactions without mutating saved state
  ---
  duration_ms: 164.282452
  type: 'test'
  ...
# Subtest: phoenix/05 renders all ten states and reactions without mutating saved state
ok 1922 - phoenix/05 renders all ten states and reactions without mutating saved state
  ---
  duration_ms: 155.409156
  type: 'test'
  ...
# Subtest: phoenix/06 renders all ten states and reactions without mutating saved state
ok 1923 - phoenix/06 renders all ten states and reactions without mutating saved state
  ---
  duration_ms: 159.166804
  type: 'test'
  ...
# Subtest: phoenix/07 renders all ten states and reactions without mutating saved state
ok 1924 - phoenix/07 renders all ten states and reactions without mutating saved state
  ---
  duration_ms: 153.981849
  type: 'test'
  ...
# Subtest: phoenix/08 renders all ten states and reactions without mutating saved state
ok 1925 - phoenix/08 renders all ten states and reactions without mutating saved state
  ---
  duration_ms: 182.218238
  type: 'test'
  ...
# Subtest: god/01 renders all ten states and reactions without mutating saved state
ok 1926 - god/01 renders all ten states and reactions without mutating saved state
  ---
  duration_ms: 168.692571
  type: 'test'
  ...
# Subtest: god/02 renders all ten states and reactions without mutating saved state
ok 1927 - god/02 renders all ten states and reactions without mutating saved state
  ---
  duration_ms: 160.573946
  type: 'test'
  ...
# Subtest: god/03 renders all ten states and reactions without mutating saved state
ok 1928 - god/03 renders all ten states and reactions without mutating saved state
  ---
  duration_ms: 179.474544
  type: 'test'
  ...
# Subtest: god/04 renders all ten states and reactions without mutating saved state
ok 1929 - god/04 renders all ten states and reactions without mutating saved state
  ---
  duration_ms: 152.686237
  type: 'test'
  ...
# Subtest: god/05 renders all ten states and reactions without mutating saved state
ok 1930 - god/05 renders all ten states and reactions without mutating saved state
  ---
  duration_ms: 151.36597
  type: 'test'
  ...
# Subtest: god/06 renders all ten states and reactions without mutating saved state
ok 1931 - god/06 renders all ten states and reactions without mutating saved state
  ---
  duration_ms: 156.659663
  type: 'test'
  ...
# Subtest: god/07 renders all ten states and reactions without mutating saved state
ok 1932 - god/07 renders all ten states and reactions without mutating saved state
  ---
  duration_ms: 165.080808
  type: 'test'
  ...
# Subtest: god/08 renders all ten states and reactions without mutating saved state
ok 1933 - god/08 renders all ten states and reactions without mutating saved state
  ---
  duration_ms: 156.712071
  type: 'test'
  ...
# Subtest: world_tree/01 renders all ten states and reactions without mutating saved state
ok 1934 - world_tree/01 renders all ten states and reactions without mutating saved state
  ---
  duration_ms: 156.520942
  type: 'test'
  ...
# Subtest: world_tree/02 renders all ten states and reactions without mutating saved state
ok 1935 - world_tree/02 renders all ten states and reactions without mutating saved state
  ---
  duration_ms: 179.873103
  type: 'test'
  ...
# Subtest: world_tree/03 renders all ten states and reactions without mutating saved state
ok 1936 - world_tree/03 renders all ten states and reactions without mutating saved state
  ---
  duration_ms: 164.127316
  type: 'test'
  ...
# Subtest: world_tree/04 renders all ten states and reactions without mutating saved state
ok 1937 - world_tree/04 renders all ten states and reactions without mutating saved state
  ---
  duration_ms: 164.861893
  type: 'test'
  ...
# Subtest: world_tree/05 renders all ten states and reactions without mutating saved state
ok 1938 - world_tree/05 renders all ten states and reactions without mutating saved state
  ---
  duration_ms: 157.880546
  type: 'test'
  ...
# Subtest: world_tree/06 renders all ten states and reactions without mutating saved state
ok 1939 - world_tree/06 renders all ten states and reactions without mutating saved state
  ---
  duration_ms: 157.22725
  type: 'test'
  ...
# Subtest: world_tree/07 renders all ten states and reactions without mutating saved state
ok 1940 - world_tree/07 renders all ten states and reactions without mutating saved state
  ---
  duration_ms: 176.220338
  type: 'test'
  ...
# Subtest: world_tree/08 renders all ten states and reactions without mutating saved state
ok 1941 - world_tree/08 renders all ten states and reactions without mutating saved state
  ---
  duration_ms: 214.514327
  type: 'test'
  ...
# Subtest: ghost/01 renders all ten states and reactions without mutating saved state
ok 1942 - ghost/01 renders all ten states and reactions without mutating saved state
  ---
  duration_ms: 205.413453
  type: 'test'
  ...
# Subtest: ghost/02 renders all ten states and reactions without mutating saved state
ok 1943 - ghost/02 renders all ten states and reactions without mutating saved state
  ---
  duration_ms: 159.916005
  type: 'test'
  ...
# Subtest: ghost/03 renders all ten states and reactions without mutating saved state
ok 1944 - ghost/03 renders all ten states and reactions without mutating saved state
  ---
  duration_ms: 159.652915
  type: 'test'
  ...
# Subtest: ghost/04 renders all ten states and reactions without mutating saved state
ok 1945 - ghost/04 renders all ten states and reactions without mutating saved state
  ---
  duration_ms: 165.591499
  type: 'test'
  ...
# Subtest: ghost/05 renders all ten states and reactions without mutating saved state
ok 1946 - ghost/05 renders all ten states and reactions without mutating saved state
  ---
  duration_ms: 160.589018
  type: 'test'
  ...
# Subtest: ghost/06 renders all ten states and reactions without mutating saved state
ok 1947 - ghost/06 renders all ten states and reactions without mutating saved state
  ---
  duration_ms: 159.739326
  type: 'test'
  ...
# Subtest: ghost/07 renders all ten states and reactions without mutating saved state
ok 1948 - ghost/07 renders all ten states and reactions without mutating saved state
  ---
  duration_ms: 165.48091
  type: 'test'
  ...
# Subtest: ghost/08 renders all ten states and reactions without mutating saved state
ok 1949 - ghost/08 renders all ten states and reactions without mutating saved state
  ---
  duration_ms: 175.923845
  type: 'test'
  ...
# Subtest: star/01 renders all ten states and reactions without mutating saved state
ok 1950 - star/01 renders all ten states and reactions without mutating saved state
  ---
  duration_ms: 156.880375
  type: 'test'
  ...
# Subtest: star/02 renders all ten states and reactions without mutating saved state
ok 1951 - star/02 renders all ten states and reactions without mutating saved state
  ---
  duration_ms: 167.213121
  type: 'test'
  ...
# Subtest: star/03 renders all ten states and reactions without mutating saved state
ok 1952 - star/03 renders all ten states and reactions without mutating saved state
  ---
  duration_ms: 159.88742
  type: 'test'
  ...
# Subtest: star/04 renders all ten states and reactions without mutating saved state
ok 1953 - star/04 renders all ten states and reactions without mutating saved state
  ---
  duration_ms: 156.424715
  type: 'test'
  ...
# Subtest: star/05 renders all ten states and reactions without mutating saved state
ok 1954 - star/05 renders all ten states and reactions without mutating saved state
  ---
  duration_ms: 170.843615
  type: 'test'
  ...
# Subtest: star/06 renders all ten states and reactions without mutating saved state
ok 1955 - star/06 renders all ten states and reactions without mutating saved state
  ---
  duration_ms: 160.274751
  type: 'test'
  ...
# Subtest: star/07 renders all ten states and reactions without mutating saved state
ok 1956 - star/07 renders all ten states and reactions without mutating saved state
  ---
  duration_ms: 160.856663
  type: 'test'
  ...
# Subtest: star/08 renders all ten states and reactions without mutating saved state
ok 1957 - star/08 renders all ten states and reactions without mutating saved state
  ---
  duration_ms: 173.391683
  type: 'test'
  ...
# Subtest: plush/01 renders all ten states and reactions without mutating saved state
ok 1958 - plush/01 renders all ten states and reactions without mutating saved state
  ---
  duration_ms: 167.695255
  type: 'test'
  ...
# Subtest: plush/02 renders all ten states and reactions without mutating saved state
ok 1959 - plush/02 renders all ten states and reactions without mutating saved state
  ---
  duration_ms: 170.883246
  type: 'test'
  ...
# Subtest: plush/03 renders all ten states and reactions without mutating saved state
ok 1960 - plush/03 renders all ten states and reactions without mutating saved state
  ---
  duration_ms: 173.920418
  type: 'test'
  ...
# Subtest: plush/04 renders all ten states and reactions without mutating saved state
ok 1961 - plush/04 renders all ten states and reactions without mutating saved state
  ---
  duration_ms: 164.223054
  type: 'test'
  ...
# Subtest: plush/05 renders all ten states and reactions without mutating saved state
ok 1962 - plush/05 renders all ten states and reactions without mutating saved state
  ---
  duration_ms: 166.250269
  type: 'test'
  ...
# Subtest: plush/06 renders all ten states and reactions without mutating saved state
ok 1963 - plush/06 renders all ten states and reactions without mutating saved state
  ---
  duration_ms: 185.854298
  type: 'test'
  ...
# Subtest: plush/07 renders all ten states and reactions without mutating saved state
ok 1964 - plush/07 renders all ten states and reactions without mutating saved state
  ---
  duration_ms: 180.817195
  type: 'test'
  ...
# Subtest: plush/08 renders all ten states and reactions without mutating saved state
ok 1965 - plush/08 renders all ten states and reactions without mutating saved state
  ---
  duration_ms: 178.780788
  type: 'test'
  ...
# Subtest: unknown/01 renders all ten states and reactions without mutating saved state
ok 1966 - unknown/01 renders all ten states and reactions without mutating saved state
  ---
  duration_ms: 212.158373
  type: 'test'
  ...
# Subtest: unknown/02 renders all ten states and reactions without mutating saved state
ok 1967 - unknown/02 renders all ten states and reactions without mutating saved state
  ---
  duration_ms: 180.689972
  type: 'test'
  ...
# Subtest: unknown/03 renders all ten states and reactions without mutating saved state
ok 1968 - unknown/03 renders all ten states and reactions without mutating saved state
  ---
  duration_ms: 168.221571
  type: 'test'
  ...
# Subtest: unknown/04 renders all ten states and reactions without mutating saved state
ok 1969 - unknown/04 renders all ten states and reactions without mutating saved state
  ---
  duration_ms: 165.69392
  type: 'test'
  ...
# Subtest: unknown/05 renders all ten states and reactions without mutating saved state
ok 1970 - unknown/05 renders all ten states and reactions without mutating saved state
  ---
  duration_ms: 174.635703
  type: 'test'
  ...
# Subtest: unknown/06 renders all ten states and reactions without mutating saved state
ok 1971 - unknown/06 renders all ten states and reactions without mutating saved state
  ---
  duration_ms: 191.56063
  type: 'test'
  ...
# Subtest: unknown/07 renders all ten states and reactions without mutating saved state
ok 1972 - unknown/07 renders all ten states and reactions without mutating saved state
  ---
  duration_ms: 162.937928
  type: 'test'
  ...
# Subtest: unknown/08 renders all ten states and reactions without mutating saved state
ok 1973 - unknown/08 renders all ten states and reactions without mutating saved state
  ---
  duration_ms: 155.999349
  type: 'test'
  ...
# Subtest: ren/01 renders all ten states and reactions without mutating saved state
ok 1974 - ren/01 renders all ten states and reactions without mutating saved state
  ---
  duration_ms: 155.507705
  type: 'test'
  ...
# Subtest: ren/02 renders all ten states and reactions without mutating saved state
ok 1975 - ren/02 renders all ten states and reactions without mutating saved state
  ---
  duration_ms: 165.651501
  type: 'test'
  ...
# Subtest: ren/03 renders all ten states and reactions without mutating saved state
ok 1976 - ren/03 renders all ten states and reactions without mutating saved state
  ---
  duration_ms: 156.846546
  type: 'test'
  ...
# Subtest: ren/04 renders all ten states and reactions without mutating saved state
ok 1977 - ren/04 renders all ten states and reactions without mutating saved state
  ---
  duration_ms: 155.502912
  type: 'test'
  ...
# Subtest: ren/05 renders all ten states and reactions without mutating saved state
ok 1978 - ren/05 renders all ten states and reactions without mutating saved state
  ---
  duration_ms: 177.047305
  type: 'test'
  ...
# Subtest: ren/06 renders all ten states and reactions without mutating saved state
ok 1979 - ren/06 renders all ten states and reactions without mutating saved state
  ---
  duration_ms: 157.906566
  type: 'test'
  ...
# Subtest: ren/07 renders all ten states and reactions without mutating saved state
ok 1980 - ren/07 renders all ten states and reactions without mutating saved state
  ---
  duration_ms: 157.052789
  type: 'test'
  ...
# Subtest: ren/08 renders all ten states and reactions without mutating saved state
ok 1981 - ren/08 renders all ten states and reactions without mutating saved state
  ---
  duration_ms: 162.760731
  type: 'test'
  ...
# Subtest: Home connects all fifteen food artworks without changing saved state
ok 1982 - Home connects all fifteen food artworks without changing saved state
  ---
  duration_ms: 23.972937
  type: 'test'
  ...
# Subtest: short tab return restores the current expression without replaying a stale reaction
ok 1983 - short tab return restores the current expression without replaying a stale reaction
  ---
  duration_ms: 22.391754
  type: 'test'
  ...
# Subtest: static script exposes the frozen resolver on window
ok 1984 - static script exposes the frozen resolver on window
  ---
  duration_ms: 33.376091
  type: 'test'
  ...
# Subtest: resolve maps every persistent home emotion to its approved face
ok 1985 - resolve maps every persistent home emotion to its approved face
  ---
  duration_ms: 5.831187
  type: 'test'
  ...
# Subtest: resolve applies temporary, critical, and sleeping precedence
ok 1986 - resolve applies temporary, critical, and sleeping precedence
  ---
  duration_ms: 0.243152
  type: 'test'
  ...
# Subtest: resolve safely ignores unknown and malformed values
ok 1987 - resolve safely ignores unknown and malformed values
  ---
  duration_ms: 0.22622
  type: 'test'
  ...
# Subtest: assetFor allowlists adult-cat expression portraits only
ok 1988 - assetFor allowlists adult-cat expression portraits only
  ---
  duration_ms: 3.498668
  type: 'test'
  ...
# Subtest: accentFor returns one static accessible-hidden SVG accent per non-normal adult-cat expression
ok 1989 - accentFor returns one static accessible-hidden SVG accent per non-normal adult-cat expression
  ---
  duration_ms: 1.187729
  type: 'test'
  ...
# Subtest: reactionFor maps every approved semantic event and rejects unknown events
ok 1990 - reactionFor maps every approved semantic event and rejects unknown events
  ---
  duration_ms: 0.36571
  type: 'test'
  ...
# Subtest: the frozen API leaves caller-owned values unchanged
ok 1991 - the frozen API leaves caller-owned values unchanged
  ---
  duration_ms: 0.238123
  type: 'test'
  ...
# Subtest: sleeping uses three rising Z marks without a font or animation dependency
ok 1992 - sleeping uses three rising Z marks without a font or animation dependency
  ---
  duration_ms: 5.753594
  type: 'test'
  ...
# Subtest: line-only state marks have a separate outline beneath their colored strokes
ok 1993 - line-only state marks have a separate outline beneath their colored strokes
  ---
  duration_ms: 0.81137
  type: 'test'
  ...
# Subtest: kitten stage supports all ten expressions while other cat stages keep their base art
ok 1994 - kitten stage supports all ten expressions while other cat stages keep their base art
  ---
  duration_ms: 0.414471
  type: 'test'
  ...
# Subtest: calling marks retain the two outlined strokes
ok 1995 - calling marks retain the two outlined strokes
  ---
  duration_ms: 0.228034
  type: 'test'
  ...
# Subtest: otemba stage has ten faces and marks anchored near its left-hand head
ok 1996 - otemba stage has ten faces and marks anchored near its left-hand head
  ---
  duration_ms: 0.362685
  type: 'test'
  ...
# Subtest: young stage has ten faces and marks anchored near its left-hand head
ok 1997 - young stage has ten faces and marks anchored near its left-hand head
  ---
  duration_ms: 0.262158
  type: 'test'
  ...
# Subtest: calm stage has ten faces and marks anchored near its left-hand head
ok 1998 - calm stage has ten faces and marks anchored near its left-hand head
  ---
  duration_ms: 0.332318
  type: 'test'
  ...
# Subtest: elder stage has ten faces and marks anchored near its left-hand head
ok 1999 - elder stage has ten faces and marks anchored near its left-hand head
  ---
  duration_ms: 0.320867
  type: 'test'
  ...
# Subtest: toddler stage has ten faces and marks anchored near its left-hand head
ok 2000 - toddler stage has ten faces and marks anchored near its left-hand head
  ---
  duration_ms: 0.195003
  type: 'test'
  ...
# Subtest: baby stage has ten faces and marks anchored near its left-hand head
ok 2001 - baby stage has ten faces and marks anchored near its left-hand head
  ---
  duration_ms: 0.204891
  type: 'test'
  ...
# Subtest: adult dog supports ten expressions while unsupported species retain base portraits
ok 2002 - adult dog supports ten expressions while unsupported species retain base portraits
  ---
  duration_ms: 0.1881
  type: 'test'
  ...
# Subtest: puppy supports ten expressions while unsupported species retain base portraits
ok 2003 - puppy supports ten expressions while unsupported species retain base portraits
  ---
  duration_ms: 0.286353
  type: 'test'
  ...
# Subtest: wanpaku supports ten expressions while unsupported species retain base portraits
ok 2004 - wanpaku supports ten expressions while unsupported species retain base portraits
  ---
  duration_ms: 0.262378
  type: 'test'
  ...
# Subtest: young dog supports ten expressions while unsupported species retain base portraits
ok 2005 - young dog supports ten expressions while unsupported species retain base portraits
  ---
  duration_ms: 0.265794
  type: 'test'
  ...
# Subtest: young dog accents follow its upright head and hunger uses a food bowl
ok 2006 - young dog accents follow its upright head and hunger uses a food bowl
  ---
  duration_ms: 0.207877
  type: 'test'
  ...
# Subtest: calm dog supports ten expressions while unsupported species retain base portraits
ok 2007 - calm dog supports ten expressions while unsupported species retain base portraits
  ---
  duration_ms: 0.273168
  type: 'test'
  ...
# Subtest: calm dog accents follow its head and hunger uses a food bowl
ok 2008 - calm dog accents follow its head and hunger uses a food bowl
  ---
  duration_ms: 0.163835
  type: 'test'
  ...
# Subtest: dog 01 routes ten expressions with approved milk/bowl hunger artwork
ok 2009 - dog 01 routes ten expressions with approved milk/bowl hunger artwork
  ---
  duration_ms: 0.324644
  type: 'test'
  ...
# Subtest: dog 02 routes ten expressions with approved milk/bowl hunger artwork
ok 2010 - dog 02 routes ten expressions with approved milk/bowl hunger artwork
  ---
  duration_ms: 0.146793
  type: 'test'
  ...
# Subtest: dog 08 routes ten expressions with approved milk/bowl hunger artwork
ok 2011 - dog 08 routes ten expressions with approved milk/bowl hunger artwork
  ---
  duration_ms: 0.152243
  type: 'test'
  ...
# Subtest: man supports all eight stages with ten faces and age-appropriate milk/rice artwork
ok 2012 - man supports all eight stages with ten faces and age-appropriate milk/rice artwork
  ---
  duration_ms: 1.207536
  type: 'test'
  ...
# Subtest: woman supports all eight stages with ten faces and age-appropriate milk/rice artwork
ok 2013 - woman supports all eight stages with ten faces and age-appropriate milk/rice artwork
  ---
  duration_ms: 0.904883
  type: 'test'
  ...
# Subtest: sweat follows the face sides instead of the whole body
ok 2014 - sweat follows the face sides instead of the whole body
  ---
  duration_ms: 0.265133
  type: 'test'
  ...
# Subtest: every observed face center lies within its normal sprite bounds
ok 2015 - every observed face center lies within its normal sprite bounds
  ---
  duration_ms: 1.085088
  type: 'test'
  ...
# Subtest: cat/1 marks follow the approved face-relative directions
ok 2016 - cat/1 marks follow the approved face-relative directions
  ---
  duration_ms: 0.535967
  type: 'test'
  ...
# Subtest: cat/2 marks follow the approved face-relative directions
ok 2017 - cat/2 marks follow the approved face-relative directions
  ---
  duration_ms: 0.39775
  type: 'test'
  ...
# Subtest: cat/3 marks follow the approved face-relative directions
ok 2018 - cat/3 marks follow the approved face-relative directions
  ---
  duration_ms: 0.346254
  type: 'test'
  ...
# Subtest: cat/4 marks follow the approved face-relative directions
ok 2019 - cat/4 marks follow the approved face-relative directions
  ---
  duration_ms: 5.19272
  type: 'test'
  ...
# Subtest: cat/5 marks follow the approved face-relative directions
ok 2020 - cat/5 marks follow the approved face-relative directions
  ---
  duration_ms: 0.172071
  type: 'test'
  ...
# Subtest: cat/6 marks follow the approved face-relative directions
ok 2021 - cat/6 marks follow the approved face-relative directions
  ---
  duration_ms: 0.200452
  type: 'test'
  ...
# Subtest: cat/7 marks follow the approved face-relative directions
ok 2022 - cat/7 marks follow the approved face-relative directions
  ---
  duration_ms: 0.164656
  type: 'test'
  ...
# Subtest: cat/8 marks follow the approved face-relative directions
ok 2023 - cat/8 marks follow the approved face-relative directions
  ---
  duration_ms: 0.176298
  type: 'test'
  ...
# Subtest: dog/1 marks follow the approved face-relative directions
ok 2024 - dog/1 marks follow the approved face-relative directions
  ---
  duration_ms: 0.16109
  type: 'test'
  ...
# Subtest: dog/2 marks follow the approved face-relative directions
ok 2025 - dog/2 marks follow the approved face-relative directions
  ---
  duration_ms: 0.180265
  type: 'test'
  ...
# Subtest: dog/3 marks follow the approved face-relative directions
ok 2026 - dog/3 marks follow the approved face-relative directions
  ---
  duration_ms: 0.210943
  type: 'test'
  ...
# Subtest: dog/4 marks follow the approved face-relative directions
ok 2027 - dog/4 marks follow the approved face-relative directions
  ---
  duration_ms: 0.183962
  type: 'test'
  ...
# Subtest: dog/5 marks follow the approved face-relative directions
ok 2028 - dog/5 marks follow the approved face-relative directions
  ---
  duration_ms: 0.173272
  type: 'test'
  ...
# Subtest: dog/6 marks follow the approved face-relative directions
ok 2029 - dog/6 marks follow the approved face-relative directions
  ---
  duration_ms: 0.172882
  type: 'test'
  ...
# Subtest: dog/7 marks follow the approved face-relative directions
ok 2030 - dog/7 marks follow the approved face-relative directions
  ---
  duration_ms: 0.174445
  type: 'test'
  ...
# Subtest: dog/8 marks follow the approved face-relative directions
ok 2031 - dog/8 marks follow the approved face-relative directions
  ---
  duration_ms: 0.191877
  type: 'test'
  ...
# Subtest: man/1 marks follow the approved face-relative directions
ok 2032 - man/1 marks follow the approved face-relative directions
  ---
  duration_ms: 0.176598
  type: 'test'
  ...
# Subtest: man/2 marks follow the approved face-relative directions
ok 2033 - man/2 marks follow the approved face-relative directions
  ---
  duration_ms: 0.159076
  type: 'test'
  ...
# Subtest: man/3 marks follow the approved face-relative directions
ok 2034 - man/3 marks follow the approved face-relative directions
  ---
  duration_ms: 0.144589
  type: 'test'
  ...
# Subtest: man/4 marks follow the approved face-relative directions
ok 2035 - man/4 marks follow the approved face-relative directions
  ---
  duration_ms: 0.178752
  type: 'test'
  ...
# Subtest: man/5 marks follow the approved face-relative directions
ok 2036 - man/5 marks follow the approved face-relative directions
  ---
  duration_ms: 0.157192
  type: 'test'
  ...
# Subtest: man/6 marks follow the approved face-relative directions
ok 2037 - man/6 marks follow the approved face-relative directions
  ---
  duration_ms: 0.165057
  type: 'test'
  ...
# Subtest: man/7 marks follow the approved face-relative directions
ok 2038 - man/7 marks follow the approved face-relative directions
  ---
  duration_ms: 0.154889
  type: 'test'
  ...
# Subtest: man/8 marks follow the approved face-relative directions
ok 2039 - man/8 marks follow the approved face-relative directions
  ---
  duration_ms: 0.157443
  type: 'test'
  ...
# Subtest: woman/1 marks follow the approved face-relative directions
ok 2040 - woman/1 marks follow the approved face-relative directions
  ---
  duration_ms: 0.142455
  type: 'test'
  ...
# Subtest: woman/2 marks follow the approved face-relative directions
ok 2041 - woman/2 marks follow the approved face-relative directions
  ---
  duration_ms: 0.176679
  type: 'test'
  ...
# Subtest: woman/3 marks follow the approved face-relative directions
ok 2042 - woman/3 marks follow the approved face-relative directions
  ---
  duration_ms: 0.129991
  type: 'test'
  ...
# Subtest: woman/4 marks follow the approved face-relative directions
ok 2043 - woman/4 marks follow the approved face-relative directions
  ---
  duration_ms: 0.1292
  type: 'test'
  ...
# Subtest: woman/5 marks follow the approved face-relative directions
ok 2044 - woman/5 marks follow the approved face-relative directions
  ---
  duration_ms: 0.126946
  type: 'test'
  ...
# Subtest: woman/6 marks follow the approved face-relative directions
ok 2045 - woman/6 marks follow the approved face-relative directions
  ---
  duration_ms: 0.127477
  type: 'test'
  ...
# Subtest: woman/7 marks follow the approved face-relative directions
ok 2046 - woman/7 marks follow the approved face-relative directions
  ---
  duration_ms: 0.131555
  type: 'test'
  ...
# Subtest: woman/8 marks follow the approved face-relative directions
ok 2047 - woman/8 marks follow the approved face-relative directions
  ---
  duration_ms: 0.18278
  type: 'test'
  ...
# Subtest: penguin/1 marks follow the approved face-relative directions
ok 2048 - penguin/1 marks follow the approved face-relative directions
  ---
  duration_ms: 0.163173
  type: 'test'
  ...
# Subtest: penguin/2 marks follow the approved face-relative directions
ok 2049 - penguin/2 marks follow the approved face-relative directions
  ---
  duration_ms: 0.150409
  type: 'test'
  ...
# Subtest: penguin/3 marks follow the approved face-relative directions
ok 2050 - penguin/3 marks follow the approved face-relative directions
  ---
  duration_ms: 0.147665
  type: 'test'
  ...
# Subtest: penguin/4 marks follow the approved face-relative directions
ok 2051 - penguin/4 marks follow the approved face-relative directions
  ---
  duration_ms: 0.148987
  type: 'test'
  ...
# Subtest: penguin/5 marks follow the approved face-relative directions
ok 2052 - penguin/5 marks follow the approved face-relative directions
  ---
  duration_ms: 0.175968
  type: 'test'
  ...
# Subtest: penguin/6 marks follow the approved face-relative directions
ok 2053 - penguin/6 marks follow the approved face-relative directions
  ---
  duration_ms: 0.203949
  type: 'test'
  ...
# Subtest: penguin/7 marks follow the approved face-relative directions
ok 2054 - penguin/7 marks follow the approved face-relative directions
  ---
  duration_ms: 0.149968
  type: 'test'
  ...
# Subtest: penguin/8 marks follow the approved face-relative directions
ok 2055 - penguin/8 marks follow the approved face-relative directions
  ---
  duration_ms: 0.15613
  type: 'test'
  ...
# Subtest: turtle/1 marks follow the approved face-relative directions
ok 2056 - turtle/1 marks follow the approved face-relative directions
  ---
  duration_ms: 0.149137
  type: 'test'
  ...
# Subtest: turtle/2 marks follow the approved face-relative directions
ok 2057 - turtle/2 marks follow the approved face-relative directions
  ---
  duration_ms: 0.180115
  type: 'test'
  ...
# Subtest: turtle/3 marks follow the approved face-relative directions
ok 2058 - turtle/3 marks follow the approved face-relative directions
  ---
  duration_ms: 0.155769
  type: 'test'
  ...
# Subtest: turtle/4 marks follow the approved face-relative directions
ok 2059 - turtle/4 marks follow the approved face-relative directions
  ---
  duration_ms: 0.148507
  type: 'test'
  ...
# Subtest: turtle/5 marks follow the approved face-relative directions
ok 2060 - turtle/5 marks follow the approved face-relative directions
  ---
  duration_ms: 0.195894
  type: 'test'
  ...
# Subtest: turtle/6 marks follow the approved face-relative directions
ok 2061 - turtle/6 marks follow the approved face-relative directions
  ---
  duration_ms: 0.176789
  type: 'test'
  ...
# Subtest: turtle/7 marks follow the approved face-relative directions
ok 2062 - turtle/7 marks follow the approved face-relative directions
  ---
  duration_ms: 0.226893
  type: 'test'
  ...
# Subtest: turtle/8 marks follow the approved face-relative directions
ok 2063 - turtle/8 marks follow the approved face-relative directions
  ---
  duration_ms: 0.16661
  type: 'test'
  ...
# Subtest: frog/1 marks follow the approved face-relative directions
ok 2064 - frog/1 marks follow the approved face-relative directions
  ---
  duration_ms: 0.165698
  type: 'test'
  ...
# Subtest: frog/2 marks follow the approved face-relative directions
ok 2065 - frog/2 marks follow the approved face-relative directions
  ---
  duration_ms: 0.152984
  type: 'test'
  ...
# Subtest: frog/3 marks follow the approved face-relative directions
ok 2066 - frog/3 marks follow the approved face-relative directions
  ---
  duration_ms: 0.158685
  type: 'test'
  ...
# Subtest: frog/4 marks follow the approved face-relative directions
ok 2067 - frog/4 marks follow the approved face-relative directions
  ---
  duration_ms: 0.187809
  type: 'test'
  ...
# Subtest: frog/5 marks follow the approved face-relative directions
ok 2068 - frog/5 marks follow the approved face-relative directions
  ---
  duration_ms: 0.160809
  type: 'test'
  ...
# Subtest: frog/6 marks follow the approved face-relative directions
ok 2069 - frog/6 marks follow the approved face-relative directions
  ---
  duration_ms: 0.157293
  type: 'test'
  ...
# Subtest: frog/7 marks follow the approved face-relative directions
ok 2070 - frog/7 marks follow the approved face-relative directions
  ---
  duration_ms: 0.172341
  type: 'test'
  ...
# Subtest: frog/8 marks follow the approved face-relative directions
ok 2071 - frog/8 marks follow the approved face-relative directions
  ---
  duration_ms: 0.165418
  type: 'test'
  ...
# Subtest: clownfish/1 marks follow the approved face-relative directions
ok 2072 - clownfish/1 marks follow the approved face-relative directions
  ---
  duration_ms: 0.201445
  type: 'test'
  ...
# Subtest: clownfish/2 marks follow the approved face-relative directions
ok 2073 - clownfish/2 marks follow the approved face-relative directions
  ---
  duration_ms: 0.167502
  type: 'test'
  ...
# Subtest: clownfish/3 marks follow the approved face-relative directions
ok 2074 - clownfish/3 marks follow the approved face-relative directions
  ---
  duration_ms: 0.166771
  type: 'test'
  ...
# Subtest: clownfish/4 marks follow the approved face-relative directions
ok 2075 - clownfish/4 marks follow the approved face-relative directions
  ---
  duration_ms: 0.163624
  type: 'test'
  ...
# Subtest: clownfish/5 marks follow the approved face-relative directions
ok 2076 - clownfish/5 marks follow the approved face-relative directions
  ---
  duration_ms: 0.162863
  type: 'test'
  ...
# Subtest: clownfish/6 marks follow the approved face-relative directions
ok 2077 - clownfish/6 marks follow the approved face-relative directions
  ---
  duration_ms: 0.198589
  type: 'test'
  ...
# Subtest: clownfish/7 marks follow the approved face-relative directions
ok 2078 - clownfish/7 marks follow the approved face-relative directions
  ---
  duration_ms: 0.162422
  type: 'test'
  ...
# Subtest: clownfish/8 marks follow the approved face-relative directions
ok 2079 - clownfish/8 marks follow the approved face-relative directions
  ---
  duration_ms: 0.163073
  type: 'test'
  ...
# Subtest: salmon/1 marks follow the approved face-relative directions
ok 2080 - salmon/1 marks follow the approved face-relative directions
  ---
  duration_ms: 0.162483
  type: 'test'
  ...
# Subtest: salmon/2 marks follow the approved face-relative directions
ok 2081 - salmon/2 marks follow the approved face-relative directions
  ---
  duration_ms: 0.165238
  type: 'test'
  ...
# Subtest: salmon/3 marks follow the approved face-relative directions
ok 2082 - salmon/3 marks follow the approved face-relative directions
  ---
  duration_ms: 0.187579
  type: 'test'
  ...
# Subtest: salmon/4 marks follow the approved face-relative directions
ok 2083 - salmon/4 marks follow the approved face-relative directions
  ---
  duration_ms: 0.146312
  type: 'test'
  ...
# Subtest: salmon/5 marks follow the approved face-relative directions
ok 2084 - salmon/5 marks follow the approved face-relative directions
  ---
  duration_ms: 0.159798
  type: 'test'
  ...
# Subtest: salmon/6 marks follow the approved face-relative directions
ok 2085 - salmon/6 marks follow the approved face-relative directions
  ---
  duration_ms: 0.17191
  type: 'test'
  ...
# Subtest: salmon/7 marks follow the approved face-relative directions
ok 2086 - salmon/7 marks follow the approved face-relative directions
  ---
  duration_ms: 1.416876
  type: 'test'
  ...
# Subtest: salmon/8 marks follow the approved face-relative directions
ok 2087 - salmon/8 marks follow the approved face-relative directions
  ---
  duration_ms: 0.152424
  type: 'test'
  ...
# Subtest: hermit_crab/1 marks follow the approved face-relative directions
ok 2088 - hermit_crab/1 marks follow the approved face-relative directions
  ---
  duration_ms: 0.174775
  type: 'test'
  ...
# Subtest: hermit_crab/2 marks follow the approved face-relative directions
ok 2089 - hermit_crab/2 marks follow the approved face-relative directions
  ---
  duration_ms: 0.161831
  type: 'test'
  ...
# Subtest: hermit_crab/3 marks follow the approved face-relative directions
ok 2090 - hermit_crab/3 marks follow the approved face-relative directions
  ---
  duration_ms: 0.17192
  type: 'test'
  ...
# Subtest: hermit_crab/4 marks follow the approved face-relative directions
ok 2091 - hermit_crab/4 marks follow the approved face-relative directions
  ---
  duration_ms: 0.194782
  type: 'test'
  ...
# Subtest: hermit_crab/5 marks follow the approved face-relative directions
ok 2092 - hermit_crab/5 marks follow the approved face-relative directions
  ---
  duration_ms: 0.164867
  type: 'test'
  ...
# Subtest: hermit_crab/6 marks follow the approved face-relative directions
ok 2093 - hermit_crab/6 marks follow the approved face-relative directions
  ---
  duration_ms: 0.154347
  type: 'test'
  ...
# Subtest: hermit_crab/7 marks follow the approved face-relative directions
ok 2094 - hermit_crab/7 marks follow the approved face-relative directions
  ---
  duration_ms: 0.153115
  type: 'test'
  ...
# Subtest: hermit_crab/8 marks follow the approved face-relative directions
ok 2095 - hermit_crab/8 marks follow the approved face-relative directions
  ---
  duration_ms: 0.140732
  type: 'test'
  ...
# Subtest: jellyfish/1 marks follow the approved face-relative directions
ok 2096 - jellyfish/1 marks follow the approved face-relative directions
  ---
  duration_ms: 2.586843
  type: 'test'
  ...
# Subtest: jellyfish/2 marks follow the approved face-relative directions
ok 2097 - jellyfish/2 marks follow the approved face-relative directions
  ---
  duration_ms: 0.165007
  type: 'test'
  ...
# Subtest: jellyfish/3 marks follow the approved face-relative directions
ok 2098 - jellyfish/3 marks follow the approved face-relative directions
  ---
  duration_ms: 0.165848
  type: 'test'
  ...
# Subtest: jellyfish/4 marks follow the approved face-relative directions
ok 2099 - jellyfish/4 marks follow the approved face-relative directions
  ---
  duration_ms: 0.852707
  type: 'test'
  ...
# Subtest: jellyfish/5 marks follow the approved face-relative directions
ok 2100 - jellyfish/5 marks follow the approved face-relative directions
  ---
  duration_ms: 0.17745
  type: 'test'
  ...
# Subtest: jellyfish/6 marks follow the approved face-relative directions
ok 2101 - jellyfish/6 marks follow the approved face-relative directions
  ---
  duration_ms: 0.158575
  type: 'test'
  ...
# Subtest: jellyfish/7 marks follow the approved face-relative directions
ok 2102 - jellyfish/7 marks follow the approved face-relative directions
  ---
  duration_ms: 0.153425
  type: 'test'
  ...
# Subtest: jellyfish/8 marks follow the approved face-relative directions
ok 2103 - jellyfish/8 marks follow the approved face-relative directions
  ---
  duration_ms: 0.154117
  type: 'test'
  ...
# Subtest: starfish/1 marks follow the approved face-relative directions
ok 2104 - starfish/1 marks follow the approved face-relative directions
  ---
  duration_ms: 0.166881
  type: 'test'
  ...
# Subtest: starfish/2 marks follow the approved face-relative directions
ok 2105 - starfish/2 marks follow the approved face-relative directions
  ---
  duration_ms: 0.162973
  type: 'test'
  ...
# Subtest: starfish/3 marks follow the approved face-relative directions
ok 2106 - starfish/3 marks follow the approved face-relative directions
  ---
  duration_ms: 0.165398
  type: 'test'
  ...
# Subtest: starfish/4 marks follow the approved face-relative directions
ok 2107 - starfish/4 marks follow the approved face-relative directions
  ---
  duration_ms: 0.151522
  type: 'test'
  ...
# Subtest: starfish/5 marks follow the approved face-relative directions
ok 2108 - starfish/5 marks follow the approved face-relative directions
  ---
  duration_ms: 0.145301
  type: 'test'
  ...
# Subtest: starfish/6 marks follow the approved face-relative directions
ok 2109 - starfish/6 marks follow the approved face-relative directions
  ---
  duration_ms: 0.146192
  type: 'test'
  ...
# Subtest: starfish/7 marks follow the approved face-relative directions
ok 2110 - starfish/7 marks follow the approved face-relative directions
  ---
  duration_ms: 0.135592
  type: 'test'
  ...
# Subtest: starfish/8 marks follow the approved face-relative directions
ok 2111 - starfish/8 marks follow the approved face-relative directions
  ---
  duration_ms: 0.173022
  type: 'test'
  ...
# Subtest: coral/1 marks follow the approved face-relative directions
ok 2112 - coral/1 marks follow the approved face-relative directions
  ---
  duration_ms: 0.163204
  type: 'test'
  ...
# Subtest: coral/2 marks follow the approved face-relative directions
ok 2113 - coral/2 marks follow the approved face-relative directions
  ---
  duration_ms: 0.168844
  type: 'test'
  ...
# Subtest: coral/3 marks follow the approved face-relative directions
ok 2114 - coral/3 marks follow the approved face-relative directions
  ---
  duration_ms: 0.210732
  type: 'test'
  ...
# Subtest: coral/4 marks follow the approved face-relative directions
ok 2115 - coral/4 marks follow the approved face-relative directions
  ---
  duration_ms: 0.176799
  type: 'test'
  ...
# Subtest: coral/5 marks follow the approved face-relative directions
ok 2116 - coral/5 marks follow the approved face-relative directions
  ---
  duration_ms: 0.165037
  type: 'test'
  ...
# Subtest: coral/6 marks follow the approved face-relative directions
ok 2117 - coral/6 marks follow the approved face-relative directions
  ---
  duration_ms: 0.162532
  type: 'test'
  ...
# Subtest: coral/7 marks follow the approved face-relative directions
ok 2118 - coral/7 marks follow the approved face-relative directions
  ---
  duration_ms: 0.156211
  type: 'test'
  ...
# Subtest: coral/8 marks follow the approved face-relative directions
ok 2119 - coral/8 marks follow the approved face-relative directions
  ---
  duration_ms: 0.706324
  type: 'test'
  ...
# Subtest: butterfly/1 marks follow the approved face-relative directions
ok 2120 - butterfly/1 marks follow the approved face-relative directions
  ---
  duration_ms: 0.178903
  type: 'test'
  ...
# Subtest: butterfly/2 marks follow the approved face-relative directions
ok 2121 - butterfly/2 marks follow the approved face-relative directions
  ---
  duration_ms: 0.180415
  type: 'test'
  ...
# Subtest: butterfly/3 marks follow the approved face-relative directions
ok 2122 - butterfly/3 marks follow the approved face-relative directions
  ---
  duration_ms: 0.275673
  type: 'test'
  ...
# Subtest: butterfly/4 marks follow the approved face-relative directions
ok 2123 - butterfly/4 marks follow the approved face-relative directions
  ---
  duration_ms: 0.174133
  type: 'test'
  ...
# Subtest: butterfly/5 marks follow the approved face-relative directions
ok 2124 - butterfly/5 marks follow the approved face-relative directions
  ---
  duration_ms: 0.176649
  type: 'test'
  ...
# Subtest: butterfly/6 marks follow the approved face-relative directions
ok 2125 - butterfly/6 marks follow the approved face-relative directions
  ---
  duration_ms: 0.17217
  type: 'test'
  ...
# Subtest: butterfly/7 marks follow the approved face-relative directions
ok 2126 - butterfly/7 marks follow the approved face-relative directions
  ---
  duration_ms: 0.205612
  type: 'test'
  ...
# Subtest: butterfly/8 marks follow the approved face-relative directions
ok 2127 - butterfly/8 marks follow the approved face-relative directions
  ---
  duration_ms: 0.174695
  type: 'test'
  ...
# Subtest: beetle/1 marks follow the approved face-relative directions
ok 2128 - beetle/1 marks follow the approved face-relative directions
  ---
  duration_ms: 0.146382
  type: 'test'
  ...
# Subtest: beetle/2 marks follow the approved face-relative directions
ok 2129 - beetle/2 marks follow the approved face-relative directions
  ---
  duration_ms: 0.14486
  type: 'test'
  ...
# Subtest: beetle/3 marks follow the approved face-relative directions
ok 2130 - beetle/3 marks follow the approved face-relative directions
  ---
  duration_ms: 0.159496
  type: 'test'
  ...
# Subtest: beetle/4 marks follow the approved face-relative directions
ok 2131 - beetle/4 marks follow the approved face-relative directions
  ---
  duration_ms: 0.201896
  type: 'test'
  ...
# Subtest: beetle/5 marks follow the approved face-relative directions
ok 2132 - beetle/5 marks follow the approved face-relative directions
  ---
  duration_ms: 0.164036
  type: 'test'
  ...
# Subtest: beetle/6 marks follow the approved face-relative directions
ok 2133 - beetle/6 marks follow the approved face-relative directions
  ---
  duration_ms: 0.169305
  type: 'test'
  ...
# Subtest: beetle/7 marks follow the approved face-relative directions
ok 2134 - beetle/7 marks follow the approved face-relative directions
  ---
  duration_ms: 0.168052
  type: 'test'
  ...
# Subtest: beetle/8 marks follow the approved face-relative directions
ok 2135 - beetle/8 marks follow the approved face-relative directions
  ---
  duration_ms: 0.169405
  type: 'test'
  ...
# Subtest: stagbeetle/1 marks follow the approved face-relative directions
ok 2136 - stagbeetle/1 marks follow the approved face-relative directions
  ---
  duration_ms: 0.239956
  type: 'test'
  ...
# Subtest: stagbeetle/2 marks follow the approved face-relative directions
ok 2137 - stagbeetle/2 marks follow the approved face-relative directions
  ---
  duration_ms: 0.162762
  type: 'test'
  ...
# Subtest: stagbeetle/3 marks follow the approved face-relative directions
ok 2138 - stagbeetle/3 marks follow the approved face-relative directions
  ---
  duration_ms: 0.175346
  type: 'test'
  ...
# Subtest: stagbeetle/4 marks follow the approved face-relative directions
ok 2139 - stagbeetle/4 marks follow the approved face-relative directions
  ---
  duration_ms: 0.174695
  type: 'test'
  ...
# Subtest: stagbeetle/5 marks follow the approved face-relative directions
ok 2140 - stagbeetle/5 marks follow the approved face-relative directions
  ---
  duration_ms: 0.206354
  type: 'test'
  ...
# Subtest: stagbeetle/6 marks follow the approved face-relative directions
ok 2141 - stagbeetle/6 marks follow the approved face-relative directions
  ---
  duration_ms: 0.183421
  type: 'test'
  ...
# Subtest: stagbeetle/7 marks follow the approved face-relative directions
ok 2142 - stagbeetle/7 marks follow the approved face-relative directions
  ---
  duration_ms: 0.17204
  type: 'test'
  ...
# Subtest: stagbeetle/8 marks follow the approved face-relative directions
ok 2143 - stagbeetle/8 marks follow the approved face-relative directions
  ---
  duration_ms: 0.176118
  type: 'test'
  ...
# Subtest: cicada/1 marks follow the approved face-relative directions
ok 2144 - cicada/1 marks follow the approved face-relative directions
  ---
  duration_ms: 0.167932
  type: 'test'
  ...
# Subtest: cicada/2 marks follow the approved face-relative directions
ok 2145 - cicada/2 marks follow the approved face-relative directions
  ---
  duration_ms: 0.200203
  type: 'test'
  ...
# Subtest: cicada/3 marks follow the approved face-relative directions
ok 2146 - cicada/3 marks follow the approved face-relative directions
  ---
  duration_ms: 0.146883
  type: 'test'
  ...
# Subtest: cicada/4 marks follow the approved face-relative directions
ok 2147 - cicada/4 marks follow the approved face-relative directions
  ---
  duration_ms: 0.144098
  type: 'test'
  ...
# Subtest: cicada/5 marks follow the approved face-relative directions
ok 2148 - cicada/5 marks follow the approved face-relative directions
  ---
  duration_ms: 0.139941
  type: 'test'
  ...
# Subtest: cicada/6 marks follow the approved face-relative directions
ok 2149 - cicada/6 marks follow the approved face-relative directions
  ---
  duration_ms: 0.140381
  type: 'test'
  ...
# Subtest: cicada/7 marks follow the approved face-relative directions
ok 2150 - cicada/7 marks follow the approved face-relative directions
  ---
  duration_ms: 0.154768
  type: 'test'
  ...
# Subtest: cicada/8 marks follow the approved face-relative directions
ok 2151 - cicada/8 marks follow the approved face-relative directions
  ---
  duration_ms: 0.147705
  type: 'test'
  ...
# Subtest: antlion/1 marks follow the approved face-relative directions
ok 2152 - antlion/1 marks follow the approved face-relative directions
  ---
  duration_ms: 0.142275
  type: 'test'
  ...
# Subtest: antlion/2 marks follow the approved face-relative directions
ok 2153 - antlion/2 marks follow the approved face-relative directions
  ---
  duration_ms: 0.133178
  type: 'test'
  ...
# Subtest: antlion/3 marks follow the approved face-relative directions
ok 2154 - antlion/3 marks follow the approved face-relative directions
  ---
  duration_ms: 0.144419
  type: 'test'
  ...
# Subtest: antlion/4 marks follow the approved face-relative directions
ok 2155 - antlion/4 marks follow the approved face-relative directions
  ---
  duration_ms: 0.148236
  type: 'test'
  ...
# Subtest: antlion/5 marks follow the approved face-relative directions
ok 2156 - antlion/5 marks follow the approved face-relative directions
  ---
  duration_ms: 0.163754
  type: 'test'
  ...
# Subtest: antlion/6 marks follow the approved face-relative directions
ok 2157 - antlion/6 marks follow the approved face-relative directions
  ---
  duration_ms: 0.173793
  type: 'test'
  ...
# Subtest: antlion/7 marks follow the approved face-relative directions
ok 2158 - antlion/7 marks follow the approved face-relative directions
  ---
  duration_ms: 0.180255
  type: 'test'
  ...
# Subtest: antlion/8 marks follow the approved face-relative directions
ok 2159 - antlion/8 marks follow the approved face-relative directions
  ---
  duration_ms: 0.151933
  type: 'test'
  ...
# Subtest: dandelion/1 marks follow the approved face-relative directions
ok 2160 - dandelion/1 marks follow the approved face-relative directions
  ---
  duration_ms: 0.142275
  type: 'test'
  ...
# Subtest: dandelion/2 marks follow the approved face-relative directions
ok 2161 - dandelion/2 marks follow the approved face-relative directions
  ---
  duration_ms: 0.139329
  type: 'test'
  ...
# Subtest: dandelion/3 marks follow the approved face-relative directions
ok 2162 - dandelion/3 marks follow the approved face-relative directions
  ---
  duration_ms: 0.145981
  type: 'test'
  ...
# Subtest: dandelion/4 marks follow the approved face-relative directions
ok 2163 - dandelion/4 marks follow the approved face-relative directions
  ---
  duration_ms: 0.138408
  type: 'test'
  ...
# Subtest: dandelion/5 marks follow the approved face-relative directions
ok 2164 - dandelion/5 marks follow the approved face-relative directions
  ---
  duration_ms: 0.141794
  type: 'test'
  ...
# Subtest: dandelion/6 marks follow the approved face-relative directions
ok 2165 - dandelion/6 marks follow the approved face-relative directions
  ---
  duration_ms: 0.133488
  type: 'test'
  ...
# Subtest: dandelion/7 marks follow the approved face-relative directions
ok 2166 - dandelion/7 marks follow the approved face-relative directions
  ---
  duration_ms: 0.167421
  type: 'test'
  ...
# Subtest: dandelion/8 marks follow the approved face-relative directions
ok 2167 - dandelion/8 marks follow the approved face-relative directions
  ---
  duration_ms: 0.219167
  type: 'test'
  ...
# Subtest: sakura/1 marks follow the approved face-relative directions
ok 2168 - sakura/1 marks follow the approved face-relative directions
  ---
  duration_ms: 0.178232
  type: 'test'
  ...
# Subtest: sakura/2 marks follow the approved face-relative directions
ok 2169 - sakura/2 marks follow the approved face-relative directions
  ---
  duration_ms: 0.177631
  type: 'test'
  ...
# Subtest: sakura/3 marks follow the approved face-relative directions
ok 2170 - sakura/3 marks follow the approved face-relative directions
  ---
  duration_ms: 0.178392
  type: 'test'
  ...
# Subtest: sakura/4 marks follow the approved face-relative directions
ok 2171 - sakura/4 marks follow the approved face-relative directions
  ---
  duration_ms: 0.180646
  type: 'test'
  ...
# Subtest: sakura/5 marks follow the approved face-relative directions
ok 2172 - sakura/5 marks follow the approved face-relative directions
  ---
  duration_ms: 0.175607
  type: 'test'
  ...
# Subtest: sakura/6 marks follow the approved face-relative directions
ok 2173 - sakura/6 marks follow the approved face-relative directions
  ---
  duration_ms: 0.175787
  type: 'test'
  ...
# Subtest: sakura/7 marks follow the approved face-relative directions
ok 2174 - sakura/7 marks follow the approved face-relative directions
  ---
  duration_ms: 0.175076
  type: 'test'
  ...
# Subtest: sakura/8 marks follow the approved face-relative directions
ok 2175 - sakura/8 marks follow the approved face-relative directions
  ---
  duration_ms: 0.172671
  type: 'test'
  ...
# Subtest: venus_flytrap/1 marks follow the approved face-relative directions
ok 2176 - venus_flytrap/1 marks follow the approved face-relative directions
  ---
  duration_ms: 0.22552
  type: 'test'
  ...
# Subtest: venus_flytrap/2 marks follow the approved face-relative directions
ok 2177 - venus_flytrap/2 marks follow the approved face-relative directions
  ---
  duration_ms: 0.175697
  type: 'test'
  ...
# Subtest: venus_flytrap/3 marks follow the approved face-relative directions
ok 2178 - venus_flytrap/3 marks follow the approved face-relative directions
  ---
  duration_ms: 0.167211
  type: 'test'
  ...
# Subtest: venus_flytrap/4 marks follow the approved face-relative directions
ok 2179 - venus_flytrap/4 marks follow the approved face-relative directions
  ---
  duration_ms: 0.17777
  type: 'test'
  ...
# Subtest: venus_flytrap/5 marks follow the approved face-relative directions
ok 2180 - venus_flytrap/5 marks follow the approved face-relative directions
  ---
  duration_ms: 0.196856
  type: 'test'
  ...
# Subtest: venus_flytrap/6 marks follow the approved face-relative directions
ok 2181 - venus_flytrap/6 marks follow the approved face-relative directions
  ---
  duration_ms: 0.191686
  type: 'test'
  ...
# Subtest: venus_flytrap/7 marks follow the approved face-relative directions
ok 2182 - venus_flytrap/7 marks follow the approved face-relative directions
  ---
  duration_ms: 0.177059
  type: 'test'
  ...
# Subtest: venus_flytrap/8 marks follow the approved face-relative directions
ok 2183 - venus_flytrap/8 marks follow the approved face-relative directions
  ---
  duration_ms: 0.184323
  type: 'test'
  ...
# Subtest: mushroom/1 marks follow the approved face-relative directions
ok 2184 - mushroom/1 marks follow the approved face-relative directions
  ---
  duration_ms: 0.189613
  type: 'test'
  ...
# Subtest: mushroom/2 marks follow the approved face-relative directions
ok 2185 - mushroom/2 marks follow the approved face-relative directions
  ---
  duration_ms: 0.335934
  type: 'test'
  ...
# Subtest: mushroom/3 marks follow the approved face-relative directions
ok 2186 - mushroom/3 marks follow the approved face-relative directions
  ---
  duration_ms: 0.169966
  type: 'test'
  ...
# Subtest: mushroom/4 marks follow the approved face-relative directions
ok 2187 - mushroom/4 marks follow the approved face-relative directions
  ---
  duration_ms: 0.164285
  type: 'test'
  ...
# Subtest: mushroom/5 marks follow the approved face-relative directions
ok 2188 - mushroom/5 marks follow the approved face-relative directions
  ---
  duration_ms: 0.158494
  type: 'test'
  ...
# Subtest: mushroom/6 marks follow the approved face-relative directions
ok 2189 - mushroom/6 marks follow the approved face-relative directions
  ---
  duration_ms: 0.184262
  type: 'test'
  ...
# Subtest: mushroom/7 marks follow the approved face-relative directions
ok 2190 - mushroom/7 marks follow the approved face-relative directions
  ---
  duration_ms: 0.171289
  type: 'test'
  ...
# Subtest: mushroom/8 marks follow the approved face-relative directions
ok 2191 - mushroom/8 marks follow the approved face-relative directions
  ---
  duration_ms: 0.152965
  type: 'test'
  ...
# Subtest: dragon/1 marks follow the approved face-relative directions
ok 2192 - dragon/1 marks follow the approved face-relative directions
  ---
  duration_ms: 0.187589
  type: 'test'
  ...
# Subtest: dragon/2 marks follow the approved face-relative directions
ok 2193 - dragon/2 marks follow the approved face-relative directions
  ---
  duration_ms: 0.169005
  type: 'test'
  ...
# Subtest: dragon/3 marks follow the approved face-relative directions
ok 2194 - dragon/3 marks follow the approved face-relative directions
  ---
  duration_ms: 0.197568
  type: 'test'
  ...
# Subtest: dragon/4 marks follow the approved face-relative directions
ok 2195 - dragon/4 marks follow the approved face-relative directions
  ---
  duration_ms: 0.174324
  type: 'test'
  ...
# Subtest: dragon/5 marks follow the approved face-relative directions
ok 2196 - dragon/5 marks follow the approved face-relative directions
  ---
  duration_ms: 0.163544
  type: 'test'
  ...
# Subtest: dragon/6 marks follow the approved face-relative directions
ok 2197 - dragon/6 marks follow the approved face-relative directions
  ---
  duration_ms: 0.201475
  type: 'test'
  ...
# Subtest: dragon/7 marks follow the approved face-relative directions
ok 2198 - dragon/7 marks follow the approved face-relative directions
  ---
  duration_ms: 0.169235
  type: 'test'
  ...
# Subtest: dragon/8 marks follow the approved face-relative directions
ok 2199 - dragon/8 marks follow the approved face-relative directions
  ---
  duration_ms: 4.127058
  type: 'test'
  ...
# Subtest: phoenix/1 marks follow the approved face-relative directions
ok 2200 - phoenix/1 marks follow the approved face-relative directions
  ---
  duration_ms: 0.201014
  type: 'test'
  ...
# Subtest: phoenix/2 marks follow the approved face-relative directions
ok 2201 - phoenix/2 marks follow the approved face-relative directions
  ---
  duration_ms: 0.183712
  type: 'test'
  ...
# Subtest: phoenix/3 marks follow the approved face-relative directions
ok 2202 - phoenix/3 marks follow the approved face-relative directions
  ---
  duration_ms: 0.179463
  type: 'test'
  ...
# Subtest: phoenix/4 marks follow the approved face-relative directions
ok 2203 - phoenix/4 marks follow the approved face-relative directions
  ---
  duration_ms: 0.22014
  type: 'test'
  ...
# Subtest: phoenix/5 marks follow the approved face-relative directions
ok 2204 - phoenix/5 marks follow the approved face-relative directions
  ---
  duration_ms: 0.186537
  type: 'test'
  ...
# Subtest: phoenix/6 marks follow the approved face-relative directions
ok 2205 - phoenix/6 marks follow the approved face-relative directions
  ---
  duration_ms: 0.167441
  type: 'test'
  ...
# Subtest: phoenix/7 marks follow the approved face-relative directions
ok 2206 - phoenix/7 marks follow the approved face-relative directions
  ---
  duration_ms: 0.190865
  type: 'test'
  ...
# Subtest: phoenix/8 marks follow the approved face-relative directions
ok 2207 - phoenix/8 marks follow the approved face-relative directions
  ---
  duration_ms: 0.183592
  type: 'test'
  ...
# Subtest: god/1 marks follow the approved face-relative directions
ok 2208 - god/1 marks follow the approved face-relative directions
  ---
  duration_ms: 0.226822
  type: 'test'
  ...
# Subtest: god/2 marks follow the approved face-relative directions
ok 2209 - god/2 marks follow the approved face-relative directions
  ---
  duration_ms: 0.200142
  type: 'test'
  ...
# Subtest: god/3 marks follow the approved face-relative directions
ok 2210 - god/3 marks follow the approved face-relative directions
  ---
  duration_ms: 0.180475
  type: 'test'
  ...
# Subtest: god/4 marks follow the approved face-relative directions
ok 2211 - god/4 marks follow the approved face-relative directions
  ---
  duration_ms: 2.410915
  type: 'test'
  ...
# Subtest: god/5 marks follow the approved face-relative directions
ok 2212 - god/5 marks follow the approved face-relative directions
  ---
  duration_ms: 0.192849
  type: 'test'
  ...
# Subtest: god/6 marks follow the approved face-relative directions
ok 2213 - god/6 marks follow the approved face-relative directions
  ---
  duration_ms: 0.161872
  type: 'test'
  ...
# Subtest: god/7 marks follow the approved face-relative directions
ok 2214 - god/7 marks follow the approved face-relative directions
  ---
  duration_ms: 0.174033
  type: 'test'
  ...
# Subtest: god/8 marks follow the approved face-relative directions
ok 2215 - god/8 marks follow the approved face-relative directions
  ---
  duration_ms: 0.170958
  type: 'test'
  ...
# Subtest: world_tree/1 marks follow the approved face-relative directions
ok 2216 - world_tree/1 marks follow the approved face-relative directions
  ---
  duration_ms: 0.202376
  type: 'test'
  ...
# Subtest: world_tree/2 marks follow the approved face-relative directions
ok 2217 - world_tree/2 marks follow the approved face-relative directions
  ---
  duration_ms: 0.16135
  type: 'test'
  ...
# Subtest: world_tree/3 marks follow the approved face-relative directions
ok 2218 - world_tree/3 marks follow the approved face-relative directions
  ---
  duration_ms: 0.153335
  type: 'test'
  ...
# Subtest: world_tree/4 marks follow the approved face-relative directions
ok 2219 - world_tree/4 marks follow the approved face-relative directions
  ---
  duration_ms: 0.165698
  type: 'test'
  ...
# Subtest: world_tree/5 marks follow the approved face-relative directions
ok 2220 - world_tree/5 marks follow the approved face-relative directions
  ---
  duration_ms: 0.185105
  type: 'test'
  ...
# Subtest: world_tree/6 marks follow the approved face-relative directions
ok 2221 - world_tree/6 marks follow the approved face-relative directions
  ---
  duration_ms: 1.331056
  type: 'test'
  ...
# Subtest: world_tree/7 marks follow the approved face-relative directions
ok 2222 - world_tree/7 marks follow the approved face-relative directions
  ---
  duration_ms: 0.158785
  type: 'test'
  ...
# Subtest: world_tree/8 marks follow the approved face-relative directions
ok 2223 - world_tree/8 marks follow the approved face-relative directions
  ---
  duration_ms: 0.154597
  type: 'test'
  ...
# Subtest: ghost/1 marks follow the approved face-relative directions
ok 2224 - ghost/1 marks follow the approved face-relative directions
  ---
  duration_ms: 0.157874
  type: 'test'
  ...
# Subtest: ghost/2 marks follow the approved face-relative directions
ok 2225 - ghost/2 marks follow the approved face-relative directions
  ---
  duration_ms: 0.186667
  type: 'test'
  ...
# Subtest: ghost/3 marks follow the approved face-relative directions
ok 2226 - ghost/3 marks follow the approved face-relative directions
  ---
  duration_ms: 0.345653
  type: 'test'
  ...
# Subtest: ghost/4 marks follow the approved face-relative directions
ok 2227 - ghost/4 marks follow the approved face-relative directions
  ---
  duration_ms: 0.158826
  type: 'test'
  ...
# Subtest: ghost/5 marks follow the approved face-relative directions
ok 2228 - ghost/5 marks follow the approved face-relative directions
  ---
  duration_ms: 0.165979
  type: 'test'
  ...
# Subtest: ghost/6 marks follow the approved face-relative directions
ok 2229 - ghost/6 marks follow the approved face-relative directions
  ---
  duration_ms: 0.179484
  type: 'test'
  ...
# Subtest: ghost/7 marks follow the approved face-relative directions
ok 2230 - ghost/7 marks follow the approved face-relative directions
  ---
  duration_ms: 0.148386
  type: 'test'
  ...
# Subtest: ghost/8 marks follow the approved face-relative directions
ok 2231 - ghost/8 marks follow the approved face-relative directions
  ---
  duration_ms: 0.163344
  type: 'test'
  ...
# Subtest: star/1 marks follow the approved face-relative directions
ok 2232 - star/1 marks follow the approved face-relative directions
  ---
  duration_ms: 0.158886
  type: 'test'
  ...
# Subtest: star/2 marks follow the approved face-relative directions
ok 2233 - star/2 marks follow the approved face-relative directions
  ---
  duration_ms: 0.153345
  type: 'test'
  ...
# Subtest: star/3 marks follow the approved face-relative directions
ok 2234 - star/3 marks follow the approved face-relative directions
  ---
  duration_ms: 0.200422
  type: 'test'
  ...
# Subtest: star/4 marks follow the approved face-relative directions
ok 2235 - star/4 marks follow the approved face-relative directions
  ---
  duration_ms: 0.152695
  type: 'test'
  ...
# Subtest: star/5 marks follow the approved face-relative directions
ok 2236 - star/5 marks follow the approved face-relative directions
  ---
  duration_ms: 0.14482
  type: 'test'
  ...
# Subtest: star/6 marks follow the approved face-relative directions
ok 2237 - star/6 marks follow the approved face-relative directions
  ---
  duration_ms: 0.148106
  type: 'test'
  ...
# Subtest: star/7 marks follow the approved face-relative directions
ok 2238 - star/7 marks follow the approved face-relative directions
  ---
  duration_ms: 0.159437
  type: 'test'
  ...
# Subtest: star/8 marks follow the approved face-relative directions
ok 2239 - star/8 marks follow the approved face-relative directions
  ---
  duration_ms: 0.195925
  type: 'test'
  ...
# Subtest: plush/1 marks follow the approved face-relative directions
ok 2240 - plush/1 marks follow the approved face-relative directions
  ---
  duration_ms: 0.154247
  type: 'test'
  ...
# Subtest: plush/2 marks follow the approved face-relative directions
ok 2241 - plush/2 marks follow the approved face-relative directions
  ---
  duration_ms: 0.14521
  type: 'test'
  ...
# Subtest: plush/3 marks follow the approved face-relative directions
ok 2242 - plush/3 marks follow the approved face-relative directions
  ---
  duration_ms: 0.147875
  type: 'test'
  ...
# Subtest: plush/4 marks follow the approved face-relative directions
ok 2243 - plush/4 marks follow the approved face-relative directions
  ---
  duration_ms: 0.148326
  type: 'test'
  ...
# Subtest: plush/5 marks follow the approved face-relative directions
ok 2244 - plush/5 marks follow the approved face-relative directions
  ---
  duration_ms: 0.175777
  type: 'test'
  ...
# Subtest: plush/6 marks follow the approved face-relative directions
ok 2245 - plush/6 marks follow the approved face-relative directions
  ---
  duration_ms: 0.168944
  type: 'test'
  ...
# Subtest: plush/7 marks follow the approved face-relative directions
ok 2246 - plush/7 marks follow the approved face-relative directions
  ---
  duration_ms: 0.174053
  type: 'test'
  ...
# Subtest: plush/8 marks follow the approved face-relative directions
ok 2247 - plush/8 marks follow the approved face-relative directions
  ---
  duration_ms: 0.158805
  type: 'test'
  ...
# Subtest: unknown/1 marks follow the approved face-relative directions
ok 2248 - unknown/1 marks follow the approved face-relative directions
  ---
  duration_ms: 0.155209
  type: 'test'
  ...
# Subtest: unknown/2 marks follow the approved face-relative directions
ok 2249 - unknown/2 marks follow the approved face-relative directions
  ---
  duration_ms: 0.18299
  type: 'test'
  ...
# Subtest: unknown/3 marks follow the approved face-relative directions
ok 2250 - unknown/3 marks follow the approved face-relative directions
  ---
  duration_ms: 0.158275
  type: 'test'
  ...
# Subtest: unknown/4 marks follow the approved face-relative directions
ok 2251 - unknown/4 marks follow the approved face-relative directions
  ---
  duration_ms: 0.214999
  type: 'test'
  ...
# Subtest: unknown/5 marks follow the approved face-relative directions
ok 2252 - unknown/5 marks follow the approved face-relative directions
  ---
  duration_ms: 0.147475
  type: 'test'
  ...
# Subtest: unknown/6 marks follow the approved face-relative directions
ok 2253 - unknown/6 marks follow the approved face-relative directions
  ---
  duration_ms: 0.153055
  type: 'test'
  ...
# Subtest: unknown/7 marks follow the approved face-relative directions
ok 2254 - unknown/7 marks follow the approved face-relative directions
  ---
  duration_ms: 0.179284
  type: 'test'
  ...
# Subtest: unknown/8 marks follow the approved face-relative directions
ok 2255 - unknown/8 marks follow the approved face-relative directions
  ---
  duration_ms: 0.156171
  type: 'test'
  ...
# Subtest: ren/1 marks follow the approved face-relative directions
ok 2256 - ren/1 marks follow the approved face-relative directions
  ---
  duration_ms: 0.148476
  type: 'test'
  ...
# Subtest: ren/2 marks follow the approved face-relative directions
ok 2257 - ren/2 marks follow the approved face-relative directions
  ---
  duration_ms: 0.157093
  type: 'test'
  ...
# Subtest: ren/3 marks follow the approved face-relative directions
ok 2258 - ren/3 marks follow the approved face-relative directions
  ---
  duration_ms: 0.152063
  type: 'test'
  ...
# Subtest: ren/4 marks follow the approved face-relative directions
ok 2259 - ren/4 marks follow the approved face-relative directions
  ---
  duration_ms: 0.153846
  type: 'test'
  ...
# Subtest: ren/5 marks follow the approved face-relative directions
ok 2260 - ren/5 marks follow the approved face-relative directions
  ---
  duration_ms: 0.163053
  type: 'test'
  ...
# Subtest: ren/6 marks follow the approved face-relative directions
ok 2261 - ren/6 marks follow the approved face-relative directions
  ---
  duration_ms: 0.16624
  type: 'test'
  ...
# Subtest: ren/7 marks follow the approved face-relative directions
ok 2262 - ren/7 marks follow the approved face-relative directions
  ---
  duration_ms: 0.115484
  type: 'test'
  ...
# Subtest: ren/8 marks follow the approved face-relative directions
ok 2263 - ren/8 marks follow the approved face-relative directions
  ---
  duration_ms: 0.110936
  type: 'test'
  ...
# Subtest: reviewed side marks read diagonally above the face, not alongside it
ok 2264 - reviewed side marks read diagonally above the face, not alongside it
  ---
  duration_ms: 1.454365
  type: 'test'
  ...
# Subtest: penguin/1 routes ten distinct expressions
ok 2265 - penguin/1 routes ten distinct expressions
  ---
  duration_ms: 0.245557
  type: 'test'
  ...
# Subtest: penguin/2 routes ten distinct expressions
ok 2266 - penguin/2 routes ten distinct expressions
  ---
  duration_ms: 0.15599
  type: 'test'
  ...
# Subtest: penguin/3 routes ten distinct expressions
ok 2267 - penguin/3 routes ten distinct expressions
  ---
  duration_ms: 0.192378
  type: 'test'
  ...
# Subtest: penguin/4 routes ten distinct expressions
ok 2268 - penguin/4 routes ten distinct expressions
  ---
  duration_ms: 0.159056
  type: 'test'
  ...
# Subtest: penguin/5 routes ten distinct expressions
ok 2269 - penguin/5 routes ten distinct expressions
  ---
  duration_ms: 0.142054
  type: 'test'
  ...
# Subtest: penguin/6 routes ten distinct expressions
ok 2270 - penguin/6 routes ten distinct expressions
  ---
  duration_ms: 2.431323
  type: 'test'
  ...
# Subtest: penguin/7 routes ten distinct expressions
ok 2271 - penguin/7 routes ten distinct expressions
  ---
  duration_ms: 0.141463
  type: 'test'
  ...
# Subtest: penguin/8 routes ten distinct expressions
ok 2272 - penguin/8 routes ten distinct expressions
  ---
  duration_ms: 0.169666
  type: 'test'
  ...
# Subtest: turtle/1 routes ten distinct expressions
ok 2273 - turtle/1 routes ten distinct expressions
  ---
  duration_ms: 0.135412
  type: 'test'
  ...
# Subtest: turtle/2 routes ten distinct expressions
ok 2274 - turtle/2 routes ten distinct expressions
  ---
  duration_ms: 0.12904
  type: 'test'
  ...
# Subtest: turtle/3 routes ten distinct expressions
ok 2275 - turtle/3 routes ten distinct expressions
  ---
  duration_ms: 2.761958
  type: 'test'
  ...
# Subtest: turtle/4 routes ten distinct expressions
ok 2276 - turtle/4 routes ten distinct expressions
  ---
  duration_ms: 0.153525
  type: 'test'
  ...
# Subtest: turtle/5 routes ten distinct expressions
ok 2277 - turtle/5 routes ten distinct expressions
  ---
  duration_ms: 0.136183
  type: 'test'
  ...
# Subtest: turtle/6 routes ten distinct expressions
ok 2278 - turtle/6 routes ten distinct expressions
  ---
  duration_ms: 0.141353
  type: 'test'
  ...
# Subtest: turtle/7 routes ten distinct expressions
ok 2279 - turtle/7 routes ten distinct expressions
  ---
  duration_ms: 0.173303
  type: 'test'
  ...
# Subtest: turtle/8 routes ten distinct expressions
ok 2280 - turtle/8 routes ten distinct expressions
  ---
  duration_ms: 0.157303
  type: 'test'
  ...
# Subtest: frog/1 routes ten distinct expressions
ok 2281 - frog/1 routes ten distinct expressions
  ---
  duration_ms: 0.125123
  type: 'test'
  ...
# Subtest: frog/2 routes ten distinct expressions
ok 2282 - frog/2 routes ten distinct expressions
  ---
  duration_ms: 0.119984
  type: 'test'
  ...
# Subtest: frog/3 routes ten distinct expressions
ok 2283 - frog/3 routes ten distinct expressions
  ---
  duration_ms: 0.109414
  type: 'test'
  ...
# Subtest: frog/4 routes ten distinct expressions
ok 2284 - frog/4 routes ten distinct expressions
  ---
  duration_ms: 0.128459
  type: 'test'
  ...
# Subtest: frog/5 routes ten distinct expressions
ok 2285 - frog/5 routes ten distinct expressions
  ---
  duration_ms: 0.138207
  type: 'test'
  ...
# Subtest: frog/6 routes ten distinct expressions
ok 2286 - frog/6 routes ten distinct expressions
  ---
  duration_ms: 0.153235
  type: 'test'
  ...
# Subtest: frog/7 routes ten distinct expressions
ok 2287 - frog/7 routes ten distinct expressions
  ---
  duration_ms: 0.129671
  type: 'test'
  ...
# Subtest: frog/8 routes ten distinct expressions
ok 2288 - frog/8 routes ten distinct expressions
  ---
  duration_ms: 0.129592
  type: 'test'
  ...
# Subtest: clownfish/1 routes ten distinct expressions
ok 2289 - clownfish/1 routes ten distinct expressions
  ---
  duration_ms: 0.127277
  type: 'test'
  ...
# Subtest: clownfish/2 routes ten distinct expressions
ok 2290 - clownfish/2 routes ten distinct expressions
  ---
  duration_ms: 0.131264
  type: 'test'
  ...
# Subtest: clownfish/3 routes ten distinct expressions
ok 2291 - clownfish/3 routes ten distinct expressions
  ---
  duration_ms: 0.137275
  type: 'test'
  ...
# Subtest: clownfish/4 routes ten distinct expressions
ok 2292 - clownfish/4 routes ten distinct expressions
  ---
  duration_ms: 0.345572
  type: 'test'
  ...
# Subtest: clownfish/5 routes ten distinct expressions
ok 2293 - clownfish/5 routes ten distinct expressions
  ---
  duration_ms: 0.13437
  type: 'test'
  ...
# Subtest: clownfish/6 routes ten distinct expressions
ok 2294 - clownfish/6 routes ten distinct expressions
  ---
  duration_ms: 0.13444
  type: 'test'
  ...
# Subtest: clownfish/7 routes ten distinct expressions
ok 2295 - clownfish/7 routes ten distinct expressions
  ---
  duration_ms: 0.135362
  type: 'test'
  ...
# Subtest: clownfish/8 routes ten distinct expressions
ok 2296 - clownfish/8 routes ten distinct expressions
  ---
  duration_ms: 0.137075
  type: 'test'
  ...
# Subtest: salmon/1 routes ten distinct expressions
ok 2297 - salmon/1 routes ten distinct expressions
  ---
  duration_ms: 0.182219
  type: 'test'
  ...
# Subtest: salmon/2 routes ten distinct expressions
ok 2298 - salmon/2 routes ten distinct expressions
  ---
  duration_ms: 0.136083
  type: 'test'
  ...
# Subtest: salmon/3 routes ten distinct expressions
ok 2299 - salmon/3 routes ten distinct expressions
  ---
  duration_ms: 0.129681
  type: 'test'
  ...
# Subtest: salmon/4 routes ten distinct expressions
ok 2300 - salmon/4 routes ten distinct expressions
  ---
  duration_ms: 0.135763
  type: 'test'
  ...
# Subtest: salmon/5 routes ten distinct expressions
ok 2301 - salmon/5 routes ten distinct expressions
  ---
  duration_ms: 0.124792
  type: 'test'
  ...
# Subtest: salmon/6 routes ten distinct expressions
ok 2302 - salmon/6 routes ten distinct expressions
  ---
  duration_ms: 0.144359
  type: 'test'
  ...
# Subtest: salmon/7 routes ten distinct expressions
ok 2303 - salmon/7 routes ten distinct expressions
  ---
  duration_ms: 0.165658
  type: 'test'
  ...
# Subtest: salmon/8 routes ten distinct expressions
ok 2304 - salmon/8 routes ten distinct expressions
  ---
  duration_ms: 0.144138
  type: 'test'
  ...
# Subtest: hermit_crab/1 routes ten distinct expressions
ok 2305 - hermit_crab/1 routes ten distinct expressions
  ---
  duration_ms: 0.136905
  type: 'test'
  ...
# Subtest: hermit_crab/2 routes ten distinct expressions
ok 2306 - hermit_crab/2 routes ten distinct expressions
  ---
  duration_ms: 0.130031
  type: 'test'
  ...
# Subtest: hermit_crab/3 routes ten distinct expressions
ok 2307 - hermit_crab/3 routes ten distinct expressions
  ---
  duration_ms: 0.136965
  type: 'test'
  ...
# Subtest: hermit_crab/4 routes ten distinct expressions
ok 2308 - hermit_crab/4 routes ten distinct expressions
  ---
  duration_ms: 0.137957
  type: 'test'
  ...
# Subtest: hermit_crab/5 routes ten distinct expressions
ok 2309 - hermit_crab/5 routes ten distinct expressions
  ---
  duration_ms: 0.119903
  type: 'test'
  ...
# Subtest: hermit_crab/6 routes ten distinct expressions
ok 2310 - hermit_crab/6 routes ten distinct expressions
  ---
  duration_ms: 0.115805
  type: 'test'
  ...
# Subtest: hermit_crab/7 routes ten distinct expressions
ok 2311 - hermit_crab/7 routes ten distinct expressions
  ---
  duration_ms: 0.120544
  type: 'test'
  ...
# Subtest: hermit_crab/8 routes ten distinct expressions
ok 2312 - hermit_crab/8 routes ten distinct expressions
  ---
  duration_ms: 0.127828
  type: 'test'
  ...
# Subtest: jellyfish/1 routes ten distinct expressions
ok 2313 - jellyfish/1 routes ten distinct expressions
  ---
  duration_ms: 0.147414
  type: 'test'
  ...
# Subtest: jellyfish/2 routes ten distinct expressions
ok 2314 - jellyfish/2 routes ten distinct expressions
  ---
  duration_ms: 0.130814
  type: 'test'
  ...
# Subtest: jellyfish/3 routes ten distinct expressions
ok 2315 - jellyfish/3 routes ten distinct expressions
  ---
  duration_ms: 0.162532
  type: 'test'
  ...
# Subtest: jellyfish/4 routes ten distinct expressions
ok 2316 - jellyfish/4 routes ten distinct expressions
  ---
  duration_ms: 0.144148
  type: 'test'
  ...
# Subtest: jellyfish/5 routes ten distinct expressions
ok 2317 - jellyfish/5 routes ten distinct expressions
  ---
  duration_ms: 0.13428
  type: 'test'
  ...
# Subtest: jellyfish/6 routes ten distinct expressions
ok 2318 - jellyfish/6 routes ten distinct expressions
  ---
  duration_ms: 0.134721
  type: 'test'
  ...
# Subtest: jellyfish/7 routes ten distinct expressions
ok 2319 - jellyfish/7 routes ten distinct expressions
  ---
  duration_ms: 0.140973
  type: 'test'
  ...
# Subtest: jellyfish/8 routes ten distinct expressions
ok 2320 - jellyfish/8 routes ten distinct expressions
  ---
  duration_ms: 0.14502
  type: 'test'
  ...
# Subtest: starfish/1 routes ten distinct expressions
ok 2321 - starfish/1 routes ten distinct expressions
  ---
  duration_ms: 0.141033
  type: 'test'
  ...
# Subtest: starfish/2 routes ten distinct expressions
ok 2322 - starfish/2 routes ten distinct expressions
  ---
  duration_ms: 0.13438
  type: 'test'
  ...
# Subtest: starfish/3 routes ten distinct expressions
ok 2323 - starfish/3 routes ten distinct expressions
  ---
  duration_ms: 0.131063
  type: 'test'
  ...
# Subtest: starfish/4 routes ten distinct expressions
ok 2324 - starfish/4 routes ten distinct expressions
  ---
  duration_ms: 0.135632
  type: 'test'
  ...
# Subtest: starfish/5 routes ten distinct expressions
ok 2325 - starfish/5 routes ten distinct expressions
  ---
  duration_ms: 0.155599
  type: 'test'
  ...
# Subtest: starfish/6 routes ten distinct expressions
ok 2326 - starfish/6 routes ten distinct expressions
  ---
  duration_ms: 0.173904
  type: 'test'
  ...
# Subtest: starfish/7 routes ten distinct expressions
ok 2327 - starfish/7 routes ten distinct expressions
  ---
  duration_ms: 0.132656
  type: 'test'
  ...
# Subtest: starfish/8 routes ten distinct expressions
ok 2328 - starfish/8 routes ten distinct expressions
  ---
  duration_ms: 0.129241
  type: 'test'
  ...
# Subtest: coral/1 routes ten distinct expressions
ok 2329 - coral/1 routes ten distinct expressions
  ---
  duration_ms: 0.135733
  type: 'test'
  ...
# Subtest: coral/2 routes ten distinct expressions
ok 2330 - coral/2 routes ten distinct expressions
  ---
  duration_ms: 0.126526
  type: 'test'
  ...
# Subtest: coral/3 routes ten distinct expressions
ok 2331 - coral/3 routes ten distinct expressions
  ---
  duration_ms: 0.120945
  type: 'test'
  ...
# Subtest: coral/4 routes ten distinct expressions
ok 2332 - coral/4 routes ten distinct expressions
  ---
  duration_ms: 0.147003
  type: 'test'
  ...
# Subtest: coral/5 routes ten distinct expressions
ok 2333 - coral/5 routes ten distinct expressions
  ---
  duration_ms: 0.11775
  type: 'test'
  ...
# Subtest: coral/6 routes ten distinct expressions
ok 2334 - coral/6 routes ten distinct expressions
  ---
  duration_ms: 0.105736
  type: 'test'
  ...
# Subtest: coral/7 routes ten distinct expressions
ok 2335 - coral/7 routes ten distinct expressions
  ---
  duration_ms: 0.12362
  type: 'test'
  ...
# Subtest: coral/8 routes ten distinct expressions
ok 2336 - coral/8 routes ten distinct expressions
  ---
  duration_ms: 0.124412
  type: 'test'
  ...
# Subtest: butterfly/1 routes ten distinct expressions
ok 2337 - butterfly/1 routes ten distinct expressions
  ---
  duration_ms: 0.119832
  type: 'test'
  ...
# Subtest: butterfly/2 routes ten distinct expressions
ok 2338 - butterfly/2 routes ten distinct expressions
  ---
  duration_ms: 0.125313
  type: 'test'
  ...
# Subtest: butterfly/3 routes ten distinct expressions
ok 2339 - butterfly/3 routes ten distinct expressions
  ---
  duration_ms: 0.145831
  type: 'test'
  ...
# Subtest: butterfly/4 routes ten distinct expressions
ok 2340 - butterfly/4 routes ten distinct expressions
  ---
  duration_ms: 0.096749
  type: 'test'
  ...
# Subtest: butterfly/5 routes ten distinct expressions
ok 2341 - butterfly/5 routes ten distinct expressions
  ---
  duration_ms: 0.095127
  type: 'test'
  ...
# Subtest: butterfly/6 routes ten distinct expressions
ok 2342 - butterfly/6 routes ten distinct expressions
  ---
  duration_ms: 0.096229
  type: 'test'
  ...
# Subtest: butterfly/7 routes ten distinct expressions
ok 2343 - butterfly/7 routes ten distinct expressions
  ---
  duration_ms: 0.099886
  type: 'test'
  ...
# Subtest: butterfly/8 routes ten distinct expressions
ok 2344 - butterfly/8 routes ten distinct expressions
  ---
  duration_ms: 0.098804
  type: 'test'
  ...
# Subtest: beetle/1 routes ten distinct expressions
ok 2345 - beetle/1 routes ten distinct expressions
  ---
  duration_ms: 0.106438
  type: 'test'
  ...
# Subtest: beetle/2 routes ten distinct expressions
ok 2346 - beetle/2 routes ten distinct expressions
  ---
  duration_ms: 0.102882
  type: 'test'
  ...
# Subtest: beetle/3 routes ten distinct expressions
ok 2347 - beetle/3 routes ten distinct expressions
  ---
  duration_ms: 0.104935
  type: 'test'
  ...
# Subtest: beetle/4 routes ten distinct expressions
ok 2348 - beetle/4 routes ten distinct expressions
  ---
  duration_ms: 0.096911
  type: 'test'
  ...
# Subtest: beetle/5 routes ten distinct expressions
ok 2349 - beetle/5 routes ten distinct expressions
  ---
  duration_ms: 0.126284
  type: 'test'
  ...
# Subtest: beetle/6 routes ten distinct expressions
ok 2350 - beetle/6 routes ten distinct expressions
  ---
  duration_ms: 0.114242
  type: 'test'
  ...
# Subtest: beetle/7 routes ten distinct expressions
ok 2351 - beetle/7 routes ten distinct expressions
  ---
  duration_ms: 0.142625
  type: 'test'
  ...
# Subtest: beetle/8 routes ten distinct expressions
ok 2352 - beetle/8 routes ten distinct expressions
  ---
  duration_ms: 0.137055
  type: 'test'
  ...
# Subtest: stagbeetle/1 routes ten distinct expressions
ok 2353 - stagbeetle/1 routes ten distinct expressions
  ---
  duration_ms: 0.144248
  type: 'test'
  ...
# Subtest: stagbeetle/2 routes ten distinct expressions
ok 2354 - stagbeetle/2 routes ten distinct expressions
  ---
  duration_ms: 0.113201
  type: 'test'
  ...
# Subtest: stagbeetle/3 routes ten distinct expressions
ok 2355 - stagbeetle/3 routes ten distinct expressions
  ---
  duration_ms: 0.108672
  type: 'test'
  ...
# Subtest: stagbeetle/4 routes ten distinct expressions
ok 2356 - stagbeetle/4 routes ten distinct expressions
  ---
  duration_ms: 0.114222
  type: 'test'
  ...
# Subtest: stagbeetle/5 routes ten distinct expressions
ok 2357 - stagbeetle/5 routes ten distinct expressions
  ---
  duration_ms: 0.117278
  type: 'test'
  ...
# Subtest: stagbeetle/6 routes ten distinct expressions
ok 2358 - stagbeetle/6 routes ten distinct expressions
  ---
  duration_ms: 0.160629
  type: 'test'
  ...
# Subtest: stagbeetle/7 routes ten distinct expressions
ok 2359 - stagbeetle/7 routes ten distinct expressions
  ---
  duration_ms: 0.173313
  type: 'test'
  ...
# Subtest: stagbeetle/8 routes ten distinct expressions
ok 2360 - stagbeetle/8 routes ten distinct expressions
  ---
  duration_ms: 0.130964
  type: 'test'
  ...
# Subtest: cicada/1 routes ten distinct expressions
ok 2361 - cicada/1 routes ten distinct expressions
  ---
  duration_ms: 0.127227
  type: 'test'
  ...
# Subtest: cicada/2 routes ten distinct expressions
ok 2362 - cicada/2 routes ten distinct expressions
  ---
  duration_ms: 0.129892
  type: 'test'
  ...
# Subtest: cicada/3 routes ten distinct expressions
ok 2363 - cicada/3 routes ten distinct expressions
  ---
  duration_ms: 0.121256
  type: 'test'
  ...
# Subtest: cicada/4 routes ten distinct expressions
ok 2364 - cicada/4 routes ten distinct expressions
  ---
  duration_ms: 0.131995
  type: 'test'
  ...
# Subtest: cicada/5 routes ten distinct expressions
ok 2365 - cicada/5 routes ten distinct expressions
  ---
  duration_ms: 0.121716
  type: 'test'
  ...
# Subtest: cicada/6 routes ten distinct expressions
ok 2366 - cicada/6 routes ten distinct expressions
  ---
  duration_ms: 0.129692
  type: 'test'
  ...
# Subtest: cicada/7 routes ten distinct expressions
ok 2367 - cicada/7 routes ten distinct expressions
  ---
  duration_ms: 0.152594
  type: 'test'
  ...
# Subtest: cicada/8 routes ten distinct expressions
ok 2368 - cicada/8 routes ten distinct expressions
  ---
  duration_ms: 0.142315
  type: 'test'
  ...
# Subtest: antlion/1 routes ten distinct expressions
ok 2369 - antlion/1 routes ten distinct expressions
  ---
  duration_ms: 0.140421
  type: 'test'
  ...
# Subtest: antlion/2 routes ten distinct expressions
ok 2370 - antlion/2 routes ten distinct expressions
  ---
  duration_ms: 0.152704
  type: 'test'
  ...
# Subtest: antlion/3 routes ten distinct expressions
ok 2371 - antlion/3 routes ten distinct expressions
  ---
  duration_ms: 0.189041
  type: 'test'
  ...
# Subtest: antlion/4 routes ten distinct expressions
ok 2372 - antlion/4 routes ten distinct expressions
  ---
  duration_ms: 0.154517
  type: 'test'
  ...
# Subtest: antlion/5 routes ten distinct expressions
ok 2373 - antlion/5 routes ten distinct expressions
  ---
  duration_ms: 0.146944
  type: 'test'
  ...
# Subtest: antlion/6 routes ten distinct expressions
ok 2374 - antlion/6 routes ten distinct expressions
  ---
  duration_ms: 0.148255
  type: 'test'
  ...
# Subtest: antlion/7 routes ten distinct expressions
ok 2375 - antlion/7 routes ten distinct expressions
  ---
  duration_ms: 0.150901
  type: 'test'
  ...
# Subtest: antlion/8 routes ten distinct expressions
ok 2376 - antlion/8 routes ten distinct expressions
  ---
  duration_ms: 0.176779
  type: 'test'
  ...
# Subtest: dandelion/1 routes ten distinct expressions
ok 2377 - dandelion/1 routes ten distinct expressions
  ---
  duration_ms: 0.151963
  type: 'test'
  ...
# Subtest: dandelion/2 routes ten distinct expressions
ok 2378 - dandelion/2 routes ten distinct expressions
  ---
  duration_ms: 0.253902
  type: 'test'
  ...
# Subtest: dandelion/3 routes ten distinct expressions
ok 2379 - dandelion/3 routes ten distinct expressions
  ---
  duration_ms: 0.147545
  type: 'test'
  ...
# Subtest: dandelion/4 routes ten distinct expressions
ok 2380 - dandelion/4 routes ten distinct expressions
  ---
  duration_ms: 0.147194
  type: 'test'
  ...
# Subtest: dandelion/5 routes ten distinct expressions
ok 2381 - dandelion/5 routes ten distinct expressions
  ---
  duration_ms: 0.183351
  type: 'test'
  ...
# Subtest: dandelion/6 routes ten distinct expressions
ok 2382 - dandelion/6 routes ten distinct expressions
  ---
  duration_ms: 0.145771
  type: 'test'
  ...
# Subtest: dandelion/7 routes ten distinct expressions
ok 2383 - dandelion/7 routes ten distinct expressions
  ---
  duration_ms: 0.138868
  type: 'test'
  ...
# Subtest: dandelion/8 routes ten distinct expressions
ok 2384 - dandelion/8 routes ten distinct expressions
  ---
  duration_ms: 0.156832
  type: 'test'
  ...
# Subtest: sakura/1 routes ten distinct expressions
ok 2385 - sakura/1 routes ten distinct expressions
  ---
  duration_ms: 0.141042
  type: 'test'
  ...
# Subtest: sakura/2 routes ten distinct expressions
ok 2386 - sakura/2 routes ten distinct expressions
  ---
  duration_ms: 0.176929
  type: 'test'
  ...
# Subtest: sakura/3 routes ten distinct expressions
ok 2387 - sakura/3 routes ten distinct expressions
  ---
  duration_ms: 0.15594
  type: 'test'
  ...
# Subtest: sakura/4 routes ten distinct expressions
ok 2388 - sakura/4 routes ten distinct expressions
  ---
  duration_ms: 0.168593
  type: 'test'
  ...
# Subtest: sakura/5 routes ten distinct expressions
ok 2389 - sakura/5 routes ten distinct expressions
  ---
  duration_ms: 0.146042
  type: 'test'
  ...
# Subtest: sakura/6 routes ten distinct expressions
ok 2390 - sakura/6 routes ten distinct expressions
  ---
  duration_ms: 0.150991
  type: 'test'
  ...
# Subtest: sakura/7 routes ten distinct expressions
ok 2391 - sakura/7 routes ten distinct expressions
  ---
  duration_ms: 0.171068
  type: 'test'
  ...
# Subtest: sakura/8 routes ten distinct expressions
ok 2392 - sakura/8 routes ten distinct expressions
  ---
  duration_ms: 0.140752
  type: 'test'
  ...
# Subtest: venus_flytrap/1 routes ten distinct expressions
ok 2393 - venus_flytrap/1 routes ten distinct expressions
  ---
  duration_ms: 0.123831
  type: 'test'
  ...
# Subtest: venus_flytrap/2 routes ten distinct expressions
ok 2394 - venus_flytrap/2 routes ten distinct expressions
  ---
  duration_ms: 0.140662
  type: 'test'
  ...
# Subtest: venus_flytrap/3 routes ten distinct expressions
ok 2395 - venus_flytrap/3 routes ten distinct expressions
  ---
  duration_ms: 0.154568
  type: 'test'
  ...
# Subtest: venus_flytrap/4 routes ten distinct expressions
ok 2396 - venus_flytrap/4 routes ten distinct expressions
  ---
  duration_ms: 0.144368
  type: 'test'
  ...
# Subtest: venus_flytrap/5 routes ten distinct expressions
ok 2397 - venus_flytrap/5 routes ten distinct expressions
  ---
  duration_ms: 0.180095
  type: 'test'
  ...
# Subtest: venus_flytrap/6 routes ten distinct expressions
ok 2398 - venus_flytrap/6 routes ten distinct expressions
  ---
  duration_ms: 0.15032
  type: 'test'
  ...
# Subtest: venus_flytrap/7 routes ten distinct expressions
ok 2399 - venus_flytrap/7 routes ten distinct expressions
  ---
  duration_ms: 0.151091
  type: 'test'
  ...
# Subtest: venus_flytrap/8 routes ten distinct expressions
ok 2400 - venus_flytrap/8 routes ten distinct expressions
  ---
  duration_ms: 0.143838
  type: 'test'
  ...
# Subtest: mushroom/1 routes ten distinct expressions
ok 2401 - mushroom/1 routes ten distinct expressions
  ---
  duration_ms: 0.146062
  type: 'test'
  ...
# Subtest: mushroom/2 routes ten distinct expressions
ok 2402 - mushroom/2 routes ten distinct expressions
  ---
  duration_ms: 0.163304
  type: 'test'
  ...
# Subtest: mushroom/3 routes ten distinct expressions
ok 2403 - mushroom/3 routes ten distinct expressions
  ---
  duration_ms: 0.148426
  type: 'test'
  ...
# Subtest: mushroom/4 routes ten distinct expressions
ok 2404 - mushroom/4 routes ten distinct expressions
  ---
  duration_ms: 0.14505
  type: 'test'
  ...
# Subtest: mushroom/5 routes ten distinct expressions
ok 2405 - mushroom/5 routes ten distinct expressions
  ---
  duration_ms: 0.153155
  type: 'test'
  ...
# Subtest: mushroom/6 routes ten distinct expressions
ok 2406 - mushroom/6 routes ten distinct expressions
  ---
  duration_ms: 0.149118
  type: 'test'
  ...
# Subtest: mushroom/7 routes ten distinct expressions
ok 2407 - mushroom/7 routes ten distinct expressions
  ---
  duration_ms: 0.153525
  type: 'test'
  ...
# Subtest: mushroom/8 routes ten distinct expressions
ok 2408 - mushroom/8 routes ten distinct expressions
  ---
  duration_ms: 0.178361
  type: 'test'
  ...
# Subtest: dragon/1 routes ten distinct expressions
ok 2409 - dragon/1 routes ten distinct expressions
  ---
  duration_ms: 0.141674
  type: 'test'
  ...
# Subtest: dragon/2 routes ten distinct expressions
ok 2410 - dragon/2 routes ten distinct expressions
  ---
  duration_ms: 0.143477
  type: 'test'
  ...
# Subtest: dragon/3 routes ten distinct expressions
ok 2411 - dragon/3 routes ten distinct expressions
  ---
  duration_ms: 0.148185
  type: 'test'
  ...
# Subtest: dragon/4 routes ten distinct expressions
ok 2412 - dragon/4 routes ten distinct expressions
  ---
  duration_ms: 0.139609
  type: 'test'
  ...
# Subtest: dragon/5 routes ten distinct expressions
ok 2413 - dragon/5 routes ten distinct expressions
  ---
  duration_ms: 0.18308
  type: 'test'
  ...
# Subtest: dragon/6 routes ten distinct expressions
ok 2414 - dragon/6 routes ten distinct expressions
  ---
  duration_ms: 0.143467
  type: 'test'
  ...
# Subtest: dragon/7 routes ten distinct expressions
ok 2415 - dragon/7 routes ten distinct expressions
  ---
  duration_ms: 0.142434
  type: 'test'
  ...
# Subtest: dragon/8 routes ten distinct expressions
ok 2416 - dragon/8 routes ten distinct expressions
  ---
  duration_ms: 0.145541
  type: 'test'
  ...
# Subtest: phoenix/1 routes ten distinct expressions
ok 2417 - phoenix/1 routes ten distinct expressions
  ---
  duration_ms: 0.155749
  type: 'test'
  ...
# Subtest: phoenix/2 routes ten distinct expressions
ok 2418 - phoenix/2 routes ten distinct expressions
  ---
  duration_ms: 0.17195
  type: 'test'
  ...
# Subtest: phoenix/3 routes ten distinct expressions
ok 2419 - phoenix/3 routes ten distinct expressions
  ---
  duration_ms: 0.139249
  type: 'test'
  ...
# Subtest: phoenix/4 routes ten distinct expressions
ok 2420 - phoenix/4 routes ten distinct expressions
  ---
  duration_ms: 0.142245
  type: 'test'
  ...
# Subtest: phoenix/5 routes ten distinct expressions
ok 2421 - phoenix/5 routes ten distinct expressions
  ---
  duration_ms: 0.142184
  type: 'test'
  ...
# Subtest: phoenix/6 routes ten distinct expressions
ok 2422 - phoenix/6 routes ten distinct expressions
  ---
  duration_ms: 0.138588
  type: 'test'
  ...
# Subtest: phoenix/7 routes ten distinct expressions
ok 2423 - phoenix/7 routes ten distinct expressions
  ---
  duration_ms: 0.135422
  type: 'test'
  ...
# Subtest: phoenix/8 routes ten distinct expressions
ok 2424 - phoenix/8 routes ten distinct expressions
  ---
  duration_ms: 0.170377
  type: 'test'
  ...
# Subtest: god/1 routes ten distinct expressions
ok 2425 - god/1 routes ten distinct expressions
  ---
  duration_ms: 0.150991
  type: 'test'
  ...
# Subtest: god/2 routes ten distinct expressions
ok 2426 - god/2 routes ten distinct expressions
  ---
  duration_ms: 0.146413
  type: 'test'
  ...
# Subtest: god/3 routes ten distinct expressions
ok 2427 - god/3 routes ten distinct expressions
  ---
  duration_ms: 0.134891
  type: 'test'
  ...
# Subtest: god/4 routes ten distinct expressions
ok 2428 - god/4 routes ten distinct expressions
  ---
  duration_ms: 0.140131
  type: 'test'
  ...
# Subtest: god/5 routes ten distinct expressions
ok 2429 - god/5 routes ten distinct expressions
  ---
  duration_ms: 0.136744
  type: 'test'
  ...
# Subtest: god/6 routes ten distinct expressions
ok 2430 - god/6 routes ten distinct expressions
  ---
  duration_ms: 0.190314
  type: 'test'
  ...
# Subtest: god/7 routes ten distinct expressions
ok 2431 - god/7 routes ten distinct expressions
  ---
  duration_ms: 0.15588
  type: 'test'
  ...
# Subtest: god/8 routes ten distinct expressions
ok 2432 - god/8 routes ten distinct expressions
  ---
  duration_ms: 0.147434
  type: 'test'
  ...
# Subtest: world_tree/1 routes ten distinct expressions
ok 2433 - world_tree/1 routes ten distinct expressions
  ---
  duration_ms: 0.16114
  type: 'test'
  ...
# Subtest: world_tree/2 routes ten distinct expressions
ok 2434 - world_tree/2 routes ten distinct expressions
  ---
  duration_ms: 0.136564
  type: 'test'
  ...
# Subtest: world_tree/3 routes ten distinct expressions
ok 2435 - world_tree/3 routes ten distinct expressions
  ---
  duration_ms: 0.17199
  type: 'test'
  ...
# Subtest: world_tree/4 routes ten distinct expressions
ok 2436 - world_tree/4 routes ten distinct expressions
  ---
  duration_ms: 0.134009
  type: 'test'
  ...
# Subtest: world_tree/5 routes ten distinct expressions
ok 2437 - world_tree/5 routes ten distinct expressions
  ---
  duration_ms: 0.144839
  type: 'test'
  ...
# Subtest: world_tree/6 routes ten distinct expressions
ok 2438 - world_tree/6 routes ten distinct expressions
  ---
  duration_ms: 0.161069
  type: 'test'
  ...
# Subtest: world_tree/7 routes ten distinct expressions
ok 2439 - world_tree/7 routes ten distinct expressions
  ---
  duration_ms: 0.146092
  type: 'test'
  ...
# Subtest: world_tree/8 routes ten distinct expressions
ok 2440 - world_tree/8 routes ten distinct expressions
  ---
  duration_ms: 0.181127
  type: 'test'
  ...
# Subtest: ghost/1 routes ten distinct expressions
ok 2441 - ghost/1 routes ten distinct expressions
  ---
  duration_ms: 0.153967
  type: 'test'
  ...
# Subtest: ghost/2 routes ten distinct expressions
ok 2442 - ghost/2 routes ten distinct expressions
  ---
  duration_ms: 0.146813
  type: 'test'
  ...
# Subtest: ghost/3 routes ten distinct expressions
ok 2443 - ghost/3 routes ten distinct expressions
  ---
  duration_ms: 0.159236
  type: 'test'
  ...
# Subtest: ghost/4 routes ten distinct expressions
ok 2444 - ghost/4 routes ten distinct expressions
  ---
  duration_ms: 0.15059
  type: 'test'
  ...
# Subtest: ghost/5 routes ten distinct expressions
ok 2445 - ghost/5 routes ten distinct expressions
  ---
  duration_ms: 0.152745
  type: 'test'
  ...
# Subtest: ghost/6 routes ten distinct expressions
ok 2446 - ghost/6 routes ten distinct expressions
  ---
  duration_ms: 0.153966
  type: 'test'
  ...
# Subtest: ghost/7 routes ten distinct expressions
ok 2447 - ghost/7 routes ten distinct expressions
  ---
  duration_ms: 0.162222
  type: 'test'
  ...
# Subtest: ghost/8 routes ten distinct expressions
ok 2448 - ghost/8 routes ten distinct expressions
  ---
  duration_ms: 0.170116
  type: 'test'
  ...
# Subtest: star/1 routes ten distinct expressions
ok 2449 - star/1 routes ten distinct expressions
  ---
  duration_ms: 0.160749
  type: 'test'
  ...
# Subtest: star/2 routes ten distinct expressions
ok 2450 - star/2 routes ten distinct expressions
  ---
  duration_ms: 0.184072
  type: 'test'
  ...
# Subtest: star/3 routes ten distinct expressions
ok 2451 - star/3 routes ten distinct expressions
  ---
  duration_ms: 0.159677
  type: 'test'
  ...
# Subtest: star/4 routes ten distinct expressions
ok 2452 - star/4 routes ten distinct expressions
  ---
  duration_ms: 0.156221
  type: 'test'
  ...
# Subtest: star/5 routes ten distinct expressions
ok 2453 - star/5 routes ten distinct expressions
  ---
  duration_ms: 0.158505
  type: 'test'
  ...
# Subtest: star/6 routes ten distinct expressions
ok 2454 - star/6 routes ten distinct expressions
  ---
  duration_ms: 0.163915
  type: 'test'
  ...
# Subtest: star/7 routes ten distinct expressions
ok 2455 - star/7 routes ten distinct expressions
  ---
  duration_ms: 0.194071
  type: 'test'
  ...
# Subtest: star/8 routes ten distinct expressions
ok 2456 - star/8 routes ten distinct expressions
  ---
  duration_ms: 0.158826
  type: 'test'
  ...
# Subtest: plush/1 routes ten distinct expressions
ok 2457 - plush/1 routes ten distinct expressions
  ---
  duration_ms: 0.163955
  type: 'test'
  ...
# Subtest: plush/2 routes ten distinct expressions
ok 2458 - plush/2 routes ten distinct expressions
  ---
  duration_ms: 0.159326
  type: 'test'
  ...
# Subtest: plush/3 routes ten distinct expressions
ok 2459 - plush/3 routes ten distinct expressions
  ---
  duration_ms: 0.133859
  type: 'test'
  ...
# Subtest: plush/4 routes ten distinct expressions
ok 2460 - plush/4 routes ten distinct expressions
  ---
  duration_ms: 0.184143
  type: 'test'
  ...
# Subtest: plush/5 routes ten distinct expressions
ok 2461 - plush/5 routes ten distinct expressions
  ---
  duration_ms: 0.154227
  type: 'test'
  ...
# Subtest: plush/6 routes ten distinct expressions
ok 2462 - plush/6 routes ten distinct expressions
  ---
  duration_ms: 0.167732
  type: 'test'
  ...
# Subtest: plush/7 routes ten distinct expressions
ok 2463 - plush/7 routes ten distinct expressions
  ---
  duration_ms: 0.143356
  type: 'test'
  ...
# Subtest: plush/8 routes ten distinct expressions
ok 2464 - plush/8 routes ten distinct expressions
  ---
  duration_ms: 0.158014
  type: 'test'
  ...
# Subtest: unknown/1 routes ten distinct expressions
ok 2465 - unknown/1 routes ten distinct expressions
  ---
  duration_ms: 0.22569
  type: 'test'
  ...
# Subtest: unknown/2 routes ten distinct expressions
ok 2466 - unknown/2 routes ten distinct expressions
  ---
  duration_ms: 0.160218
  type: 'test'
  ...
# Subtest: unknown/3 routes ten distinct expressions
ok 2467 - unknown/3 routes ten distinct expressions
  ---
  duration_ms: 0.165147
  type: 'test'
  ...
# Subtest: unknown/4 routes ten distinct expressions
ok 2468 - unknown/4 routes ten distinct expressions
  ---
  duration_ms: 0.162423
  type: 'test'
  ...
# Subtest: unknown/5 routes ten distinct expressions
ok 2469 - unknown/5 routes ten distinct expressions
  ---
  duration_ms: 0.1719
  type: 'test'
  ...
# Subtest: unknown/6 routes ten distinct expressions
ok 2470 - unknown/6 routes ten distinct expressions
  ---
  duration_ms: 0.19375
  type: 'test'
  ...
# Subtest: unknown/7 routes ten distinct expressions
ok 2471 - unknown/7 routes ten distinct expressions
  ---
  duration_ms: 0.161601
  type: 'test'
  ...
# Subtest: unknown/8 routes ten distinct expressions
ok 2472 - unknown/8 routes ten distinct expressions
  ---
  duration_ms: 0.164236
  type: 'test'
  ...
# Subtest: ren/1 routes ten distinct expressions
ok 2473 - ren/1 routes ten distinct expressions
  ---
  duration_ms: 0.148787
  type: 'test'
  ...
# Subtest: ren/2 routes ten distinct expressions
ok 2474 - ren/2 routes ten distinct expressions
  ---
  duration_ms: 0.154357
  type: 'test'
  ...
# Subtest: ren/3 routes ten distinct expressions
ok 2475 - ren/3 routes ten distinct expressions
  ---
  duration_ms: 0.200944
  type: 'test'
  ...
# Subtest: ren/4 routes ten distinct expressions
ok 2476 - ren/4 routes ten distinct expressions
  ---
  duration_ms: 0.151041
  type: 'test'
  ...
# Subtest: ren/5 routes ten distinct expressions
ok 2477 - ren/5 routes ten distinct expressions
  ---
  duration_ms: 0.149298
  type: 'test'
  ...
# Subtest: ren/6 routes ten distinct expressions
ok 2478 - ren/6 routes ten distinct expressions
  ---
  duration_ms: 3.386159
  type: 'test'
  ...
# Subtest: ren/7 routes ten distinct expressions
ok 2479 - ren/7 routes ten distinct expressions
  ---
  duration_ms: 0.128309
  type: 'test'
  ...
# Subtest: ren/8 routes ten distinct expressions
ok 2480 - ren/8 routes ten distinct expressions
  ---
  duration_ms: 0.113711
  type: 'test'
  ...
# Subtest: frog and clownfish use distinct species-appropriate hunger marks
ok 2481 - frog and clownfish use distinct species-appropriate hunger marks
  ---
  duration_ms: 0.181348
  type: 'test'
  ...
# Subtest: salmon/1 renders a food mark with normal/unknown fallback intact
ok 2482 - salmon/1 renders a food mark with normal/unknown fallback intact
  ---
  duration_ms: 0.358006
  type: 'test'
  ...
# Subtest: salmon/2 renders a food mark with normal/unknown fallback intact
ok 2483 - salmon/2 renders a food mark with normal/unknown fallback intact
  ---
  duration_ms: 0.255255
  type: 'test'
  ...
# Subtest: salmon/3 renders a food mark with normal/unknown fallback intact
ok 2484 - salmon/3 renders a food mark with normal/unknown fallback intact
  ---
  duration_ms: 0.153585
  type: 'test'
  ...
# Subtest: salmon/4 renders a food mark with normal/unknown fallback intact
ok 2485 - salmon/4 renders a food mark with normal/unknown fallback intact
  ---
  duration_ms: 0.809977
  type: 'test'
  ...
# Subtest: salmon/5 renders a food mark with normal/unknown fallback intact
ok 2486 - salmon/5 renders a food mark with normal/unknown fallback intact
  ---
  duration_ms: 0.247541
  type: 'test'
  ...
# Subtest: salmon/6 renders a food mark with normal/unknown fallback intact
ok 2487 - salmon/6 renders a food mark with normal/unknown fallback intact
  ---
  duration_ms: 0.264592
  type: 'test'
  ...
# Subtest: salmon/7 renders a food mark with normal/unknown fallback intact
ok 2488 - salmon/7 renders a food mark with normal/unknown fallback intact
  ---
  duration_ms: 0.173903
  type: 'test'
  ...
# Subtest: salmon/8 renders a food mark with normal/unknown fallback intact
ok 2489 - salmon/8 renders a food mark with normal/unknown fallback intact
  ---
  duration_ms: 0.136665
  type: 'test'
  ...
# Subtest: hermit_crab/1 renders a food mark with normal/unknown fallback intact
ok 2490 - hermit_crab/1 renders a food mark with normal/unknown fallback intact
  ---
  duration_ms: 0.259753
  type: 'test'
  ...
# Subtest: hermit_crab/2 renders a food mark with normal/unknown fallback intact
ok 2491 - hermit_crab/2 renders a food mark with normal/unknown fallback intact
  ---
  duration_ms: 0.138638
  type: 'test'
  ...
# Subtest: hermit_crab/3 renders a food mark with normal/unknown fallback intact
ok 2492 - hermit_crab/3 renders a food mark with normal/unknown fallback intact
  ---
  duration_ms: 0.132196
  type: 'test'
  ...
# Subtest: hermit_crab/4 renders a food mark with normal/unknown fallback intact
ok 2493 - hermit_crab/4 renders a food mark with normal/unknown fallback intact
  ---
  duration_ms: 0.12865
  type: 'test'
  ...
# Subtest: hermit_crab/5 renders a food mark with normal/unknown fallback intact
ok 2494 - hermit_crab/5 renders a food mark with normal/unknown fallback intact
  ---
  duration_ms: 0.168333
  type: 'test'
  ...
# Subtest: hermit_crab/6 renders a food mark with normal/unknown fallback intact
ok 2495 - hermit_crab/6 renders a food mark with normal/unknown fallback intact
  ---
  duration_ms: 0.125003
  type: 'test'
  ...
# Subtest: hermit_crab/7 renders a food mark with normal/unknown fallback intact
ok 2496 - hermit_crab/7 renders a food mark with normal/unknown fallback intact
  ---
  duration_ms: 0.128579
  type: 'test'
  ...
# Subtest: hermit_crab/8 renders a food mark with normal/unknown fallback intact
ok 2497 - hermit_crab/8 renders a food mark with normal/unknown fallback intact
  ---
  duration_ms: 0.113351
  type: 'test'
  ...
# Subtest: jellyfish/1 renders a food mark with normal/unknown fallback intact
ok 2498 - jellyfish/1 renders a food mark with normal/unknown fallback intact
  ---
  duration_ms: 0.243062
  type: 'test'
  ...
# Subtest: jellyfish/2 renders a food mark with normal/unknown fallback intact
ok 2499 - jellyfish/2 renders a food mark with normal/unknown fallback intact
  ---
  duration_ms: 0.175948
  type: 'test'
  ...
# Subtest: jellyfish/3 renders a food mark with normal/unknown fallback intact
ok 2500 - jellyfish/3 renders a food mark with normal/unknown fallback intact
  ---
  duration_ms: 0.132346
  type: 'test'
  ...
# Subtest: jellyfish/4 renders a food mark with normal/unknown fallback intact
ok 2501 - jellyfish/4 renders a food mark with normal/unknown fallback intact
  ---
  duration_ms: 0.139951
  type: 'test'
  ...
# Subtest: jellyfish/5 renders a food mark with normal/unknown fallback intact
ok 2502 - jellyfish/5 renders a food mark with normal/unknown fallback intact
  ---
  duration_ms: 0.178783
  type: 'test'
  ...
# Subtest: jellyfish/6 renders a food mark with normal/unknown fallback intact
ok 2503 - jellyfish/6 renders a food mark with normal/unknown fallback intact
  ---
  duration_ms: 0.134491
  type: 'test'
  ...
# Subtest: jellyfish/7 renders a food mark with normal/unknown fallback intact
ok 2504 - jellyfish/7 renders a food mark with normal/unknown fallback intact
  ---
  duration_ms: 3.294018
  type: 'test'
  ...
# Subtest: jellyfish/8 renders a food mark with normal/unknown fallback intact
ok 2505 - jellyfish/8 renders a food mark with normal/unknown fallback intact
  ---
  duration_ms: 0.134019
  type: 'test'
  ...
# Subtest: starfish/1 renders a food mark with normal/unknown fallback intact
ok 2506 - starfish/1 renders a food mark with normal/unknown fallback intact
  ---
  duration_ms: 0.243252
  type: 'test'
  ...
# Subtest: starfish/2 renders a food mark with normal/unknown fallback intact
ok 2507 - starfish/2 renders a food mark with normal/unknown fallback intact
  ---
  duration_ms: 0.134841
  type: 'test'
  ...
# Subtest: starfish/3 renders a food mark with normal/unknown fallback intact
ok 2508 - starfish/3 renders a food mark with normal/unknown fallback intact
  ---
  duration_ms: 0.126485
  type: 'test'
  ...
# Subtest: starfish/4 renders a food mark with normal/unknown fallback intact
ok 2509 - starfish/4 renders a food mark with normal/unknown fallback intact
  ---
  duration_ms: 0.154578
  type: 'test'
  ...
# Subtest: starfish/5 renders a food mark with normal/unknown fallback intact
ok 2510 - starfish/5 renders a food mark with normal/unknown fallback intact
  ---
  duration_ms: 0.222334
  type: 'test'
  ...
# Subtest: starfish/6 renders a food mark with normal/unknown fallback intact
ok 2511 - starfish/6 renders a food mark with normal/unknown fallback intact
  ---
  duration_ms: 0.129871
  type: 'test'
  ...
# Subtest: starfish/7 renders a food mark with normal/unknown fallback intact
ok 2512 - starfish/7 renders a food mark with normal/unknown fallback intact
  ---
  duration_ms: 0.120795
  type: 'test'
  ...
# Subtest: starfish/8 renders a food mark with normal/unknown fallback intact
ok 2513 - starfish/8 renders a food mark with normal/unknown fallback intact
  ---
  duration_ms: 0.11305
  type: 'test'
  ...
# Subtest: coral/1 renders a food mark with normal/unknown fallback intact
ok 2514 - coral/1 renders a food mark with normal/unknown fallback intact
  ---
  duration_ms: 0.255425
  type: 'test'
  ...
# Subtest: coral/2 renders a food mark with normal/unknown fallback intact
ok 2515 - coral/2 renders a food mark with normal/unknown fallback intact
  ---
  duration_ms: 0.129591
  type: 'test'
  ...
# Subtest: coral/3 renders a food mark with normal/unknown fallback intact
ok 2516 - coral/3 renders a food mark with normal/unknown fallback intact
  ---
  duration_ms: 0.133589
  type: 'test'
  ...
# Subtest: coral/4 renders a food mark with normal/unknown fallback intact
ok 2517 - coral/4 renders a food mark with normal/unknown fallback intact
  ---
  duration_ms: 0.126876
  type: 'test'
  ...
# Subtest: coral/5 renders a food mark with normal/unknown fallback intact
ok 2518 - coral/5 renders a food mark with normal/unknown fallback intact
  ---
  duration_ms: 0.132336
  type: 'test'
  ...
# Subtest: coral/6 renders a food mark with normal/unknown fallback intact
ok 2519 - coral/6 renders a food mark with normal/unknown fallback intact
  ---
  duration_ms: 0.121426
  type: 'test'
  ...
# Subtest: coral/7 renders a food mark with normal/unknown fallback intact
ok 2520 - coral/7 renders a food mark with normal/unknown fallback intact
  ---
  duration_ms: 0.443345
  type: 'test'
  ...
# Subtest: coral/8 renders a food mark with normal/unknown fallback intact
ok 2521 - coral/8 renders a food mark with normal/unknown fallback intact
  ---
  duration_ms: 0.134671
  type: 'test'
  ...
# Subtest: butterfly/1 renders a food mark with normal/unknown fallback intact
ok 2522 - butterfly/1 renders a food mark with normal/unknown fallback intact
  ---
  duration_ms: 0.220399
  type: 'test'
  ...
# Subtest: butterfly/2 renders a food mark with normal/unknown fallback intact
ok 2523 - butterfly/2 renders a food mark with normal/unknown fallback intact
  ---
  duration_ms: 0.114433
  type: 'test'
  ...
# Subtest: butterfly/3 renders a food mark with normal/unknown fallback intact
ok 2524 - butterfly/3 renders a food mark with normal/unknown fallback intact
  ---
  duration_ms: 0.141153
  type: 'test'
  ...
# Subtest: butterfly/4 renders a food mark with normal/unknown fallback intact
ok 2525 - butterfly/4 renders a food mark with normal/unknown fallback intact
  ---
  duration_ms: 0.119742
  type: 'test'
  ...
# Subtest: butterfly/5 renders a food mark with normal/unknown fallback intact
ok 2526 - butterfly/5 renders a food mark with normal/unknown fallback intact
  ---
  duration_ms: 0.145651
  type: 'test'
  ...
# Subtest: butterfly/6 renders a food mark with normal/unknown fallback intact
ok 2527 - butterfly/6 renders a food mark with normal/unknown fallback intact
  ---
  duration_ms: 0.124802
  type: 'test'
  ...
# Subtest: butterfly/7 renders a food mark with normal/unknown fallback intact
ok 2528 - butterfly/7 renders a food mark with normal/unknown fallback intact
  ---
  duration_ms: 0.114773
  type: 'test'
  ...
# Subtest: butterfly/8 renders a food mark with normal/unknown fallback intact
ok 2529 - butterfly/8 renders a food mark with normal/unknown fallback intact
  ---
  duration_ms: 0.155309
  type: 'test'
  ...
# Subtest: beetle/1 renders a food mark with normal/unknown fallback intact
ok 2530 - beetle/1 renders a food mark with normal/unknown fallback intact
  ---
  duration_ms: 0.833561
  type: 'test'
  ...
# Subtest: beetle/2 renders a food mark with normal/unknown fallback intact
ok 2531 - beetle/2 renders a food mark with normal/unknown fallback intact
  ---
  duration_ms: 0.133178
  type: 'test'
  ...
# Subtest: beetle/3 renders a food mark with normal/unknown fallback intact
ok 2532 - beetle/3 renders a food mark with normal/unknown fallback intact
  ---
  duration_ms: 0.142004
  type: 'test'
  ...
# Subtest: beetle/4 renders a food mark with normal/unknown fallback intact
ok 2533 - beetle/4 renders a food mark with normal/unknown fallback intact
  ---
  duration_ms: 0.118981
  type: 'test'
  ...
# Subtest: beetle/5 renders a food mark with normal/unknown fallback intact
ok 2534 - beetle/5 renders a food mark with normal/unknown fallback intact
  ---
  duration_ms: 0.122608
  type: 'test'
  ...
# Subtest: beetle/6 renders a food mark with normal/unknown fallback intact
ok 2535 - beetle/6 renders a food mark with normal/unknown fallback intact
  ---
  duration_ms: 0.116777
  type: 'test'
  ...
# Subtest: beetle/7 renders a food mark with normal/unknown fallback intact
ok 2536 - beetle/7 renders a food mark with normal/unknown fallback intact
  ---
  duration_ms: 0.106478
  type: 'test'
  ...
# Subtest: beetle/8 renders a food mark with normal/unknown fallback intact
ok 2537 - beetle/8 renders a food mark with normal/unknown fallback intact
  ---
  duration_ms: 0.104565
  type: 'test'
  ...
# Subtest: stagbeetle/1 renders a food mark with normal/unknown fallback intact
ok 2538 - stagbeetle/1 renders a food mark with normal/unknown fallback intact
  ---
  duration_ms: 0.333721
  type: 'test'
  ...
# Subtest: stagbeetle/2 renders a food mark with normal/unknown fallback intact
ok 2539 - stagbeetle/2 renders a food mark with normal/unknown fallback intact
  ---
  duration_ms: 0.996745
  type: 'test'
  ...
# Subtest: stagbeetle/3 renders a food mark with normal/unknown fallback intact
ok 2540 - stagbeetle/3 renders a food mark with normal/unknown fallback intact
  ---
  duration_ms: 0.124321
  type: 'test'
  ...
# Subtest: stagbeetle/4 renders a food mark with normal/unknown fallback intact
ok 2541 - stagbeetle/4 renders a food mark with normal/unknown fallback intact
  ---
  duration_ms: 0.119833
  type: 'test'
  ...
# Subtest: stagbeetle/5 renders a food mark with normal/unknown fallback intact
ok 2542 - stagbeetle/5 renders a food mark with normal/unknown fallback intact
  ---
  duration_ms: 0.125213
  type: 'test'
  ...
# Subtest: stagbeetle/6 renders a food mark with normal/unknown fallback intact
ok 2543 - stagbeetle/6 renders a food mark with normal/unknown fallback intact
  ---
  duration_ms: 0.114724
  type: 'test'
  ...
# Subtest: stagbeetle/7 renders a food mark with normal/unknown fallback intact
ok 2544 - stagbeetle/7 renders a food mark with normal/unknown fallback intact
  ---
  duration_ms: 0.110276
  type: 'test'
  ...
# Subtest: stagbeetle/8 renders a food mark with normal/unknown fallback intact
ok 2545 - stagbeetle/8 renders a food mark with normal/unknown fallback intact
  ---
  duration_ms: 0.144609
  type: 'test'
  ...
# Subtest: cicada/1 renders a food mark with normal/unknown fallback intact
ok 2546 - cicada/1 renders a food mark with normal/unknown fallback intact
  ---
  duration_ms: 0.240808
  type: 'test'
  ...
# Subtest: cicada/2 renders a food mark with normal/unknown fallback intact
ok 2547 - cicada/2 renders a food mark with normal/unknown fallback intact
  ---
  duration_ms: 0.124992
  type: 'test'
  ...
# Subtest: cicada/3 renders a food mark with normal/unknown fallback intact
ok 2548 - cicada/3 renders a food mark with normal/unknown fallback intact
  ---
  duration_ms: 0.122238
  type: 'test'
  ...
# Subtest: cicada/4 renders a food mark with normal/unknown fallback intact
ok 2549 - cicada/4 renders a food mark with normal/unknown fallback intact
  ---
  duration_ms: 0.155579
  type: 'test'
  ...
# Subtest: cicada/5 renders a food mark with normal/unknown fallback intact
ok 2550 - cicada/5 renders a food mark with normal/unknown fallback intact
  ---
  duration_ms: 0.128499
  type: 'test'
  ...
# Subtest: cicada/6 renders a food mark with normal/unknown fallback intact
ok 2551 - cicada/6 renders a food mark with normal/unknown fallback intact
  ---
  duration_ms: 0.135102
  type: 'test'
  ...
# Subtest: cicada/7 renders a food mark with normal/unknown fallback intact
ok 2552 - cicada/7 renders a food mark with normal/unknown fallback intact
  ---
  duration_ms: 0.136143
  type: 'test'
  ...
# Subtest: cicada/8 renders a food mark with normal/unknown fallback intact
ok 2553 - cicada/8 renders a food mark with normal/unknown fallback intact
  ---
  duration_ms: 0.137897
  type: 'test'
  ...
# Subtest: venus_flytrap uses the shared yellow insect hunger mark
ok 2554 - venus_flytrap uses the shared yellow insect hunger mark
  ---
  duration_ms: 0.22567
  type: 'test'
  ...
# Subtest: unknown/1 exposes face-relative sickness drops and the shared hunger mark
ok 2555 - unknown/1 exposes face-relative sickness drops and the shared hunger mark
  ---
  duration_ms: 0.302463
  type: 'test'
  ...
# Subtest: unknown/2 exposes face-relative sickness drops and the shared hunger mark
ok 2556 - unknown/2 exposes face-relative sickness drops and the shared hunger mark
  ---
  duration_ms: 0.140692
  type: 'test'
  ...
# Subtest: unknown/3 exposes face-relative sickness drops and the shared hunger mark
ok 2557 - unknown/3 exposes face-relative sickness drops and the shared hunger mark
  ---
  duration_ms: 0.142515
  type: 'test'
  ...
# Subtest: unknown/4 exposes face-relative sickness drops and the shared hunger mark
ok 2558 - unknown/4 exposes face-relative sickness drops and the shared hunger mark
  ---
  duration_ms: 0.146282
  type: 'test'
  ...
# Subtest: unknown/5 exposes face-relative sickness drops and the shared hunger mark
ok 2559 - unknown/5 exposes face-relative sickness drops and the shared hunger mark
  ---
  duration_ms: 0.263721
  type: 'test'
  ...
# Subtest: unknown/6 exposes face-relative sickness drops and the shared hunger mark
ok 2560 - unknown/6 exposes face-relative sickness drops and the shared hunger mark
  ---
  duration_ms: 0.14511
  type: 'test'
  ...
# Subtest: unknown/7 exposes face-relative sickness drops and the shared hunger mark
ok 2561 - unknown/7 exposes face-relative sickness drops and the shared hunger mark
  ---
  duration_ms: 0.133509
  type: 'test'
  ...
# Subtest: unknown/8 exposes face-relative sickness drops and the shared hunger mark
ok 2562 - unknown/8 exposes face-relative sickness drops and the shared hunger mark
  ---
  duration_ms: 0.132016
  type: 'test'
  ...
# Subtest: ren/1 uses the shared age-appropriate human hunger artwork
ok 2563 - ren/1 uses the shared age-appropriate human hunger artwork
  ---
  duration_ms: 0.306851
  type: 'test'
  ...
# Subtest: ren/2 uses the shared age-appropriate human hunger artwork
ok 2564 - ren/2 uses the shared age-appropriate human hunger artwork
  ---
  duration_ms: 0.182059
  type: 'test'
  ...
# Subtest: ren/3 uses the shared age-appropriate human hunger artwork
ok 2565 - ren/3 uses the shared age-appropriate human hunger artwork
  ---
  duration_ms: 0.105015
  type: 'test'
  ...
# Subtest: ren/4 uses the shared age-appropriate human hunger artwork
ok 2566 - ren/4 uses the shared age-appropriate human hunger artwork
  ---
  duration_ms: 0.10751
  type: 'test'
  ...
# Subtest: ren/5 uses the shared age-appropriate human hunger artwork
ok 2567 - ren/5 uses the shared age-appropriate human hunger artwork
  ---
  duration_ms: 0.111668
  type: 'test'
  ...
# Subtest: ren/6 uses the shared age-appropriate human hunger artwork
ok 2568 - ren/6 uses the shared age-appropriate human hunger artwork
  ---
  duration_ms: 0.102751
  type: 'test'
  ...
# Subtest: ren/7 uses the shared age-appropriate human hunger artwork
ok 2569 - ren/7 uses the shared age-appropriate human hunger artwork
  ---
  duration_ms: 0.099746
  type: 'test'
  ...
# Subtest: ren/8 uses the shared age-appropriate human hunger artwork
ok 2570 - ren/8 uses the shared age-appropriate human hunger artwork
  ---
  duration_ms: 0.152614
  type: 'test'
  ...
# Subtest: ren/1 exposes face-relative sickness drops
ok 2571 - ren/1 exposes face-relative sickness drops
  ---
  duration_ms: 0.168594
  type: 'test'
  ...
# Subtest: ren/2 exposes face-relative sickness drops
ok 2572 - ren/2 exposes face-relative sickness drops
  ---
  duration_ms: 0.089798
  type: 'test'
  ...
# Subtest: ren/3 exposes face-relative sickness drops
ok 2573 - ren/3 exposes face-relative sickness drops
  ---
  duration_ms: 0.088074
  type: 'test'
  ...
# Subtest: ren/4 exposes face-relative sickness drops
ok 2574 - ren/4 exposes face-relative sickness drops
  ---
  duration_ms: 0.097882
  type: 'test'
  ...
# Subtest: ren/5 exposes face-relative sickness drops
ok 2575 - ren/5 exposes face-relative sickness drops
  ---
  duration_ms: 0.087463
  type: 'test'
  ...
# Subtest: ren/6 exposes face-relative sickness drops
ok 2576 - ren/6 exposes face-relative sickness drops
  ---
  duration_ms: 0.073637
  type: 'test'
  ...
# Subtest: ren/7 exposes face-relative sickness drops
ok 2577 - ren/7 exposes face-relative sickness drops
  ---
  duration_ms: 0.10767
  type: 'test'
  ...
# Subtest: ren/8 exposes face-relative sickness drops
ok 2578 - ren/8 exposes face-relative sickness drops
  ---
  duration_ms: 0.082353
  type: 'test'
  ...
# Subtest: the selected expression mark paints above illness sweat and character art
ok 2579 - the selected expression mark paints above illness sweat and character art
  ---
  duration_ms: 2.084278
  type: 'test'
  ...
# Subtest: repetitive achievement thresholds use the approved moderate values
ok 2580 - repetitive achievement thresholds use the approved moderate values
  ---
  duration_ms: 168.83102
  type: 'test'
  ...
# Subtest: duplicate achievements are removed or given distinct collection scopes
ok 2581 - duplicate achievements are removed or given distinct collection scopes
  ---
  duration_ms: 32.360701
  type: 'test'
  ...
# Subtest: romance completion copy describes dating every candidate, not merely meeting them
ok 2582 - romance completion copy describes dating every candidate, not merely meeting them
  ---
  duration_ms: 32.700554
  type: 'test'
  ...
# Subtest: a correct Sudoku cell keeps the incomplete board; only the last cell advances once
ok 2583 - a correct Sudoku cell keeps the incomplete board; only the last cell advances once
  ---
  duration_ms: 37.054503
  type: 'test'
  ...
# Subtest: weather follows motion preferences immediately in both directions
ok 2584 - weather follows motion preferences immediately in both directions
  ---
  duration_ms: 25.35032
  type: 'test'
  ...
# Subtest: returning home after a slow minigame rebuilds the unchanged rain in lightweight mode
ok 2585 - returning home after a slow minigame rebuilds the unchanged rain in lightweight mode
  ---
  duration_ms: 25.155397
  type: 'test'
  ...
# Subtest: life records suppress weather and seasonal foreground effects until returning home
ok 2586 - life records suppress weather and seasonal foreground effects until returning home
  ---
  duration_ms: 39.694124
  type: 'test'
  ...
# Subtest: normalization creates no retired crown life state and retains the distinct Naoto crown
ok 2587 - normalization creates no retired crown life state and retains the distinct Naoto crown
  ---
  duration_ms: 35.003618
  type: 'test'
  ...
# Subtest: alias + canonical, retired, future and typo ids stay in the save but count once or not at all
ok 2588 - alias + canonical, retired, future and typo ids stay in the save but count once or not at all
  ---
  duration_ms: 41.678114
  type: 'test'
  ...
# Subtest: boot never unlocks progress achievements from unregistered ids
ok 2589 - boot never unlocks progress achievements from unregistered ids
  ---
  duration_ms: 33.272938
  type: 'test'
  ...
# Subtest: 176 real forms + 72 retired-species keys do not reach dex-complete, goal 4 or the crown
ok 2590 - 176 real forms + 72 retired-species keys do not reach dex-complete, goal 4 or the crown
  ---
  duration_ms: 71.219211
  type: 'test'
  ...
# Subtest: only retired final forms do not unlock elder-collector
ok 2591 - only retired final forms do not unlock elder-collector
  ---
  duration_ms: 58.465184
  type: 'test'
  ...
# Subtest: duplicates are counted once
ok 2592 - duplicates are counted once
  ---
  duration_ms: 49.742387
  type: 'test'
  ...
# Subtest: a true current complete dex still reaches dex-complete, goal 4, the crown and the ending count
ok 2593 - a true current complete dex still reaches dex-complete, goal 4, the crown and the ending count
  ---
  duration_ms: 59.021679
  type: 'test'
  ...
# Subtest: grandfathered dexCleared keeps every past unlock and shows the record without inflating the count
ok 2594 - grandfathered dexCleared keeps every past unlock and shows the record without inflating the count
  ---
  duration_ms: 41.946073
  type: 'test'
  ...
# Subtest: the record hint is derived from dexCleared and the current registry size only
ok 2595 - the record hint is derived from dexCleared and the current registry size only
  ---
  duration_ms: 30.495271
  type: 'test'
  ...
# Subtest: the dex header combines canonical forms, companions and partners
ok 2596 - the dex header combines canonical forms, companions and partners
  ---
  duration_ms: 32.104204
  type: 'test'
  ...
# Subtest: a save carrying RH-1 saveRepair counts the same way and keeps saveRepair untouched
ok 2597 - a save carrying RH-1 saveRepair counts the same way and keeps saveRepair untouched
  ---
  duration_ms: 26.724897
  type: 'test'
  ...
# Subtest: an old v4 save keeps its unknown ids and counts only registered forms
ok 2598 - an old v4 save keeps its unknown ids and counts only registered forms
  ---
  duration_ms: 24.795578
  type: 'test'
  ...
# Subtest: PERFECT is still every current achievement, unchanged
ok 2599 - PERFECT is still every current achievement, unchanged
  ---
  duration_ms: 55.875249
  type: 'test'
  ...
# Subtest: an alias alone counts as its canonical id (partner, married, region, companion)
ok 2600 - an alias alone counts as its canonical id (partner, married, region, companion)
  ---
  duration_ms: 23.646911
  type: 'test'
  ...
# Subtest: the crown bonus follows the canonical dex, not the raw length
ok 2601 - the crown bonus follows the canonical dex, not the raw length
  ---
  duration_ms: 21.068294
  type: 'test'
  ...
# Subtest: perfect-life needs a registered marriage, not an unknown id
ok 2602 - perfect-life needs a registered marriage, not an unknown id
  ---
  duration_ms: 22.287462
  type: 'test'
  ...
# Subtest: landscape notices gain pictures while generic birds and growth stages stay untouched
ok 2603 - landscape notices gain pictures while generic birds and growth stages stay untouched
  ---
  duration_ms: 161.585271
  type: 'test'
  ...
# Subtest: road and space props use pictures, keep the player glyph, and fall back on failed images
ok 2604 - road and space props use pictures, keep the player glyph, and fall back on failed images
  ---
  duration_ms: 3165.197588
  type: 'test'
  ...
# Subtest: memory cards retain hidden backs and reveal the illustration only after flipping
ok 2605 - memory cards retain hidden backs and reveal the illustration only after flipping
  ---
  duration_ms: 37.929301
  type: 'test'
  ...
# Subtest: late loading, malformed atlases and decode errors keep the original prop with no Canvas state leak
ok 2606 - late loading, malformed atlases and decode errors keep the original prop with no Canvas state leak
  ---
  duration_ms: 38.685567
  type: 'test'
  ...
# Subtest: illustrated roads keep input, timing, score and saved rewards identical in normal, reduced and low modes
ok 2607 - illustrated roads keep input, timing, score and saved rewards identical in normal, reduced and low modes
  ---
  duration_ms: 15183.245066
  type: 'test'
  ...
# Subtest: all memory-card faces stay distinct and full completion keeps the same pairs, score and rewards
ok 2608 - all memory-card faces stay distinct and full completion keeps the same pairs, score and rewards
  ---
  duration_ms: 703.939697
  type: 'test'
  ...
# Subtest: other pseudo-road games keep their previous renderers and retirement cancels illustrated frames
ok 2609 - other pseudo-road games keep their previous renderers and retirement cancels illustrated frames
  ---
  duration_ms: 773.775549
  type: 'test'
  ...
# Subtest: missing prop module keeps the complete original game and safe text fallback
ok 2610 - missing prop module keeps the complete original game and safe text fallback
  ---
  duration_ms: 848.182453
  type: 'test'
  ...
# Subtest: Quick mixed score 0 pays 0 with null and preserves care
ok 2611 - Quick mixed score 0 pays 0 with null and preserves care
  ---
  duration_ms: 185.322257
  type: 'test'
  ...
# Subtest: Quick mixed score 0 pays 0 with star and preserves care
ok 2612 - Quick mixed score 0 pays 0 with star and preserves care
  ---
  duration_ms: 41.495764
  type: 'test'
  ...
# Subtest: Quick mixed score 30 pays 0 with null and preserves care
ok 2613 - Quick mixed score 30 pays 0 with null and preserves care
  ---
  duration_ms: 40.51525
  type: 'test'
  ...
# Subtest: Quick mixed score 30 pays 0 with star and preserves care
ok 2614 - Quick mixed score 30 pays 0 with star and preserves care
  ---
  duration_ms: 26.608964
  type: 'test'
  ...
# Subtest: Quick mixed score 95 pays 0 with null and preserves care
ok 2615 - Quick mixed score 95 pays 0 with null and preserves care
  ---
  duration_ms: 34.149681
  type: 'test'
  ...
# Subtest: Quick mixed score 95 pays 0 with star and preserves care
ok 2616 - Quick mixed score 95 pays 0 with star and preserves care
  ---
  duration_ms: 79.997853
  type: 'test'
  ...
# Subtest: Quick mixed score 100 pays 100 with null and preserves care
ok 2617 - Quick mixed score 100 pays 100 with null and preserves care
  ---
  duration_ms: 33.24646
  type: 'test'
  ...
# Subtest: Quick mixed score 100 pays 100 with star and preserves care
ok 2618 - Quick mixed score 100 pays 100 with star and preserves care
  ---
  duration_ms: 43.113123
  type: 'test'
  ...
# Subtest: Quick knock score 100 pays 0 with null and preserves care
ok 2619 - Quick knock score 100 pays 0 with null and preserves care
  ---
  duration_ms: 37.992077
  type: 'test'
  ...
# Subtest: Quick knock score 100 pays 0 with star and preserves care
ok 2620 - Quick knock score 100 pays 0 with star and preserves care
  ---
  duration_ms: 43.716134
  type: 'test'
  ...
# Subtest: Quick mixed starts at zero energy and quitting has no care or coin effect
ok 2621 - Quick mixed starts at zero energy and quitting has no care or coin effect
  ---
  duration_ms: 25.576403
  type: 'test'
  ...
# Subtest: Quick knock starts at zero energy and quitting has no care or coin effect
ok 2622 - Quick knock starts at zero energy and quitting has no care or coin effect
  ---
  duration_ms: 25.270495
  type: 'test'
  ...
# Subtest: Quick bypasses recruitment, story care, and meter processing even with a pending encounter
ok 2623 - Quick bypasses recruitment, story care, and meter processing even with a pending encounter
  ---
  duration_ms: 68.736333
  type: 'test'
  ...
# Subtest: Quick session callback ignores duplicates and stale callbacks while a new run can settle
ok 2624 - Quick session callback ignores duplicates and stale callbacks while a new run can settle
  ---
  duration_ms: 24.501243
  type: 'test'
  ...
# Subtest: designated daily score 29, null: only 0 ordinary base coins and Lucky 0
ok 2625 - designated daily score 29, null: only 0 ordinary base coins and Lucky 0
  ---
  duration_ms: 27.263051
  type: 'test'
  ...
# Subtest: designated daily score 29, star: only 0 ordinary base coins and Lucky 0
ok 2626 - designated daily score 29, star: only 0 ordinary base coins and Lucky 0
  ---
  duration_ms: 29.651894
  type: 'test'
  ...
# Subtest: designated daily score 30, null: only 30 ordinary base coins and Lucky 1
ok 2627 - designated daily score 30, null: only 30 ordinary base coins and Lucky 1
  ---
  duration_ms: 35.744068
  type: 'test'
  ...
# Subtest: designated daily score 30, star: only 30 ordinary base coins and Lucky 1
ok 2628 - designated daily score 30, star: only 30 ordinary base coins and Lucky 1
  ---
  duration_ms: 47.504261
  type: 'test'
  ...
# Subtest: designated daily score 70, null: only 60 ordinary base coins and Lucky 1
ok 2629 - designated daily score 70, null: only 60 ordinary base coins and Lucky 1
  ---
  duration_ms: 31.722554
  type: 'test'
  ...
# Subtest: designated daily score 70, star: only 60 ordinary base coins and Lucky 1
ok 2630 - designated daily score 70, star: only 60 ordinary base coins and Lucky 1
  ---
  duration_ms: 26.744417
  type: 'test'
  ...
# Subtest: designated daily score 100, null: only 60 ordinary base coins and Lucky 1
ok 2631 - designated daily score 100, null: only 60 ordinary base coins and Lucky 1
  ---
  duration_ms: 31.950579
  type: 'test'
  ...
# Subtest: designated daily score 100, star: only 60 ordinary base coins and Lucky 1
ok 2632 - designated daily score 100, star: only 60 ordinary base coins and Lucky 1
  ---
  duration_ms: 53.96622
  type: 'test'
  ...
# Subtest: designated game completion from daily-button grants once
ok 2633 - designated game completion from daily-button grants once
  ---
  duration_ms: 28.233957
  type: 'test'
  ...
# Subtest: designated game completion from game-list grants once
ok 2634 - designated game completion from game-list grants once
  ---
  duration_ms: 42.243415
  type: 'test'
  ...
# Subtest: wrong game, quit, Quick and gamepass cannot claim a daily reward
ok 2635 - wrong game, quit, Quick and gamepass cannot claim a daily reward
  ---
  duration_ms: 122.097978
  type: 'test'
  ...
# Subtest: daily validates the designated ID on the settlement date across midnight
ok 2636 - daily validates the designated ID on the settlement date across midnight
  ---
  duration_ms: 46.615369
  type: 'test'
  ...
# Subtest: same-date claim survives JSON reload, infinite mode and a new life; next date grants one anew
ok 2637 - same-date claim survives JSON reload, infinite mode and a new life; next date grants one anew
  ---
  duration_ms: 83.812727
  type: 'test'
  ...
# Subtest: legacy same-day claimed record and active shared boost load intact and block a second reward
ok 2638 - legacy same-day claimed record and active shared boost load intact and block a second reward
  ---
  duration_ms: 62.353461
  type: 'test'
  ...
# Subtest: after the daily award, another ordinary S rank retains its ordinary boost rule
ok 2639 - after the daily award, another ordinary S rank retains its ordinary boost rule
  ---
  duration_ms: 59.173646
  type: 'test'
  ...
# Subtest: failure from the daily button remains unclaimed and can be retried successfully
ok 2640 - failure from the daily button remains unclaimed and can be retried successfully
  ---
  duration_ms: 26.786905
  type: 'test'
  ...
# Subtest: coins target keeps the basket clear of bad drops at levels 1-5
ok 2641 - coins target keeps the basket clear of bad drops at levels 1-5
  ---
  duration_ms: 165.867881
  type: 'test'
  ...
# Subtest: quick mode chains 3-6 second games: cue, immediate play, judge, next game within the result flash
ok 2642 - quick mode chains 3-6 second games: cue, immediate play, judge, next game within the result flash
  ---
  duration_ms: 29.865912
  type: 'test'
  ...
# Subtest: every quick game can be solved from its own target hint and each kind of input is covered
ok 2643 - every quick game can be solved from its own target hint and each kind of input is covered
  ---
  duration_ms: 88.277911
  type: 'test'
  ...
# Subtest: three misses end the run, the score feeds the normal result flow, and difficulty ramps every 4 games
ok 2644 - three misses end the run, the score feeds the normal result flow, and difficulty ramps every 4 games
  ---
  duration_ms: 43.617992
  type: 'test'
  ...
# Subtest: every game can be played on its own: a solo run repeats one game 10 times and keeps a per-game best
ok 2645 - every game can be played on its own: a solo run repeats one game 10 times and keeps a per-game best
  ---
  duration_ms: 102.309521
  type: 'test'
  ...
# Subtest: Quick list toggle uses its dedicated control and a selected solo starts
ok 2646 - Quick list toggle uses its dedicated control and a selected solo starts
  ---
  duration_ms: 30.876822
  type: 'test'
  ...
# Subtest: both Quick entries pay zero for incomplete runs even with Star
ok 2647 - both Quick entries pay zero for incomplete runs even with Star
  ---
  duration_ms: 60.463506
  type: 'test'
  ...
# Subtest: both Quick entries ignore retired energy-band snapshots
ok 2648 - both Quick entries ignore retired energy-band snapshots
  ---
  duration_ms: 102.227489
  type: 'test'
  ...
# Subtest: the production Quick voice control saves every selected mode for the audio router
ok 2649 - the production Quick voice control saves every selected mode for the audio router
  ---
  duration_ms: 144.798974
  type: 'test'
  ...
# Subtest: an unchosen legacy pico setting migrates to reading while chosen pico remains selected
ok 2650 - an unchosen legacy pico setting migrates to reading while chosen pico remains selected
  ---
  duration_ms: 44.275024
  type: 'test'
  ...
# Subtest: umbrella solo shows a compact cue and waits for rain before a successful swipe
ok 2651 - umbrella solo shows a compact cue and waits for rain before a successful swipe
  ---
  duration_ms: 23.684054
  type: 'test'
  ...
# Subtest: game pass never shortcuts quick-run, including during ordinary cooldown
ok 2652 - game pass never shortcuts quick-run, including during ordinary cooldown
  ---
  duration_ms: 40.912259
  type: 'test'
  ...
# Subtest: game pass never shortcuts quick-solo, including during ordinary cooldown
ok 2653 - game pass never shortcuts quick-solo, including during ordinary cooldown
  ---
  duration_ms: 45.779472
  type: 'test'
  ...
# Subtest: real mixed 20/20 callback pays 100, keeps records and achievements, and a new perfect run pays again
ok 2654 - real mixed 20/20 callback pays 100, keeps records and achievements, and a new perfect run pays again
  ---
  duration_ms: 145.398009
  type: 'test'
  ...
# Subtest: retiring a real Quick final card invalidates its delayed completion during the next session
ok 2655 - retiring a real Quick final card invalidates its delayed completion during the next session
  ---
  duration_ms: 60.447756
  type: 'test'
  ...
# Subtest: same-season travel renders the destination scenery, including return trips
ok 2656 - same-season travel renders the destination scenery, including return trips
  ---
  duration_ms: 181.194922
  type: 'test'
  ...
# Subtest: jungle does not acquire snowy forecasts from the global winter rule
ok 2657 - jungle does not acquire snowy forecasts from the global winter rule
  ---
  duration_ms: 2.863957
  type: 'test'
  ...
# Subtest: desert does not acquire snowy forecasts from the global winter rule
ok 2658 - desert does not acquire snowy forecasts from the global winter rule
  ---
  duration_ms: 0.867223
  type: 'test'
  ...
# Subtest: deepsea and the star stop do not invent surface weather forecasts
ok 2659 - deepsea and the star stop do not invent surface weather forecasts
  ---
  duration_ms: 0.277256
  type: 'test'
  ...
# Subtest: observed hometown weather is not used as the weather of a distant destination
ok 2660 - observed hometown weather is not used as the weather of a distant destination
  ---
  duration_ms: 28.11217
  type: 'test'
  ...
# Subtest: surface seasons do not introduce heat or cold penalties to underwater and starry places
ok 2661 - surface seasons do not introduce heat or cold penalties to underwater and starry places
  ---
  duration_ms: 30.524007
  type: 'test'
  ...
# Subtest: underwater rendering and effects ignore surface weather without overwriting the chosen setting
ok 2662 - underwater rendering and effects ignore surface weather without overwriting the chosen setting
  ---
  duration_ms: 42.329145
  type: 'test'
  ...
# Subtest: moving between surface, underwater and the star stop refreshes effects with unchanged settings
ok 2663 - moving between surface, underwater and the star stop refreshes effects with unchanged settings
  ---
  duration_ms: 27.39731
  type: 'test'
  ...
# Subtest: the renamed waterside keeps its saved region identity, visits and historical text
ok 2664 - the renamed waterside keeps its saved region identity, visits and historical text
  ---
  duration_ms: 74.708983
  type: 'test'
  ...
# Subtest: regional game preference does not leak into a former visual base
ok 2665 - regional game preference does not leak into a former visual base
  ---
  duration_ms: 24.773129
  type: 'test'
  ...
# Subtest: regional care modifiers retain their differences without coin bonuses
ok 2666 - regional care modifiers retain their differences without coin bonuses
  ---
  duration_ms: 43.874148
  type: 'test'
  ...
# Subtest: deepsea schedules its own event in daytime snow
ok 2667 - deepsea schedules its own event in daytime snow
  ---
  duration_ms: 26.722506
  type: 'test'
  ...
# Subtest: star_stop schedules its own event in daytime snow
ok 2668 - star_stop schedules its own event in daytime snow
  ---
  duration_ms: 26.245177
  type: 'test'
  ...
# Subtest: memory_lake schedules its own event in daytime snow
ok 2669 - memory_lake schedules its own event in daytime snow
  ---
  duration_ms: 45.488972
  type: 'test'
  ...
# Subtest: a regional moment waits while asleep or a menu is open
ok 2670 - a regional moment waits while asleep or a menu is open
  ---
  duration_ms: 44.45087
  type: 'test'
  ...
# Subtest: legend affinity is a soft preference and never overrides unseen priority
ok 2671 - legend affinity is a soft preference and never overrides unseen priority
  ---
  duration_ms: 304.140648
  type: 'test'
  ...
# Subtest: mountain climbing responds to grip timing, reaches the summit and awards once
ok 2672 - mountain climbing responds to grip timing, reaches the summit and awards once
  ---
  duration_ms: 38.589709
  type: 'test'
  ...
# Subtest: climbing misses and retirement do not award a completed game
ok 2673 - climbing misses and retirement do not award a completed game
  ---
  duration_ms: 38.327471
  type: 'test'
  ...
# Subtest: climbing draws finite coordinates, accepts keyboard rock selection and times out once
ok 2674 - climbing draws finite coordinates, accepts keyboard rock selection and times out once
  ---
  duration_ms: 60.553954
  type: 'test'
  ...
# Subtest: saved climbing records, ordinary region count and total games remain intact
ok 2675 - saved climbing records, ordinary region count and total games remain intact
  ---
  duration_ms: 65.342481
  type: 'test'
  ...
# [naotocchi] region:siteA Error: unknown region id "moon" (siteA)
#     at Object.resolveRegionId (evalmachine.<anonymous>:31333:17)
#     at TestContext.<anonymous> (/home/runner/work/naotocchi/naotocchi/tests/region-registry-test.cjs:120:50)
#     at Test.runInAsyncScope (node:async_hooks:214:14)
#     at Test.run (node:internal/test_runner/test:1047:25)
#     at Test.processPendingSubtests (node:internal/test_runner/test:744:18)
#     at Test.postRun (node:internal/test_runner/test:1173:19)
#     at Test.run (node:internal/test_runner/test:1101:12)
#     at async Test.processPendingSubtests (node:internal/test_runner/test:744:7)
# [naotocchi] region:region Error: unknown region id "forrest" (region)
#     at Object.resolveRegionId (evalmachine.<anonymous>:31333:17)
#     at TestContext.<anonymous> (/home/runner/work/naotocchi/naotocchi/tests/region-registry-test.cjs:124:22)
#     at Test.runInAsyncScope (node:async_hooks:214:14)
#     at Test.run (node:internal/test_runner/test:1047:25)
#     at Test.processPendingSubtests (node:internal/test_runner/test:744:18)
#     at Test.postRun (node:internal/test_runner/test:1173:19)
#     at Test.run (node:internal/test_runner/test:1101:12)
#     at async Test.processPendingSubtests (node:internal/test_runner/test:744:7)
# [naotocchi] region:region Error: unknown region id "<null>" (region)
#     at Object.resolveRegionId (evalmachine.<anonymous>:31333:17)
#     at TestContext.<anonymous> (/home/runner/work/naotocchi/naotocchi/tests/region-registry-test.cjs:125:22)
#     at Test.runInAsyncScope (node:async_hooks:214:14)
#     at Test.run (node:internal/test_runner/test:1047:25)
#     at Test.processPendingSubtests (node:internal/test_runner/test:744:18)
#     at Test.postRun (node:internal/test_runner/test:1173:19)
#     at Test.run (node:internal/test_runner/test:1101:12)
#     at async Test.processPendingSubtests (node:internal/test_runner/test:744:7)
# [naotocchi] region:region Error: unknown region id "<number>" (region)
#     at Object.resolveRegionId (evalmachine.<anonymous>:31333:17)
#     at TestContext.<anonymous> (/home/runner/work/naotocchi/naotocchi/tests/region-registry-test.cjs:126:22)
#     at Test.runInAsyncScope (node:async_hooks:214:14)
#     at Test.run (node:internal/test_runner/test:1047:25)
#     at Test.processPendingSubtests (node:internal/test_runner/test:744:18)
#     at Test.postRun (node:internal/test_runner/test:1173:19)
#     at Test.run (node:internal/test_runner/test:1101:12)
#     at async Test.processPendingSubtests (node:internal/test_runner/test:744:7)
# [naotocchi] region:findRegion Error: unknown region id "moon" (findRegion)
#     at resolveRegionId (evalmachine.<anonymous>:31333:17)
#     at findRegion (evalmachine.<anonymous>:31318:17)
#     at applyRegion (evalmachine.<anonymous>:34287:20)
#     at render (evalmachine.<anonymous>:34402:20)
#     at evalmachine.<anonymous>:41440:3
#     at evalmachine.<anonymous>:41623:3
#     at Script.runInContext (node:vm:149:12)
#     at Object.runInContext (node:vm:301:6)
#     at createHarness (/home/runner/work/naotocchi/naotocchi/tests/helpers/runtime-harness.cjs:311:6)
#     at harness (/home/runner/work/naotocchi/naotocchi/tests/helpers/runtime-harness.cjs:95:10)
# Subtest: the canonical registry is master.regions: 13 regions, and REGIONS + SPECIAL_REGIONS match it id for id and label for label
ok 2676 - the canonical registry is master.regions: 13 regions, and REGIONS + SPECIAL_REGIONS match it id for id and label for label
  ---
  duration_ms: 7.761186
  type: 'test'
  ...
# Subtest: every full registry table has exactly the 13 canonical regions
ok 2677 - every full registry table has exactly the 13 canonical regions
  ---
  duration_ms: 13.025889
  type: 'test'
  ...
# Subtest: every intentionally partial table is exactly its audited subset (no typo, no extra, no silent loss)
ok 2678 - every intentionally partial table is exactly its audited subset (no typo, no extra, no silent loss)
  ---
  duration_ms: 4.031619
  type: 'test'
  ...
# Subtest: nested region references and alias destinations are all canonical
ok 2679 - nested region references and alias destinations are all canonical
  ---
  duration_ms: 0.653676
  type: 'test'
  ...
# Subtest: resolveRegionId: canonical ids pass, the official alias tropical → jungle is normal input, unknown / typo / invalid throw under strictRegions
ok 2680 - resolveRegionId: canonical ids pass, the official alias tropical → jungle is normal input, unknown / typo / invalid throw under strictRegions
  ---
  duration_ms: 24.223678
  type: 'test'
  ...
# Subtest: production: unknown ids resolve to home and are reported once per raw id, keeping the first site
ok 2681 - production: unknown ids resolve to home and are reported once per raw id, keeping the first site
  ---
  duration_ms: 41.298337
  type: 'test'
  ...
# Subtest: an unknown saved region (moon) runs as home in production, and the save keeps the raw id
ok 2682 - an unknown saved region (moon) runs as home in production, and the save keeps the raw id
  ---
  duration_ms: 189.192138
  type: 'test'
  ...
# Subtest: a legacy saved region (tropical) runs as jungle without an error, and the save keeps tropical
ok 2683 - a legacy saved region (tropical) runs as jungle without an error, and the save keeps tropical
  ---
  duration_ms: 616.827993
  type: 'test'
  ...
# Subtest: under strictRegions an unknown current region stops the test instead of silently becoming home
ok 2684 - under strictRegions an unknown current region stops the test instead of silently becoming home
  ---
  duration_ms: 32.248905
  type: 'test'
  ...
# Subtest: each of the 10 continuous walk corridors has a spec, named by id when one is missing
ok 2685 - each of the 10 continuous walk corridors has a spec, named by id when one is missing
  ---
  duration_ms: 8.573256
  type: 'test'
  ...
# Subtest: the 3 existing transitions stay transitions and memory_lake is not a corridor
ok 2686 - the 3 existing transitions stay transitions and memory_lake is not a corridor
  ---
  duration_ms: 0.455978
  type: 'test'
  ...
# Subtest: remove-it: dropping or adding one region in any table, a stray reference or a missing corridor spec is caught
ok 2687 - remove-it: dropping or adding one region in any table, a stray reference or a missing corridor spec is caught
  ---
  duration_ms: 19.487939
  type: 'test'
  ...
# Subtest: README sticker section matches the current sticker constants (no retired kakera / fixed four pages)
ok 2688 - README sticker section matches the current sticker constants (no retired kakera / fixed four pages)
  ---
  duration_ms: 161.629299
  type: 'test'
  ...
# Subtest: README states the supported browsers and the hidden-tab / multi-tab behaviour
ok 2689 - README states the supported browsers and the hidden-tab / multi-tab behaviour
  ---
  duration_ms: 1.17764
  type: 'test'
  ...
# Subtest: region icon keys and body.region-* styles only name registered regions (no dead alias rows)
ok 2690 - region icon keys and body.region-* styles only name registered regions (no dead alias rows)
  ---
  duration_ms: 22.672772
  type: 'test'
  ...
# Subtest: real old saves: the manifest lists one fixture per era, each written by that era's own code
ok 2691 - real old saves: the manifest lists one fixture per era, each written by that era's own code
  ---
  duration_ms: 4.109724
  type: 'test'
  ...
# Subtest: real old save pre-v3.json: loads without errors, nothing decreases, RH-2 counts, load→save→load is idempotent
ok 2692 - real old save pre-v3.json: loads without errors, nothing decreases, RH-2 counts, load→save→load is idempotent
  ---
  duration_ms: 202.864338
  type: 'test'
  ...
# Subtest: real old save v3.json: loads without errors, nothing decreases, RH-2 counts, load→save→load is idempotent
ok 2693 - real old save v3.json: loads without errors, nothing decreases, RH-2 counts, load→save→load is idempotent
  ---
  duration_ms: 70.012597
  type: 'test'
  ...
# Subtest: real old save v4-pre-master.json: loads without errors, nothing decreases, RH-2 counts, load→save→load is idempotent
ok 2694 - real old save v4-pre-master.json: loads without errors, nothing decreases, RH-2 counts, load→save→load is idempotent
  ---
  duration_ms: 57.035489
  type: 'test'
  ...
# Subtest: real old save v5-pre-items-v2.json: loads without errors, nothing decreases, RH-2 counts, load→save→load is idempotent
ok 2695 - real old save v5-pre-items-v2.json: loads without errors, nothing decreases, RH-2 counts, load→save→load is idempotent
  ---
  duration_ms: 81.612464
  type: 'test'
  ...
# Subtest: real old save sticker-points-meguru-p1.json: loads without errors, nothing decreases, RH-2 counts, load→save→load is idempotent
ok 2696 - real old save sticker-points-meguru-p1.json: loads without errors, nothing decreases, RH-2 counts, load→save→load is idempotent
  ---
  duration_ms: 65.346448
  type: 'test'
  ...
# Subtest: real old save meguru-p2.json: loads without errors, nothing decreases, RH-2 counts, load→save→load is idempotent
ok 2697 - real old save meguru-p2.json: loads without errors, nothing decreases, RH-2 counts, load→save→load is idempotent
  ---
  duration_ms: 65.670841
  type: 'test'
  ...
# Subtest: legacy species keep their pre-master names (not ???) on the profile and in past lives; the save keeps the raw line
ok 2698 - legacy species keep their pre-master names (not ???) on the profile and in past lives; the save keeps the raw line
  ---
  duration_ms: 26.174055
  type: 'test'
  ...
# Subtest: sticker page background: an unavailable value is shown as home but never written back, and does not count as a change
ok 2699 - sticker page background: an unavailable value is shown as home but never written back, and does not count as a change
  ---
  duration_ms: 149.908424
  type: 'test'
  ...
# Subtest: past lives and life-log fields from a save are escaped before innerHTML
ok 2700 - past lives and life-log fields from a save are escaped before innerHTML
  ---
  duration_ms: 26.585754
  type: 'test'
  ...
# Subtest: snapshots: the list is not re-parsed while storage is unchanged, and another tab's write is picked up
ok 2701 - snapshots: the list is not re-parsed while storage is unchanged, and another tab's write is picked up
  ---
  duration_ms: 27.706646
  type: 'test'
  ...
# [naotocchi] region:findRegion Error: unknown region id "false" (findRegion)
#     at resolveRegionId (evalmachine.<anonymous>:31333:17)
#     at findRegion (evalmachine.<anonymous>:31318:17)
#     at applyRegion (evalmachine.<anonymous>:34287:20)
#     at render (evalmachine.<anonymous>:34402:20)
#     at evalmachine.<anonymous>:41440:3
#     at evalmachine.<anonymous>:41623:3
#     at Script.runInContext (node:vm:149:12)
#     at Object.runInContext (node:vm:301:6)
#     at createHarness (/home/runner/work/naotocchi/naotocchi/tests/helpers/runtime-harness.cjs:311:6)
#     at harness (/home/runner/work/naotocchi/naotocchi/tests/helpers/runtime-harness.cjs:95:10)
# Subtest: meguru records are saved once, outside the frame (microtask), with the same bridge signatures
ok 2702 - meguru records are saved once, outside the frame (microtask), with the same bridge signatures
  ---
  duration_ms: 56.65602
  type: 'test'
  ...
# Subtest: broken save (boolean as string): boots, stays sane, and saves
ok 2703 - broken save (boolean as string): boots, stays sane, and saves
  ---
  duration_ms: 26.269325
  type: 'test'
  ...
# Subtest: broken save (number as string): boots, stays sane, and saves
ok 2704 - broken save (number as string): boots, stays sane, and saves
  ---
  duration_ms: 33.967892
  type: 'test'
  ...
# Subtest: broken save (duplicate ids): boots, stays sane, and saves
ok 2705 - broken save (duplicate ids): boots, stays sane, and saves
  ---
  duration_ms: 38.087753
  type: 'test'
  ...
# Subtest: broken save (unknown and future ids): boots, stays sane, and saves
ok 2706 - broken save (unknown and future ids): boots, stays sane, and saves
  ---
  duration_ms: 25.240398
  type: 'test'
  ...
# Subtest: broken save (missing keys): boots, stays sane, and saves
ok 2707 - broken save (missing keys): boots, stays sane, and saves
  ---
  duration_ms: 27.858491
  type: 'test'
  ...
# Subtest: broken save (partner as string): boots, stays sane, and saves
ok 2708 - broken save (partner as string): boots, stays sane, and saves
  ---
  duration_ms: 84.287947
  type: 'test'
  ...
# Subtest: broken save (transformOptions as string): boots, stays sane, and saves
ok 2709 - broken save (transformOptions as string): boots, stays sane, and saves
  ---
  duration_ms: 31.896609
  type: 'test'
  ...
# Subtest: broken save (unknown stage): boots, stays sane, and saves
ok 2710 - broken save (unknown stage): boots, stays sane, and saves
  ---
  duration_ms: 26.214741
  type: 'test'
  ...
# Subtest: broken save (huge numbers): boots, stays sane, and saves
ok 2711 - broken save (huge numbers): boots, stays sane, and saves
  ---
  duration_ms: 33.558295
  type: 'test'
  ...
# Subtest: broken save (__proto__ keys): boots, stays sane, and saves
ok 2712 - broken save (__proto__ keys): boots, stays sane, and saves
  ---
  duration_ms: 28.947389
  type: 'test'
  ...
# Subtest: broken save (truncated JSON): boots without replacing the unreadable primary
ok 2713 - broken save (truncated JSON): boots without replacing the unreadable primary
  ---
  duration_ms: 35.558417
  type: 'test'
  ...
# Subtest: fuzz: 200 seeded mutations of real old saves all boot and stay sane
ok 2714 - fuzz: 200 seeded mutations of real old saves all boot and stay sane
  ---
  duration_ms: 7000.704439
  type: 'test'
  ...
# [naotocchi] achievement:rare-line-1 TypeError: Cannot read properties of null (reading 'split')
#     at evalmachine.<anonymous>:24825:172
#     at Array.some (<anonymous>)
#     at Object.condition (evalmachine.<anonymous>:24825:138)
#     at checkAchievements (evalmachine.<anonymous>:24989:23)
#     at Object.saveState (evalmachine.<anonymous>:25431:5)
#     at /home/runner/work/naotocchi/naotocchi/tests/save-integrity-test.cjs:218:35
#     at getActual (node:assert:609:5)
#     at Function.doesNotThrow (node:assert:777:32)
#     at TestContext.<anonymous> (/home/runner/work/naotocchi/naotocchi/tests/save-integrity-test.cjs:218:10)
#     at Test.runInAsyncScope (node:async_hooks:214:14)
# [naotocchi] achievement:every-normal-line TypeError: Cannot read properties of null (reading 'startsWith')
#     at evalmachine.<anonymous>:24863:187
#     at Array.some (<anonymous>)
#     at evalmachine.<anonymous>:24863:173
#     at Array.every (<anonymous>)
#     at Object.condition (evalmachine.<anonymous>:24863:138)
#     at checkAchievements (evalmachine.<anonymous>:24989:23)
#     at Object.saveState (evalmachine.<anonymous>:25431:5)
#     at /home/runner/work/naotocchi/naotocchi/tests/save-integrity-test.cjs:218:35
#     at getActual (node:assert:609:5)
#     at Function.doesNotThrow (node:assert:777:32)
# [naotocchi] achievement:rare-line-all TypeError: Cannot read properties of null (reading 'startsWith')
#     at evalmachine.<anonymous>:24873:182
#     at Array.some (<anonymous>)
#     at evalmachine.<anonymous>:24873:168
#     at Array.every (<anonymous>)
#     at Object.condition (evalmachine.<anonymous>:24873:133)
#     at checkAchievements (evalmachine.<anonymous>:24989:23)
#     at Object.saveState (evalmachine.<anonymous>:25431:5)
#     at /home/runner/work/naotocchi/naotocchi/tests/save-integrity-test.cjs:218:35
#     at getActual (node:assert:609:5)
#     at Function.doesNotThrow (node:assert:777:32)
# Subtest: malformed elements are removed, recorded, and unknown/future/retired ids are kept
ok 2715 - malformed elements are removed, recorded, and unknown/future/retired ids are kept
  ---
  duration_ms: 182.897901
  type: 'test'
  ...
# Subtest: the null element that crashed boot in rare-line-1 now boots and saves
ok 2716 - the null element that crashed boot in rare-line-1 now boots and saves
  ---
  duration_ms: 29.24933
  type: 'test'
  ...
# Subtest: unknown integer tiers stay in the save and are skipped only by the badge row
ok 2717 - unknown integer tiers stay in the save and are skipped only by the badge row
  ---
  duration_ms: 40.825154
  type: 'test'
  ...
# Subtest: repair is idempotent: reloading a repaired save adds nothing to saveRepair
ok 2718 - repair is idempotent: reloading a repaired save adds nothing to saveRepair
  ---
  duration_ms: 99.402431
  type: 'test'
  ...
# Subtest: a normal current save and a normal legacy v4 save never create saveRepair
ok 2719 - a normal current save and a normal legacy v4 save never create saveRepair
  ---
  duration_ms: 147.861107
  type: 'test'
  ...
# Subtest: a corrupt primary with a good backup never copies the corrupt raw into backup
ok 2720 - a corrupt primary with a good backup never copies the corrupt raw into backup
  ---
  duration_ms: 99.826861
  type: 'test'
  ...
# Subtest: loading alone never writes the backup (backup only follows a successful save)
ok 2721 - loading alone never writes the backup (backup only follows a successful save)
  ---
  duration_ms: 170.838705
  type: 'test'
  ...
# Subtest: primary and backup both element-corrupt still boot and keep the original raw
ok 2722 - primary and backup both element-corrupt still boot and keep the original raw
  ---
  duration_ms: 76.293202
  type: 'test'
  ...
# Subtest: a truncated primary still falls back to the backup without writing
ok 2723 - a truncated primary still falls back to the backup without writing
  ---
  duration_ms: 42.270309
  type: 'test'
  ...
# Subtest: importing a save code with malformed elements boots after reload with a clean backup
ok 2724 - importing a save code with malformed elements boots after reload with a clean backup
  ---
  duration_ms: 123.117314
  type: 'test'
  ...
# Subtest: every array in freshState() drops a null element on load (coverage of the kind table)
ok 2725 - every array in freshState() drops a null element on load (coverage of the kind table)
  ---
  duration_ms: 1278.239289
  type: 'test'
  ...
# Subtest: an achievement condition that throws is reported once and does not stop saving
ok 2726 - an achievement condition that throws is reported once and does not stop saving
  ---
  duration_ms: 161.872212
  type: 'test'
  ...
# [naotocchi] storage Error: localStorage quota exceeded
#     at noteStorageWarning (evalmachine.<anonymous>:25414:24)
#     at Object.saveState (evalmachine.<anonymous>:25462:9)
#     at TestContext.<anonymous> (/home/runner/work/naotocchi/naotocchi/tests/save-recovery-test.cjs:52:9)
#     at Test.runInAsyncScope (node:async_hooks:214:14)
#     at Test.run (node:internal/test_runner/test:1047:25)
#     at Test.processPendingSubtests (node:internal/test_runner/test:744:18)
#     at Test.postRun (node:internal/test_runner/test:1173:19)
#     at Test.run (node:internal/test_runner/test:1101:12)
#     at async Test.processPendingSubtests (node:internal/test_runner/test:744:7)
# [naotocchi] storage Error: localStorage quota exceeded
#     at noteStorageWarning (evalmachine.<anonymous>:25414:24)
#     at Object.saveState (evalmachine.<anonymous>:25462:9)
#     at TestContext.<anonymous> (/home/runner/work/naotocchi/naotocchi/tests/save-recovery-test.cjs:63:9)
#     at Test.runInAsyncScope (node:async_hooks:214:14)
#     at Test.run (node:internal/test_runner/test:1047:25)
#     at Test.processPendingSubtests (node:internal/test_runner/test:744:18)
#     at Test.postRun (node:internal/test_runner/test:1173:19)
#     at Test.run (node:internal/test_runner/test:1101:12)
#     at async Test.processPendingSubtests (node:internal/test_runner/test:744:7)
# [naotocchi] storage Error: localStorage quota exceeded
#     at noteStorageWarning (evalmachine.<anonymous>:25414:24)
#     at saveState (evalmachine.<anonymous>:25462:9)
#     at Object.fn (evalmachine.<anonymous>:40962:7)
#     at dispatch (/home/runner/work/naotocchi/naotocchi/tests/helpers/runtime-harness.cjs:196:75)
#     at Object.dispatch (/home/runner/work/naotocchi/naotocchi/tests/helpers/runtime-harness.cjs:326:97)
#     at TestContext.<anonymous> (/home/runner/work/naotocchi/naotocchi/tests/save-recovery-test.cjs:240:5)
#     at Test.runInAsyncScope (node:async_hooks:214:14)
#     at Test.run (node:internal/test_runner/test:1047:25)
#     at Test.processPendingSubtests (node:internal/test_runner/test:744:18)
#     at Test.postRun (node:internal/test_runner/test:1173:19)
# [naotocchi] storage Error: localStorage quota exceeded
#     at noteStorageWarning (evalmachine.<anonymous>:25414:24)
#     at Object.saveState (evalmachine.<anonymous>:25462:9)
#     at TestContext.<anonymous> (/home/runner/work/naotocchi/naotocchi/tests/save-recovery-test.cjs:282:9)
#     at Test.runInAsyncScope (node:async_hooks:214:14)
#     at Test.run (node:internal/test_runner/test:1047:25)
#     at Test.processPendingSubtests (node:internal/test_runner/test:744:18)
#     at Test.postRun (node:internal/test_runner/test:1173:19)
#     at Test.run (node:internal/test_runner/test:1101:12)
#     at async Test.processPendingSubtests (node:internal/test_runner/test:744:7)
# Subtest: backup write failure does not stop a writable primary save
ok 2727 - backup write failure does not stop a writable primary save
  ---
  duration_ms: 269.551038
  type: 'test'
  ...
# Subtest: failed primary migration cannot replace a working backup
ok 2728 - failed primary migration cannot replace a working backup
  ---
  duration_ms: 57.08097
  type: 'test'
  ...
# Subtest: a failed save after recovery leaves a usable backup for the next reload
ok 2729 - a failed save after recovery leaves a usable backup for the next reload
  ---
  duration_ms: 107.554464
  type: 'test'
  ...
# Subtest: backup advances to the latest successful save and survives the next write failure
ok 2730 - backup advances to the latest successful save and survives the next write failure
  ---
  duration_ms: 86.620018
  type: 'test'
  ...
# Subtest: a missing primary resumes the backup instead of creating a new life
ok 2731 - a missing primary resumes the backup instead of creating a new life
  ---
  duration_ms: 91.415442
  type: 'test'
  ...
# Subtest: backup recovery applies legacy migrations once and preserves old characters
ok 2732 - backup recovery applies legacy migrations once and preserves old characters
  ---
  duration_ms: 113.169032
  type: 'test'
  ...
# Subtest: invalid top-level payloads fall back without replacing the backup
ok 2733 - invalid top-level payloads fall back without replacing the backup
  ---
  duration_ms: 211.501416
  type: 'test'
  ...
# Subtest: confirmed full reset cannot later resurrect the removed life from backup
ok 2734 - confirmed full reset cannot later resurrect the removed life from backup
  ---
  duration_ms: 80.648206
  type: 'test'
  ...
# Subtest: unrecoverable saves remain intact through hidden, unload and repeated saves until explicit reset
ok 2735 - unrecoverable saves remain intact through hidden, unload and repeated saves until explicit reset
  ---
  duration_ms: 134.789144
  type: 'test'
  ...
# Subtest: unreadable storage still permits boot and gameplay without throwing
ok 2736 - unreadable storage still permits boot and gameplay without throwing
  ---
  duration_ms: 33.86578
  type: 'test'
  ...
# Subtest: import retains a newer primary saved by another tab before replacement
ok 2737 - import retains a newer primary saved by another tab before replacement
  ---
  duration_ms: 184.168663
  type: 'test'
  ...
# Subtest: import failure cannot poison a recovered backup with the broken primary
ok 2738 - import failure cannot poison a recovered backup with the broken primary
  ---
  duration_ms: 92.980364
  type: 'test'
  ...
# Subtest: import stops before replacing a save if its safety snapshot cannot be written
ok 2739 - import stops before replacing a save if its safety snapshot cannot be written
  ---
  duration_ms: 93.301882
  type: 'test'
  ...
# Subtest: import retains the prior life across replacement, reload and undo, including duplicate snapshots
ok 2740 - import retains the prior life across replacement, reload and undo, including duplicate snapshots
  ---
  duration_ms: 173.776381
  type: 'test'
  ...
# Subtest: restore retains a newer primary saved by another tab before replacement
ok 2741 - restore retains a newer primary saved by another tab before replacement
  ---
  duration_ms: 170.182727
  type: 'test'
  ...
# Subtest: restore failure cannot poison a recovered backup with the broken primary
ok 2742 - restore failure cannot poison a recovered backup with the broken primary
  ---
  duration_ms: 73.335537
  type: 'test'
  ...
# Subtest: restore stops before replacing a save if its safety snapshot cannot be written
ok 2743 - restore stops before replacing a save if its safety snapshot cannot be written
  ---
  duration_ms: 81.528313
  type: 'test'
  ...
# Subtest: restore retains the prior life across replacement, reload and undo, including duplicate snapshots
ok 2744 - restore retains the prior life across replacement, reload and undo, including duplicate snapshots
  ---
  duration_ms: 157.84563
  type: 'test'
  ...
# Subtest: export uses the recoverable save when a broken primary cannot be repaired
ok 2745 - export uses the recoverable save when a broken primary cannot be repaired
  ---
  duration_ms: 50.844285
  type: 'test'
  ...
# Subtest: explicit import can recover unreadable saves while retaining both originals for inspection
ok 2746 - explicit import can recover unreadable saves while retaining both originals for inspection
  ---
  duration_ms: 112.481002
  type: 'test'
  ...
# Subtest: import from backup recovery with no primary retains the former life after reload
ok 2747 - import from backup recovery with no primary retains the former life after reload
  ---
  duration_ms: 89.86395
  type: 'test'
  ...
# Subtest: a full storage drops the automatic snapshots and still writes the primary save
ok 2748 - a full storage drops the automatic snapshots and still writes the primary save
  ---
  duration_ms: 53.342173
  type: 'test'
  ...
# Subtest: a permanently full storage warns instead of failing silently
ok 2749 - a permanently full storage warns instead of failing silently
  ---
  duration_ms: 56.32867
  type: 'test'
  ...
# Subtest: retired companions migrate once with the strongest bond and collection intact
ok 2750 - retired companions migrate once with the strongest bond and collection intact
  ---
  duration_ms: 80.751888
  type: 'test'
  ...
# Subtest: minigame ranks follow the S90/A75/B55/C35 thresholds and records keep best and last
ok 2751 - minigame ranks follow the S90/A75/B55/C35 thresholds and records keep best and last
  ---
  duration_ms: 166.861497
  type: 'test'
  ...
# Subtest: shop items are bought once, equipped, and toggled off
ok 2752 - shop items are bought once, equipped, and toggled off
  ---
  duration_ms: 62.010142
  type: 'test'
  ...
# Subtest: achievement unlocks record their time and do not repeat
ok 2753 - achievement unlocks record their time and do not repeat
  ---
  duration_ms: 35.019015
  type: 'test'
  ...
# Subtest: game pass must be purchased separately from sunglasses and occupies one equipment slot
ok 2754 - game pass must be purchased separately from sunglasses and occupies one equipment slot
  ---
  duration_ms: 60.389506
  type: 'test'
  ...
# Subtest: the dex shows a summary and one progress head per species line
ok 2755 - the dex shows a summary and one progress head per species line
  ---
  duration_ms: 172.534854
  type: 'test'
  ...
# Subtest: travel shows region cards with effects and marks the current region
ok 2756 - travel shows region cards with effects and marks the current region
  ---
  duration_ms: 26.944961
  type: 'test'
  ...
# Subtest: care meters are hidden while the pet is an egg
ok 2757 - care meters are hidden while the pet is an egg
  ---
  duration_ms: 34.317571
  type: 'test'
  ...
# Subtest: a hidden tab does not tick, age, or run encounters / moments / idle talk
ok 2758 - a hidden tab does not tick, age, or run encounters / moments / idle talk
  ---
  duration_ms: 222.901021
  type: 'test'
  ...
# Subtest: coming back runs the same gentle absence processing once (existing caps: ≤30 drop, floor 20, no aging)
ok 2759 - coming back runs the same gentle absence processing once (existing caps: ≤30 drop, floor 20, no aging)
  ---
  duration_ms: 27.751613
  type: 'test'
  ...
# Subtest: a short hide (< 2 minutes) changes nothing
ok 2760 - a short hide (< 2 minutes) changes nothing
  ---
  duration_ms: 30.105411
  type: 'test'
  ...
# Subtest: absence time is recorded without a cap (days and hours), while the game effect keeps its cap
ok 2761 - absence time is recorded without a cap (days and hours), while the game effect keeps its cap
  ---
  duration_ms: 53.769328
  type: 'test'
  ...
# Subtest: closing and reopening still uses savedAt (the closed path is unchanged)
ok 2762 - closing and reopening still uses savedAt (the closed path is unchanged)
  ---
  duration_ms: 72.406509
  type: 'test'
  ...
# Subtest: two tabs: the tab opened later takes over; the older tab stops writing and shows the notice
ok 2763 - two tabs: the tab opened later takes over; the older tab stops writing and shows the notice
  ---
  duration_ms: 67.782985
  type: 'test'
  ...
# Subtest: two tabs: another tab's write (storage event) makes this tab read-only immediately, even with a lower revision
ok 2764 - two tabs: another tab's write (storage event) makes this tab read-only immediately, even with a lower revision
  ---
  duration_ms: 57.148406
  type: 'test'
  ...
# Subtest: waits written by a clock in the future are clamped to their real length
ok 2765 - waits written by a clock in the future are clamped to their real length
  ---
  duration_ms: 24.61776
  type: 'test'
  ...
# Subtest: boot marks itself finished for the index.html rescue guard
ok 2766 - boot marks itself finished for the index.html rescue guard
  ---
  duration_ms: 44.568877
  type: 'test'
  ...
# Subtest: the sticker catalog is built from existing art with unique ids and valid rarities
ok 2767 - the sticker catalog is built from existing art with unique ids and valid rarities
  ---
  duration_ms: 190.979266
  type: 'test'
  ...
# Subtest: every current item has a sticker while retired items stay out
ok 2768 - every current item has a sticker while retired items stay out
  ---
  duration_ms: 26.984124
  type: 'test'
  ...
# Subtest: duplicate stickers remain usable copies up to the nine-copy cap
ok 2769 - duplicate stickers remain usable copies up to the nine-copy cap
  ---
  duration_ms: 36.571705
  type: 'test'
  ...
# Subtest: normal and category packs cost coins and never draw a sticker already at nine copies
ok 2770 - normal and category packs cost coins and never draw a sticker already at nine copies
  ---
  duration_ms: 55.176653
  type: 'test'
  ...
# Subtest: pack result marks a repeated sticker as the next copy instead of converting it to points
ok 2771 - pack result marks a repeated sticker as the next copy instead of converting it to points
  ---
  duration_ms: 27.359597
  type: 'test'
  ...
# Subtest: stickers can be placed only when owned, moved within the page, and repeated up to owned copies
ok 2772 - stickers can be placed only when owned, moved within the page, and repeated up to owned copies
  ---
  duration_ms: 40.242566
  type: 'test'
  ...
# Subtest: free-page tasks are recorded once without sticker points or coin rewards
ok 2773 - free-page tasks are recorded once without sticker points or coin rewards
  ---
  duration_ms: 27.265618
  type: 'test'
  ...
# Subtest: refreshed sticker tasks teach duplicate placement, two pages, and background changes
ok 2774 - refreshed sticker tasks teach duplicate placement, two pages, and background changes
  ---
  duration_ms: 47.906768
  type: 'test'
  ...
# Subtest: legacy completed sticker tasks migrate only to logically equivalent refreshed tasks
ok 2775 - legacy completed sticker tasks migrate only to logically equivalent refreshed tasks
  ---
  duration_ms: 22.051214
  type: 'test'
  ...
# Subtest: five tasks grant silver, all eight grant gold, and both rewards are exact once
ok 2776 - five tasks grant silver, all eight grant gold, and both rewards are exact once
  ---
  duration_ms: 27.41734
  type: 'test'
  ...
# Subtest: earned silver and gold stickers appear in the tray but do not change ordinary collection progress
ok 2777 - earned silver and gold stickers appear in the tray but do not change ordinary collection progress
  ---
  duration_ms: 53.640868
  type: 'test'
  ...
# Subtest: a first discovery grants that form as a sticker and the screen lists it
ok 2778 - a first discovery grants that form as a sticker and the screen lists it
  ---
  duration_ms: 36.739507
  type: 'test'
  ...
# Subtest: legacy sticker points disappear on normalization while owned copies clamp to nine
ok 2779 - legacy sticker points disappear on normalization while owned copies clamp to nine
  ---
  duration_ms: 74.464298
  type: 'test'
  ...
# Subtest: sticker data survives a save and reload, and old saves get an empty one-page book
ok 2780 - sticker data survives a save and reload, and old saves get an empty one-page book
  ---
  duration_ms: 69.746349
  type: 'test'
  ...
# Subtest: a fresh sticker book starts with one page and grows to at most fifteen
ok 2781 - a fresh sticker book starts with one page and grows to at most fifteen
  ---
  duration_ms: 27.947116
  type: 'test'
  ...
# Subtest: special region backgrounds unlock only after visiting them
ok 2782 - special region backgrounds unlock only after visiting them
  ---
  duration_ms: 20.925659
  type: 'test'
  ...
# Subtest: all thirteen region backgrounds render unique low-contrast SVG identities
ok 2783 - all thirteen region backgrounds render unique low-contrast SVG identities
  ---
  duration_ms: 25.453335
  type: 'test'
  ...
# Subtest: the six confusable backgrounds use visibly different motif families
ok 2784 - the six confusable backgrounds use visibly different motif families
  ---
  duration_ms: 32.543059
  type: 'test'
  ...
# Subtest: the live board and PNG export consume the same regional SVG background
ok 2785 - the live board and PNG export consume the same regional SVG background
  ---
  duration_ms: 32.452279
  type: 'test'
  ...
# Subtest: legacy four-category pages migrate without losing placed stickers
ok 2786 - legacy four-category pages migrate without losing placed stickers
  ---
  duration_ms: 42.029792
  type: 'test'
  ...
# Subtest: page export resolves to null without a real canvas
ok 2787 - page export resolves to null without a real canvas
  ---
  duration_ms: 21.028611
  type: 'test'
  ...
# Subtest: source helpers: literal() evaluates objects and arrays, skipping brackets inside strings and comments
ok 2788 - source helpers: literal() evaluates objects and arrays, skipping brackets inside strings and comments
  ---
  duration_ms: 34.045753
  type: 'test'
  ...
# Subtest: guardedRoute records a failed route fetch (label, url, code, timing) and aborts the request instead of throwing
ok 2789 - guardedRoute records a failed route fetch (label, url, code, timing) and aborts the request instead of throwing
  ---
  duration_ms: 1.559001
  type: 'test'
  ...
# Subtest: the clock runs on the home screen but stops while めぐる is open, and resumes after returning
ok 2790 - the clock runs on the home screen but stops while めぐる is open, and resumes after returning
  ---
  duration_ms: 801.950815
  type: 'test'
  ...
# Subtest: a starving pet cannot die while exploring, only once it is back home
ok 2791 - a starving pet cannot die while exploring, only once it is back home
  ---
  duration_ms: 544.234535
  type: 'test'
  ...
# Subtest: the clock stops during a minigame and during quick mode, and resumes when the game ends
ok 2792 - the clock stops during a minigame and during quick mode, and resumes when the game ends
  ---
  duration_ms: 33.132657
  type: 'test'
  ...
# Subtest: the clock stops while the transformation choice is open, and resumes after choosing to stay
ok 2793 - the clock stops while the transformation choice is open, and resumes after choosing to stay
  ---
  duration_ms: 34.608172
  type: 'test'
  ...
# Subtest: every menu overlay kind pauses the clock and closing it resumes
ok 2794 - every menu overlay kind pauses the clock and closing it resumes
  ---
  duration_ms: 72.683283
  type: 'test'
  ...
# Subtest: while めぐる is open no companion invitation, idle chatter or care notice is layered over it, and menus refuse to open
ok 2795 - while めぐる is open no companion invitation, idle chatter or care notice is layered over it, and menus refuse to open
  ---
  duration_ms: 2628.948207
  type: 'test'
  ...
# Subtest: the clock also stays stopped for date, duel, companion invitation and the grand goal celebration screens
ok 2796 - the clock also stays stopped for date, duel, companion invitation and the grand goal celebration screens
  ---
  duration_ms: 104.297026
  type: 'test'
  ...
# Subtest: the final ten shop items use their approved illustrations and labels in order
ok 2797 - the final ten shop items use their approved illustrations and labels in order
  ---
  duration_ms: 175.600262
  type: 'test'
  ...
# Subtest: retired equipment is absent from the shop
ok 2798 - retired equipment is absent from the shop
  ---
  duration_ms: 32.738343
  type: 'test'
  ...
# Subtest: equipment uses the matching illustration without modifying the saved item or actor frame
ok 2799 - equipment uses the matching illustration without modifying the saved item or actor frame
  ---
  duration_ms: 47.984075
  type: 'test'
  ...
# Subtest: manual weather and time retain their labels beside the right illustration
ok 2800 - manual weather and time retain their labels beside the right illustration
  ---
  duration_ms: 23.910561
  type: 'test'
  ...
# Subtest: an atlas error exposes the equipment emoji without changing equipment
ok 2801 - an atlas error exposes the equipment emoji without changing equipment
  ---
  duration_ms: 32.164576
  type: 'test'
  ...
# Subtest: cloud, snow and moon use illustrated scenery while retaining weather particle counts
ok 2802 - cloud, snow and moon use illustrated scenery while retaining weather particle counts
  ---
  duration_ms: 45.289943
  type: 'test'
  ...
# Subtest: lightweight weather keeps its smaller particle sets and unchanged choices
ok 2803 - lightweight weather keeps its smaller particle sets and unchanged choices
  ---
  duration_ms: 50.375293
  type: 'test'
  ...
# Subtest: winter decor and season controls reuse matching art without replacing region identity
ok 2804 - winter decor and season controls reuse matching art without replacing region identity
  ---
  duration_ms: 39.253263
  type: 'test'
  ...
# Subtest: reduced motion keeps world labels and illustrated choices without falling rain or snow
ok 2805 - reduced motion keeps world labels and illustrated choices without falling rain or snow
  ---
  duration_ms: 60.175554
  type: 'test'
  ...
# Subtest: earned header badges use illustrations in tier order without granting an unearned clear
ok 2806 - earned header badges use illustrations in tier order without granting an unearned clear
  ---
  duration_ms: 25.660697
  type: 'test'
  ...
# Subtest: spring summer and autumn labels and regional scenery share art while preserving their choices
ok 2807 - spring summer and autumn labels and regional scenery share art while preserving their choices
  ---
  duration_ms: 41.546719
  type: 'test'
  ...
# Subtest: the scenery atlas can fail independently and keeps a visible fallback for header badges
ok 2808 - the scenery atlas can fail independently and keeps a visible fallback for header badges
  ---
  duration_ms: 36.137858
  type: 'test'
  ...
# Subtest: current mountain jungle and memory-lake IDs reach their existing art in world and travel views
ok 2809 - current mountain jungle and memory-lake IDs reach their existing art in world and travel views
  ---
  duration_ms: 35.534185
  type: 'test'
  ...
# Subtest: forest decor reuses whole PNGs without adding companions or changing the scene count
ok 2810 - forest decor reuses whole PNGs without adding companions or changing the scene count
  ---
  duration_ms: 57.903568
  type: 'test'
  ...
# Subtest: a scenery PNG failure only reveals that decoration fallback without relaying out the cast
ok 2811 - a scenery PNG failure only reveals that decoration fallback without relaying out the cast
  ---
  duration_ms: 35.167041
  type: 'test'
  ...
# Subtest: an equipment PNG failure reveals only its fallback and preserves saved state
ok 2812 - an equipment PNG failure reveals only its fallback and preserves saved state
  ---
  duration_ms: 25.128126
  type: 'test'
  ...
# Subtest: game pass uses its dedicated unified PNG when equipped without mapping sunglasses to it
ok 2813 - game pass uses its dedicated unified PNG when equipped without mapping sunglasses to it
  ---
  duration_ms: 41.733927
  type: 'test'
  ...
# Subtest: game pass is a new shop purchase and does not inherit sunglasses ownership
ok 2814 - game pass is a new shop purchase and does not inherit sunglasses ownership
  ---
  duration_ms: 33.856433
  type: 'test'
  ...
# Subtest: dying treatment stays on home content without containing viewport overlays
ok 2815 - dying treatment stays on home content without containing viewport overlays
  ---
  duration_ms: 6.374268
  type: 'test'
  ...
# Subtest: travel opens destinations directly, then closes back to care
ok 2816 - travel opens destinations directly, then closes back to care
  ---
  duration_ms: 222.842443
  type: 'test'
  ...
# Subtest: the menu stops aging and an exclusive page replaces it
ok 2817 - the menu stops aging and an exclusive page replaces it
  ---
  duration_ms: 39.055054
  type: 'test'
  ...
# Subtest: court rapid taps still count individually
ok 2818 - court rapid taps still count individually
  ---
  duration_ms: 336.314705
  type: 'test'
  ...
# Subtest: medicine while healthy still changes the care state and reacts immediately
ok 2819 - medicine while healthy still changes the care state and reacts immediately
  ---
  duration_ms: 59.545222
  type: 'test'
  ...
# Subtest: play starts a random game with no chooser
ok 2820 - play starts a random game with no chooser
  ---
  duration_ms: 32.551937
  type: 'test'
  ...
# Subtest: home header and menu cannot interrupt an active minigame
ok 2821 - home header and menu cannot interrupt an active minigame
  ---
  duration_ms: 24.67356
  type: 'test'
  ...
# Subtest: game selection and achievements each open their own destination
ok 2822 - game selection and achievements each open their own destination
  ---
  duration_ms: 47.941124
  type: 'test'
  ...
# Subtest: late weather does not override manual settings or write a location into a save
ok 2823 - late weather does not override manual settings or write a location into a save
  ---
  duration_ms: 50.93659
  type: 'test'
  ...
# Subtest: late current-location result cannot pull a player out of another menu
ok 2824 - late current-location result cannot pull a player out of another menu
  ---
  duration_ms: 34.911841
  type: 'test'
  ...
# Subtest: Escape cancels the first reset prompt and leaves Data paused
ok 2825 - Escape cancels the first reset prompt and leaves Data paused
  ---
  duration_ms: 28.065651
  type: 'test'
  ...
# Subtest: Escape cancels a held final reset without wiping or resuming age
ok 2826 - Escape cancels a held final reset without wiping or resuming age
  ---
  duration_ms: 24.863133
  type: 'test'
  ...
# Subtest: failed location permission waits for explicit retry while successful snapshots auto-refresh
ok 2827 - failed location permission waits for explicit retry while successful snapshots auto-refresh
  ---
  duration_ms: 42.049799
  type: 'test'
  ...
# Subtest: blocked sleeping travel preserves the active current-city selection
ok 2828 - blocked sleeping travel preserves the active current-city selection
  ---
  duration_ms: 31.498046
  type: 'test'
  ...
# Subtest: dialog browser clock pauses before navigation instead of racing live timers
ok 2829 - dialog browser clock pauses before navigation instead of racing live timers
  ---
  duration_ms: 0.454556
  type: 'test'
  ...
# Subtest: a small newborn uses spare space and stays near the speech below it
ok 2830 - a small newborn uses spare space and stays near the speech below it
  ---
  duration_ms: 4.516552
  type: 'test'
  ...
# Subtest: bottom transparency cannot leave a fish far above its speech
ok 2831 - bottom transparency cannot leave a fish far above its speech
  ---
  duration_ms: 158.431721
  type: 'test'
  ...
# Subtest: closer core actors retain the readable size of both full companion arcs
ok 2832 - closer core actors retain the readable size of both full companion arcs
  ---
  duration_ms: 18.729433
  type: 'test'
  ...
# Subtest: equipment and the partner sit near the visible body instead of the transparent image top
ok 2833 - equipment and the partner sit near the visible body instead of the transparent image top
  ---
  duration_ms: 107.523214
  type: 'test'
  ...
# Subtest: height-constrained companions keep curved wings instead of straight columns
ok 2834 - height-constrained companions keep curved wings instead of straight columns
  ---
  duration_ms: 218.676672
  type: 'test'
  ...
# Subtest: height-constrained cast keeps all frames, two sides and motion gaps
ok 2835 - height-constrained cast keeps all frames, two sides and motion gaps
  ---
  duration_ms: 2936.907434
  type: 'test'
  ...
# Subtest: more vertical room grows the cast instead of leaving a fixed small scene
ok 2836 - more vertical room grows the cast instead of leaving a fixed small scene
  ---
  duration_ms: 1.997145
  type: 'test'
  ...
# Subtest: legacy colors and earned designs survive as a noninteractive collection
ok 2837 - legacy colors and earned designs survive as a noninteractive collection
  ---
  duration_ms: 56.831678
  type: 'test'
  ...
# Subtest: glass inputs preview immediately, save on change, and reset only readability settings
ok 2838 - glass inputs preview immediately, save on change, and reset only readability settings
  ---
  duration_ms: 43.124043
  type: 'test'
  ...
# Subtest: viewport changes follow browser chrome height while pinch zoom remains usable
ok 2839 - viewport changes follow browser chrome height while pinch zoom remains usable
  ---
  duration_ms: 45.721657
  type: 'test'
  ...
# Subtest: glass migration clamps unsafe values and respects an explicit transparency choice
ok 2840 - glass migration clamps unsafe values and respects an explicit transparency choice
  ---
  duration_ms: 244.41784
  type: 'test'
  ...
# Subtest: short visible viewports switch meter arrangement and recover without undoing pinch zoom
ok 2841 - short visible viewports switch meter arrangement and recover without undoing pinch zoom
  ---
  duration_ms: 47.163036
  type: 'test'
  ...
# Subtest: a viewport resize lays out before the next reaction and does not cancel it on render
ok 2842 - a viewport resize lays out before the next reaction and does not cancel it on render
  ---
  duration_ms: 37.527524
  type: 'test'
  ...
# Subtest: a new narration starts at the top while normal renders preserve the reading position
ok 2843 - a new narration starts at the top while normal renders preserve the reading position
  ---
  duration_ms: 23.30022
  type: 'test'
  ...
# Subtest: a new speech starts at its first line without truncating a long message
ok 2844 - a new speech starts at its first line without truncating a long message
  ---
  duration_ms: 22.848269
  type: 'test'
  ...
# Subtest: locked or invalid legacy designs cannot override the game palette
ok 2845 - locked or invalid legacy designs cannot override the game palette
  ---
  duration_ms: 34.402881
  type: 'test'
  ...
# Subtest: every saved color and pattern has one shared preview definition and independent paint layers
ok 2846 - every saved color and pattern has one shared preview definition and independent paint layers
  ---
  duration_ms: 14.581272
  type: 'test'
  ...
# Subtest: screen palette samples retain at least 4.5 contrast with white and colored motifs
ok 2847 - screen palette samples retain at least 4.5 contrast with white and colored motifs
  ---
  duration_ms: 36.541068
  type: 'test'
  ...
# Subtest: static script exposes the same interface on window
ok 2848 - static script exposes the same interface on window
  ---
  duration_ms: 5.335625
  type: 'test'
  ...
# Subtest: simulated weather is deterministic per 3-hour block and region
ok 2849 - simulated weather is deterministic per 3-hour block and region
  ---
  duration_ms: 3.918097
  type: 'test'
  ...
# Subtest: simulated weather follows the region climate and the season
ok 2850 - simulated weather follows the region climate and the season
  ---
  duration_ms: 6.300459
  type: 'test'
  ...
# Subtest: timeOfDay honors manual modes and uses the local hour for auto/invalid modes
ok 2851 - timeOfDay honors manual modes and uses the local hour for auto/invalid modes
  ---
  duration_ms: 0.257058
  type: 'test'
  ...
# Subtest: weatherFromResponse maps official codes and rejects unknown or stale readings
ok 2852 - weatherFromResponse maps official codes and rejects unknown or stale readings
  ---
  duration_ms: 0.528432
  type: 'test'
  ...
# Subtest: municipalityFromResponse selects only the nearest municipality within 25km
ok 2853 - municipalityFromResponse selects only the nearest municipality within 25km
  ---
  duration_ms: 0.539684
  type: 'test'
  ...
# Subtest: municipalityFromResponse preserves a valid provider prefecture without changing the legacy shape when absent
ok 2854 - municipalityFromResponse preserves a valid provider prefecture without changing the legacy shape when absent
  ---
  duration_ms: 1.453243
  type: 'test'
  ...
# Subtest: tracker preserves municipality precision, rounds only weather, and exposes no coordinates
ok 2855 - tracker preserves municipality precision, rounds only weather, and exposes no coordinates
  ---
  duration_ms: 2.422095
  type: 'test'
  ...
# Subtest: tracker tolerates independent provider failure and identifies the missing result
ok 2856 - tracker tolerates independent provider failure and identifies the missing result
  ---
  duration_ms: 1.149568
  type: 'test'
  ...
# Subtest: tracker coalesces overlap and permits a retry after a provider failure
ok 2857 - tracker coalesces overlap and permits a retry after a provider failure
  ---
  duration_ms: 16.914533
  type: 'test'
  ...
# Subtest: location failures are distinct, clear stale results, and malformed coordinates never fetch
ok 2858 - location failures are distinct, clear stale results, and malformed coordinates never fetch
  ---
  duration_ms: 1.695524
  type: 'test'
  ...
# Subtest: missing geolocation returns an error without prompting or throwing
ok 2859 - missing geolocation returns an error without prompting or throwing
  ---
  duration_ms: 0.370619
  type: 'test'
  ...
# Subtest: missing fetch support reports municipality and weather unavailable separately
ok 2860 - missing fetch support reports municipality and weather unavailable separately
  ---
  duration_ms: 0.488409
  type: 'test'
  ...
# Subtest: a submerged sea interprets rain and snow as weaker surface light
ok 2861 - a submerged sea interprets rain and snow as weaker surface light
  ---
  duration_ms: 2.131274
  type: 'test'
  ...
# Subtest: the sea has four light states and seasonal water without terrestrial particles
ok 2862 - the sea has four light states and seasonal water without terrestrial particles
  ---
  duration_ms: 1.219358
  type: 'test'
  ...
# Subtest: care progresses through four stages and respects the actual health danger
ok 2863 - care progresses through four stages and respects the actual health danger
  ---
  duration_ms: 0.34934
  type: 'test'
  ...
# Subtest: environment markup is stable and uses bounded, non-interactive particles
ok 2864 - environment markup is stable and uses bounded, non-interactive particles
  ---
  duration_ms: 1.654778
  type: 'test'
  ...
# Subtest: every actual region has its own landscape and climate-correct weather across 832 combinations
ok 2865 - every actual region has its own landscape and climate-correct weather across 832 combinations
  ---
  duration_ms: 224.29352
  type: 'test'
  ...
# Subtest: presentation uses current environment without changing saved choices or game effects
ok 2866 - presentation uses current environment without changing saved choices or game effects
  ---
  duration_ms: 44.221685
  type: 'test'
  ...
# Subtest: normal ticks keep scenery nodes; overlays, visibility, reduced motion and performance tiers are respected
ok 2867 - normal ticks keep scenery nodes; overlays, visibility, reduced motion and performance tiers are respected
  ---
  duration_ms: 49.571106
  type: 'test'
  ...
# Subtest: environment controls update the visible world while the menu remains open
ok 2868 - environment controls update the visible world while the menu remains open
  ---
  duration_ms: 30.865141
  type: 'test'
  ...
# Subtest: health danger, explicit care changes, partner affinity and recovery remain legible in the world
ok 2869 - health danger, explicit care changes, partner affinity and recovery remain legible in the world
  ---
  duration_ms: 142.320515
  type: 'test'
  ...
# Subtest: games pause the world immediately and story expiry cannot resume it behind a game
ok 2870 - games pause the world immediately and story expiry cannot resume it behind a game
  ---
  duration_ms: 138.822409
  type: 'test'
  ...
# Subtest: home stays indoors in every season and weather, with warm light at night
ok 2871 - home stays indoors in every season and weather, with warm light at night
  ---
  duration_ms: 0.990593
  type: 'test'
  ...
# Subtest: city switches to actual neon artwork at night without returning to old seasonal streets
ok 2872 - city switches to actual neon artwork at night without returning to old seasonal streets
  ---
  duration_ms: 0.345422
  type: 'test'
  ...
# Subtest: current location has outdoor municipal profiles without adding gameplay regions
ok 2873 - current location has outdoor municipal profiles without adding gameplay regions
  ---
  duration_ms: 0.378504
  type: 'test'
  ...
# Subtest: shared temperate branches do not turn a jungle or farm back into the same clearing
ok 2874 - shared temperate branches do not turn a jungle or farm back into the same clearing
  ---
  duration_ms: 0.341695
  type: 'test'
  ...
# Subtest: renderer updates the scenery when the municipality changes on the same gameplay region
ok 2875 - renderer updates the scenery when the municipality changes on the same gameplay region
  ---
  duration_ms: 29.930332
  type: 'test'
  ...
1..2875
# tests 2880
# suites 0
# pass 2880
# fail 0
# cancelled 0
# skipped 0
# todo 0
# duration_ms 1239960.170049
TAP version 13
# Subtest: cat_friend real Home rerenders relation threshold, rescue and expiry
ok 1 - cat_friend real Home rerenders relation threshold, rescue and expiry
  ---
  duration_ms: 30.643888
  type: 'test'
  ...
# Subtest: rabbit_friend real Home rerenders relation threshold, rescue and expiry
ok 2 - rabbit_friend real Home rerenders relation threshold, rescue and expiry
  ---
  duration_ms: 22.922787
  type: 'test'
  ...
# Subtest: tanuki real Home rerenders relation threshold, rescue and expiry
ok 3 - tanuki real Home rerenders relation threshold, rescue and expiry
  ---
  duration_ms: 21.888021
  type: 'test'
  ...
# Subtest: squirrel real Home rerenders relation threshold, rescue and expiry
ok 4 - squirrel real Home rerenders relation threshold, rescue and expiry
  ---
  duration_ms: 19.097667
  type: 'test'
  ...
# Subtest: owl real Home rerenders relation threshold, rescue and expiry
ok 5 - owl real Home rerenders relation threshold, rescue and expiry
  ---
  duration_ms: 24.561437
  type: 'test'
  ...
# Subtest: otter real Home rerenders relation threshold, rescue and expiry
ok 6 - otter real Home rerenders relation threshold, rescue and expiry
  ---
  duration_ms: 21.287553
  type: 'test'
  ...
# Subtest: hamster real Home rerenders relation threshold, rescue and expiry
ok 7 - hamster real Home rerenders relation threshold, rescue and expiry
  ---
  duration_ms: 25.878068
  type: 'test'
  ...
# Subtest: panda real Home rerenders relation threshold, rescue and expiry
ok 8 - panda real Home rerenders relation threshold, rescue and expiry
  ---
  duration_ms: 18.361918
  type: 'test'
  ...
# Subtest: monkey real Home rerenders relation threshold, rescue and expiry
ok 9 - monkey real Home rerenders relation threshold, rescue and expiry
  ---
  duration_ms: 17.686731
  type: 'test'
  ...
# Subtest: parrot real Home rerenders relation threshold, rescue and expiry
ok 10 - parrot real Home rerenders relation threshold, rescue and expiry
  ---
  duration_ms: 22.92901
  type: 'test'
  ...
# Subtest: sheep real Home rerenders relation threshold, rescue and expiry
ok 11 - sheep real Home rerenders relation threshold, rescue and expiry
  ---
  duration_ms: 17.303017
  type: 'test'
  ...
# Subtest: seal real Home rerenders relation threshold, rescue and expiry
ok 12 - seal real Home rerenders relation threshold, rescue and expiry
  ---
  duration_ms: 16.956592
  type: 'test'
  ...
# Subtest: bat real Home rerenders relation threshold, rescue and expiry
ok 13 - bat real Home rerenders relation threshold, rescue and expiry
  ---
  duration_ms: 31.182058
  type: 'test'
  ...
# Subtest: chicken real Home rerenders relation threshold, rescue and expiry
ok 14 - chicken real Home rerenders relation threshold, rescue and expiry
  ---
  duration_ms: 16.535028
  type: 'test'
  ...
# Subtest: penguin_friend real Home rerenders relation threshold, rescue and expiry
ok 15 - penguin_friend real Home rerenders relation threshold, rescue and expiry
  ---
  duration_ms: 17.191689
  type: 'test'
  ...
# Subtest: hedgehog real Home rerenders relation threshold, rescue and expiry
ok 16 - hedgehog real Home rerenders relation threshold, rescue and expiry
  ---
  duration_ms: 15.906127
  type: 'test'
  ...
# Subtest: shiba real Home rerenders relation threshold, rescue and expiry
ok 17 - shiba real Home rerenders relation threshold, rescue and expiry
  ---
  duration_ms: 19.573282
  type: 'test'
  ...
# Subtest: snail real Home rerenders relation threshold, rescue and expiry
ok 18 - snail real Home rerenders relation threshold, rescue and expiry
  ---
  duration_ms: 16.688603
  type: 'test'
  ...
# Subtest: punyu real Home rerenders relation threshold, rescue and expiry
ok 19 - punyu real Home rerenders relation threshold, rescue and expiry
  ---
  duration_ms: 23.396729
  type: 'test'
  ...
# Subtest: sekizou real Home rerenders relation threshold, rescue and expiry
ok 20 - sekizou real Home rerenders relation threshold, rescue and expiry
  ---
  duration_ms: 16.613092
  type: 'test'
  ...
# Subtest: chameleon real Home rerenders relation threshold, rescue and expiry
ok 21 - chameleon real Home rerenders relation threshold, rescue and expiry
  ---
  duration_ms: 16.314758
  type: 'test'
  ...
# Subtest: clock real Home rerenders relation threshold, rescue and expiry
ok 22 - clock real Home rerenders relation threshold, rescue and expiry
  ---
  duration_ms: 21.156038
  type: 'test'
  ...
# Subtest: unicorn real Home rerenders relation threshold, rescue and expiry
ok 23 - unicorn real Home rerenders relation threshold, rescue and expiry
  ---
  duration_ms: 16.27331
  type: 'test'
  ...
# Subtest: many_tail_fox real Home rerenders relation threshold, rescue and expiry
ok 24 - many_tail_fox real Home rerenders relation threshold, rescue and expiry
  ---
  duration_ms: 16.640253
  type: 'test'
  ...
# Subtest: watcher real Home rerenders relation threshold, rescue and expiry
ok 25 - watcher real Home rerenders relation threshold, rescue and expiry
  ---
  duration_ms: 20.931791
  type: 'test'
  ...
# Subtest: box real Home rerenders relation threshold, rescue and expiry
ok 26 - box real Home rerenders relation threshold, rescue and expiry
  ---
  duration_ms: 16.603143
  type: 'test'
  ...
# Subtest: ordinary success reacts once, rescues all, rejected play does not react
ok 27 - ordinary success reacts once, rescues all, rejected play does not react
  ---
  duration_ms: 27.870866
  type: 'test'
  ...
# Subtest: cat_ceo shared court reinforcement overrides lonely, expiry re-resolves current affection
ok 28 - cat_ceo shared court reinforcement overrides lonely, expiry re-resolves current affection
  ---
  duration_ms: 62.624044
  type: 'test'
  ...
# Subtest: robot_neighbor shared court reinforcement overrides lonely, expiry re-resolves current affection
ok 29 - robot_neighbor shared court reinforcement overrides lonely, expiry re-resolves current affection
  ---
  duration_ms: 63.628042
  type: 'test'
  ...
# Subtest: field_cow shared court reinforcement overrides lonely, expiry re-resolves current affection
ok 30 - field_cow shared court reinforcement overrides lonely, expiry re-resolves current affection
  ---
  duration_ms: 63.136307
  type: 'test'
  ...
# Subtest: sunflower_partner shared court reinforcement overrides lonely, expiry re-resolves current affection
ok 31 - sunflower_partner shared court reinforcement overrides lonely, expiry re-resolves current affection
  ---
  duration_ms: 60.230609
  type: 'test'
  ...
# Subtest: forest_bear shared court reinforcement overrides lonely, expiry re-resolves current affection
ok 32 - forest_bear shared court reinforcement overrides lonely, expiry re-resolves current affection
  ---
  duration_ms: 58.625852
  type: 'test'
  ...
# Subtest: grove_deer shared court reinforcement overrides lonely, expiry re-resolves current affection
ok 33 - grove_deer shared court reinforcement overrides lonely, expiry re-resolves current affection
  ---
  duration_ms: 49.036192
  type: 'test'
  ...
# Subtest: cliff_goat shared court reinforcement overrides lonely, expiry re-resolves current affection
ok 34 - cliff_goat shared court reinforcement overrides lonely, expiry re-resolves current affection
  ---
  duration_ms: 54.445862
  type: 'test'
  ...
# Subtest: high_eagle shared court reinforcement overrides lonely, expiry re-resolves current affection
ok 35 - high_eagle shared court reinforcement overrides lonely, expiry re-resolves current affection
  ---
  duration_ms: 58.627745
  type: 'test'
  ...
# Subtest: snow_spirit shared court reinforcement overrides lonely, expiry re-resolves current affection
ok 36 - snow_spirit shared court reinforcement overrides lonely, expiry re-resolves current affection
  ---
  duration_ms: 46.272328
  type: 'test'
  ...
# Subtest: snowman shared court reinforcement overrides lonely, expiry re-resolves current affection
ok 37 - snowman shared court reinforcement overrides lonely, expiry re-resolves current affection
  ---
  duration_ms: 49.370281
  type: 'test'
  ...
# Subtest: rock_octopus shared court reinforcement overrides lonely, expiry re-resolves current affection
ok 38 - rock_octopus shared court reinforcement overrides lonely, expiry re-resolves current affection
  ---
  duration_ms: 68.441792
  type: 'test'
  ...
# Subtest: sea_mermaid shared court reinforcement overrides lonely, expiry re-resolves current affection
ok 39 - sea_mermaid shared court reinforcement overrides lonely, expiry re-resolves current affection
  ---
  duration_ms: 37.506351
  type: 'test'
  ...
# Subtest: anglerfish shared court reinforcement overrides lonely, expiry re-resolves current affection
ok 40 - anglerfish shared court reinforcement overrides lonely, expiry re-resolves current affection
  ---
  duration_ms: 59.330888
  type: 'test'
  ...
# Subtest: swamp_croc shared court reinforcement overrides lonely, expiry re-resolves current affection
ok 41 - swamp_croc shared court reinforcement overrides lonely, expiry re-resolves current affection
  ---
  duration_ms: 56.713021
  type: 'test'
  ...
# Subtest: gentle_gorilla shared court reinforcement overrides lonely, expiry re-resolves current affection
ok 42 - gentle_gorilla shared court reinforcement overrides lonely, expiry re-resolves current affection
  ---
  duration_ms: 55.013488
  type: 'test'
  ...
# Subtest: knitting_spider shared court reinforcement overrides lonely, expiry re-resolves current affection
ok 43 - knitting_spider shared court reinforcement overrides lonely, expiry re-resolves current affection
  ---
  duration_ms: 52.672721
  type: 'test'
  ...
# Subtest: desert_scorpion shared court reinforcement overrides lonely, expiry re-resolves current affection
ok 44 - desert_scorpion shared court reinforcement overrides lonely, expiry re-resolves current affection
  ---
  duration_ms: 51.628778
  type: 'test'
  ...
# Subtest: oasis_cactus shared court reinforcement overrides lonely, expiry re-resolves current affection
ok 45 - oasis_cactus shared court reinforcement overrides lonely, expiry re-resolves current affection
  ---
  duration_ms: 52.142634
  type: 'test'
  ...
# Subtest: replacement partner with same ID cannot inherit positive
ok 46 - replacement partner with same ID cannot inherit positive
  ---
  duration_ms: 54.05848
  type: 'test'
  ...
# Subtest: real save excludes reactions; reload re-resolves all companion values and partner at 20
ok 47 - real save excludes reactions; reload re-resolves all companion values and partner at 20
  ---
  duration_ms: 48.713721
  type: 'test'
  ...
# Subtest: real save excludes reactions; reload re-resolves all companion values and partner at 50
ok 48 - real save excludes reactions; reload re-resolves all companion values and partner at 50
  ---
  duration_ms: 47.134683
  type: 'test'
  ...
# Subtest: full supported catalog matches canonical runtime IDs and all assets exactly
ok 49 - full supported catalog matches canonical runtime IDs and all assets exactly
  ---
  duration_ms: 2.562299
  type: 'test'
  ...
# Subtest: 26 companions use one ordinary representative, all threshold rescues and annoyed does not start positive
ok 50 - 26 companions use one ordinary representative, all threshold rescues and annoyed does not start positive
  ---
  duration_ms: 61.140362
  type: 'test'
  ...
# Subtest: development Home fixtures directly expose both pilot partners and both companions without gameplay
ok 51 - development Home fixtures directly expose both pilot partners and both companions without gameplay
  ---
  duration_ms: 826.329926
  type: 'test'
  ...
# Subtest: expanded partner court actual event path triggers positive without changing progress rules
ok 52 - expanded partner court actual event path triggers positive without changing progress rules
  ---
  duration_ms: 47.823976
  type: 'test'
  ...
# Subtest: expanded partner repair actual event path triggers positive without changing progress rules
ok 53 - expanded partner repair actual event path triggers positive without changing progress rules
  ---
  duration_ms: 45.501833
  type: 'test'
  ...
# Subtest: expanded partner marriage actual event path triggers positive without changing progress rules
ok 54 - expanded partner marriage actual event path triggers positive without changing progress rules
  ---
  duration_ms: 154.348332
  type: 'test'
  ...
# Subtest: expanded partner date actual event path triggers positive without changing progress rules
ok 55 - expanded partner date actual event path triggers positive without changing progress rules
  ---
  duration_ms: 46.695475
  type: 'test'
  ...
# Subtest: new court success uses actual event result
ok 56 - new court success uses actual event result
  ---
  duration_ms: 56.910038
  type: 'test'
  ...
# Subtest: new court failure uses actual event result
ok 57 - new court failure uses actual event result
  ---
  duration_ms: 15.899144
  type: 'test'
  ...
# Subtest: annoyed during positive does not extend reaction or retain positive after original expiry
ok 58 - annoyed during positive does not extend reaction or retain positive after original expiry
  ---
  duration_ms: 17.304749
  type: 'test'
  ...
# Subtest: real play gives only positive individuals motion and head hearts; expiry removes cues
ok 59 - real play gives only positive individuals motion and head hearts; expiry removes cues
  ---
  duration_ms: 19.0671
  type: 'test'
  ...
# Subtest: ordinary play and all-inviting dialogue do not animate non-target companions
ok 60 - ordinary play and all-inviting dialogue do not animate non-target companions
  ---
  duration_ms: 16.143318
  type: 'test'
  ...
# Subtest: every possible representative in a dense 26-companion Home receives one safe heart
ok 61 - every possible representative in a dense 26-companion Home receives one safe heart
  ---
  duration_ms: 1123.419328
  type: 'test'
  ...
# Subtest: 26 simultaneous expiries coalesce Home work while removing every transient
ok 62 - 26 simultaneous expiries coalesce Home work while removing every transient
  ---
  duration_ms: 27.823077
  type: 'test'
  ...
# Subtest: partner three visual states retain marriage ring=false and replace one heart
ok 63 - partner three visual states retain marriage ring=false and replace one heart
  ---
  duration_ms: 61.953876
  type: 'test'
  ...
# Subtest: partner three visual states retain marriage ring=true and replace one heart
ok 64 - partner three visual states retain marriage ring=true and replace one heart
  ---
  duration_ms: 171.738901
  type: 'test'
  ...
# Subtest: companion aura and heart belong to the actor; positive replaces cold and expires back to current value
ok 65 - companion aura and heart belong to the actor; positive replaces cold and expires back to current value
  ---
  duration_ms: 17.161573
  type: 'test'
  ...
# Subtest: married ring preserves exact layout coordinates through every partner expression rebuild
ok 66 - married ring preserves exact layout coordinates through every partner expression rebuild
  ---
  duration_ms: 173.083494
  type: 'test'
  ...
# Subtest: reload reconstructs marriage ring from existing married flag at affection 20
ok 67 - reload reconstructs marriage ring from existing married flag at affection 20
  ---
  duration_ms: 350.591775
  type: 'test'
  ...
# Subtest: reload reconstructs marriage ring from existing married flag at affection 50
ok 68 - reload reconstructs marriage ring from existing married flag at affection 50
  ---
  duration_ms: 349.929287
  type: 'test'
  ...
# Subtest: full resolver prioritizes positive, then lonely below 30, then normal without mutating input
ok 69 - full resolver prioritizes positive, then lonely below 30, then normal without mutating input
  ---
  duration_ms: 4.90019
  type: 'test'
  ...
# Subtest: unregistered characters and wrong-kind IDs always use original PNG
ok 70 - unregistered characters and wrong-kind IDs always use original PNG
  ---
  duration_ms: 1.143428
  type: 'test'
  ...
# Subtest: one ordinary representative plus all rescued individuals, deduplicated
ok 71 - one ordinary representative plus all rescued individuals, deduplicated
  ---
  duration_ms: 0.648647
  type: 'test'
  ...
# Subtest: temporary reaction expiry, refresh, object identity and JSON non-persistence
ok 72 - temporary reaction expiry, refresh, object identity and JSON non-persistence
  ---
  duration_ms: 0.517604
  type: 'test'
  ...
# Subtest: every registered relationship image is a new 128px transparent PNG
ok 73 - every registered relationship image is a new 128px transparent PNG
  ---
  duration_ms: 4.496109
  type: 'test'
  ...
# Subtest: reaction exposes an ephemeral start token and expiry without persisting entity fields
ok 74 - reaction exposes an ephemeral start token and expiry without persisting entity fields
  ---
  duration_ms: 1.893926
  type: 'test'
  ...
# Subtest: heart remains immediately above its owner even if a neighbour occupies that space
ok 75 - heart remains immediately above its owner even if a neighbour occupies that space
  ---
  duration_ms: 0.910885
  type: 'test'
  ...
# Subtest: positive companion layer is raised locally so neighbours cannot hide its owner-attached heart
ok 76 - positive companion layer is raised locally so neighbours cannot hide its owner-attached heart
  ---
  duration_ms: 0.743535
  type: 'test'
  ...
# Subtest: only partner positive heart grows 1.2 times; anchor keeps face gap and stage bounds
ok 77 - only partner positive heart grows 1.2 times; anchor keeps face gap and stage bounds
  ---
  duration_ms: 1.70308
  type: 'test'
  ...
# Subtest: approved marriage ring uses fixed scale and tone without comparison overrides
ok 78 - approved marriage ring uses fixed scale and tone without comparison overrides
  ---
  duration_ms: 0.471388
  type: 'test'
  ...
# Subtest: browser ring geometry checks approved scale and rejects obsolete or oversized values
ok 79 - browser ring geometry checks approved scale and rejects obsolete or oversized values
  ---
  duration_ms: 2.3905
  type: 'test'
  ...
# Subtest: painted ring excludes transparent atlas margin without allowing actual character overlap
ok 80 - painted ring excludes transparent atlas margin without allowing actual character overlap
  ---
  duration_ms: 85.271838
  type: 'test'
  ...
1..80
# tests 80
# suites 0
# pass 80
# fail 0
# cancelled 0
# skipped 0
# todo 0
# duration_ms 5598.716839
