npm warn Unknown env config "http-proxy". This will stop working in the next major version of npm.

> test
> node tests/smoke-test.js && node tests/dialogue-test.js && node tests/visual-qa-test.cjs && node --test tests/item-art-unification-test.cjs tests/naoto-lantern-ring-test.cjs tests/naoto-crown-test.cjs tests/consumables-v2-migration-test.cjs tests/consumables-v2-eggs-test.cjs tests/consumables-v2-life-test.cjs tests/consumables-v2-forms-test.cjs tests/consumables-v2-encounters-test.cjs tests/movie-test.cjs tests/clownfish-romance-test.cjs tests/local-scenery-test.cjs tests/world-scene-test.cjs tests/minigame-lifecycle-test.cjs tests/growth-balance-test.cjs tests/item-inventory-test.cjs tests/item-care-game-test.cjs tests/items-v2-care-automation-test.cjs tests/items-v2-ease-automation-test.cjs tests/item-relations-travel-test.cjs tests/item-experiences-test.cjs tests/item-collections-economy-test.cjs tests/item-economy-sources-v2-test.cjs tests/economy-test.cjs tests/lucky-coin-test.cjs tests/midlife-test.cjs tests/offline-test.cjs tests/screens-test.cjs tests/scoring-shop-test.cjs tests/album-test.cjs tests/input-polish-test.cjs tests/migration-test.cjs tests/overlay-test.cjs tests/sticker-test.cjs tests/quick-mode-test.cjs tests/quick-daily-economy-v2-test.cjs tests/meguru-test.cjs tests/meguru-audit-test.cjs tests/meguru-fauna-test.cjs tests/meguru-world-design-test.cjs tests/meguru-motion-test.cjs tests/time-pause-test.cjs tests/asset-versions-test.cjs tests/minigame-illustrations-test.cjs tests/save-recovery-test.cjs tests/ui-integration-test.cjs tests/cast-layout-test.cjs tests/cast-motion-test.cjs tests/world-environment-test.cjs tests/region-identity-test.cjs tests/viewport-design-test.cjs tests/home-touch-test.cjs tests/egg-hatching-test.cjs tests/audio-regression-test.cjs tests/post-integration-audit-test.cjs tests/care-status-test.cjs tests/care-status-integration-test.cjs tests/ui-illustrations-test.cjs tests/comment-illustrations-test.cjs tests/notice-food-illustrations-test.cjs tests/prop-illustrations-test.cjs tests/life-display-test.cjs tests/life-stage-profiles-test.cjs tests/display-illustrations-test.cjs tests/canvas-illustrations-test.cjs tests/illustration-catalog-test.cjs tests/meguru-region-identity-test.cjs tests/meguru-map-test.cjs tests/meguru-collision-test.cjs tests/meguru-life-test.cjs tests/meguru-world-map-test.cjs tests/meguru-transition-test.cjs tests/meguru-transition-polish-test.cjs tests/meguru-explore-ux-test.cjs tests/meguru-discovery-test.cjs tests/meguru-scenery-polish-test.cjs tests/meguru-scenery-polish2-test.cjs tests/meguru-scenery-final-qa-test.cjs tests/meguru-visual-completion-test.cjs tests/meguru-sea-route-test.cjs tests/meguru-phase3a-audit-test.cjs tests/meguru-phase3b0-test.cjs tests/meguru-phase3b1-test.cjs tests/meguru-phase3b2-test.cjs tests/meguru-phase3b3-test.cjs tests/meguru-phase3b4-test.cjs tests/meguru-phase3b-final-test.cjs tests/meguru-phase4b-test.cjs tests/meguru-phase4c-test.cjs tests/meguru-phase4d1-test.cjs tests/meguru-phase4d2-test.cjs tests/meguru-phase4d2b-test.cjs tests/meguru-phase4d2c-test.cjs tests/meguru-phase4e1-test.cjs tests/meguru-phase4e2-test.cjs tests/meguru-party-formation-test.cjs tests/meguru-party-lod-test.cjs tests/meguru-phase4e3-test.cjs tests/meguru-phase4e4a-test.cjs tests/meguru-phase4e4b-test.cjs tests/meguru-phase4e4c-test.cjs tests/save-integrity-test.cjs tests/progress-counts-test.cjs tests/harness-determinism-test.cjs tests/asset-integrity-test.cjs tests/region-registry-test.cjs tests/content-registry-test.cjs tests/meguru-denominators-test.cjs tests/test-helpers-test.cjs tests/meguru-party-arrival-test.cjs tests/meguru-party-player-collision-test.cjs tests/meguru-3d-prototype-test.cjs tests/meguru-3d-foundation-v2-test.cjs tests/meguru-3d-art-direction-test.cjs tests/meguru-3d-geometry-terrain-test.cjs tests/meguru-3d-geometry-audit-test.cjs tests/meguru-3d-visual-quality-test.cjs tests/meguru-render-cost-test.cjs tests/save-compat-test.cjs tests/session-safety-test.cjs tests/nav-a11y-test.cjs tests/release-hygiene-test.cjs tests/emotion-state-test.cjs tests/hunger-profile-test.cjs tests/pet-expression-test.cjs tests/pet-expression-assets-test.cjs tests/cat-expression-preview-test.cjs tests/emotion-integration-test.cjs tests/pet-expression-integration-test.cjs && node --test tests/relationship-expression-test.cjs tests/relationship-expression-integration-test.cjs tests/relationship-reaction-test.cjs

SMOKE TEST OK
DOM ids: 380
minigames started: 100
variant collections: 92
LEGEND SCHEDULER TEST OK: 6 blocked states; 7 paused menus; non-winning roll; 5 unseen legends; pause, skip, close and one reward-free encounter.
DIALOGUE TEST OK: 20 events; 18 partners; 26 companions; action handlers; 2500ms timing; cancellation; recency; 10 sampled legend stories; 16 anniversary cases.
DATE LIFECYCLE TEST OK: ordinary dates, skip/close, pause/resume/cooldown and complete deep-sea branches.
WHOLE-TEXT TEST OK: 248 descriptions; 40 ordinary stories; 10 deep-sea plans; ordinary date skip/close; 36 anniversary lines; event memories; 18 first encounters.
CAST TEST OK: snail encounters and speech; retired koala migration, bond, row, dex and earned achievements; PNG renderer reference.
NORMAL CAST PNG TEST OK: 19 PNG headers; 18 companions x 5 renderer sizes; 9+9 live rows; collected and locked dex.
RARE CAST PNG TEST OK: 8 PNGs x 5 renderer sizes; invite/profile/row/dex; hidden and partial dex; 13+13 mixed rows; bond retained.
CLOCK CAST TEST OK: real encounter and 69/70 recruitment; five dialogue events; legacy mushroom save, bond, PNG, dialogue and rare dex; unique current/legacy counts.
PARTNER CAST PNG TEST OK: 18 PNGs x 5 sizes; saved relationships; companion/profile/dex; 180 complete dates; 72 complete anniversaries; first encounters; aliases, guests and hidden dex.
AUTHOR ENDING TEST OK: 247/248 unlock; native dex count; goals 4/5; direct goal 5 at 25/100 and both exits; pet and life-record preservation; 4200ms greeting; old-save access and rewards; hidden/repeatable shop greeting; textless goals 1-3 and reward notices.
MAIN 203 AUTHOR COMPATIBILITY OK: prior perfect save keeps author, crown and infinite mode; six new achievements stay unearned; 99/100 current games excludes retired records and opens goal 5 correctly.
VISUAL QA ROUTE TEST OK: generated script compiles; egg, anniversary, legend and ordinary date saves; long disease selects medicine; illustrated save reloads 26 companions, partner, 10 shop items. No browser rendering claimed.
[naotocchi] test Error: probe failure
    at TestContext.<anonymous> (/workspace/scratch/b7dafe93b718/naotocchi/tests/album-test.cjs:46:28)
    at Test.runInAsyncScope (node:async_hooks:227:14)
    at Test.run (node:internal/test_runner/test:1382:25)
    at Test.processPendingSubtests (node:internal/test_runner/test:960:18)
    at Test.postRun (node:internal/test_runner/test:1522:19)
    at Test.run (node:internal/test_runner/test:1447:12)
    at async Test.processPendingSubtests (node:internal/test_runner/test:960:7)
✔ the life timeline groups log entries by age and the data screen shows it (114.024548ms)
✔ a life card code round-trips and past lives keep their timeline and code (19.078374ms)
✔ the life card lists the whole timeline and a code button (25.489638ms)
✔ recorded runtime errors appear in the data screen (19.020687ms)
✔ every static assets/… reference in HTML, CSS and JS exists with the exact case (25.428024ms)
✔ every script and stylesheet carries a token whose hash matches the file (bump-versions formula) (14.465012ms)
✔ dynamic paths: current species, unified items, egg frames and goal-art fallbacks exist (130.0121ms)
✔ the checks catch a missing file, a case mismatch, a stale token, a missing token and a missing dynamic path (1.42704ms)
✔ the real index.html and references turn red when a token goes stale, a token is dropped or a path changes case (24.820765ms)
✔ npm run bump still rewrites only the ?v= tokens with YYYYMMDD-<assetHash>, and is idempotent (194.858477ms)
✔ index.html asset references exist and carry cache tokens (1.990152ms)
✔ the bump tool rewrites only cache tokens (0.383661ms)
✔ all eight BGM scenes request valid waveforms and schedule two complete loops (68.169337ms)
✔ Quick voice routes pico, browser reading and silence through the saved mode (8.001109ms)
✔ the actual TTS controller ducks both buses and replaces the scheduled recovery (3.539947ms)
✔ quick cues are shaped into short, punchy shouts: crisp stop, rising question, faster rate for longer words (1.504838ms)
✔ ordinary text keeps native arguments and receiver with no illustration state changes (5.353923ms)
✔ mixed text draws art in the original glyph advance and keeps center/baseline/state (1.601584ms)
✔ maxWidth compresses the whole decorated run and RTL start alignment keeps the right edge (0.857939ms)
✔ pending, missing and failed images never draw an emoji and settle without scheduling a canvas redraw (1.66511ms)
✔ loaded image replaces a pending placeholder on the next caller frame and draw errors stay contained (1.027505ms)
✔ atlas crops reuse supplied images and actor markers remain separate from bonus symbols (1.384856ms)
✔ a malformed atlas cannot sample neighboring or absent artwork (0.822906ms)
✔ scenery clip bounds preserve the original frame scale and transparent margins (0.7268ms)
✔ out-of-frame clip bounds cannot expose neighboring atlas illustrations (1.823339ms)
✔ ordinary copyright and registered marks keep native text while explicit emoji variants use art (1.373299ms)
✔ joined emoji, flags and keycaps are replaced as whole symbols (0.909016ms)
✔ tagged flags stay one complete symbol in live text and preloading (0.751998ms)
✔ slide puzzle refreshes cached art on its normal frame after loading and never after retirement (165.217927ms)
✔ road offscreen sprite caches replace placeholders after loading without drawing raw emoji (79.636417ms)
✔ illustrated road play retains input results, rewards and completion timing (2239.018749ms)
✔ pre-decode keeps the atlas decoded once as an ImageBitmap, draws from it, and never bumps the sprite version (1.991725ms)
✔ pre-decode failure, svg art and a size mismatch all keep the ordinary lazy image draw (2.994512ms)
✔ health danger is visible before dying and survives unrelated messages and expiry (137.168595ms)
✔ illness remains recognizable alongside low life, and medicine clears only the illness effects (45.274832ms)
✔ illness names the condition above the character instead of generic care wording (18.778501ms)
✔ attention effects stop for menus, games, stories and hidden tabs, then reconstruct at home (43.707649ms)
✔ lightweight mode retains the alert but requests still effects (20.558525ms)
✔ sweat stays beside the painted young fish instead of its transparent upper frame (17.378407ms)
✔ critical care advice follows the real sequence without medicine for a healthy pet (55.730657ms)
✔ six-tick health death remains unchanged while every living tick has a notice (24.809203ms)
✔ reloaded illness reconstructs a notice and medicine resolves it (66.729062ms)
✔ explicit care displays changes once; ordinary natural ticks stay quiet (26.751167ms)
✔ danger presentation clears behind overlays and returns with the same state (21.511568ms)
✔ egg, farewell and immortal states do not inherit death warnings (23.538305ms)
✔ reduced motion and lightweight mode retain static warning text (58.819321ms)
✔ numeric feedback keeps the explanation of a mistaken medicine visible (21.834535ms)
✔ a growth milestone waits for action feedback instead of being forgotten (23.234845ms)
✔ a recovery milestone waits while a higher priority warning remains (39.203568ms)
✔ a delayed sleep recovery never tells an already awake pet to wake (19.549272ms)
✔ illness care is readable before an arbitrarily long saved disease name (14.219801ms)
✔ running cat sweat brackets its head rather than the distant tail (13.551199ms)
✔ static script exposes the pure assessment interface on window (3.385514ms)
✔ signals exposes canonical mild and strong display bands without changing assess (0.72011ms)
✔ signals keeps life and stage semantics identical to current care rules (0.310009ms)
✔ signals exposes health, sickness, sleep, and pet availability without mutating state (0.3506ms)
✔ assess leaves healthy and non-playable life stages quiet without mutating state (0.200884ms)
✔ assess treats each real mortal life-risk signal as critical (0.52832ms)
✔ low life gives recovery advice before the critical threshold and clears after recovery (0.275387ms)
✔ life and health notices choose one useful action from the actual cause (0.447017ms)
✔ health advice never prescribes harmful care and falls back from unavailable affection (0.316579ms)
✔ high life risk restores every stat to the 60-point recovery threshold (0.287985ms)
✔ unavailable affection uses sleep when exhausted and play when energy is adequate (0.241045ms)
✔ assess reports ordinary care needs in priority order (0.255627ms)
✔ sickness labels remain plain text data for the textContent renderer (0.221916ms)
✔ sleep notices distinguish ongoing recovery from a completed rest (0.199773ms)
✔ fixed-slot status copy stays compact and has no Japanese word spacing (0.263639ms)
✔ immortality defaults from state and suppresses death wording while retaining care advice (0.238842ms)
✔ snapshot copies only fields used by explicit action summaries (0.255918ms)
✔ changes reports at most two meaningful deltas in care priority order (0.372013ms)
✔ changes derives life from risk and keeps decline improvement negative (1.069378ms)
✔ changes ignores sub-point drift and does not mutate either snapshot (0.236859ms)
✔ a married partner keeps a readable ring between the couple and clear of every moving character (10254.715602ms)
✔ a ring keeps companions readable when another arrangement fits at the same main size (8.222264ms)
✔ the poop row keeps the same lower-right anchor above speech across party sizes and art changes (415.653427ms)
✔ home wings balance the painted gaps around the main body, including different PNG padding (144.850119ms)
✔ every intermediate party size fits the minimum fixed home, with partner/item independently present (319.087359ms)
✔ mixed failed and padded friend images keep every stress-count actor and poop slot in a fixed home (7.338577ms)
✔ a mixed 31-friend wing fits the minimum height without moving the permanent poop strip (7.34723ms)
✔ poop follows the applied field scale rather than the companion count, with a readable floor (9.469882ms)
✔ failed companion images keep the balanced cast and the poop row inside the smallest home (7.592822ms)
✔ home conversation stays centered below the permanent poop strip without covering the completed cast (1381.536949ms)
✔ a home cast stays in view during its larger hop and sway and leaves the floor clear (254.353042ms)
✔ whole cast fits with room for sway and four-pixel companion gaps (1345.932633ms)
✔ unknown or failed art retains complete frames without overlapping the core (62.359172ms)
✔ independent reactions retain full frames and four-pixel friend gaps throughout the sway (1733.455463ms)
✔ a ticklish line moves the pet and equipment together, then the speaking friend is identified without a second celebration (177.3278ms)
✔ courtship follows the actual partner, while a failed courtship never celebrates (56.203973ms)
✔ non-Relationship group responses remain visible, while negative outcomes settle once (123.167961ms)
✔ poop updates preserve every placed actor and do not interrupt a reaction (41.851842ms)
✔ care moods follow the line and outcome instead of always bouncing happily (23.763184ms)
✔ a comforting reply cannot make the disappointed or unwell pet celebrate (51.835441ms)
✔ a new action cancels old replies and an old animation cannot clear a new one (42.349825ms)
✔ menus and hidden pages stop reactions, and reduced motion still identifies the speaker (62.290825ms)
✔ a companion who left before their turn cannot speak or animate a different companion (387.697648ms)
✔ enabling reduced motion mid-speech stops movement but preserves the current speaker (20.849276ms)
✔ every motion and its interpolation stay inside the reserved one- or three-pixel envelope (219.827652ms)
✔ pet-only cues animate the pet and accessory with identical frames (0.844058ms)
✔ pet reports zero when its animation cannot start (0.524594ms)
✔ isActive tracks pet motion and idle can exclude the pet (0.313635ms)
✔ medicine cure settles first unless the text describes rejection (0.292793ms)
✔ pet care semantics win over randomized line tone without changing social tone (0.281225ms)
✔ buildPreview wraps the current game with a compact isolated phone-safe control shell (194.145789ms)
✔ default preview seeds an exact fresh-state adult hungry cat in memory only (172.37846ms)
✔ the generated Map-backed adapter implements the complete disposable Storage surface (111.057246ms)
✔ URL presets use a strict allowlist and reset every care fixture independently (390.07452ms)
✔ temporary happy stays on ordinary care controls and never runs automatically (68.017913ms)
✔ CLI writes the same self-contained preview for the requested safe preset (365.419841ms)
✔ all preview forms keep selected faces visible across startup saves without achievement flashes (5093.138791ms)
✔ preset clicks reset only the child session and bootstrap uses that selected preset (164.873008ms)
✔ kitten preview seeds the real third stage in isolated storage and rejects unknown forms (99.881977ms)
✔ otemba preview seeds the fourth stage in disposable storage (89.97568ms)
✔ young preview seeds the fifth stage in disposable storage (110.216888ms)
✔ calm preview seeds the seventh stage in disposable storage (100.5388ms)
✔ elder preview seeds the eighth stage in disposable storage (115.848586ms)
✔ toddler preview seeds the second stage in disposable storage (66.898178ms)
✔ baby preview seeds the first stage in disposable storage (77.94029ms)
✔ adult dog preview uses isolated storage and the real sixth stage (62.158594ms)
✔ query-selected dog matches the dropdown and can switch back to adult cat (97.033336ms)
✔ puppy preview uses isolated storage and the real third stage (73.907415ms)
✔ wanpaku preview uses isolated storage and the real fourth stage (58.465324ms)
✔ young dog preview uses isolated storage and the real fifth stage (77.417829ms)
✔ calm dog preview uses isolated storage and the real seventh stage (57.672875ms)
✔ babyDog preview uses isolated storage and the correct age stage (72.030545ms)
✔ toddlerDog preview uses isolated storage and the correct age stage (51.514015ms)
✔ elderDog preview uses isolated storage and the correct age stage (103.899793ms)
✔ man preview exposes every stage and never accesses real saves (412.535543ms)
✔ woman preview exposes every stage and never accesses real saves (331.515234ms)
✔ penguin preview exposes every stage and never accesses real saves (411.241265ms)
✔ turtle preview exposes every stage and never accesses real saves (399.556581ms)
✔ frog preview exposes every stage and never accesses real saves (361.079988ms)
✔ clownfish preview exposes every stage and never accesses real saves (379.379199ms)
✔ salmon preview exposes every stage and never accesses real saves (486.29164ms)
✔ hermit_crab preview exposes every stage and never accesses real saves (390.629941ms)
✔ jellyfish preview exposes every stage and never accesses real saves (402.617394ms)
✔ starfish preview exposes every stage and never accesses real saves (373.512684ms)
✔ coral preview exposes every stage and never accesses real saves (401.803752ms)
✔ butterfly preview exposes every stage and never accesses real saves (507.124735ms)
✔ beetle preview exposes every stage and never accesses real saves (448.631223ms)
✔ stagbeetle preview exposes every stage and never accesses real saves (389.406856ms)
✔ cicada preview exposes every stage and never accesses real saves (457.97786ms)
✔ antlion preview exposes every stage and never accesses real saves (402.149322ms)
✔ dandelion preview exposes every stage and never accesses real saves (337.337483ms)
✔ sakura preview exposes every stage and never accesses real saves (334.635603ms)
✔ venus_flytrap preview exposes every stage and never accesses real saves (397.300372ms)
✔ mushroom preview exposes every stage and never accesses real saves (384.737439ms)
✔ dragon preview exposes every stage and never accesses real saves (342.431738ms)
✔ phoenix preview exposes every stage and never accesses real saves (385.79596ms)
✔ god preview exposes every stage and never accesses real saves (418.341709ms)
✔ world_tree preview exposes every stage and never accesses real saves (433.03234ms)
✔ ghost preview exposes every stage and never accesses real saves (337.212526ms)
✔ star preview exposes every stage and never accesses real saves (478.906041ms)
✔ plush preview exposes every stage and never accesses real saves (391.078527ms)
✔ unknown preview exposes every stage and never accesses real saves (399.951697ms)
✔ ren preview exposes every stage and never accesses real saves (434.231397ms)
✔ salmon preview uses all eight canonical stage names (114.996872ms)
✔ hermit_crab preview uses all eight canonical stage names (97.565491ms)
✔ jellyfish preview uses all eight canonical stage names (113.036315ms)
✔ starfish preview uses all eight canonical stage names (117.358887ms)
✔ coral preview uses all eight canonical stage names (96.931941ms)
✔ butterfly preview uses all eight canonical stage names (126.315492ms)
✔ beetle preview uses all eight canonical stage names (100.189491ms)
✔ stagbeetle preview uses all eight canonical stage names (121.587066ms)
✔ cicada preview uses all eight canonical stage names (100.405308ms)
✔ antlion preview uses all eight canonical stage names (152.676579ms)
✔ dandelion preview uses all eight canonical stage names (96.724217ms)
✔ sakura preview uses all eight canonical stage names (95.120771ms)
✔ venus_flytrap preview uses all eight canonical stage names (82.078633ms)
✔ mushroom preview uses all eight canonical stage names (104.164437ms)
✔ dragon preview uses all eight canonical stage names (81.722623ms)
✔ phoenix preview uses all eight canonical stage names (80.891526ms)
✔ god preview uses all eight canonical stage names (64.962017ms)
✔ world_tree preview uses all eight canonical stage names (69.857206ms)
✔ ghost preview uses all eight canonical stage names (62.002017ms)
✔ star preview uses all eight canonical stage names (71.567795ms)
✔ plush preview uses all eight canonical stage names (63.136996ms)
✔ unknown preview uses canonical punctuation and suppresses disposable rare achievement flashes (61.809436ms)
✔ ren preview uses canonical secret names without a fabricated rare achievement (77.589388ms)
✔ clownfish gay keeps its targets through stages 7 and 8 (241.633014ms)
✔ clownfish straight keeps its targets through stages 7 and 8 (54.764915ms)
✔ new clownfish follow the pictured body stage while NB and other species keep their rules (23.497292ms)
✔ bi male/nonbinary survives sex change and reload without re-selection (65.605247ms)
✔ bi female/nonbinary survives sex change and reload without re-selection (32.158892ms)
✔ bi male/female survives sex change and reload without re-selection (195.443492ms)
✔ bi male/female/nonbinary survives sex change and reload without re-selection (43.849774ms)
✔ pan male/female/nonbinary survives sex change and reload without re-selection (99.556976ms)
✔ aro  survives sex change and reload without re-selection (47.41487ms)
✔ questioning male/female/nonbinary survives sex change and reload without re-selection (59.435099ms)
✔ NB identity remains NB while its clownfish body completes the transition (22.179748ms)
✔ NB body-only change does not reopen an already reconciled relationship (21.432297ms)
✔ a legacy sex-change notice cannot overwrite a primary save recovered from backup (40.125959ms)
✔ a partner whose targets no longer include us is retained as mismatched, including marriage (219.068033ms)
✔ compatible partners keep affection and a newly matching partner leaves mismatch (36.967119ms)
✔ valid saved attraction overrides stale labels for self, partner, and guest (50.624183ms)
✔ legacy late-stage saves migrate once after age conversion; existing females never revert (88.846461ms)
✔ normal and infinite transformations use the selected form; returning restores the original life (21.34785ms)
✔ guest codes preserve individual bi targets and canonical labels; old codes still load (15.375661ms)
✔ shared early-female clownfish keep a female stage name in profile and court (15.833544ms)
✔ a migrated infinite return snapshot gets the same identity repair before resuming (29.240034ms)
✔ real court regression: male/straight against 18 identities (104.948477ms)
✔ real court regression: male/gay against 18 identities (114.242322ms)
✔ real court regression: male/bi against 18 identities (215.384383ms)
✔ real court regression: male/pan against 18 identities (189.84536ms)
✔ real court regression: male/aro against 18 identities (33.885224ms)
✔ real court regression: male/questioning against 18 identities (131.580574ms)
✔ real court regression: female/straight against 18 identities (65.850001ms)
✔ real court regression: female/gay against 18 identities (66.554668ms)
✔ real court regression: female/bi against 18 identities (112.619246ms)
✔ real court regression: female/pan against 18 identities (170.883392ms)
✔ real court regression: female/aro against 18 identities (24.548953ms)
✔ real court regression: female/questioning against 18 identities (150.399775ms)
✔ real court regression: nonbinary/straight against 18 identities (106.913165ms)
✔ real court regression: nonbinary/gay against 18 identities (73.190912ms)
✔ real court regression: nonbinary/bi against 18 identities (120.864754ms)
✔ real court regression: nonbinary/pan against 18 identities (139.187826ms)
✔ real court regression: nonbinary/aro against 18 identities (32.422732ms)
✔ real court regression: nonbinary/questioning against 18 identities (156.852722ms)
✔ new court after a gay male becomes female uses both participants current genders (40.691504ms)
✔ completed relationships can reconcile and stay reconciled after save/load without changing targets (60.893929ms)
✔ a normal tick crossing stage 8 completes once and a non-clownfish never changes gender (28.404619ms)
✔ finished lives retain the recorded identity when an old save is loaded (61.460997ms)
✔ old compatibility cleanup cannot delete a partner before the clownfish migration makes them compatible (108.544244ms)
✔ sex change during a minigame is announced after returning to the home screen (23.992ms)
✔ a same-tick elder achievement cannot replace the completed sex-change notice (21.692815ms)
✔ stage-7 notice waits until finished minigame results have been readable (29.804447ms)
✔ newborn clownfish hatch male for a binary roll and save that identity (26.012729ms)
✔ a transition notice waits behind transformation choices and survives choosing to stay (41.135175ms)
✔ pre-v2 compatibility migration leaves finished clownfish relationships and logs unchanged (96.91861ms)
✔ pre-v2 infinite return relationship migration is complete before the first return (127.206785ms)
✔ a same-tick marriage anniversary leaves the transition notice for after the movie (84.784386ms)
✔ comment text reuses matching illustrations and escapes arbitrary text (151.692041ms)
✔ whole emoji sequences stay intact and unrelated food keeps its meaning (32.750197ms)
✔ speech shows the current actor illustration and leaves conversation and saves unchanged (16.869261ms)
✔ notices retain their scroll position until the actual message changes (18.982069ms)
✔ event text, captions and birthday notices use the same inline presentation (34.640347ms)
✔ birthday and milestone symbols depict their own objects without unrelated atlas substitutes (14.431883ms)
✔ all 26 companions and 18 partners keep their own speech portraits (163.28994ms)
✔ comment image failure stays local and works for newly inserted pictures (21.489103ms)
✔ pet reaction notices keep their words and identify the actual pet with its PNG (37.40405ms)
✔ normal egg reserves an unraised species without changing this life or spending stock (117.071849ms)
✔ normal egg blocks an exhausted pool and cannot borrow from the other pool (30.508864ms)
✔ rare egg reserves an unraised species without changing this life or spending stock (16.099006ms)
✔ rare egg blocks an exhausted pool and cannot borrow from the other pool (20.87912ms)
✔ one reservation blocks all rerolls; cancellation never duplicates either stock (44.096609ms)
✔ reservation and unused stock survive reload, infinite return and next life; five taps consume once (112.557006ms)
✔ funded legacy reservation keeps an already raised species through migration and hatch (63.986241ms)
✔ old discovered species seed the unraised pool while new temporary discoveries do not (34.964729ms)
✔ malformed or unfunded reservations never grant their species or negative stock (212.064633ms)
✔ infinite mode cannot reserve or hatch a funded egg (15.782786ms)
✔ existing milestone egg grants use new stock once and never revive old dream fields (19.674968ms)
✔ normal purchase reserves secretly once; cancel/re-reserve/reload never refunds or clones (88.738733ms)
✔ normal reserve without stock cannot purchase and unavailable purchase cannot charge (22.189844ms)
✔ rare purchase reserves secretly once; cancel/re-reserve/reload never refunds or clones (46.851348ms)
✔ rare reserve without stock cannot purchase and unavailable purchase cannot charge (19.903954ms)
✔ central egg controls are removed from real HTML and runtime listeners (7.662577ms)
✔ normal egg card has exactly one state-appropriate action and owned stock cannot be repurchased (144.692508ms)
✔ rare egg card has exactly one state-appropriate action and owned stock cannot be repurchased (157.440402ms)
✔ friend tickets list active-unjoined normal and rare companions without spending before confirmation (153.366435ms)
✔ confirming a companion ticket opens the normal invitation and stale confirmation does not spend (31.32553ms)
✔ cancel and no candidate leave friend stock untouched (33.005392ms)
✔ match ticket lists exactly the mutually attracted candidates for male female and nonbinary pets, including seen candidates (45.052726ms)
✔ match confirmation calls one candidate to the current region without changing world tables or creating a partner (25.168472ms)
✔ match confirmation revalidates partner while calls survive introductions and clear on travel (176.06536ms)
✔ match confirmation revalidates stock and a local-home display transition keeps the paid call (26.518044ms)
✔ a called match survives save reload in the same region (40.741631ms)
✔ confirming either companion ticket leaves the shop so its invitation is reachable (45.733767ms)
✔ time tickets change only the adjacent visual stage for five real minutes (157.128459ms)
✔ time tickets enforce the first and eighth actual-stage boundaries (50.379888ms)
✔ a temporary form survives reload without extending and clears on a real stage change (58.735315ms)
✔ dex tickets offer exactly all ordinary and eight rare forms and stale choices do not spend (82.815288ms)
✔ transform tickets fund three legal candidates and favor species never raised (22.258257ms)
✔ transform tickets supplement experienced candidates and reject stale or unavailable selections (20.084998ms)
✔ legacy discovery seeds raised species once without later temporary discoveries (67.100384ms)
✔ an actual transformation clears a temporary appearance (29.785769ms)
✔ ticket candidates cannot transform through the ordinary overlay without spending stock (31.403238ms)
✔ reloading an open transform ticket keeps stock and restores no ordinary offer (29.570003ms)
✔ dex picker hides every unknown form including markup and reveals only after selection (59.519962ms)
✔ life medicine refills only life and can be used again after life falls (130.538435ms)
✔ life medicine at full life or outside a living finite life does not consume (181.857356ms)
✔ life charm automatically prevents actual death without changing its causes (58.991057ms)
✔ a real dying tick spends one charm at the death boundary (22.910573ms)
✔ the tick reaching age one hundred enters farewell before charm consumption (18.795317ms)
✔ life charm waits through grace and is never spent for farewell or infinity (20.103876ms)
✔ life charm is automatic and has no manual use control (22.104124ms)
✔ retired consumables have no sale, use, or active-effect behavior (20.097177ms)
✔ shop orders all twelve consumables by the approved catalog (24.277669ms)
✔ final consumable catalog publishes exactly the twelve approved products (1.540341ms)
✔ legacy stock converts or refunds once before retired IDs are filtered (1.045232ms)
✔ every retired stock ID refunds its old unit price and purchase history adds nothing (0.615371ms)
✔ authoritative lifetime bag prevents live and snapshot copies from duplicating refunds (0.636824ms)
✔ invalid counts and unsafe sums cannot create unsafe money or stock (0.433276ms)
✔ deduplicates prepaid reservations across live and infinite snapshots (0.332413ms)
✔ separately paid small and great minigame reservations refund both once (1.621104ms)
✔ one logical minigame reservation refunds only its highest evidenced tier (0.483702ms)
✔ pending funded reservations add no refund beyond their bag stock (0.289017ms)
✔ active and partly used effects end without refund while a fully unused sickness shield refunds once (0.50894ms)
✔ a partially used sickness snapshot overrides a duplicate fully unused snapshot (0.253483ms)
✔ old court-big compatibility pays 350 once and is cleared even with flags (0.201605ms)
✔ reserved dream species survives conversion and reload-shaped normalization (4.786154ms)
✔ already migrated saves and return snapshots clear obsolete effects without credit (0.275987ms)
✔ a funded old Lucky pending item is cleared without duplicating its bag stock (0.187534ms)
✔ malformed migration markers cannot skip conversion (0.337751ms)
✔ registry sizes: species 31 (22 normal + 8 rare + 1 secret, 8 stages each = 248), companions 26, partners 18, legends 5 (103.752271ms)
✔ the secret species comes from master.playerSpecies.secret; the ren fallback is only for a missing master (6.278953ms)
✔ every full registry table holds exactly the master ids (plus its pinned legacy rows) (276.599459ms)
✔ every intentionally partial table is exactly its audited subset (25.143169ms)
✔ legacy rows are pinned and never leak into the current canonical sets (7.481638ms)
✔ alias destinations are canonical, and alias keys are canonical or retired (1.683418ms)
✔ species aliases: dex counts and the dex "found" display agree (raw → alias → registered) (35.439957ms)
✔ cast-bounds covers every current species stage, companion, partner, the author and egg frames (0.900233ms)
✔ images: every master species has 8 stages whose asset is <id>/01..08.png and whose label matches master (0.775163ms)
✔ GOAL_TIER_IDS is the single tier map: id ↔ ordinal both ways, and every per-tier table follows it (6.51502ms)
✔ ENDING_CELEBRATIONS still lacks the perfect tier: a known open gap, not the spec (7.430656ms)
✔ save ordinals are unchanged: endingTiersReached stays the ints 0..4 and the tier logic returns the same numbers (82.0564ms)
✔ remove-it: a species added to master but forgotten in one table is named with its table; typo, extra and retired ids too (82.904133ms)
✔ initial decoration preserves all text, existing elements and listeners (5.082312ms)
✔ token auditing keeps joined, modified, flag and keycap glyphs whole (1.363223ms)
✔ unknown whole sequences remain unchanged even when a component is known (0.915436ms)
✔ editing controls and existing illustration subtrees remain untouched (1.15598ms)
✔ later added subtrees and character edits are decorated without rescanning unaffected text (2.563009ms)
✔ nodes removed before observer delivery are ignored (1.135438ms)
✔ the current actor marker passes through the same display resolver (1.24192ms)
✔ daily and Lucky payouts stay independent with null (136.202649ms)
✔ daily and Lucky payouts stay independent with star (32.50169ms)
✔ Star does not multiply either side of a duel settlement (45.640646ms)
✔ five warming taps show progressive egg art and hatch once at the existing boundary (142.2823ms)
✔ each saved egg resumes its crack stage without replaying a touch reaction (230.771074ms)
✔ reload immediately after the fifth tap keeps the same newborn and one birth record (32.830498ms)
✔ reset during the hatch effect cannot alter or decorate the replacement egg (20.10635ms)
✔ the egg itself can be warmed and newborn care remains available immediately (41.39472ms)
✔ all 30 legal dream species keep their stable identity and first-form artwork (672.269789ms)
✔ a failed egg image uses the existing emoji fallback and can still hatch (21.323913ms)
✔ finished reactions are removed and cannot replay when returning from a minigame (45.731383ms)
✔ cancelled hatch animation is cleaned before an immediate minigame return (49.285982ms)
✔ reduced motion shows the correct egg and newborn without a pending reveal (20.609061ms)
✔ home derives emotion without adding saved emotion fields (116.577546ms)
✔ rendering and running an emotion cue leave the serialized save unchanged (19.196192ms)
✔ home emotion follows canonical priority and pet availability (25.38569ms)
✔ persistent cue moves only the main pet and its accessory (16.307191ms)
✔ 26 companions stay still during the main pet hungry cue (54.027759ms)
✔ 26 companions stay still during the main pet sulk cue (40.234193ms)
✔ critical life cancels a running persistent cue and stays still (14.76057ms)
✔ critical life suppresses both ordinary idle sources while keeping critical UI (14.733559ms)
✔ ordinary render does not interrupt a real care reaction (15.573019ms)
✔ real feed starts with munch (18.512447ms)
✔ real wake keeps stretch for a sleepy randomized line (19.415605ms)
✔ real wrong medicine starts with shake (16.631752ms)
✔ real annoyed play starts with settle (25.75522ms)
✔ feed adds one pet-only gentle bounce after munch when hunger is cleared (17.613187ms)
✔ feed returns to the latest hungry profile without a happy afterglow (16.898085ms)
✔ feed afterglow rechecks raw hunger at callback time (33.273508ms)
✔ feed afterglow rechecks raw pet availability at callback time (48.031795ms)
✔ cured medicine settles first and then adds one pet-only bounce (26.566668ms)
✔ a newer care action invalidates the old feed afterglow (22.428255ms)
✔ a newer semantic event invalidates the old feed afterglow (21.643747ms)
✔ leaving home invalidates a feed afterglow even after returning (87.188703ms)
✔ feed afterglow waits for existing companion conversation beats (19.284716ms)
✔ critical life and reduced motion suppress care afterglow movement (32.191691ms)
✔ critical life suppresses cured medicine afterglow (38.769672ms)
✔ other semantic care reactions finish without an added happy afterglow (88.595806ms)
✔ normal state cancels the old profile timer before it can fire (16.064383ms)
✔ non-normal emotion excludes the pet from ordinary idle while companions continue (23.247835ms)
✔ non-normal emotion excludes autonomous pet greetings but keeps social greetings (46.145419ms)
✔ egg blocks a pending persistent cue (58.936529ms)
✔ farewell blocks a pending persistent cue (20.00683ms)
✔ dead blocks a pending persistent cue (21.294628ms)
✔ sleeping blocks a pending persistent cue (20.540578ms)
✔ transform blocks a pending persistent cue (20.190127ms)
✔ menu blocks a pending persistent cue (19.408885ms)
✔ minigame blocks a pending persistent cue (21.07769ms)
✔ story blocks a pending persistent cue (18.276251ms)
✔ hidden tab blocks a pending persistent cue (20.796735ms)
✔ story opening immediately cancels an active persistent cue (21.007003ms)
✔ menu cancels an active persistent cue and the current state restarts after return (24.433694ms)
✔ story cancels an active persistent cue and the current state restarts after return (19.448223ms)
✔ minigame cancels an active persistent cue and the current state restarts after return (57.163063ms)
✔ hidden tab cancels an active persistent cue and the current state restarts after return (18.580095ms)
✔ returning from a hidden tab schedules the current profile again (21.358835ms)
✔ reduced motion retains the derived state without starting a cue (19.735218ms)
✔ switching to reduced motion stops a running persistent cue (19.546843ms)
✔ reduced motion suppresses persistent and afterglow movement but retains the warning icon (40.771345ms)
✔ normal idle perk callback does not preempt a pending care afterglow (28.427754ms)
✔ normal idle perk callback does not preempt an active care afterglow (21.444355ms)
✔ normal idle greeting callback does not preempt a pending care afterglow (18.900254ms)
✔ normal idle greeting callback does not preempt an active care afterglow (18.212674ms)
✔ static script exposes the pure resolver on window (3.045269ms)
✔ resolve returns every approved emotion profile (0.439726ms)
✔ resolve follows the approved visible priority (0.258952ms)
✔ worsening tiredness never increases cue cadence (0.215656ms)
✔ non-playable and sleeping signals resolve to normal (0.277821ms)
✔ resolve does not mutate its input or share returned profile objects (0.29089ms)
✔ sodachi 20 to 100 costs 1,500-1,800 growth and 20 to 70 costs under 800 (126.882929ms)
✔ sleeping from empty takes roughly 3-12 seconds of recovery steps (46.300524ms)
✔ an S-rank result grants a growth boost that doubles growth and decays per tick (31.8998ms)
✔ game length: normal difficulty runs at face value, easy adds 20%, short mode trims games of 20s or more (23.138459ms)
✔ life recovers during ordinary care and faster when everything is above 60 (15.030358ms)
✔ a full transform meter opens the transform choice right after the game, with no lottery (34.996756ms)
✔ the same environment + seed + pinned clock gives the same time, weather, season and randomness on any host clock and TZ (596.396982ms)
✔ with environment: 'auto' the result follows the host clock (the test detects the difference) (1130.040913ms)
✔ hostEnvironmentClock alone makes the time of day follow the harness clock instead of the host clock (431.69756ms)
✔ the flaky "entering meguru" scene is reproducible with the options on any host clock and TZ (2728.165066ms)
✔ one generator feeds the page Math.random (from boot) and meguru (192.454833ms)
✔ default harness(): fixed day/sunny environment (RH-6), native random, unpinned new Date(), harness Date.now() (78.246412ms)
✔ a manual time/weather mode still wins over environment, and the undersea/starry regions keep no weather (36.940769ms)
✔ the deterministic preset pins environment, host clock, seed and date; explicit options win (86.895958ms)
✔ the weather labels the harness returns match world-environment.js (0.547969ms)
✔ one-finger drags cannot pan the home, including a drag starting on a care button (100.876653ms)
✔ long text can scroll in both directions but cannot drag the home past its edges (20.097728ms)
✔ pinch zoom and panning an enlarged view remain available (18.929239ms)
✔ menus, minigames and life records keep their gestures and returning home restores the lock (48.005644ms)
✔ home touch setup leaves the home height available after the fun strip retirement (29.604275ms)
✔ approved hunger profile covers exactly 31 playable growth lines and all 248 stages (1.388281ms)
✔ hunger category resolver does not silently fallback for unsupported or malformed assets (0.170668ms)
✔ all 248 hungry displays use the approved food artwork, including life-stage overrides (6.661552ms)
✔ mushroom07 hunger bubble separates from spores without moving other state marks (0.51539ms)
✔ every shipped UI/game emoji has an illustrated display definition (176.878184ms)
✔ the exact actor and generic game props are separate, and saves stay untouched (17.975896ms)
✔ every minigame maps to one of the intro demo kinds, and the kinds are varied (136.868192ms)
✔ the intro card carries a demo canvas tagged with the demo kind (40.391991ms)
✔ swipe thresholds are unified through MG_SWIPE_MIN and hold timing through MG_HOLD_PROFILES (60.63687ms)
✔ the result toast offers a retry button that restarts the same game (55.42348ms)
✔ the result toast has no retry button before any game was played (17.581979ms)
✔ the intro card shows for the first three plays and the help overlay works any time (31.842592ms)
✔ steps pad fires the moment a direction is clear, once per flick, without waiting for release (17.198499ms)
✔ turn-based steps pad needs a longer drag for the second cell in the same direction (20.891779ms)
✔ delta pad glides at the pad edge while pushing outward and stops when the finger comes back (13.909961ms)
✔ vector pad keeps the direction of the real movement, not the wobble when the finger stops (13.775158ms)
✔ the unified manifest gives every one of the 27 item identities a dedicated normalized PNG (500.662322ms)
✔ shop, home, consumables and item stickers use semantic unified art (168.694241ms)
✔ a unified image failure reveals only its semantic fallback without changing state (23.03289ms)
✔ the unified shop art frame is 40px while the home accessory keeps its inherited frame (0.365073ms)
✔ retired hat uses the ordinary transform rate and needs four games (141.979081ms)
✔ retired hat has no game effect in a start snapshot (75.987012ms)
✔ retired energy1 has no game effect in a start snapshot (87.064928ms)
✔ retired glasses has no game effect in a start snapshot (74.455265ms)
✔ retired crown has no game effect in a start snapshot (97.897434ms)
✔ retired flower has no game effect in a start snapshot (65.608826ms)
✔ retired crown cannot rescue zero health but the existing miracle still works (13.8021ms)
✔ crown does not bypass normal two minute life warning or rescue life death (14.597923ms)
✔ retired crown snapshot cannot reduce failed-game life damage (23.041182ms)
✔ star pays ordinary success immediately and never adds a delayed set reward (24.376814ms)
✔ star menu describes immediate ordinary-success coins without stamp or waiting UI (27.148838ms)
✔ ordinary score 0, equipment null -> null pays 0 (23.199261ms)
✔ ordinary score 0, equipment star -> null pays 0 (28.59045ms)
✔ ordinary score 0, equipment null -> star pays 0 (22.922883ms)
✔ ordinary score 29, equipment null -> null pays 0 (55.032448ms)
✔ ordinary score 29, equipment star -> null pays 0 (18.433869ms)
✔ ordinary score 29, equipment null -> star pays 0 (20.510752ms)
✔ ordinary score 30, equipment null -> null pays 30 (15.072982ms)
✔ ordinary score 30, equipment star -> null pays 90 (15.599248ms)
✔ ordinary score 30, equipment null -> star pays 30 (16.633494ms)
✔ ordinary score 69, equipment null -> null pays 30 (19.486062ms)
✔ ordinary score 69, equipment star -> null pays 90 (14.955434ms)
✔ ordinary score 69, equipment null -> star pays 30 (16.080216ms)
✔ ordinary score 70, equipment null -> null pays 60 (40.897296ms)
✔ ordinary score 70, equipment star -> null pays 180 (19.790722ms)
✔ ordinary score 70, equipment null -> star pays 60 (33.862774ms)
✔ ordinary score 100, equipment null -> null pays 60 (22.740676ms)
✔ ordinary score 100, equipment star -> null pays 180 (15.161617ms)
✔ ordinary score 100, equipment null -> star pays 60 (15.228228ms)
✔ quick-run score 0 retains base 0 with null (18.474701ms)
✔ quick-run score 0 retains base 0 with star (36.850071ms)
✔ quick-run score 50 retains base 0 with null (30.043405ms)
✔ quick-run score 50 retains base 0 with star (25.192067ms)
✔ quick-run score 70 retains base 0 with null (24.827425ms)
✔ quick-run score 70 retains base 0 with star (40.098087ms)
✔ quick-solo score 0 retains base 0 with null (17.797616ms)
✔ quick-solo score 0 retains base 0 with star (23.677025ms)
✔ quick-solo score 50 retains base 0 with null (20.531293ms)
✔ quick-solo score 50 retains base 0 with star (36.683229ms)
✔ quick-solo score 70 retains base 0 with null (29.940699ms)
✔ quick-solo score 70 retains base 0 with star (37.178999ms)
✔ game pass applies exactly ordinary score-50 care and 30 coins without starting a game (18.338484ms)
✔ game pass preserves all real-play records, consumable reservations and Lucky stock (18.821786ms)
✔ egg menu reserves random new stock, hides the species and consumes once across reload (181.305013ms)
✔ invalid or unavailable hatch reservation clears without spending; growing pets can reserve (20.345172ms)
✔ duplicate stickers stay as copies and stop at the nine-copy cap (23.619377ms)
✔ theme costs 60 and draws only chosen category with the secret gate; ordinary stays 30/3 (86.078435ms)
✔ legacy sticker counts and positions merge idempotently without replacing character history (19.057973ms)
✔ sticker catalog offers all current items while retaining other collection categories (13.708838ms)
✔ duel host win: both reserve, purchases cannot spend stake, settlement/reload/replay is exact once (98.492754ms)
✔ duel guest win: both reserve, purchases cannot spend stake, settlement/reload/replay is exact once (103.080128ms)
✔ duel draw: both reserve, purchases cannot spend stake, settlement/reload/replay is exact once (75.991129ms)
✔ unpublished cancel refunds once; published abandonment forfeits and close/new life preserve stake (28.416557ms)
✔ old unfunded progress terminates without minting while completed old matches retain money/statistics (19.76274ms)
✔ repeated hatch callback does not change an already committed newborn (19.781138ms)
✔ result-only close and rematch handlers cannot discard a reserved match (18.340347ms)
✔ infinite snapshot reload and return preserve live duel rather than resurrecting an earlier settlement (55.332653ms)
✔ duel spends available coins normally and still settles backed stakes (57.327768ms)
✔ different match IDs, old-format and duplicate-question codes never reserve or settle (63.690723ms)
✔ real sticker menu buys the selected category and has no point-exchange controls (36.173316ms)
✔ maxed stickers are excluded from pack draws (33.980048ms)
✔ host ID generation remains usable at a zero random draw (40.185719ms)
✔ completed legacy duels reopen as results, without a new unsupported settlement code (59.840326ms)
✔ real duel create, join, publish and import controls use the reserved transaction (75.615405ms)
✔ guest abandonment and full wipe cannot return a published stake (48.046136ms)
✔ age stage transition keeps its story and life log without coins (105.703968ms)
✔ birthday 41 keeps growth, decline relief and celebration without coins (17.215274ms)
✔ birthday 50 keeps growth, decline relief and celebration without coins (13.716169ms)
✔ birthday 90 keeps growth, decline relief and celebration without coins (14.495678ms)
✔ midlife 44 preserves its noncoin effect and one-time record (18.98309ms)
✔ midlife 50 preserves its noncoin effect and one-time record (13.841809ms)
✔ midlife 56 preserves its noncoin effect and one-time record (26.333475ms)
✔ midlife 62 preserves its noncoin effect and one-time record (20.874603ms)
✔ midlife 66 preserves its noncoin effect and one-time record (12.475381ms)
✔ sodachi 30 keeps milestone record and eggs, without coins (13.936803ms)
✔ sodachi 40 keeps milestone record and eggs, without coins (12.360468ms)
✔ sodachi 50 keeps milestone record and eggs, without coins (12.786491ms)
✔ sodachi 60 keeps milestone record and eggs, without coins (13.83576ms)
✔ sodachi 70 keeps milestone record and eggs, without coins (15.013672ms)
✔ sodachi 80 keeps milestone record and eggs, without coins (24.469163ms)
✔ sodachi 90 keeps milestone record and eggs, without coins (14.990808ms)
✔ sodachi 100 keeps milestone record and eggs, without coins (15.585208ms)
✔ home former coin moment still appears and records without paying (22.038865ms)
✔ desert former coin moment still appears and records without paying (30.650888ms)
✔ star_stop former coin moment still appears and records without paying (15.653451ms)
✔ environment callbacks ignore a latent money field while preserving noncoin effects (17.355718ms)
✔ memory lake still recalls life memories and recovers happiness without coins (28.445741ms)
✔ sticker tasks record completion once without points or coins (26.95808ms)
✔ offline 10 minutes preserves recovery and memory without money (20.088002ms)
✔ offline 60 minutes preserves recovery and memory without money (17.998049ms)
✔ offline 600 minutes preserves recovery and memory without money (17.877336ms)
✔ eligible gate legend keeps discovery, life log and movie without any care or coin reward (21.997932ms)
✔ eligible stairs legend keeps discovery, life log and movie without any care or coin reward (23.405153ms)
✔ eligible boss legend keeps discovery, life log and movie without any care or coin reward (15.933384ms)
✔ eligible lamp legend keeps discovery, life log and movie without any care or coin reward (15.908878ms)
✔ eligible mirror legend keeps discovery, life log and movie without any care or coin reward (16.000806ms)
✔ repeated legend trigger cannot create a second encounter in one life (35.506417ms)
✔ gate legend movie has no payout beat or footer (16.281341ms)
✔ stairs legend movie has no payout beat or footer (18.508572ms)
✔ boss legend movie has no payout beat or footer (15.951291ms)
✔ lamp legend movie has no payout beat or footer (14.907322ms)
✔ mirror legend movie has no payout beat or footer (14.909715ms)
✔ old claimed save retains balances, inventory and event claims across reload without repeat grants (34.101481ms)
✔ environment guidance keeps care coefficients but removes obsolete game coin modifiers (17.208224ms)
✔ retirement refunds stock and tool ownership exactly once, never history or duplicate reservations (1.584889ms)
✔ legacy tool use counts as ownership only before the original item migration (0.348438ms)
✔ retirement preserves shared memories and cooldowns while removing fun-only records and sticker placements (1.05037ms)
✔ retired items cannot be bought, granted, used or selected as stickers; equipment completion ignores stale ids (105.063093ms)
✔ refund survives reload, new lives and infinite return without reviving old reservations (49.93862ms)
✔ great games retain coins and offline visits retain recovery without granting retired items (24.210231ms)
✔ infinite snapshots and retired achievement metadata are cleared without extra compensation (0.337321ms)
✔ dedicated reward inventory is retired and legacy reward stock is discarded (125.75873ms)
✔ milestone eggs are granted once even after spending, without coins (18.301508ms)
✔ ordinary completion pays thirty coins (17.346974ms)
✔ daily completion adds one Lucky inventory without a reservation (24.370654ms)
✔ invalid stock cannot be spent and normalization does not create wealth (46.106255ms)
✔ module validates transactions and persists structured memories without retired cooldown APIs (17.01407ms)
✔ normal equipment catalog contains only the final ten products (35.503904ms)
✔ normal equipment poop1 has its final catalog price and shop price (19.466271ms)
✔ normal equipment poop1 has its final catalog and shop description (14.426975ms)
✔ normal equipment sleepboost1 has its final catalog price and shop price (16.963804ms)
✔ normal equipment sleepboost1 has its final catalog and shop description (15.713833ms)
✔ normal equipment bowtie has its final catalog price and shop price (18.167516ms)
✔ normal equipment bowtie has its final catalog and shop description (34.203265ms)
✔ normal equipment ribbon has its final catalog price and shop price (15.670677ms)
✔ normal equipment ribbon has its final catalog and shop description (21.15692ms)
✔ normal equipment scarf has its final catalog price and shop price (41.182367ms)
✔ normal equipment scarf has its final catalog and shop description (19.047107ms)
✔ normal equipment travel1 has its final catalog price and shop price (15.868697ms)
✔ normal equipment travel1 has its final catalog and shop description (15.689165ms)
✔ normal equipment partner1 has its final catalog price and shop price (23.20198ms)
✔ normal equipment partner1 has its final catalog and shop description (17.14612ms)
✔ normal equipment bond1 has its final catalog price and shop price (18.709446ms)
✔ normal equipment bond1 has its final catalog and shop description (16.720436ms)
✔ normal equipment gamepass1 has its final catalog price and shop price (17.425502ms)
✔ normal equipment gamepass1 has its final catalog and shop description (21.178944ms)
✔ normal equipment star has its final catalog price and shop price (18.082908ms)
✔ normal equipment star has its final catalog and shop description (18.140575ms)
✔ normal equipment V2 retains all nine continuing IDs with no price difference charged (215.323007ms)
✔ backpack removes travel hunger and energy costs but does not prevent fatigue (109.942363ms)
✔ retired lantern UI and stale clicks never create light scenes or cooldowns (20.794322ms)
✔ legacy light data is ignored safely: [{"key":"lantern:1","event":"lantern","text":"old light"}] (34.631813ms)
✔ legacy light data is ignored safely: null (43.565244ms)
✔ legacy light data is ignored safely: "broken" (96.770809ms)
✔ equipment reactions only occur for actual eligible care and active protection (58.604085ms)
✔ guest origin persists across appearance, reload and codes but differs for a new life (88.497757ms)
✔ court letters capture the real new partner and survive form changes and a new life (106.156884ms)
✔ danger-triggered ribbon recovery delivers readable feedback in both motion modes (41.900395ms)
✔ retired flowers leave court dialogue and care feedback without bonus reactions (186.635684ms)
✔ ineligible ribbon ticks and mismatched court do not claim equipment effects (15.815476ms)
✔ V2 equipment feedback waits for an existing conversation and never replaces critical care (27.472984ms)
✔ a pending equipment line does not follow a reset into another life (21.703407ms)
✔ game pass clears daily and companion context without completing either, including the next real game (22.738854ms)
✔ V2 paper clears every poop at the danger threshold without manual-care credit (158.034167ms)
✔ V2 pillow makes sleep an immediate full-energy action (51.76898ms)
✔ V2 bowtie automatically fills hunger when the normal danger band is reached (20.254875ms)
✔ V2 ribbon automatically fills happiness when the normal danger band is reached (33.448734ms)
✔ V2 disease equipment automatically cures sickness without pretending it was a manual medicine tap (65.859616ms)
✔ V2 automation equipment no longer keeps the old passive percentage reductions (103.028404ms)
✔ retired dedicated reward inventory has no production UI or runtime path (5.922594ms)
✔ V2 backpack makes ordinary travel cost zero hunger and zero energy while fatigue still applies (173.636641ms)
✔ V2 star badge triples only the ordinary minigame success coin payout (63.568058ms)
✔ V2 love letter restores partner affection to max at the danger threshold (21.373748ms)
✔ V2 friend badge restores companion bond to max at the danger threshold (21.640882ms)
✔ retired star and reunion state is discarded without changing companion records (14.288395ms)
✔ friend badge no longer offers a reunion game or retired lantern actions (33.329754ms)
✔ social equipment preserves ordinary decay and does not automate relationship decisions or award records (58.051978ms)
✔ star badge triples great-result coins and leaves failed-result at zero (75.309879ms)
✔ retired energy1 does not soften ordinary care decay (24.864832ms)
✔ retired crown does not soften ordinary care decay (52.122385ms)
✔ life card and received life code show the recorded woman, not a system emoji (131.552208ms)
✔ overlapping stage names and chosen infinite forms retain their recorded portraits (26.364832ms)
✔ leaving current location restores the home-region label after presentation caching (24.327508ms)
✔ legacy life timeline resolves stage labels and keeps unrelated log strings escaped (21.158653ms)
life-stage profiles: ok
✔ tests/life-stage-profiles-test.cjs (90.852141ms)
✔ static script exposes the locality resolver on window (9.413657ms)
✔ known municipalities resolve to their curated scenery profiles (0.989537ms)
✔ prefecture-aware matching does not confuse same-named wards or conflicting cities (0.159532ms)
✔ explicit Osaka city wards are metropolitan without capturing other cities or bare wards (0.15184ms)
✔ unknown municipalities use a general town image without claiming local geography (0.285342ms)
✔ sanitizeLocality rejects malformed values and removes unapproved saved fields (0.212441ms)
✔ reload restores saved municipal scenery without requesting GPS (110.140493ms)
✔ unknown saved municipalities describe the neutral generated town image (23.585706ms)
✔ malformed saved locality is discarded and cannot activate current-location scenery (16.066055ms)
✔ a successful selection saves only display-safe locality fields (33.165394ms)
✔ failed refresh keeps saved scenery selected and a later explicit retry can replace it (31.125157ms)
✔ an observed municipality is offered for selection when another region remains displayed (17.354966ms)
✔ an invalid live municipality falls back to the sanitized saved selection (16.072996ms)
✔ manual refresh of a selected locality persists and reloads the new municipality (34.421465ms)
✔ a canceled manual refresh cannot replace or render over the selected locality (17.141253ms)
✔ explicit home selection clears only the current-location presentation (18.639841ms)
✔ pending current-location selection cannot override a later travel choice (38.443973ms)
✔ Lucky catalog and shop offer 300 coin immediate roulette (132.790678ms)
✔ roulette draw 0 immediately pays 10 (23.387807ms)
✔ roulette draw 0.14999999999999977 immediately pays 10 (20.564253ms)
✔ roulette draw 0.15 immediately pays 20 (21.385431ms)
✔ roulette draw 0.34999999999999976 immediately pays 20 (42.998727ms)
✔ roulette draw 0.35 immediately pays 50 (35.074152ms)
✔ roulette draw 0.5999999999999998 immediately pays 50 (28.645533ms)
✔ roulette draw 0.6 immediately pays 100 (21.44734ms)
✔ roulette draw 0.7999999999999998 immediately pays 100 (25.533224ms)
✔ roulette draw 0.8 immediately pays 500 (21.167876ms)
✔ roulette draw 0.9199999999999998 immediately pays 500 (22.480322ms)
✔ roulette draw 0.92 immediately pays 1000 (24.748927ms)
✔ roulette draw 0.9899999999999998 immediately pays 1000 (22.990645ms)
✔ roulette draw 0.99 immediately pays 10000 (50.506274ms)
✔ roulette draw 0.9999999999999998 immediately pays 10000 (16.16881ms)
✔ roulette independent of equipment null (15.654763ms)
✔ roulette independent of equipment poop1 (37.223176ms)
✔ roulette independent of equipment sleepboost1 (14.935935ms)
✔ roulette independent of equipment bowtie (16.202461ms)
✔ roulette independent of equipment ribbon (17.643613ms)
✔ roulette independent of equipment scarf (16.387362ms)
✔ roulette independent of equipment travel1 (15.817338ms)
✔ roulette independent of equipment partner1 (17.068543ms)
✔ roulette independent of equipment bond1 (15.82463ms)
✔ roulette independent of equipment gamepass1 (18.288218ms)
✔ roulette independent of equipment star (15.515952ms)
✔ legacy reservation migration false,false is once across reload reset infinite return (98.014231ms)
✔ legacy reservation migration true,false is once across reload reset infinite return (85.318616ms)
✔ legacy reservation migration false,true is once across reload reset infinite return (64.610605ms)
✔ legacy reservation migration true,true is once across reload reset infinite return (102.096078ms)
✔ ordinary result 0 never spends Lucky stock or boosts reward (36.947924ms)
✔ ordinary result 50 never spends Lucky stock or boosts reward (31.101801ms)
✔ ordinary result 95 never spends Lucky stock or boosts reward (49.428097ms)
✔ runtime has no Lucky reservation or doubled-reward code (17.116435ms)
✔ Quick mixed never spends stock or changes Lucky payout (98.52348ms)
✔ Quick knock never spends stock or changes Lucky payout (19.572096ms)
✔ Quick tickle never spends stock or changes Lucky payout (23.461338ms)
✔ duel settlement and Lucky payout are independent (48.853217ms)
✔ spent reservation recovery never reappears after save and return (159.267665ms)
(node:527) [MODULE_TYPELESS_PACKAGE_JSON] Warning: Module type of file:///workspace/scratch/b7dafe93b718/naotocchi/vendor/three-0.170.0/three.module.min.js is not specified and it doesn't parse as CommonJS.
Reparsing as ES module because module syntax was detected. This incurs a performance overhead.
To eliminate this warning, add "type": "module" to /workspace/scratch/b7dafe93b718/naotocchi/package.json.
(Use `node --trace-warnings ...` to show where the warning was created)
✔ AD-1. scene dressing の 契約: 3D だけ・あたり なし・ふんで とおれる・群生(2〜8)・道 / spot / かたい 物 / 水 には おかない (11524.885495ms)
✔ AD-2. 配置は「空いた ところに 均一に 置く」では なく 群生 + 意図した 余白: 道ばたの 帯(roadside)と ます目(grid)の 両方・余白が ある (2.203806ms)
✔ AD-3. remove-it: 2D の world と corridor には dressing が ない(3D だけ)。cover を 外した profile では 群生 0 (506.297931ms)
✔ AD-4. 花は 地域に あった いろ・場所: home / forest / jungle / countryside に 花の 群生、しんかい / ゆき には 花 なし、さばくは オアシスの まわり だけ (4.276211ms)
✔ AD-5. Tree v3: 針葉樹 4〜5 段(明暗・下ほど ひろい)、広葉樹は かたまり 2〜5(明 / 中 / 暗)、ヤシは は 5〜8(はばは 長さに 比例) (1.78437ms)
✔ AD-6. gate: もり と ジャングルは 1 まいの 絵で 見わけが つく(葉の palette・きりの いろ・ジャングル だけ 大きな は / つる / 根もとの 下草 / lowPoly) (2.474626ms)
✔ AD-7. Building v4: family ごとの かたまり・屋根の かたち(切妻 / 寄棟 / 平ら)・のき・土台・入口 と まど・かたまりの 足し(ポーチ / 出窓 / 縁側 / はなれ / ベランダ / 煙突 / ひさし)・シルエット 高さ / はば ≤ 1.5 (6.09202ms)
✔ AD-8. city scene: 低層 / 中層 / 高層の まざり・灰 だけで ない いろ・みせ(ガラス + ひさし + 看板 + たて看板)・路地の かべも 正面を もつ・高さは 床の 5.5 倍まで (3.996448ms)
✔ AD-9. city の 小物: 自転車・自販機は 3D の かたち(unresolved なし)。街路樹・信号・横断歩道・電柱は そのまま (0.66076ms)
✔ AD-10. いけがき は 箱では なく まるい しげみの れつ(あたりの 箱の なか・あたまより 下) (0.399535ms)
✔ AD-11. 水の 統合: 川は なめらかに 曲がり はばが ゆれる(riverCurve・pure)。見た目の 水は あたりの 帯の 内がわ。川岸に 石 / あし / 草 / 花の 帯 (34.632104ms)
✔ AD-12. Bridge v4: 交わりに かかる(ながさ ≥ 水の はば)・床の 上面は 水面より 上・床より 下から ささえる 橋脚 / 橋台・種類で かたちが ちがう (0.919852ms)
✔ AD-13. さばくの サボテンは 大きく 4 種(柱・枝分かれ・まる・むれ)。オアシスの まわりは 花 で 対比 (0.456631ms)
✔ AD-14. 光: 明るい fill と 方向光で 面を 分ける・岩 / がけの 明るさ と 地域 palette を 保つ (0.319433ms)
✔ AD-15. 箱庭の 比率: ビルは 床の 5.5 倍まで、大木の 幹は あたりより ほそい、花 / しげみ / 街の 小物は 見える 大きさ、まど / 入口は 家に 対して 小さい (2.699946ms)
✔ AD-16. density gate: 代表 spot(各地域 最初の ひろば)から 前景(〜250)/ 中景(250〜700)/ 遠景(700〜1800)の それぞれに 意味の ある 物が 1 つ いじょう。道の 方向は 読める(道の 上に 物 なし) (116.857758ms)
✔ AD-17. Human QA gate の 記録: 13 地域 × 7 条件(ひと目で 地域・さびしく ない・箱っぽく ない・いろ・歩きたい・見どころ・前景 / 中景 / 遠景)が status doc に ある。main merge / Ready は しない (0.605947ms)
✔ AD-18. 原則だけ: Nintendo / どうぶつの森 固有の 名まえ・asset・模様は code にも doc にも 出てこない (3.916768ms)
(node:533) [MODULE_TYPELESS_PACKAGE_JSON] Warning: Module type of file:///workspace/scratch/b7dafe93b718/naotocchi/vendor/three-0.170.0/three.module.min.js is not specified and it doesn't parse as CommonJS.
Reparsing as ES module because module syntax was detected. This incurs a performance overhead.
To eliminate this warning, add "type": "module" to /workspace/scratch/b7dafe93b718/naotocchi/package.json.
(Use `node --trace-warnings ...` to show where the warning was created)
✔ v2-1. player の 絵は きりで 消えない: キャラの material は fog なし・frustum culling なし・きりの 遠端は player + 900 より 遠く (1.527391ms)
✔ v2-2. billboardVisible: 座標に いる のに 描かれない 状態(hidden / scale NaN / texture なし / きりの むこう)を 1 つの 判定で 見つける (33.214859ms)
✔ v2-3. すかしは 見た目の 半径(えだはり)で 判定し、線分より 低い 物は すかさない。あたりの 半径 だけの 旧 判定も そのまま 通る (0.643484ms)
✔ v2-4. ghost pool の 契約: 使った ものだけ visible、使わなかった ものは その frame で hidden、1 frame 使わなければ scene から はずす、pool は つかいまわす (1.814666ms)
✔ v2-5. レンダラーの 切りかえで ghost が のこらない: scene の 捨て(地域 / corridor)・3D → 2D(fallback / 2D の 地域)で clear、stats に ghost と player (0.715063ms)
✔ v2-6. corridor(地域の あいだの 道)は 3D で 描く: 10 本 × 2 方向 ぜんぶ 3D の 対象。飾りは ぜんぶ 意味の 表で 解決し(unresolved 0)、はしの いし だけ かたい (109.895031ms)
✔ v2-7. corridor の gameplay は かわらない: 帯の 左右と はしの いし の あたり、着く / もどる、party の 受けわたし、セーブ なし (73.86414ms)
✔ v2-8. しらせ: ふつうの spot と 地区は toast なし、ランドマークは quiet(左上の 静かな 強調)、ひみつ だけ toast。きろくは かわらない (1471.879689ms)
✔ v2-9. ちずの 表示 filter: ふつうの 池・休憩所・小さな 橋・通過点は 出さず、現在地・つながり・gate・ランドマーク・ひみつ・hub / ひろば は 出す。きろくと 分母は かわらない (1705.78184ms)
✔ v2-10. 帯(strip)の geometry は 1 まいに つながる: frame × lane の 頂点を 共有し、となりの frame と 面で つながる(池の ならび では ない) (1.364585ms)
✔ v2-11. 川(river_lake)= terrain.pts からの 1 本の 帯(岸つき)。帯に かくれる 池は おかない。しんかいの 谷も 1 本の 帯 (1576.814252ms)
✔ v2-12. 海(sea)/ 湖(memory_lake)= 岸線から 水平線まで 1 まいの 面(ぬれた 砂 → 浅瀬 → 沖)+ 岸の あわ。岸の むこうの 池は おかない (961.329941ms)
✔ v2-13. 水の 見た目は あたり(walkability)を かえない: 岸の clamp・池の あたり・橋は 2D と 同じ。水の 面は あたりを もたない (2647.359641ms)
✔ v2-14. Kit v2 の 原型: 昆布は 曲がった は(木 / 柱では ない)、遺跡は くずれた かべ、はしは いみ ごと、たてものは body + 屋根 + 入口 + まど (13925.360223ms)
✔ v2-15. Region Profile v2: 13 地域 ぜんぶに family(terrain / veg / arch / water / density / landmark / sky)。まちは palette で ビルの いろ と 階数が ばらつき、電柱が ある (5330.068418ms)
(node:551) [MODULE_TYPELESS_PACKAGE_JSON] Warning: Module type of file:///workspace/scratch/b7dafe93b718/naotocchi/vendor/three-0.170.0/three.module.min.js is not specified and it doesn't parse as CommonJS.
Reparsing as ES module because module syntax was detected. This incurs a performance overhead.
To eliminate this warning, add "type": "module" to /workspace/scratch/b7dafe93b718/naotocchi/package.json.
(Use `node --trace-warnings ...` to show where the warning was created)
✔ GA-1. 接地: 地面に つく parts は 足もとの いちばん ひくい 地面まで(斜面で 岩 / 盛り土 / 根 / 岸の 花が 浮かない)。13 地域 (13236.219796ms)
✔ GA-2. 小川 / 川 の 交わり: 橋の 交わり には 橋(床 > 水面・ながさ ≥ 水の はば)、そのほかは 飛び石。ランドマークの 橋は 交わりの 上に ある とき だけ うけもつ (0.46912ms)
✔ GA-3. 小川と 池を わける: ながれの 帯の 中に 池の 円盤(水の 小物)を おかない (0.281346ms)
✔ GA-4. Building v4: 塔の ような 家 なし(シルエット 高さ / いちばん ひろい はば ≤ 1.6、看板 / 屋根の はりだし を ふくむ) (0.359243ms)
✔ GA-5. 小物の 読みやすさ(props gate): 車 = 車輪・望遠鏡 = 3 本 足 + かたむいた 筒・像 = だい + からだ + あたま・かまくら = いりぐち・箱の 小物 = ひさし + 窓。絵文字の 立て看板 は のこって いない (10634.110766ms)
✔ GA-6. 季節 / 天気 は 2D の 正本に あわせる: 針葉樹の 雪 = ゆき の 地域 か 冬、山の 頂の 雪 = それ + 雪の 日、deepsea / star_stop は 地表の 季節 なし (5.215212ms)
✔ GA-7. 地域の 識別性(数で): いえ ≠ いなか(いなかは ひらけ +0.1 いじょう・構成の cosine < 0.75)、もり ≠ ジャングル(ジャングルは 見とおし せまく・高い 層・cosine < 0.6) (4398.664692ms)
(node:567) [MODULE_TYPELESS_PACKAGE_JSON] Warning: Module type of file:///workspace/scratch/b7dafe93b718/naotocchi/vendor/three-0.170.0/three.module.min.js is not specified and it doesn't parse as CommonJS.
Reparsing as ES module because module syntax was detected. This incurs a performance overhead.
To eliminate this warning, add "type": "module" to /workspace/scratch/b7dafe93b718/naotocchi/package.json.
(Use `node --trace-warnings ...` to show where the warning was created)
✔ GT-1. runtime P0(HQ-1 / HQ-2 / HQ-3): すかしは ray で ほんとうに 隠す 物 だけ・もとの いろ・大きな 物は うすく・ちらつかない・変わった instance だけ 送る (31.475086ms)
✔ GT-2. ray の 格子(pure): 線分が とおる ます目の instance だけ が 候補 (0.547228ms)
✔ GT-3. 予算(HQ-4): うすい 板は 1 まい・幹は ふたなし・mound は 下半分 なし・花の まんなか 8 三角形。透明 fade で けさない (0.925071ms)
✔ GT-4. Terrain v1(HQ-5): 意味の ある 起伏。道 / spot は 平ら、ひらけた ところ に 丘、小川は 谷、池は くぼ地、海は 水へ ひくく。ランダムな こぶ だけ では ない (7399.994159ms)
✔ GT-5. Creek / River v3(HQ-6): 小川は spot の 円盤の ならび では なく 1 本の ながれ。橋の spot の 下を とおり、道を 横切る ところは 橋 か 飛び石。道 / かたい 物 の 上を ながれない (1112.593049ms)
✔ GT-6. Water(HQ-7): 海 / 川 / 池 で 水の 面を かえる(海 = 浅瀬 → 沖 → 水平線、川 = 谷の 中の ながれる 面、池 = しずかな くぼ地の 面) (7.715397ms)
✔ GT-7. home と countryside(HQ-10): いえ = 家ごとの 庭(花だん・ポスト・ひくい さく・飛び石)、いなか = ひろい 畑 と 用水路 と 板の はし(庭 なし) (1.044742ms)
✔ GT-8. forest と jungle(HQ-11): もり = つめたい みどり・たおれた 丸太・しだ・きのこ・見とおし ほどほど。ジャングル = 多層(大きな は の 下草・ヤシ・canopy の つる)・しめった もや (225.519699ms)
✔ GT-9. Tree v4(HQ-12): 根もとの はり・2 だんの 幹(すこし かたむく)・かんむりへ のびる 枝・白っぽい ほそい 木(すずしい 地域) (1.008036ms)
✔ GT-10. props gate(HQ-13): ラベル なしで わかる。自転車は 立って いる、水車 / 観覧車の わ は たて (3608.709045ms)
✔ GT-11. 13 地域の grammar(HQ-14): 背景の 絵 なしで 3D だけで 地域が わかる きまり (0.471965ms)
✔ GT-12. 季節 / 天気(HQ-15): 山は 夏(高原の みどり)と 冬(雪)で 地面が かわる・大木も 季節の いろ・3D でも 雨 / 雪 (0.457863ms)
✔ GT-13. Human QA の 記録 と status: 未承認・main merge しない・Ready に しない・production Pages を かえない。特定の 作品の 名まえは 出さない (2.924607ms)
(node:574) [MODULE_TYPELESS_PACKAGE_JSON] Warning: Module type of file:///workspace/scratch/b7dafe93b718/naotocchi/vendor/three-0.170.0/three.module.min.js is not specified and it doesn't parse as CommonJS.
Reparsing as ES module because module syntax was detected. This incurs a performance overhead.
To eliminate this warning, add "type": "module" to /workspace/scratch/b7dafe93b718/naotocchi/package.json.
(Use `node --trace-warnings ...` to show where the warning was created)
✔ 1. フラグなし: forest の world は いまの 2D の まま(props・あたり・3D の しるし なし) (1.087295ms)
✔ 2. 3D モード: 道の うえの かたい 物は 見た目ごと 道の そとへ(約 1.5 × 大きさ まで)。おけない ものは 3D では おかない (2.043963ms)
✔ 3. 3D の かたい 物は かならず あたりが あり、あたまより 下の 見た目は あたり + 10 まで(とおれる 木・見えない かべ なし) (3.184309ms)
✔ 3b. ランドマーク(3D だけ): spot から 見た むきを たもって おく(±30 度)。たきは がけ = あたりの 箱 で、たきつぼ・あわ と いっしょ (4.365878ms)
✔ 3c. せかいは 3D・キャラだけ 2D: けしきの 物に 立て看板・意味の ちがう 置きかえ・なぞの placeholder は ない (2.578552ms)
✔ 3d. すかし(occlusion)は カメラ → player の あいだに ある かたい 物 だけ。とおい から すける こと は ない (46.47645ms)
✔ 3e. たき は うしろ・よこ からも 岩の おか: がけの うしろに 岩の かたまり(あたり つき)が あり、見た目 = あたり (7.06269ms)
✔ 4. 3D モードでも 道は ふさがない: 道はばの 3/4 の なか・spot の まんなか は あいて いる (2398.612337ms)
✔ 5. 3D モードの forest: 50 の spot に ぜんぶ あるいて 行ける (2122.355881ms)
✔ 6. 3D モードの forest: 27 にんの なかまも player も かたい 物に めりこまない (1943.491752ms)
✔ 7. レンダラー: WebGL が ない ところでは すぐ 2D(こわれない・この あいだ ずっと 2D) (1.310343ms)
✔ 8. フラグは URL だけ・セーブに のこさない。Three.js は version 固定で repo の なか。ふだんは よみこまない (7.26159ms)
✔ 9. 全地域: 3D profile が あり、意味の 表で ぜんぶ 解決し(unresolved 0・立て看板 0)、かくす ものは きまった しるし だけ、2D(フラグなし)は かわらない (12801.240827ms)
✔ 10. はっけんの しらせ(全地域): ランドマーク / ひみつ だけ「みつけた！」、その ばしょ だけの もの は かるく「が ある」、ふつうの 池・通過点は しずか。きろく は かわらない (1947.472708ms)
✔ 11. 全地域(registry から): 3D モードで ぜんぶの spot と gate に 道に そって あるいて 行ける(とじこめ なし) (16618.126913ms)
(node:583) [MODULE_TYPELESS_PACKAGE_JSON] Warning: Module type of file:///workspace/scratch/b7dafe93b718/naotocchi/vendor/three-0.170.0/three.module.min.js is not specified and it doesn't parse as CommonJS.
Reparsing as ES module because module syntax was detected. This incurs a performance overhead.
To eliminate this warning, add "type": "module" to /workspace/scratch/b7dafe93b718/naotocchi/package.json.
(Use `node --trace-warnings ...` to show where the warning was created)
✔ VQ-22 dry-bank patches are continuous, bounded and leave unpainted water unchanged (33.774709ms)
✔ VQ-9 residential porch supports meet roof slopes within canonical lots (10994.130921ms)
✔ VQ-8 farmhouse veranda posts meet a canopy contained over the existing deck (1222.593753ms)
✔ VQ-6 cottage rooflines include both gable orientations within the residential family (293.129618ms)
✔ VQ-5 garden stepping stones connect the actual front door to its finite road segment (306.983534ms)
✔ VQ-1 contact footprints follow trunks and foundations without mutating objects (1.116409ms)
✔ VQ-2 contact field excludes actors, water, bridges and tiny dressing; finite bounded support (0.429951ms)
✔ VQ-3 outer-bank variation leaves water lanes and triangle topology unchanged (0.435559ms)
✔ VQ-4 residential main roofs retain above-head clearance with canonical colliders (13218.246487ms)
✔ VQ-7 garden beds retain their planting group outside canonical road and obstacle footprints (432.062933ms)
✔ VQ-10 barn entrances read as broad paired doors within the wall (1507.166216ms)
✔ VQ-11 flower instances retain planter and window-box elevation (2.051165ms)
✔ VQ-12 walkable market stalls have open counters and connected canopy supports (15056.916449ms)
✔ VQ-13 representative farmhouse flowers clear the veranda as one planting group (1412.714752ms)
✔ VQ-14 planting clearance preserves groups, rotations and blocked plots (9.183509ms)
✔ VQ-15 residential facade openings fit beside the entrance without frame overlap (12736.079769ms)
✔ VQ-16 single-family main windows reserve the existing bay projection (10763.400969ms)
✔ VQ-17 two-storey entrance remains below its existing low canopy (211.557461ms)
✔ VQ-18 ground fern fronds emerge above their root plane, without changing hanging palm leaves (4669.743634ms)
✔ VQ-19 ordinary big-tree crowns vary azimuth without expanding their envelope (3896.472176ms)
✔ VQ-20 ground frond roots attach to their own terrain position (3117.365469ms)
✔ VQ-21 frond transforms preserve winding and radial direction for rising and hanging leaves (4.937483ms)
✔ 1. the same discoveredStages key twice still gives one resident (1676.403614ms)
✔ 2. the same partnersRecorded id twice still gives one resident (1218.840017ms)
✔ 3. companion aliases collapse to one canonical resident (17.928154ms)
✔ 4. the current pet is never an ordinary resident (2599.037894ms)
✔ 5. the current companion and partner walk with the player only, never as region residents (2964.558615ms)
✔ 6. legacy species left in an old save (bird:*) never become residents, but the save keeps them (1633.776601ms)
✔ 7. current-dex forms such as woman よちよち and the cicada appear once discovered (2745.617578ms)
✔ 8. the city 🐈 scenery never resolves to the cat resident asset (the display resolver would) (19.567744ms)
✔ 9. the forest 🍄 scenery never resolves to the mushroom resident asset (18.362831ms)
✔ 10. every scenery emoji in every region (prop/lane/wall/hint/spot.prop/flavour/landmark fallbacks) stays scenery (26.870817ms)
✔ registry audit reports rows and every issue class (duplicate, legacy, undiscovered, pet, follower, shared asset) (3062.848495ms)
✔ canvas path: 🐈 scenery is drawn as a native emoji, not the cat picture and not a placeholder tile (19.597861ms)
✔ canvas path: 🍄 scenery is a native emoji too (21.744449ms)
✔ canvas path: all 17 character-colliding scenery emoji become native emoji (no character asset, no placeholder), U+E000 is never scenery (28.813187ms)
✔ canvas path: scenery with dedicated art (🌳 🌲 🌴 🌵 🐚) goes through the scenery wrapper, never native text and never a character (25.294011ms)
✔ canvas path: every scenery emoji of every region either has scenery art or falls back to a native emoji, never a character or a placeholder (27.297704ms)
✔ the number of residents is pinned to the dex, not to a round figure (3610.322682ms)
✔ the collider table is world-space data: shape, half sizes, angle and role, never canvas pixels (3.358723ms)
✔ a tree stops you at the trunk, not at a leaf: the collider is a small part of the drawing (0.2251ms)
✔ buildings, walls and fences are boxes with a facing, and a fence is a thin line not a slab (0.243959ms)
✔ grass, leaves, small mushrooms, ground detail and bridges have no collider at all (0.195766ms)
✔ every path corridor and every spot centre is free of colliders in all 13 regions (64.533629ms)
✔ walking for real, every spot in every region is still reachable, secret ones included (7521.969977ms)
✔ you cannot walk into a big tree, a building, a rock or a fence (15793.145685ms)
✔ a diagonal bump slides along the wall instead of stopping dead (4918.831244ms)
✔ water: the sea you may not enter is the only no-go water, and every water spot is still walkable (1.35453ms)
✔ collision cost does not grow with the size of the world: the grid keeps each lookup tiny (1.160296ms)
✔ residents are held by the same colliders as the player, so nobody walks through a wall (309.838509ms)
✔ the role layers hand the same shapes to a Three.js renderer (3.912392ms)
✔ the shared meguru denominators match a fresh count of WORLDS and the world map (92.641649ms)
✔ ①-1 ふつうの ばしょ: toast は 出さない。左上の 名まえが かわり、ちず と セーブには きろくされる (815.095223ms)
✔ ①-2 おおきな めじるし(landmark)は toast では なく 左上の 名まえの 静かな 強調。きろくは のこる (653.576998ms)
✔ ①-3 ひみつは せんようの しらせ。なまえは 見つけた あとに そえる だけ (1420.669248ms)
✔ ①-4 地区(zone)に 入っても toast は 出さない(2026-10-01 v2)。ちずの 地区は ひろがり、中の id は どこにも 出ない (874.846519ms)
✔ ②-1 おなじ ばしょへ もどっても もう「みつけた」と 出さない (1361.434518ms)
✔ ②-2 セーブに のこした きろくを よみなおしても 2かいめ は 出ない(セーブ互換) (1560.420388ms)
✔ ②-3 めじるしは しらせない。ちずの ボタンも 2かいめ は ひからない (1659.844772ms)
✔ ③-1 1フレームに いくつ 見つけても 出すのは 1つ。つよい ものから (1213.471957ms)
✔ ③-2 じゅんばんは region → secret → landmark → みち → zone → ふつうの spot (2812.213491ms)
✔ ③-3 地域の はっけんと 二重に 出さない(はじめての 地域では 着いた ばしょの しらせを かさねない) (2244.895083ms)
✔ ④-1 住民に ちかづいた ことは はっけんに しない(「はなす」だけ) (2557.503419ms)
✔ ④-2 しらせは あるくのを とめない(ボタンも おおいも 出さない) (888.03445ms)
✔ ④-3 しらせの あいだ、した の そうさ せつめいは よわめる(ふたつが まざらない) (1839.09519ms)
✔ ⑤-1「ちずに きろくした」と 出た ものは その とき ちずに ある (1977.135888ms)
✔ ⑤-2 こえて いる あいだ に 見つけた めじるしも ちずに のこる (2863.665031ms)
✔ ⑤-3 たんさく率の けいさんは 1つも かえて いない (2851.570621ms)
✔ ⑤-4 みちの はっけんは 出かたが かわる だけ。ひらく じょうけんは そのまま (1362.762849ms)
✔ ⑥-1 travelToRegion() と その ばの ボタンは 1つも かえて いない (1135.002693ms)
✔ ⑥-2 たんさくを とじると しらせも のこらない (1117.586003ms)
✔ ⑦-1 レベルは buildWorld() が ほんとうに おく ものから きまる (29.222507ms)
✔ ⑦-2 目じるしの ない 通過点では しらせない。でも きろくは のこる(探索率は かわらない) (851.53111ms)
✔ ⑦-3 目じるしの ある ばしょ(L2)も toast は 出さない(2026-10-01 v2)。左上の 名まえ と きろく だけ (1016.141103ms)
✔ ⑦-4「ちずに きろくした」は はじめの うちだけ(なんども くりかえさない) (921.95959ms)
✔ ⑦-5 はじめて あそぶ ひとには「ちずに きろくした」を そえる (1647.256611ms)
✔ ⑦-6 レベルは セーブに 何も 足さない(旧セーブでも そのまま 動く) (2045.95552ms)
✔ ⑦-7 監査の けっかと 実装が そろって いる (26.922356ms)
✔ ⑧-1 4つの みはらしに、その ばしょ だけの けしきが ある (1026.985198ms)
✔ ⑧-2 主役は 地域ごとに ちがう(どこにも おなじ てすりを 置かない) (893.125825ms)
✔ ⑧-3 けしきは あたりはんていを 1つも ふやさない(みち・出口・住民を ふさがない) (911.47307ms)
✔ ⑧-4 gate の 発火は 1つも かわらない(connection に さわって いない) (912.686218ms)
✔ ⑧-5 4つとも L2。toast は 出さず(2026-10-01 v2)、左上の 名まえ と きろく だけ (958.970416ms)
✔ ⑧-6 2かいめ は 出さない。旧セーブで もう 見つけて いれば けしきだけ 見える (1090.457345ms)
✔ ⑧-7 spot / path / zone / secret の かずは 1つも ふえて いない (24.994829ms)
✔ A1. うごく ボタンしか 出さない: なにも ない ときは その ばの ボタンが 1つも ない (673.205476ms)
✔ A2. その ばの ボタンは 1 枠。住民が ちかいと「はなす」、のりばに 立つと「のる/もぐる」 (744.366605ms)
✔ A3. こえて いる あいだ、右がわの ボタンは ぜんぶ ロックされる (1964.271385ms)
✔ A7. hidden を つけた ボタンは ほんとうに きえる(CSS の きまりが ある) (0.866331ms)
✔ A8. のりばでは、なにが おきるのかを ボタンの した にも 出す (279.909585ms)
✔ A4. めぐる中の「たび」が はたらく。openExclusiveMenu では はじかれて いた (348.153784ms)
✔ A5. たびが かぶさって いる あいだ せかいは とまり、とじると つづきから うごく (486.457379ms)
✔ A6. たびから 地域を えらぶと、これまで どおり travelToRegion が はしり めぐるも ついて いく (381.174195ms)
✔ B1. 見つけた 地域の まわり だけが 紙に のる。0% → 100% で だんだん ひろがる (31.83015ms)
✔ B2. 50% では、まだ 行って いない ところの かたちが はっきり のこって いる (17.494195ms)
✔ B3. 見つけて いない 特殊層(ほしぞら・しんかい・きおく)は 1 文字も もれない (17.871106ms)
✔ B4. 探索率の しきは ひとつも かわって いない(471 spot / 654 path / 118 zone / 107 ひみつ) (30.243989ms)
✔ C1. ジャングルは 南西の 外洋に うかぶ しま。本土の どの 地域とも 陸つづきに 見えない (17.70846ms)
✔ C2. かいがんせん(本土)は しまに さわらない。しまは べつの 地形として もつ (15.152962ms)
✔ C3. しまは ジャングルを 見つける まで 1 てんも 出ない(なまえも かたちも) (16.844812ms)
✔ C4. ジャングルの なかみ(spot / path / zone / ひみつ)は 1つも かわって いない (217.243379ms)
✔ C5. しまに した あとの みちの かず・つなぎ (15.681792ms)
✔ D1. 地形には ぜんぶ「あるいて いる ときの けしき」の いみが ついて いる (15.697736ms)
✔ D2. 地形の いみは 世界地図の データに 1文字も まざらない (25.293028ms)
✔ the fauna classifier flags birds, fish, mammals, reptiles and bugs but not plants, shells, paw prints or coral (100.950664ms)
✔ the jungle random props / lane / hint contain no parrot or snake (16.818114ms)
✔ no random scenery pool in any region contains living fauna (props, lane, wall, hint, zone lanes, spot props, local flavor) (15.711068ms)
✔ the built worlds place no fauna as scenery: every living creature on screen is a registry resident (2061.923009ms)
✔ the fauna cleanup does not change the resident registry or the resident placement per region (3385.044221ms)
✔ scenery is kept rich, but as space rather than scattered trinkets: pools, ground areas and framing all stay in place (2116.130233ms)
✔ the snow world no longer scatters the snowman partner: no ⛄ in props, lane, hint or spot props, density unchanged (18.460048ms)
✔ companion, rare companion and partner emoji are known to the audit, including the ☃️/⛄ alias of the snowman (46.943576ms)
✔ no random scenery pool (props / lane / wall / hint / zone lanes / local flavor) contains a companion, partner or character-asset emoji (34.093098ms)
✔ a character emoji sneaking back into a random pool or a second statue spot is reported by the audit (21.972304ms)
✔ every spot says what can be done there, and the list comes from the world, not from a hand-written table (2194.066843ms)
✔ the 13 regions do not share one set of AI numbers (0.279092ms)
✔ a resident picks an activity, walks there along the paths and does it, rather than drifting at random (2248.079732ms)
✔ residents are held by the same world-space colliders as the player and never enter the sea you may not walk in (25869.168989ms)
✔ every way a resident is placed puts them somewhere they can actually stand (18324.550947ms)
✔ the same seed replays the same life, so this suite cannot pass by luck (1822.369997ms)
✔ talking starts by two residents coming together and facing each other, never at a distance (7950.879518ms)
✔ nobody is asked to talk by three people at once: an interaction is reserved before it starts (4549.397189ms)
✔ a gathering forms as a few residents arriving at the same place, and stays small (8754.484179ms)
✔ the time of day changes what residents do, and not everybody changes at the same moment (9870.00567ms)
✔ the weather changes where residents are: rain moves them under a roof, but not all of them (13202.475663ms)
✔ a quiet district stays quiet and a busy one does not: the district crowd figure reaches the life AI (4726.889451ms)
✔ behaviour and emotion are two different things (14302.61778ms)
✔ far-away residents drop to the cheap update, and the cost does not grow with the size of the world (6526.762146ms)
✔ nobody is duplicated, the ones walking with you stay out of the resident life, and Naoto keeps the special place (11529.91878ms)
✔ the life AI leaks nothing to the map: living residents do not discover spots, districts or paths for you (13753.214386ms)
✔ you can still talk to a resident whatever they are doing, and they go back to their life afterwards (1896.033383ms)
✔ the renderer can read what a resident is doing and feeling through one stable door (763.808859ms)
✔ running a whole day through, nobody freezes, nobody is held in an interaction for ever and nobody vanishes (18038.527503ms)
✔ じかんは ハーネスの とけい だけから くる(決定性の みはり) (5576.814273ms)
✔ a region you have never walked shows no paths, no spots and no landmarks: only the shape of the map (2403.874114ms)
✔ walking into a district records it, and only the neighbours reachable by an ordinary path are hinted at (471.455311ms)
✔ a spot appears on the map only once you have stood in it, and its name comes with it (288.842081ms)
✔ an undiscovered secret leaks nothing: not its place, not its name, not the path to it, not even a marker (1806.850214ms)
✔ a secret is added to the map the moment you find it, and not before (304.736301ms)
✔ landmarks keep their three tiers, and are drawn only when the place they mark is known (1801.209441ms)
✔ an old save that only knows spots is turned into a map without losing anything (403.624257ms)
✔ the map save stays small: ids only, no coordinates, and it fits in the existing save shape (2261.286234ms)
✔ opening the map pauses the walk and closing it puts you back where you stood (689.796216ms)
✔ with the map closed there is no map work at all: it is built on open and thrown away on close (1589.518333ms)
✔ every one of the 13 regions can be drawn from mapData alone, and the progress never counts hidden secrets (1830.187487ms)
✔ the map changes nothing about the scenery: the fauna and character audits still come back clean (2013.181309ms)
✔ every region has its own wind, and every district says what moves there (3125.294507ms)
✔ worldLayers hands a 3D renderer the air, the districts and the camera, without reading any drawing code (2195.097101ms)
✔ the camera keeps the rig and only adds a few percent: bob, pull back with speed, open districts, a glance at landmarks (250.300205ms)
✔ parallax is a canvas-only layer trick: sky moves least, the foreground most, and no world coordinate changes (107.732807ms)
✔ only what actually covers you goes see-through, and never too far (55.373144ms)
✔ the environment animation never adds creatures, and it thins out instead of stopping on a slow phone (2259.066014ms)
✔ transition: 27 companions never stand inside an obstacle after arriving (all 20 walk directions: on placement, after 1.5 s idle, and after walking) (8536.522084ms)
✔ corridor: 27 companions never stand inside an obstacle after arriving (all 20 walk directions: on placement, after 1.5 s idle, and after walking) (5968.485039ms)
✔ 1. いまの ゲームで いっしょに あるける いちばん おおい 人数は 27(なかま 26 + こいびと 1)。コードから もとめる (245.832222ms)
✔ 2. かたち: 1〜2 は ななめ うしろ、3〜4 は ちいさな V、5 いじょうは 半円〜おうぎ。まえへ 出ない・横 1 列に ならない (47.504245ms)
✔ 3. せまい ところ(corridor の 帯)は ほそく する。はばは 帯から(px ではなく world)。せまくても 1 本の 線に しない (28.234913ms)
✔ 4. 決定論・並び順が かわらない・らんすうを つかわない・O(n) (257.209817ms)
✔ 5. region: 1 / 2 / 4 / 8 / 16 / 27 にんで あるいた あと、うしろに ゆるく あつまる(まえへ 出ない・横 1 列に ならない・同じ ばしょに かさならない) (1121.150993ms)
✔ 6. region に 入った とき、なかまは その ならびに いる(とおくから かけよらない・1 列に ならない)。当たり判定は ふやさない (362.114396ms)
✔ 7. corridor: 27 にんでも 帯の なか・帯が せまい 段では ほそく・引き返しでも 曲がりでも 段の さかいでも とばない (1872.392547ms)
✔ 8. start(): 27 にんで home → forest を あるいて 着いた とき、なかまは ならびの まま(1 列に ならない・ふえない)。セーブに ならびは のこらない (1515.994284ms)
✔ 1. partyLod: ちかい なかまは full、見かけの 大きさで medium / light。さかいで ぱたぱた しない・決定的 (131.940013ms)
✔ 2. 1 / 4 / 8 / 16 / 27 にん: 全員 えがく・filter を まいかい つかわない・うしろの なかまほど かるい。16 にん いじょうは 命令 1 にん 2 いか (1116.549685ms)
✔ 3. え の したく: 1 回 作って つかいまわす(つぎの frame は 作らない)。おなじ え は おなじ もの。destroy で すてる (243.481926ms)
✔ 4. したくが できない(canvas が 作れない / こける)ときは もとの えがきかた へ。こわれない・全員 えがく (578.354618ms)
✔ 5. 暗転の こさで 道の え を えがくか きめる: 0.95 いじょう は えがかない (32.424262ms)
✔ 6. 27 にんで home → forest → home: 暗転の こい frame は 道を えがかない。組むのは 1 回(二重 build なし)。なかまは 27 のまま (2523.531676ms)
✔ 7. 27 にん: 着く まえに 引き返す(組んだ ものを すてる)・とちゅうで reload・reduced motion は transition (4704.82817ms)
✔ 8. ほかの 出口・special は いまの まま(連続で あるくのは 許可リストの 5 本だけ。Phase 4E-4A) (1847.778821ms)
✔ 1. 27 にんの なかまは forest / mountain / city で あるいても とまっても 障害物に めりこまない(player と おなじ あたり) (4288.908107ms)
✔ 2. player も まえと おなじ あたりで とまる(めりこまない)。なかまが いても player の あるく みちは かわらない (1488.003874ms)
✔ 3. かたく 見える 物には あたりが ある: fore の 岩・見はり小屋・柵、切り株・丸太・大岩、道ばたの 木と 建物 (1087.469899ms)
✔ 4. 道の 面は あいて いる: 道はばの 3/4 の なかは どこでも player(半径 22)が 立てる。はし(±half)の かすりは main(12)より ふえない(13 地域) (15675.097928ms)
✔ 5. 道の そばの かたい 物: 絵の 中心部に player が 立てる 数が main の 半分 いか(道の 面の うえの 物は のぞく) (757.542849ms)
✔ 6. corridor: なかまも player と おなじ corridorBody で はしの いしを よける。帯の そとへ 出ない・1 frame で とばない (2274.896953ms)
✔ 7. まわりこみ: 生け垣の むこうに 取り残されない(ならびの 点は player から 行ける ところ)。つまりの きろくは セーブに のこらない (187.24134ms)
✔ 8. たて看板(建物・がけ)の あたりは もとの あたりの なかで 道がわを けずる だけ(見る むきで 見えない かべに ならない) (527.02906ms)
✔ 1. connection は 14 本。b あり 13 / gate 13 / 未実装 0 / special 2 (122.433661ms)
✔ 2. gate の 端点は ぜんぶで 26。出口を 1 つも もたない 地域は 1 つだけ (51.177454ms)
✔ 3. 未実装 connection は 0 本(ぜんぶの みちが 通れる) (42.180874ms)
✔ 4. mouths の spot は ぜんぶ じっさいに あって、ひみつでは ない (82.631468ms)
✔ 5. anchor 候補は ぜんぶ 既存の spot で たりる(新しい spot は いらない) (39.171534ms)
✔ 6. **よその 地域を つらぬいて いる みちは 1 本も ない** (44.094495ms)
✔ 7. 分水界の 点列は にしのやまちの 南はし 4 点と おなじ (32.480868ms)
✔ 8. home の 2 本は どちらも おおきなき。いまの sim は 1 spot 1 gate しか ひろえない (48.869741ms)
✔ 9. 通常 11 地域の 次数。一本道では なく、わが 1 つ ある (60.564271ms)
✔ 10. 探索率の 分母(region 11 / link 13 / tier1 17 / zone 103) (48.692443ms)
✔ 11. 地域の かずと 世界の 中みは 1 つも 動いて いない (30.021676ms)
✔ 12. 「たび」は 無変更。まだ あるいて 行けない 地域へも たびでは 行ける (29.109235ms)
✔ 1. 正本から きえた。connection 15 → 14 / 未実装 0 (223.390924ms)
✔ 2. 探索率の link 分母が 13 → 12。**かずを たもつ ための 代わりは 足して いない** (58.775894ms)
✔ 3. worldLinksFrom(): 両はしの spot を ぜんぶ 見つけても もう 出て こない (22.414834ms)
✔ 4. 世界地図に ゴーストの 線が 出ない(100% でも) (72.842343ms)
✔ 5. **ふるい セーブに きろくが のこって いても 無害**(エラー / 水増し / 線の 復活 なし) (37.309782ms)
✔ 6. 連結性: いなか ⇄ みずべ は **もり けいゆ**でも **にしまわり**でも 行ける (51.17488ms)
✔ 7. 通常世界は ひとつの まま。あるいて 9 地域 / のりもの こみで 12 地域 (20.550412ms)
✔ 8. 既存の 13 gate が ぜんぶ 健在。出口の 組み合わせも 変わって いない (1877.276653ms)
✔ 9. **spot は けして いない。**かわぞい も かわぎし も そのまま はたらく (32.85231ms)
✔ 10. region の なかみ・たび・なかま・住民は 1 つも 変わって いない (593.138495ms)
✔ 11. **よその region を 貫通する 線が 1 本も なくなった**(けした いちばんの りゆう) (56.675705ms)
✔ A1. forest|snow は 正本・地図・みちの はっけん の どこにも のこって いない (165.130338ms)
✔ A2. もり → やま → ゆきぐに が 正式な みちに なる。ゆきぐには やま だけ (29.163197ms)
✔ A3. 探索率の link ぶんぼは 正本から 13。ふるい セーブに のこって いても こわれない (27.576105ms)
✔ A4. みちを けしても region の なかみは 1 つも かわって いない (36.424176ms)
✔ B1. regionGates は priority → id の きまった じゅんで かえす(データの じゅんに よらない) (18.880535ms)
✔ B2. 1 つの spot に 出口が 2 つ あっても、両方 もてる (121.684884ms)
✔ B3. どちらへ 出るかは いち と むきで きまる。**配列の じゅんばんに よらない** (22.944836ms)
✔ B4. むきでも priority でも きまらない ときは わざと えらばない (15.800443ms)
✔ B5. 出口が 1 つの ときは これまでどおり。bearing が なくても うごく (15.51418ms)
✔ B6. じっさいに あるいて、にしなら もり・ひがしなら かわへ 出る (117.73668ms)
✔ B7. 1 かいの よこぎりで gate は 1 どだけ(演出の 二じゅう はじまり なし) (227.66186ms)
✔ B8. ride の 出口は 1 つの spot に 1 本まで(ボタンを ふやさない ための ルール) (52.291606ms)
✔ C1. これまでの 出口は そのまま。おうち → もり → いなか が あるける (424.326533ms)
✔ C2. きめられた 出口 いがいからは 外へ 出られない(おうち ぜんぶの spot) (367.093548ms)
✔ C3. 「たび」は 無変更。けした みちの さきへも たびでは 行ける (39.436305ms)
✔ C4. Fog: 見つけて いない 地域・みち・特殊移動は 1 つも もれない (32.703691ms)
✔ C5. なかまは ついてくる。住民は だぶらない (101.603632ms)
✔ 1. この PR の 2 本に あるく 出口が ある。connection は ふえて いない (138.623409ms)
✔ 2. anchor は ぜんぶ 既存の 非秘密 spot。**新しい spot は 1 つも つくって いない** (42.52787ms)
✔ 3. かわ・みずうみ の 2 つの 入口は かさならない。かわぎし は いなか用に あいて いる (219.582408ms)
✔ 4. おおきなきに 出口が 2 つ。にしなら もり・ひがしなら かわ (91.578604ms)
✔ 5. **とりちがえない**。にしへ よって かわに 出る / ひがしへ よって もりに 出る ことは ない (286.5726ms)
✔ 6. まっすぐ あるいた ときは これまでどおり もり(既存の たいけんを かえない) (46.249757ms)
✔ 7. 1 かいの よこぎりで gate は 1 どだけ(演出の 二じゅう はじまり なし) (149.747276ms)
✔ 8. おうち ⇄ かわ・みずうみ を 行って もどれる (227.951308ms)
✔ 9. やま ⇄ かわ・みずうみ を 行って もどれる (283.681973ms)
✔ 10. たにの 川すじが あるいて つながる: やま → かわ → おうち → もり (481.916998ms)
✔ 11. Phase 2.1 の しくみを そのまま つかう(あたらしい engine を つくって いない) (447.834006ms)
✔ 12. non-region terrain: どの 出口も あいだの ちけいを もつ(いきなり ワープ しない) (17.156826ms)
✔ 13. UI は ふえて いない。あるく 出口では context action を 出さない (502.881698ms)
✔ 14. 探索率の ぶんぼは 1 つも 動いて いない(gate を つけただけ) (25.120909ms)
✔ 15. きめられた 出口 いがいからは 外へ 出られない(かわ・やま ぜんぶの spot) (1978.320008ms)
✔ 16. Fog: gate を つけても 見つけて いない ものは もれない (16.01024ms)
✔ 17. 「たび」は 無変更。なかまは ついてくる。住民は だぶらない (310.084118ms)
✔ 1. この PR の 2 本に あるく 出口が ある。connection は ふえて いない (149.142545ms)
✔ 2. forest|snow の ちょくつうろは 復活して いない。もり → やま → ゆきぐに (24.376663ms)
✔ 3. anchor は ぜんぶ 既存の 非秘密 spot。**新しい spot は 1 つも つくって いない** (23.259663ms)
✔ 4. やまの 出口は 4 つ。foot / ひがしの てんぼう / ちょうじょう / かぜのきれめ に やくわりが ぶんさん (241.825592ms)
✔ 5. **やまの なかから かわ・みずうみへ もどれる**(もりの 出口が じゃまして いない) (11469.916245ms)
✔ 6. ひがしの てんぼうからは もりへ 出る(よこに ずれた ばしょだけ) (214.126499ms)
✔ 7. もり ⇄ やま を 行って もどれる (483.423435ms)
✔ 8. やま ⇄ ゆきぐに を 行って もどれる。どちらも おくが みね (199.408264ms)
✔ 9. にしの 大山塊が あるいて つながる: もり → やま → ゆきぐに → やま → かわ (473.569151ms)
✔ 10. 1 かいの よこぎりで gate は 1 どだけ(演出の 二じゅう はじまり なし) (641.653782ms)
✔ 11. Phase 2.1 の しくみを そのまま つかう(あたらしい engine を つくって いない) (369.517987ms)
✔ 12. non-region terrain: どの 出口も あいだの ちけいを もつ(いきなり ワープ しない) (14.385854ms)
✔ 13. UI は ふえて いない。あるく 出口では context action を 出さない (509.416204ms)
✔ 14. 探索率の ぶんぼは 1 つも 動いて いない(gate を つけただけ) (13.780308ms)
✔ 15. きめられた 出口 いがいからは 外へ 出られない(もり・やま・ゆきぐに ぜんぶの spot) (3336.618846ms)
✔ 16. Fog: もりを 知った だけで ゆきぐにの ばしょも そんざいも わからない (17.805477ms)
✔ 17. 「たび」は 無変更。なかまは ついてくる。住民は だぶらない (483.552905ms)
✔ 18. 4 つの anchor は entry から **みちを たどって** 行ける(じっさいに あそべる) (20.673198ms)
✔ 1. 2 本に あるく 出口が ついた。connection は ふえて いない (148.572322ms)
✔ 2. anchor は ぜんぶ 既存の 非秘密 spot。**新しい spot は 1 つも つくって いない** (35.595082ms)
✔ 3. うみ: あるく(みなと) / ふね(ぼうはてい) / もぐる(どうくつ) が 混線しない (200.458399ms)
✔ 4. **うみで あるいて ふね・もぐるへ 出て しまう ことが ない**(8 むき 実測) (52941.609076ms)
✔ 5. ride ボタンは ぼうはてい / かいしょくどうくつ でしか 出ない (610.356654ms)
✔ 6. まち: 山ごえ(おおどおりのはし) / 河口(ふなつきば) / キャラバン(やたい) が 誤発火しない (118241.78842ms)
✔ 7. いなか: たなだのてんぼう(まち) / ちんじゅのもり(もり) / そらのりば(ほしぞら) が じゃましあわない (97689.722525ms)
✔ 8. まち ⇄ いなか を 行って もどれる (432.729342ms)
✔ 9. まち ⇄ うみ を 行って もどれる (400.323396ms)
✔ 10. **あるいて せかいが 1 つに つながる**: おうち → もり → いなか → まち → うみ (828.668768ms)
✔ 11. 1 かいの よこぎりで gate は 1 どだけ(演出の 二じゅう はじまり なし) (1190.951255ms)
✔ 12. Phase 2.1 の しくみを そのまま つかう。gate 解決は 配列順に よらない (664.205038ms)
✔ 13. non-region terrain: 両がわ 6 段階。みやこがわは たにの おおかわと べつ水系 (36.239268ms)
✔ 14. 探索率の ぶんぼは 1 つも 動いて いない(gate を つけただけ) (23.804248ms)
✔ 15. きめられた 出口 いがいからは 外へ 出られない(まち・いなか・うみ ぜんぶの spot) (4423.102526ms)
✔ 16. Fog: いなかを 知った だけで まち・うみは もれない (16.649318ms)
✔ 17. anchor は entry から みちを たどって 行ける。たび・なかま・住民も そのまま (597.00704ms)
✔ 1. 2 本に あるく 出口が ついた。connection は ふえて いない (104.56579ms)
✔ 2. anchor は ぜんぶ 既存の 非秘密 spot。**新しい spot は 1 つも つくって いない** (27.249761ms)
✔ 3. さばくの 2 つの 入口は だんごに ならない(まちがわと やまがわが はなれて いる) (28.454484ms)
✔ 4. **さばく: あるいて まち・やま いがいへ 出て しまう ことが ない**(ぜんぶの spot x 8 むき 実測) (146963.959554ms)
✔ 5. まち: やたい(さばく) / おおどおり(いなか) / ふなつきば(うみ) が 混線しない (366623.15457ms)
✔ 6. **やまの 4 つの 出口が たがいを ふさがない**(かわ / もり / ゆきぐに / さばく) (182092.386245ms)
✔ 7. まち ⇄ さばく を 行って もどれる (305.708315ms)
✔ 8. さばく ⇄ やま を 行って もどれる (202.782572ms)
✔ 9. **さばくの こりつが とけた**: あるいて せかいが ひとつに つながる (13.857032ms)
✔ 10. わ に なって いる: city → desert → mountain → … → city (13.76413ms)
✔ 11. ジャングルとは つながない。desert|jungle は 復活して いない (89.128077ms)
✔ 12. のりものを ふやして いない。あたらしい 2 本は どちらも あるき (377.505438ms)
✔ 13. Phase 2.1 の しくみを そのまま つかう。gate 解決は 配列順に よらない (415.695457ms)
✔ 14. 1 かいの よこぎりで gate は 1 どだけ(演出の 二じゅう はじまり なし) (581.384489ms)
✔ 15. non-region terrain: 両がわ 6 段。まちの となりが いきなり すなの せかいでは ない (14.979139ms)
✔ 16. きめられた 出口 いがいからは 外へ 出られない(まち・さばく・やま ぜんぶの spot) (2939.714894ms)
✔ 17. 探索率の ぶんぼは 1 つも 動いて いない(gate を つけただけ) (15.520618ms)
✔ 18. Fog: まちを 知った だけで さばく・やまは もれない (16.333239ms)
✔ 19. anchor は entry から みちを たどって 行ける。たび・なかま・住民も そのまま (431.500343ms)
✔ 20. countryside|river_lake は Phase 3B-Final で けした。この PR の 2 本は のこる (245.398135ms)
✔ 1. REGION_FRAME を もつのは 12 地域。きおくのみずうみ だけ もたない (124.414295ms)
✔ 2. frame の 値は ぜんぶ 有限。yaw は **まるめて いない** 自由な 実数 (17.16592ms)
✔ 3. toGlobal → toLocal の 往復が 一致する(471 spot ぜんぶ) (42.341482ms)
✔ 4. むき(dir)の 往復が 一致する。いちは 足さない (25.965437ms)
✔ 5. yaw の 往復が 一致する (41.469983ms)
✔ 6. walk connection 10 本の closure が 目標(< 400)に おさまる (36.3806ms)
✔ 7. special connection は closure を しばらない。layer の 上下だけ しばる (20.503091ms)
✔ 8. きおくのみずうみ は 通常 global 地理の そと。逆引きの かんすうは ない (20.948114ms)
✔ 9. special layer(そら / ちじょう / うみのそこ)が 区別できる (21.878682ms)
✔ 10. REGION_FRAME は mapX / mapY を つかって いない(世界地図とは べつの そう) (22.657992ms)
✔ 11. **消しても うごきが 変わらない**(まだ だれにも つかわれて いない) (4122.802542ms)
✔ 12. 分母・spot・たび・セーブの かたちは 1 つも 動いて いない (42.498349ms)
✔ 1. corridor は 13 本 = gate を もつ connection ぜんぶ。きおくのみずうみ は 入らない (115.951132ms)
✔ 2. walk / sea / vertical の わけかた と のりもの は 正本の gate / ride から (23.680064ms)
✔ 3. こえかた(way)は むきごと。regionGates() と 1 本も ずれない (2700.322731ms)
✔ 4. りょうはしは gate の 出口 spot を toGlobal した もの。ぜんぶ 有限 (15.220855ms)
✔ 5. physicalGap と travelLength は べつもの。special は gap を しばらない (14.865217ms)
✔ 6. 段(terrain)は 正本の gate land / stages / transition を そのまま つかう。手で うつして いない (19.609248ms)
✔ 7. 方角は gate を 出る むき(leave)を global に うつした もの。8 方位 (15.897009ms)
✔ 8. compassLabel: 8 方位の さかいめ (23.464472ms)
✔ 9. 方角に mapX / mapY も chart の 中心も つかって いない (31.515197ms)
✔ 10. いき と かえり の つじつま (15.592208ms)
✔ 11. graph は 12 地域 ひとつながり。きおくのみずうみ は そと。逆引きは ない (1253.333959ms)
✔ 12. findRegionRoute: だいひょうの みち (41.4582ms)
✔ 13. はじめて よんだ ときに 1 どだけ つくる(毎フレーム つくらない) (75.968094ms)
✔ 14. **消しても うごきが 変わらない**(まだ だれにも つかわれて いない) (3937.694763ms)
✔ 15. 分母・spot・たび・セーブ・REGION_FRAME は 1 つも 動いて いない (26.507167ms)
✔ 1. 遠景は 37 個。12 地域 すべてに ある。きおくのみずうみ は 入らない (102.988037ms)
✔ 2. 行き先と 経路は graph / corridor に 実在する (26.481238ms)
✔ 3. 方角は corridor の 出口の 向き。REGION_FRAME の 原点どうしは つかわない (48.489446ms)
✔ 4. 分類・順位・LOD の 値が 正しい (31.114921ms)
✔ 5. px を もたない(renderer に よらない いみデータ) (30.371696ms)
✔ 6. 見える 条件は 決定的。実時刻を 読まない (108.566128ms)
✔ 7. 街の 光は 夜だけ(夕方は うすく)。昼は 出ない (15.687292ms)
✔ 8. しま は うみ から だけ。道を 見つける まで 出ない。夜と 雨も 出ない (16.224144ms)
✔ 9. ほしぞら は 地上の 遠景では なく 上の 光。見つける まで 出ない (15.787734ms)
✔ 10. 1 画面に 出るのは 3 つ まで(順位で しぼる) (33.521453ms)
✔ 11. 1 どだけ 組み立てて freeze(毎フレーム つくらない) (22.602818ms)
✔ 12. mapX / mapY を つかって いない (36.602636ms)
✔ 13. **消しても うごきが 変わらない**(つかうのは Phase 4D-2 の 遠景 PoC だけ) (3981.365326ms)
✔ 14. 分母・spot・たび・セーブ・世界地図・corridor は 1 つも 動いて いない (176.71161ms)
✔ 1. start() は 遠景を もつ 地域に データを わたす(きおくのみずうみ には わたさない) (1115.979635ms)
✔ 2. 方角固定: yaw 0〜315 で 画面の x は 方角 + カメラの 向き + 視野 だけで きまる(home / sea) (351.699858ms)
✔ 3. 見える 条件: 島は 見つけてから、街の 灯は 夕方・夜 だけ、しんかいは 地平線でなく たての 位置 (656.992278ms)
✔ 4. 性能 tier: 1 画面 3 / 2 / 1。lod.maxTier より おもい tier では 出さない (257.9144ms)
✔ 5. よいやすい せってい: 位置は おなじ、よこの ずれは よわく、ちらつかない。あらわれる ときは fade (626.802054ms)
✔ 6. 2D 命令は 1 フレーム +30 いか(home / sea の いちばん おおい ばめん) (2026.089563ms)
✔ 7. renderer contract: データは よむ だけ。view・セーブ・地図の 座標・buildWorld は つかわない (296.30421ms)
✔ 8. **消しても うごきが 変わらない**: 4D-2 を 消した meguru.js と sim の 指紋が おなじ。ほかの 地域の え も おなじ (3790.303279ms)
✔ 9. 分母・spot・たび・世界地図・corridor・DistantFeature の かずは 動いて いない (22.182513ms)
✔ 1. 12 地域 ぜんぶで 同じ パイプラインが うごく(start() から renderer へ)。きおくのみずうみ は 出さない (2226.91848ms)
✔ 2. よこは 方角固定: 12 地域の 代表 1 つずつ、yaw 0〜315 で 正しい がわへ うごく (3532.452451ms)
✔ 3. どの 地域も 遠景が じっさいに 画面に 出る。kind 11 種 ぜんぶ 描ける (4256.679007ms)
✔ 4. たて: 方位を もたず、意味の 位置(上 / 中央上 / 中央下 / 水ぎわ)に 出る。カメラが まわっても うごかない (831.891599ms)
✔ 5. 1 画面は たても ふくめて 3 / 2 / 1。同じ 方角は 2 まで、山影は 1 まい。低 tier は mid だけ (23843.447381ms)
✔ 6. 見える 条件は visibleDistant の まま: ほしぞら・島は 見つけてから、下の 暗さは 出口の ちかく、街の 灯は 夕夜 (2200.011654ms)
✔ 7. 地域の みとおし(view)で こさを おさえる: 森・ジャングルは うすい。高い ところ(やまなみ)から 見る 山は ひくい (631.373427ms)
✔ 8. よいやすい せってい: 12 地域 ぜんぶ 位置は おなじ・よこの ずれは 3 わり・ちらつかない (3341.980534ms)
✔ 9. 2D 命令: 12 地域・ぜんぶの 向き・ぜんぶの tier の 最悪でも +30 いか (36194.311851ms)
✔ 10. renderer contract と 不変: 地域名で わけない・buildWorld / mapX を つかわない・セーブ / 当たり判定 / 住民 は そのまま (1659.037468ms)
✔ 1. どの backdrop の どの そうも、右へ まわると 左へ ながれる(逆向き 0)。1 周 2° きざみ (6202.471887ms)
✔ 2. 速さ: C だった 5 種は 角度どおりの 0.6〜1.2 倍、ほかは これまでの 速さ(0.1〜0.7 倍)の まま (2132.273228ms)
✔ 3. じっさいの 波の 形も 左へ ながれる(描いた 点で たしかめる) (652.225447ms)
✔ 4. 1 周で 模様が つながる: 0° / 360° と ±180° の 前後で ずれが とばない (1385.505878ms)
✔ 5. 形は かえない: yaw 0・よこ 0 では どの そうも ずれ 0。描く 命令の かずは 向きで かわらない (1837.094815ms)
✔ 6. よいやすい せってい: 回転の 向きは おなじ(左へ)、歩いた ぶんの よこの ずれは 3 わり (1119.604337ms)
✔ 7. 実時刻・地図の 座標を つかわない。遠景レイヤー(方角固定)は そのまま (33.760666ms)
✔ 8. セーブ・当たり判定・住民・たび・分母・DistantFeature は 動かない (2534.14521ms)
✔ 1. spec は walk の 10 本。Phase 4C の walk corridor と 1 対 1。special と きおくのみずうみ は 入らない (136.042794ms)
✔ 2. はし は gate の 出口 spot と 一致。むきも gate と あう (2539.813059ms)
✔ 3. 段の かずは land と おなじ。ことばは gate の land から(むきごと)。地面は 11 種 (20.971209ms)
✔ 4. walkLength = 段 × 450。初回 8.7〜10.4 秒、再訪は 1.4 倍の はやさ(かたちは 同じ) (17.619828ms)
✔ 5. むきは a の 出口 → b へ 入る むき へ なめらかに。はじめと おわりの 半段は まっすぐ (27.657049ms)
✔ 6. 曲がる はやさ(260/s): めやす 30°/s。こえる ものには しるし。U ターン寄りは countryside|forest (111.382886ms)
✔ 7. 幅は いみの クラス(narrow / normal / wide)。world たんいの 幅と よこずれの 上限を みちびける (16.918656ms)
✔ 8. 当たり判定は いみだけ。region の collider を もちこまない。障害物の 上限 24 (27.577397ms)
✔ 9. いきと かえり: かたち・長さ・幅は 1 つを 共有、むきだけ さかさ (29.89158ms)
✔ 10. handoff: 出口の pose ↔ s / u ↔ 入口の pose。むきの とびは 0.5° 未満、位置は spot の なか (22.998698ms)
✔ 11. closure の のこりを もちこまない: はしは spot の local 座標 そのもの。global の 位置では きめない (19.566694ms)
✔ 12. fallback: reduced motion・perfTier 2・失敗・許可リスト外 は いまの transition (20.078207ms)
✔ 13. CorridorState の かたち。s は 0〜walkLength の world 距離、u は よこの world 距離 (26.510523ms)
✔ 14. 1 どだけ 組み立てて freeze。生成は かるい (20.877838ms)
✔ 15. まだ だれも つかって いない: simulation / renderer / UI / script.js から よばない (28.502608ms)
✔ 16. **消しても うごきが 変わらない**: 4E-1 を 消した meguru.js と ゲームの 指紋が おなじ (4742.436573ms)
✔ 17. 分母・spot・たび・セーブ・世界地図・corridor・遠景・transition は 1 つも 動いて いない (85.867313ms)
✔ 1. corridor を あるくのは 許可リストの 5 本(行きと 帰り)だけ。ほかの 出口は いまの transition(Phase 4E-4A で LOW 4 本を たした) (1532.054727ms)
✔ 2. fallback: よいやすい せってい・perfTier 2・しっぱいした・おもい・形が あわない → transition。perfTier 0 / 1 は corridor (47.396244ms)
✔ 3. home → forest: 長さは spec の まま、初回 10.4 秒 / 再訪 7.4 秒、段は 0 → 5、着く がわは forest の 入口 (63.001972ms)
✔ 4. forest → home も おなじ 形を さかさに つかう(長さ・段・幅は おなじ、ことばは forest がわ) (54.115192ms)
✔ 5. s / u: 左右に あるけるが 帯の そとへは 出ない(幅クラスから)。レールでは ない (51.403709ms)
✔ 6. むき: 入る しゅんかんに カメラは うごかない。曲がる はやさは spec どおり(初回 10.9°/s)、着く ときの ずれは 1° 未満 (88.745455ms)
✔ 7. 当たり判定: 帯の はしの いし だけ(1 段 1 こ・24 こ いない)。いしに めりこまない。region の 当たり判定は もたない (41.933916ms)
✔ 8. なかまは ついてくる(帯の なか・じぶんの ちかく・かずは おなじ)。住民は 0 (78.060243ms)
✔ 9. 引き返し: とちゅうで もどると 出発 地域の 同じ 出口へ(commit しない) (35.068976ms)
✔ 10. け しき: 飾りは 150 こ いない、段の 地面の 種類で かわり、となりの 段と なめらかに まざる。地面の いろは 出発 → 到着 へ とばずに。背景は まんなかで 1 回だけ(Phase 4E-4A)。遠景は すすみぐあいで まざる (66.393475ms)
✔ 11. start(): home → forest を あるく。とちゅうの セーブは home の まま、着いた ときだけ forest。corridor の あとかたは のこらない (393.427526ms)
✔ 12. とちゅうで reload(もどる → もう いちど start)すると 出発 地域から。セーブの かたちは かわらない (102.109281ms)
✔ 13. とちゅうで 引き返すと home の 大きな 木へ。地域も セーブも かわらない (95.109611ms)
✔ 20. corridor の あいだ、しらせ・その ばの ボタン(はなす / のる)は 出ない(こえた frame に 出た ものも のこらない) (631.016377ms)
✔ 21. 着く まえに 1 かい だけ 組み(prepare)、着いた ときに それを そのまま つかう(buildWorld を 2 かい よばない)。帰りも おなじ しくみ (328.238783ms)
✔ 22. commit で しっぱい: 地域が かわる まえ でも かわった あと でも、出発 地域へ もどる。セーブは home、corridor の あとかたなし、つぎは transition (994.191471ms)
✔ 23. 終端 ちかくの 競合: 組んだ あとで 引き返す / もどる / reload / 暗く なりかけて 引き返す — どれも forest へ commit しない (951.568666ms)
✔ 24. けしきは はじめて でも 2 かいめ でも おなじ(はやさ だけ かわる)。いしは まっすぐ あるく 道の うえに ない (50.602104ms)
✔ 25. なかまは 段の さかいでも とばない・きえない(ずっと 同じ かず、1 frame の うごきは ちいさい) (434.722678ms)
✔ 14. よいやすい せってい・perfTier 2 は いまの transition(corridor は つかわない)。地域の いどうは できる (546.87737ms)
✔ 15. home.bigtree の 2 つの 出口を とりちがえない: かわ(river_lake)の むきは home|river_lake、もりの むきは home|forest(Phase 4E-4A から どちらも corridor) (605.985974ms)
✔ 16. 着く がわが 組み立てられない とき: home の 出口へ もどる。セーブは home、つぎからは transition (355.913884ms)
✔ 17. walk で ない 出口(例: countryside の ゴンドラ)は いまの transition の まま(Phase 4E-4C で walk は 10 本 ぜんぶ corridor) (147.861353ms)
✔ 18. 4E-2 の コードは 印の ついた ところ だけ。simulation・renderer・セーブ・たび は かえて いない (13.233669ms)
✔ 19. 分母・spot・たび・セーブ・世界地図・corridor の かずは うごいて いない (22.799797ms)
✔ 1. じょうたいの きまり: 道の のこり 810 で 組みはじめ、のこり 1485 より もどったら すてる(あそび)。こけた あと・着いた あとは なにも しない(Phase 4E-4A で 割合 → のこり きょり) (103.305331ms)
✔ 2. buildWorldSteps: くぎって 組んでも・とちゅうで ほかの ことを しても、buildWorld と おなじ world(13 地域) (10420.902271ms)
✔ 3. home → forest: 0.70 から 組みはじめ、着く まえに ready。組んで いる あいだ 正本は home。着いた ときに その world を つかう(二重 build なし) (433.413053ms)
✔ 4. 帰り(forest → home)も 同じ しくみ。2 かいめ(はやあし 1.4 倍)でも 着く まえに ready (661.352957ms)
✔ 5. まにあわない(組みかけ で 着いた): のこりを その場で 組んで つかう。二重 build なし (339.986724ms)
✔ 6. こける(台帳 / 組む とちゅう / 絵の したく / 着く ときの たしかめ): 歩きつづけ、着いた ときに 4E-2 の 着き方で forest へ。その 旅では 組みなおさない (1481.439593ms)
✔ 7. 引き返し: 組む まえ / 組みかけ / ready の あと。0.45 より もどったら すてる。もどりきれば home。また すすめば 組みなおす (717.48514ms)
✔ 8. reload(組みかけ / ready で やめる): 組んだ ものは すて、セーブは home。つぎは home から (415.066588ms)
✔ 9. 10 往復しても たまらない(組んだ world・わたす もの・ログ)。まいかい 組んで 1 回 つかう (2541.775051ms)
✔ 10. 27 にんでも 組んで 着く(ならびは そのまま)。セーブに あたらしい key は ない (1968.207129ms)
✔ 11. reduced motion・perfTier 2 は いまの transition(preload も しない)。ほかの 出口・special も そのまま (1901.168156ms)
✔ 1. 許可リストは 5 本(かさならない)。のこり 5 本と special・memory_lake は いまの transition。LOW 4 本は 形が そろって いる (2547.114828ms)
✔ 2. 組みはじめ は 道の のこり 810(6 段 = 0.70)。5 本とも 曲がる はやさは 初回 / 2 かいめ 30°/s いか (16.474714ms)
✔ 3. 5 本 × 行きと 帰り(27 にん): 0.70 から 組み、着く まえに ready、組んだ world を 1 回 つかう。正本は 着く まで 出発 地域。はっけん・セーブの key・なかま (70010.921227ms)
✔ 4. reload(組みかけ / ready で やめる): セーブは 出発 地域、組んだ ものは のこらない(home|forest いがい の 9 本) (8231.44409ms)
✔ 5. しっぱい: 組む とちゅう / 絵の デコード / 着く ときの たしかめ で こけても 移動は とまらない(5 本) (9477.785677ms)
✔ 6. 絵の さきどり デコード: あるける 出口に ちかづくと その corridor の 段と 両端の ことば だけを 1 回(4E-4B: 道 ぜんぶの 段)。セーブ・地域は かわらない (2812.064504ms)
✔ 7. 景色(5 本 × 行きと 帰り): 背景は まんなかで 1 回だけ 出発 → 到着。はしは 端の 地域の いろ。いろは とばない (182.359548ms)
✔ 8. home.bigtree の 2 出口: むきで 1 つに きまる(もり / かわ を とりちがえない)。city の 3 出口・mountain の 4 出口も とりちがえない (3938.425112ms)
✔ 1. 曲がる はやさ: 8 本 × 行き / 帰り × 初回 / 2 かいめ を はかる。MEDIUM 3 本は 2 かいめでも 28°/s いか、4E-4A の 5 本は かわらない (363.524978ms)
✔ 2. 曲がる 量 と 両はしの むきは 4C / 4E-1 の まま(ひろげる だけ)。むきの 積分 = 出口の むき、行きと 帰りは 同じ かたちを さかさに (93.894906ms)
✔ 3. カメラ・なかま 27 にん・帯: MEDIUM 3 本 × 行き / 帰り(2 かいめ 1.4 倍)で なめらかに ついて いく。帯の そとへ 出ない (5402.880784ms)
✔ 4. 景色(MEDIUM 3 本): 森 → 岩 → 山、山 → 川 → 湖(海に ならない)、まち → 運河 / 港 → 海(深い 海・ジャングル・ふね を まぜない) (126.268509ms)
✔ 5. city の 3 出口: desert・sea・countryside とも corridor(4E-4C)。special(ふね・ゴンドラ・もぐる)は 許可リストに ない (472.59874ms)
✔ 1. 曲がりの 表(10 本): どれも 2 かいめ 30°/s いか・倍率 1.4(cap なし)。HIGH 2 本は city|countryside = level 2、countryside|forest = 一定 曲率(level 3) (110.204077ms)
✔ 2. countryside|forest の 一定 曲率: 行き / 帰り とも 道 ぜんぶ おなじ はやさで 曲がる。曲がる 量・両はし の むき・ぎゃく むき は 4E-1 の まま (42.586392ms)
✔ 3. カメラ・なかま 27 にん(HIGH 2 本 × 行き / 帰り、2 かいめ 1.4 倍 + とちゅうの U ターン): カメラは 上限 いか、なかまは とばない・ひろがらない (12083.712863ms)
✔ 4. 景色 city|countryside: まち(灰 / ネオン) → 道・畑 → 村。いろは ひとつの むき、背景は 1 回、home の いえ・海 を まぜない (39.379519ms)
✔ 5. 景色 countryside|forest: 村・畑 → 雑木林 → 深い 森。村の はしは countryside の いろ(home の いえなみ・いろ で ない)。背景は 1 回、星の ことば なし (32.954866ms)
✔ 6. HIGH 2 本 × 行き / 帰り(start): あるく あいだ たび・ちず は つかえない / もどる・パッド は つかえる、着くと もとどおり。遠景に ゴンドラ(星の とまりば)の ひかり は 出ない。はっけんは 1 回 (1638.081443ms)
✔ 7. HIGH 2 本 の fallback(start): よいやすい せってい・perfTier 2 は corridor を つかわず いまの transition で 着く (1732.290308ms)
✔ 8. gate の 表(13 地域 × 出口): 地域 × spot × connection × mode。walk 10 本 × 2 = 20 出口 は corridor、special 5 出口 は transition、memory_lake は 出口 なし (1223.425984ms)
✔ 9. special の 表(ふね・ゴンドラ・もぐる): 許可リストに いれても walk で ない ので transition。corridor の spec も ない (565.802811ms)
✔ 10. 端の いろ の きまり(地形 × 地域 の きまり で、本ごと で ない): 10 本 の 端の 段を ほかの 地域の いろの 地形に かえても、道の はしは 端の 地域の いろ (148.384996ms)
✔ every region carries its own look: colours, backdrop, air, view distance, ground layers and structures all differ (144.639607ms)
✔ density follows the plan: the jungle and forest are dense, the desert and the memory lake are open (2677.195985ms)
✔ the ground is never a big empty space: detail is generated from the world grid anywhere you stand (1193.770233ms)
✔ structures are canvas shapes with a region, never emoji, and never a living creature (2683.104318ms)
✔ water regions have real terrain and nobody can walk into the water (358.12602ms)
✔ the world layer still works with no canvas at all (the renderer stays swappable) (1710.642328ms)
✔ weather and time reach the regions that should have them: no rain under the sea or in the sky stop (20.23157ms)
✔ forest: drawing goes to the raw context; only text (emoji → illustration) goes through the wrapped context (456.888414ms)
✔ mountain: drawing goes to the raw context; only text (emoji → illustration) goes through the wrapped context (151.009107ms)
✔ city: drawing goes to the raw context; only text (emoji → illustration) goes through the wrapped context (321.17714ms)
✔ ground details: the per-cell memo returns exactly what a fresh world computes, across many queries and all regions (29132.148375ms)
✔ city: ばらつき は city の 🏢 / 🏬 だけ。ほか の 地域 と 絵 は そのまま (131.258324ms)
✔ city: おなじ いち は いつも おなじ 大きさ(決定的)。はば と たかさ は きめた はんい の なか (300.246392ms)
✔ city: 絵文字 を えがく ところ で ばらつき を わたす(ほか の 絵文字 は いままで どおり) (6.446487ms)
✔ city: 1 フレーム で えがく ビル の たて よこ の ひ が ばらける (1307.206638ms)
✔ city: props・当たり判定 は そのまま(えがく とき だけ) (357.632989ms)
✔ river_lake(night): もや は ふち を ぼかした 1 まい。かたい おび は ない (880.313281ms)
✔ river_lake(morning): もや は ふち を ぼかした 1 まい。かたい おび は ない (756.074118ms)
✔ river_lake(day): 昼 は もや を えがかない(いままで どおり) (736.67804ms)
✔ river_lake: もや の とまり は 3 つ の やま(もと の 3 本 の おび の まんなか) (28.767428ms)
✔ counts: spot / path / zone / secret / 分母 / 遠景 / 発見レベル は 1 つも かわらない (17.216517ms)
✔ river_lake: props・当たり判定 は そのまま (197.776149ms)
✔ save: 形 は かわらない(ばらつき・もや は セーブ しない) (1001.684781ms)
✔ arch: drawStructure が しって いる 1 つ の かたち。地形 として えがく (118.570374ms)
✔ arch: いわのアーチ は rock、ほねのアーチ は bone。1 つ の かたち を ぬりわける (196.179042ms)
✔ arch: rock は 穴を くりぬいた 岩、bone は 線 の ほね。えがきかた が ちがう (1689.274928ms)
✔ arch: 1 フレーム の よびだし の ふえかた は ちいさい(2 か所 だけ) (1648.774836ms)
✔ deco: 7 か所 とも deco で、view に して いない。しらせ の レベル は そのまま (1017.737267ms)
✔ deco: solid に しない。当たり判定 に も 地図 に も のらない。カメラ も ふりむかない (1550.290532ms)
✔ deco: #319 の view 4 か所 は keep を もたず、いち も かわらない ルール の まま (727.649763ms)
✔ counts: spot / path / zone / secret / 分母 / 遠景 / 発見レベル は 1 つも かわらない (21.089579ms)
✔ counts: props が ふえる の は deco を もつ 6 地域 だけ(その かず だけ) (1343.425733ms)
✔ save: 形 は かわらない(deco は セーブ しない) (773.09851ms)
✔ snow: じめん の いろ は そのまま(世界地図・地域地図・corridor が つかう) (101.569583ms)
✔ snow: みち は 圧雪 の 青灰。雪面 から 読める が、青く しすぎない (23.405714ms)
✔ snow: 雪面 の 起伏 と 足あと は 白 で なく 青灰〜薄紫。きらきら と 氷 は そのまま (129.660178ms)
✔ memory_lake: 霧 は memory_lake の 木 と 草 だけ。ほか の 地域 と あかり は うすく しない (15.512568ms)
✔ memory_lake: ちかく は くっきり、とおく ほど 霧 に しずむ(ゆうれい に しない) (16.733406ms)
✔ memory_lake: 絵文字 の fade に 霧 を かける(描く 命令 は ふやさない) (5.485642ms)
✔ memory_lake: props・木 の 壁・当たり判定 は そのまま(霧 は 見た目 だけ) (80.697865ms)
✔ star_stop(day): 地平線 を またぐ 霞 の おび が ある。地上 は 霞 の むこう (887.55706ms)
✔ star_stop(night): 地平線 を またぐ 霞 の おび が ある。地上 は 霞 の むこう (977.281341ms)
✔ star_stop: 遠景 は 1 つ(land_below)の まま。ほか の 地域 に 地平線 の した の 遠景 は ない (25.994752ms)
✔ counts: spot / path / zone / secret / 分母 / 遠景 / 発見レベル は 1 つも かわらない (25.567115ms)
✔ snow / star_stop / memory_lake: props・当たり判定 は そのまま(いろ と 霞 と 霧 だけ) (245.661229ms)
✔ save: 形 は かわらない(霧 や 霞 は セーブ しない) (607.64923ms)
✔ 1. さばく ↔ ジャングルの 徒歩の みちは もう ない (98.54074ms)
✔ 2. jungle|sea は special sea connection。ふつうの 徒歩の みちでは ない (19.684051ms)
✔ 3. 出発と 上陸は、どちらも 実在する 非秘密の spot (17.054782ms)
✔ 4. 外洋は region では ない。non-region geography として もって いる (30.691531ms)
✔ 5. 海路は Phase 2.1 の transition 正本に そのまま のって いる (130.215934ms)
✔ 6. 初回は すこし ながく、2 かいめ からは みじかい。よいやすい せっていも きく (109.250213ms)
✔ 7. 音は sim/world がわ。え の がわは 音を 鳴らさない (5.649085ms)
✔ 8. うみ → ふね → ジャングル。もどりも おなじ しくみで わたれる (3639.985884ms)
✔ 9. なかまは いっしょに わたる。住民は のせない。二重に 出ない (1776.310052ms)
✔ 10. わたって いる あいだ、二重に はじまらない。ボタンも ぜんぶ ロックされる (1827.74043ms)
✔ 11. 「たび」は これまで どおり。あるいて 行けなくても たびでは 行ける (493.730576ms)
✔ 12. 海路を 見つける まで、島も 航路も 1 つも もれない (17.017896ms)
✔ 13. 海路の はっけんは、りょうがわの 入口を どちらも 見つけた ときだけ (15.490454ms)
✔ 14. 世界地図の 海路は 徒歩の みちと おなじ 線に しない (3.811859ms)
✔ 15. 探索率: 通常 link の ぶんぼに ひみつも ゴンドラも 入って いない (22.018574ms)
✔ 16. 地域の なかみは 1 つも かわって いない (23.118619ms)
✔ 17. ひみつは 1 つも 世界地図へ もれない(海路を 足した あとも) (23.307335ms)
✔ every dex entry becomes exactly one inhabitant somewhere; the current pet, companions and partner are not duplicated (1774.361161ms)
✔ Naoto never appears before the secret is unlocked, and afterwards waits at the far end of the memory lake (1745.121336ms)
✔ entering めぐる from the travel screen switches to the field, inhabitants live, talking works, and returning restores home (399.174628ms)
✔ げんざいち keeps the home world and only changes its flavour; sleeping blocks entry (41.911893ms)
✔ the simulation runs with no renderer or DOM: world coordinates, movement, obstacles, meeting and talking (785.20448ms)
✔ the renderer is swappable: a custom renderer receives sim.view() and the world is never given screen coordinates (224.55076ms)
✔ every region is a spot graph: all spots reachable from the entrance, at least one loop and one secret place, crowds uneven (225.197909ms)
✔ camera-relative input, a camera that turns toward the walk direction, spot discovery events and facing (348.891154ms)
✔ spot discoveries are saved per region and survive re-entering (462.975669ms)
✔ holding one pad direction never spins the camera: the input frame is locked while the finger stays down (234.786752ms)
✔ regions differ in size and structure; zones give a mood that changes with depth; the forest is the maze (427.42288ms)
✔ こえかたは 4つの あいだ(approach → cross → arrive → settle)で できて いる (1.475724ms)
✔ のぼり / くだりは connection では なく layer の さ から きまる(かえりは 逆) (781.782251ms)
✔ 入れかえの しゅんかんは ぜったいに すけない(cross の あいだは ずっと 1) (0.803296ms)
✔ settle が あり、操作は settle の あたまで もどる(ながく うばわない) (0.274776ms)
✔ 2かいめ は みじかく、よいやすい せっていは もっと みじかい(なくしはしない) (0.425905ms)
✔ 端末の おもさで つぶの かずを へらす(えの がわが よむ 1つの すう字) (0.227254ms)
✔ 音は いみの がわ(cue)に あり、え の かんすうからは 鳴らさない (5.841ms)
✔ plan は 3D 化に そのまま つかえる いみ だけ を もつ (139.630375ms)
✔ こえた ときに カメラが とばない(出るときの むきを ひきついで ゆっくり もどす) (206.45998ms)
✔ ひきつぎが ない とき(たび)は これまでどおり (79.359137ms)
✔ 鳥居・山道・のりば・どうくつには その ばしょ だけの きぶんが ある (711.186106ms)
✔ えんしゅつを 足しても 地理正本・データの かずは 1つも かわらない (0.557113ms)
✔ こえる ための データに ひみつは 出て こない (1409.810495ms)
✔ 1. 代表ルートが 出口の いみデータを もつ(あるく 10・たてじく 2・海路 1) (139.694803ms)
✔ 2. きめられた 出口 いがいから region の 外へ 出られない (1416.643993ms)
✔ 3. あるいて こえる: おうち → もり → いなか。むきも ひきつぐ (903.389459ms)
✔ 4. 入った しゅんかんに もどされない。はなれれば また こえられる (296.202362ms)
✔ 5. ゴンドラは たてじくの 上、もぐるは 下。どちらも あるいては 出ない (377.026162ms)
✔ 6. 鳥居 → 山道 → のりば。鳥居と のりばは 直結して いない (14.953622ms)
✔ 7. 住民は region を こえない。なかまは ついてくるし 二重に 出ない (163.551068ms)
✔ 8. あるいて こえても「たび」の ひようが かからない (16.314221ms)
✔ 9. はじめて きた ことは のこる。region はっけんと みちの はっけんが すすむ (15.067032ms)
✔ 10. みちの はっけんは これまでどおり「両がわの 入口を 見つけた とき」だけ (20.184809ms)
✔ 11. 出口を ふやしても ひみつは もれない (577.664287ms)
✔ 12. region-local な せかいは こわれて いない (1579.431224ms)
✔ 13. 往復しても こわれない: おうち → いなか → もり → いなか → おうち (1972.612728ms)
✔ 14. たてじくは 3D 化に つかえる いみデータ (18.504841ms)
✔ occlusion: ランドマーク を ふさぐ 木 は すける。地形(がけ・岩)は すけない (107.353707ms)
✔ たきのみはらし: みき は solid の まま、いち も かわらない(すけるのは えがく とき だけ) (285.828952ms)
✔ landmarkNearAlpha: ふつう に ながめる 大きさ は そのまま、レンズ の なか は えがかない (20.415859ms)
✔ OCCLUDER_SHIFT: かたがわ に はりだす かたち だけ。side の ほう へ ずらす (22.658864ms)
✔ ちいさな 絵文字: みちばた の もの は、じぶん より ある ていど おおきい とき だけ すける (16.29343ms)
✔ jungle 夜: もちあげ は jungle だけ。floor と mul は ひかえめ (49.443216ms)
✔ jungle 夜: みき の あいだ の もや を ぬる。ぬれた は の ひかり は 1 かい の fill (1192.797073ms)
✔ jungle 昼: もや も ひかり も えがかない (918.907601ms)
✔ star_stop: 霞 は 地平線 で いちばん こく、地上 の こい ところ でも 0.7 のこる (42.230955ms)
✔ deco: くぼちのみはらし に しだ、つりばし に つりばし。見た目 だけ (414.315732ms)
✔ counts: spot / path / zone / secret / 分母 / 遠景 / 発見レベル は かわらない (22.706746ms)
✔ collision: forest / jungle の 障害物 は main と おなじ かず(deco は solid で ない) (624.387446ms)
✔ save: 形 は かわらない (959.865456ms)
✔ worldLayers: every region can be read by meaning, and every drawn structure has a role (1842.827487ms)
✔ no giant "material" illustration stands in for a landmark: waves, ice cubes, stars, wheat become canvas shapes or nothing (1492.725404ms)
✔ composition changes inside a region: zones swap the framing kind, the plant pool and place one hero (1857.453138ms)
✔ fallen logs and rocks lie at different angles and gather instead of lining up (286.82789ms)
✔ the world is still data only: layers, heroes and zone composition need no canvas, and PR #277 stays intact (1972.841708ms)
✔ 1. 正式地理 v2(D2): 13地域が 1回ずつ、地上10・水面下1・上空1・記憶1 (157.975409ms)
✔ 2. 接続表が 正本の 14本と ぴったり あう。入口の spot も ぜんぶ 実在して、ひみつでは ない (28.783953ms)
✔ 3. 二つの水系。たにの おおかわと みやこがわは べつの 川で、上流で つながって いない (25.716521ms)
✔ 4/5. たてじくは 2か所。ほしぞらは いなかの 山の上、しんかいは うみの 外洋の下 (35.484995ms)
✔ 6/7/8. まだ 見つけて いない 地域・みち・大めじるしは、なまえも かたちも 出ない (24.735416ms)
✔ 9. ひみつ spot・ひみつ path・ひみつ zone が せかいのちずへ 1つも もれない (39.856391ms)
✔ 10. 旧セーブの 訪問ずみ 地域が、そのまま 見つけた ことに なる。でも みちは ひらかない (29.646799ms)
✔ 11. みちは りょうがわの 入口 spot を どちらも 見つけた ときだけ ひらく (23.915215ms)
✔ 12. せかい たんさくりつ: ぶんぼに ひみつが 1つも 入って いない (22.525241ms)
✔ 13. たんさくりつから のこりの ひみつの かずが ぎゃくさんできない (24.349953ms)
✔ 14. 図上の おおきさ: おうちが 点に ならず、さばくの ひろさも のこる (17.539575ms)
✔ 15. GEO_AREA は 実際の world から 測った 値と あう(halfW では なく 実 box) (1765.386204ms)
✔ 16. せかいのちずから 地域の ちずへ 入れて、もどれる。開いただけでは 発見状態が かわらない (655.631036ms)
✔ 17. せかいのちずを とじて いる あいだ、たんさくの けいさんは 1フレームも ふえない (1043.04476ms)
✔ 18. せかいのちずの セーブは id だけ。地域の はっけんと みちの はっけんを べつに もつ (356.796134ms)
✔ 19. 旧セーブ(せかいの きろくが ない)でも こわれない (352.170013ms)
✔ 20. 地域の ちずは これまでどおり。せかいのちずの ために 1つも かわって いない (434.756854ms)
✔ 21. D2 へ かえても、地域の なかみは 1つも うごいて いない (2851.504382ms)
✔ 22. 地理正本 v1: 山は 3 つの モチーフ。にしは あるける 山地、ひがしは region では ない 巨大山地 (17.579156ms)
✔ 23. 地理正本 v1: おうちの すぐ近くを 天竜川型が ながれ、とかいへは ながれない (27.168442ms)
✔ 24. 地理正本 v1: 分水界が 正式な 地形。2 水系を 図の うえで 分ける (25.626074ms)
✔ 25. 地理正本 v1: 源の湖は ふつうの 地形。きおくのみずうみ では ない (22.385639ms)
✔ 26. 地理正本 v1: 北西に さばく、南西に ジャングル (22.29336ms)
✔ 27. 地理正本 v1: 生活圏の 三角と、おうち ↔ とかい を 持たない こと (30.498968ms)
✔ 28. 地理正本 v1: もりは「やま と おうちの あいだ」ではなく「おうち → いなか の とちゅう」 (15.855387ms)
✔ 29. 地理正本 v1: 南アルプス型は ひがしの 巨大山地。やまは にしの 中央アルプス型がわ (21.995488ms)
✔ 30. 地理正本 v1: ほしぞらへは **特殊たてじく接続**。ふつうの 徒歩の みちでは ない (23.148705ms)
✔ 31. 地理正本 v1: ゴンドラは 見つけるまで ばれない。探索率も 1 つも かわらない (16.498088ms)
✔ story pools exist for everyday care, travel, courtship and waking (109.221261ms)
✔ each midlife event fires once at its age and records a life-log line (18.593055ms)
✔ a birthday at a midlife age triggers the event through onAgeChanged (15.502211ms)
✔ a fresh save is schemaVersion 5 and survives a save/load round trip unchanged (220.968816ms)
✔ a schemaVersion 3 save keeps its displayed age (18 -> 20 ticks per year) (52.19847ms)
✔ a pre-schema save converts the old age scale, stage names, and freePlay (84.39366ms)
✔ schemaVersion 5 heals wrong shapes without touching valid values (46.698841ms)
✔ normalizeStateShape is idempotent on a fresh state (19.257105ms)
✔ the infinite-world return snapshot is normalized with the save (38.2435ms)
✔ normal equipment V2 refunds all five owned retired IDs before catalog filtering (23.663017ms)
✔ normal equipment V2 refunds flower once and unequips it (23.152039ms)
✔ normal equipment V2 refunds energy1 once and unequips it (35.656815ms)
✔ normal equipment V2 refunds hat once and unequips it (21.476544ms)
✔ normal equipment V2 refunds crown once and unequips it (18.830929ms)
✔ normal equipment V2 refunds glasses once and unequips it (15.799572ms)
✔ normal equipment V2 ignores purchase history without actual ownership (34.385442ms)
✔ normal equipment V2 marked saves remove stale retired equipment without refunding again (15.043026ms)
✔ normal equipment V2 heals malformed migration marker null (13.506341ms)
✔ normal equipment V2 heals malformed migration marker [] (13.847998ms)
✔ normal equipment V2 heals malformed migration marker "bad" (16.602297ms)
✔ normal equipment V2 heals malformed migration marker {"normalEquipmentV2":"false"} (14.672195ms)
✔ normal equipment V2 heals malformed migration marker {"normalEquipmentV2":1} (15.175638ms)
✔ normal equipment V2 heals malformed migration marker {"normalEquipmentV2":{}} (14.546395ms)
✔ normal equipment V2 heals malformed money and ownership without creating unowned refunds (35.121685ms)
✔ normal equipment V2 refunds survive save/load, repeated normalization and the next life (72.745978ms)
✔ normal equipment V2 infinite return never credits its snapshot into the live balance (82.512659ms)
✔ normal equipment V2 does not repay an old infinite snapshot when the live save is marked (21.645289ms)
✔ normal equipment V2 canonicalizes tier aliases and refunds each retired base only once (20.604294ms)
✔ stack-harvest uses the existing atlas crop within the original block decoration box (103.549718ms)
✔ stack-sakura uses the existing atlas crop within the original block decoration box (21.001324ms)
✔ stack-leaves uses the existing atlas crop within the original block decoration box (16.114308ms)
✔ pending, failed, wrong-size and drawing-error atlases retain the original emoji and recover on load (17.422979ms)
✔ unmapped stack themes keep their own symbols instead of a different illustration (79.829489ms)
✔ illustrated play keeps all other Canvas commands, score, rewards and timing identical to emoji fallback (890.74483ms)
✔ reduced motion and lightweight mode retain the motif; retirement prevents late image work (33.356003ms)
[naotocchi] minigame Error: boom
    at frame (/workspace/scratch/b7dafe93b718/naotocchi/tests/minigame-lifecycle-test.cjs:220:60)
    at mgRunTagged (evalmachine.<anonymous>:38705:17)
    at evalmachine.<anonymous>:38750:9
    at /workspace/scratch/b7dafe93b718/naotocchi/tests/helpers/runtime-harness.cjs:233:49
    at Object.fn (/workspace/scratch/b7dafe93b718/naotocchi/tests/helpers/runtime-harness.cjs:207:82)
    at Object.advance (/workspace/scratch/b7dafe93b718/naotocchi/tests/helpers/runtime-harness.cjs:322:57)
    at TestContext.<anonymous> (/workspace/scratch/b7dafe93b718/naotocchi/tests/minigame-lifecycle-test.cjs:224:5)
    at Test.runInAsyncScope (node:async_hooks:227:14)
    at Test.run (node:internal/test_runner/test:1382:25)
    at Test.processPendingSubtests (node:internal/test_runner/test:960:18)
[naotocchi] minigame Error: start boom
    at Object.start (/workspace/scratch/b7dafe93b718/naotocchi/tests/minigame-lifecycle-test.cjs:237:59)
    at evalmachine.<anonymous>:39081:39
    at mgRunTagged (evalmachine.<anonymous>:38705:17)
    at launch (evalmachine.<anonymous>:39081:7)
    at Object.startMinigame (evalmachine.<anonymous>:39086:10)
    at TestContext.<anonymous> (/workspace/scratch/b7dafe93b718/naotocchi/tests/minigame-lifecycle-test.cjs:237:9)
    at Test.runInAsyncScope (node:async_hooks:227:14)
    at Test.run (node:internal/test_runner/test:1382:25)
    at Test.processPendingSubtests (node:internal/test_runner/test:960:18)
    at Test.postRun (node:internal/test_runner/test:1522:19)
✔ score 10 keeps results readable before the reaction begins (146.04343ms)
✔ score 90 keeps results readable before the reaction begins (38.794163ms)
✔ a new care conversation replaces results and cancels the delayed game reaction (24.114095ms)
✔ replaying cancels the delayed reaction and old result controls (25.285498ms)
✔ retire clears a held key before the next game (38.36302ms)
✔ complete clears a held key before the next game (22.563448ms)
✔ blur releases keyboard steering and allows a new press (36.863962ms)
✔ hidden releases keyboard steering and allows a new press (36.789304ms)
✔ a background switch stops repeating button input without ending the game (24.15349ms)
✔ a background switch releases a touch-held control without a pointerup (21.859644ms)
✔ input scope is restored when an event never bubbles to window (27.301549ms)
✔ all 100 registered games can retire without delayed rewards or repopulating the screen (250.620713ms)
▶ first-play instructions include each dynamic goal needed to finish the game
  ✔ tilt-maze-3d (4.096721ms)
  ✔ pingpong-3d (1.550707ms)
  ✔ sudoku-mini (1.56568ms)
  ✔ area-claim (1.284454ms)
  ✔ beach-volley (1.243742ms)
✔ first-play instructions include each dynamic goal needed to finish the game (44.584847ms)
✔ Sudoku instructions follow the actual 4×4 board (19.384517ms)
✔ Sudoku instructions follow the actual 6×6 board (21.655856ms)
✔ Mancala explains sowing toward the right-hand own store and follows that path (22.401063ms)
✔ a game whose frame loop throws is closed without rewards and the next game works (31.754278ms)
✔ a game that throws while starting is closed cleanly (21.825742ms)
✔ game pass five-second timer refreshes UI and respects null (26.64765ms)
✔ game pass five-second timer refreshes UI and respects sleep (27.905734ms)
✔ game pass five-second timer refreshes UI and respects dead (27.663868ms)
✔ game pass five-second timer refreshes UI and respects transform (26.380225ms)
✔ game pass reload retains only the unexpired part of its five-second deadline (51.19458ms)
✔ game pass infinite return preserves its remaining cooldown (20.761521ms)
✔ game pass infinite return preserves its remaining cooldown after reload (57.261764ms)
✔ game pass infinite return without an old-life snapshot retains its deadline (18.318183ms)
✔ game pass infinite return never shortens a later saved normal-life deadline (15.299195ms)
✔ the observer legend stays abstract and does not alter the current life (104.124133ms)
✔ observer stories keep their clues ambiguous instead of identifying Naoto (34.603832ms)
✔ skipping then closing releases the movie and cancels all later scene changes (14.724675ms)
✔ opening a different overlay cleans up cinema mode and a following date resets legend choreography (31.948568ms)
✔ cinematic legend subtitles and titles contain no emoji (26.817688ms)
✔ date dialogue identifies each speaker with their own portrait and escapes the saved name (30.224984ms)
✔ repeated dates rotate whole small stories before replaying one, even with the same random roll (106.750962ms)
✔ the 100-beyond voice stays unnamed and separate from the player (17.523521ms)
✔ all 18 partners keep their own speech identity across complete dates and anniversaries (1515.080794ms)
✔ four coherent stories per legend finish without rewards or explicit world answers (87.828162ms)
✔ guest and legacy partner speech keeps illustrated saved appearances without rewriting the relationship (72.753449ms)
✔ underwater dates keep both character asides and the closing consistent with swimming (225.477753ms)
✔ game: only owned crown after dex completion doubles a relevant candidate (95.769673ms)
✔ game: achievement completion removes bias despite other unfinished achievements (15.925092ms)
✔ sticker: only owned crown after dex completion doubles a relevant candidate (14.044255ms)
✔ sticker: achievement completion removes bias despite other unfinished achievements (13.123763ms)
✔ moment: only owned crown after dex completion doubles a relevant candidate (27.939225ms)
✔ moment: achievement completion removes bias despite other unfinished achievements (13.068119ms)
✔ unplayed and record targets form a union, never 4x, and ring ownership has no effect (35.617435ms)
✔ actual achievement conditions stop bias before the next achievement notification (28.720527ms)
✔ danger, manual environment and ring pools never receive a crown multiplier (24.683927ms)
✔ all achievements complete disables every crown target, even with stale missing counters (12.513389ms)
✔ unowned sticker bias ends at the collection threshold and never boosts an owned copy (13.336985ms)
✔ task bias only fills a missing supply; enough unplaced copies require manual placement (17.382398ms)
✔ sticker candidate weights preserve rarity mass while doubling only the target (21.662495ms)
✔ environment joint lottery is 90:55 with all-safe candidates, not 90 percent (28.316575ms)
✔ mixed environment keeps negative raw weight and doubles safe weight only (14.366232ms)
✔ inactive environment remains 45:55 and empty pools cannot produce events (13.097142ms)
✔ real scheduled environment event uses crown odds and counts exactly once (16.447062ms)
✔ legacy crown save reload preserves rewards/history and activates only with dex proof (72.082863ms)
✔ queue crown ordering changes but candidate multiplicity and play count stay intact (43.187682ms)
✔ movable copies on other pages already satisfy supply; rearrangement is manual (17.43657ms)
✔ 20th A record removes cached bias before notification without refilling consumed tickets (21.103409ms)
✔ actual game queue lottery applies exactly 2x, neither 1x nor 4x (28.216024ms)
✔ lantern ownership false: positive growth (86.91326ms)
✔ lantern ownership true: positive growth (16.761858ms)
✔ lantern stacks once with existing boost, retaining fractional growth (17.83665ms)
✔ lantern does not boost loss, decline, initial sodachi or zero (19.590159ms)
✔ lantern leaves eggs and infinite mode unchanged (27.882008ms)
✔ lantern crosses the unchanged sodachi threshold with one level and a fraction (19.67029ms)
✔ normal game remains one real play and unchanged coins with lantern (30.359837ms)
✔ ring species: unknown doubles; registered immediately restores base (16.431589ms)
✔ ring companion: unknown doubles; registered immediately restores base (11.631433ms)
✔ ring partner: unknown doubles; registered immediately restores base (11.389217ms)
✔ ring species uses the actual form dex, including ticket registrations, not raised species (13.003841ms)
✔ rare companion registration use the same dex predicate (15.760773ms)
✔ ring never targets crown pools, risks, manual settings, or secret ren (13.461653ms)
✔ ring does not promote romantically incompatible candidates (34.458601ms)
✔ ring and crown do not multiply one candidate to four (12.986093ms)
✔ weighted ring sampler doubles each unknown candidate and preserves known base mass (14.440525ms)
✔ normal companion draw retains regional 4:1 mass before ring bonus (13.761197ms)
✔ natural transform excludes current, excluded and locked rares, biases only legal choices (30.073845ms)
✔ transform ticket output is identical with and without ring for the same random stream (12.396041ms)
✔ old save ownership restores passives without new save fields (29.755618ms)
✔ old save goal-history restores passives without new save fields (30.738612ms)
✔ item-all counts consumables ever acquired: a held (never used) life charm counts, no near-death needed (126.580041ms)
✔ PERFECT and unlocked achievements are never revoked when the items or dex later change (19.203323ms)
✔ a reached PERFECT celebration is saved as pending and comes back after a reload until it is closed (58.815555ms)
✔ a pending celebration without the matching clear flag is dropped (never shown by itself) (47.273405ms)
✔ a panel pushes one history entry; back closes it; closing by UI removes the entry; home back does nothing (36.307999ms)
✔ back during a minigame asks to quit instead of ending it, and stays in the layer (15.980085ms)
✔ Escape closes the top panel through the same path (15.110358ms)
✔ a critical notice (another tab) is not overwritten for 8 s; the latest ordinary notice follows it (12.910919ms)
✔ every overlay is a named modal dialog; story flash and birthday toast are live status regions (0.748072ms)
✔ the home screen behind an open panel is inert, and becomes interactive again when it closes (17.585175ms)
✔ minigame screen shakes go through the reduced-motion guard (the random sequence is unchanged) (4.534823ms)
✔ every achievement has an illustration without changing its definition or saved state (111.436272ms)
✔ achievement grid, recent list, goals and unlock flash share artwork and preserve locks (19.126652ms)
✔ environment notices use matching whole animal PNGs and keep unknown birds intact (24.492527ms)
✔ form-change notices and generic butterfly comments do not assume an adult growth stage (29.359243ms)
✔ food illustrations distinguish onigiri and cooked egg from care rice and hatching egg (15.742255ms)
✔ cake preserves order, retry and completion while the placed item keeps its illustration (49.424692ms)
✔ bento retains its preview interval and shows the actual food even in a wrong slot (21.700172ms)
✔ food decoration keeps timeout scoring and retires without late score changes (86.985171ms)
✔ bento completion retains all food and text in normal, reduced-motion, low and fallback modes (167.732103ms)
✔ a short absence changes nothing (93.29746ms)
✔ ten minutes away lowers stats gently without changing coins (17.513796ms)
✔ stats never drop below the floor even when the drift exceeds them (13.481453ms)
✔ a long absence is capped at thirty minutes of drift and cannot endanger a low pet (13.372638ms)
✔ sleeping while away recovers energy instead of draining it (19.726615ms)
✔ only one main overlay is open at a time (117.649255ms)
✔ an unknown kind opens nothing and close buttons only close their own overlay (28.110884ms)
✔ every overlay kind renders its own panel (38.360966ms)
✔ performance tiers step up on slow frames and back down after sustained fast frames (28.642805ms)
✔ the original adult cat stays byte-identical to the approved master (17.172821ms)
✔ all ten expression assets are distinct approved transparent RGBA PNGs on the original bounds (50.254277ms)
✔ every runtime-allowlisted adult-cat expression path exists (0.518034ms)
✔ kitten expression assets retain the original small stage bounds and transparent canvas (12.212613ms)
✔ otemba expression assets retain the original small stage bounds and transparent canvas (19.104794ms)
✔ young expression assets retain the original small stage bounds and transparent canvas (12.126603ms)
✔ calm expression assets retain the original small stage bounds and transparent canvas (9.744247ms)
✔ elder expression assets retain the original small stage bounds and transparent canvas (12.1978ms)
✔ toddler expression assets retain the original small stage bounds and transparent canvas (7.987739ms)
✔ baby expression assets retain the original small stage bounds and transparent canvas (6.496442ms)
✔ adult dog expressions are distinct transparent assets with original sprite bounds (9.507789ms)
✔ puppy expressions are distinct transparent assets with original sprite bounds (6.902436ms)
✔ wanpaku expressions are distinct transparent assets with original sprite bounds (6.611827ms)
✔ young dog expressions are distinct transparent assets with original sprite bounds (6.969788ms)
✔ calm dog expressions are distinct transparent assets with original sprite bounds (6.939182ms)
✔ baby dog expressions are distinct transparent assets with original sprite bounds (8.734449ms)
✔ toddler dog expressions are distinct transparent assets with original sprite bounds (6.445035ms)
✔ elder dog expressions are distinct transparent assets with original sprite bounds (9.428088ms)
✔ starfish/01 master is the exact approved candidate; normal routing uses it (2.012656ms)
✔ starfish/02 master is the exact approved candidate; normal routing uses it (0.840482ms)
✔ starfish/03 master is the exact approved candidate; normal routing uses it (0.63417ms)
✔ man/01 has ten distinct transparent expressions with original bounds (8.502497ms)
✔ man/02 has ten distinct transparent expressions with original bounds (20.121893ms)
✔ man/03 has ten distinct transparent expressions with original bounds (13.449826ms)
✔ man/04 has ten distinct transparent expressions with original bounds (6.448359ms)
✔ man/05 has ten distinct transparent expressions with original bounds (5.62974ms)
✔ man/06 has ten distinct transparent expressions with original bounds (6.156878ms)
✔ man/07 has ten distinct transparent expressions with original bounds (6.090348ms)
✔ man/08 has ten distinct transparent expressions with original bounds (12.747844ms)
✔ woman/01 has ten distinct transparent expressions with original bounds (5.175523ms)
✔ woman/02 has ten distinct transparent expressions with original bounds (6.153583ms)
✔ woman/03 has ten distinct transparent expressions with original bounds (6.233474ms)
✔ woman/04 has ten distinct transparent expressions with original bounds (5.601828ms)
✔ woman/05 has ten distinct transparent expressions with original bounds (6.917329ms)
✔ woman/06 has ten distinct transparent expressions with original bounds (8.145948ms)
✔ woman/07 has ten distinct transparent expressions with original bounds (6.793893ms)
✔ woman/08 has ten distinct transparent expressions with original bounds (6.755954ms)
✔ penguin/01 has ten distinct transparent expressions with original bounds (5.833108ms)
✔ penguin/02 has ten distinct transparent expressions with original bounds (11.057775ms)
✔ penguin/03 has ten distinct transparent expressions with original bounds (6.075514ms)
✔ penguin/04 has ten distinct transparent expressions with original bounds (7.375832ms)
✔ penguin/05 has ten distinct transparent expressions with original bounds (8.703092ms)
✔ penguin/06 has ten distinct transparent expressions with original bounds (9.55417ms)
✔ penguin/07 has ten distinct transparent expressions with original bounds (5.547846ms)
✔ penguin/08 has ten distinct transparent expressions with original bounds (6.17093ms)
✔ turtle/01 has ten distinct transparent expressions with original bounds (4.539701ms)
✔ turtle/02 has ten distinct transparent expressions with original bounds (4.846285ms)
✔ turtle/03 has ten distinct transparent expressions with original bounds (4.86935ms)
✔ turtle/04 has ten distinct transparent expressions with original bounds (10.861548ms)
✔ turtle/05 has ten distinct transparent expressions with original bounds (5.7488ms)
✔ turtle/06 has ten distinct transparent expressions with original bounds (6.393666ms)
✔ turtle/07 has ten distinct transparent expressions with original bounds (16.399008ms)
✔ turtle/08 has ten distinct transparent expressions with original bounds (15.398835ms)
✔ frog/01 has ten distinct transparent expressions with original bounds (8.300212ms)
✔ frog/02 has ten distinct transparent expressions with original bounds (7.753314ms)
✔ frog/03 has ten distinct transparent expressions with original bounds (4.535504ms)
✔ frog/04 has ten distinct transparent expressions with original bounds (6.311832ms)
✔ frog/05 has ten distinct transparent expressions with original bounds (5.092507ms)
✔ frog/06 has ten distinct transparent expressions with original bounds (5.605354ms)
✔ frog/07 has ten distinct transparent expressions with original bounds (6.04532ms)
✔ frog/08 has ten distinct transparent expressions with original bounds (6.222367ms)
✔ clownfish/01 has ten distinct transparent expressions with original bounds (5.195864ms)
✔ clownfish/02 has ten distinct transparent expressions with original bounds (7.313449ms)
✔ clownfish/03 has ten distinct transparent expressions with original bounds (5.838436ms)
✔ clownfish/04 has ten distinct transparent expressions with original bounds (7.73741ms)
✔ clownfish/05 has ten distinct transparent expressions with original bounds (5.628709ms)
✔ clownfish/06 has ten distinct transparent expressions with original bounds (5.448186ms)
✔ clownfish/07 has ten distinct transparent expressions with original bounds (5.045907ms)
✔ clownfish/08 has ten distinct transparent expressions with original bounds (5.123444ms)
✔ salmon/01 has ten distinct transparent expressions with original bounds (4.334811ms)
✔ salmon/02 has ten distinct transparent expressions with original bounds (4.447912ms)
✔ salmon/03 has ten distinct transparent expressions with original bounds (11.224698ms)
✔ salmon/04 has ten distinct transparent expressions with original bounds (4.661825ms)
✔ salmon/05 has ten distinct transparent expressions with original bounds (12.920344ms)
✔ salmon/06 has ten distinct transparent expressions with original bounds (5.316616ms)
✔ salmon/07 has ten distinct transparent expressions with original bounds (4.924633ms)
✔ salmon/08 has ten distinct transparent expressions with original bounds (4.796239ms)
✔ hermit_crab/01 has ten distinct transparent expressions with original bounds (4.429945ms)
✔ hermit_crab/02 has ten distinct transparent expressions with original bounds (4.986357ms)
✔ hermit_crab/03 has ten distinct transparent expressions with original bounds (5.311569ms)
✔ hermit_crab/04 has ten distinct transparent expressions with original bounds (4.855458ms)
✔ hermit_crab/05 has ten distinct transparent expressions with original bounds (5.076473ms)
✔ hermit_crab/06 has ten distinct transparent expressions with original bounds (5.268083ms)
✔ hermit_crab/07 has ten distinct transparent expressions with original bounds (5.132989ms)
✔ hermit_crab/08 has ten distinct transparent expressions with original bounds (5.810193ms)
✔ jellyfish/01 has ten distinct transparent expressions with original bounds (5.296226ms)
✔ jellyfish/02 has ten distinct transparent expressions with original bounds (5.763222ms)
✔ jellyfish/03 has ten distinct transparent expressions with original bounds (6.314767ms)
✔ jellyfish/04 has ten distinct transparent expressions with original bounds (10.263964ms)
✔ jellyfish/05 has ten distinct transparent expressions with original bounds (8.807329ms)
✔ jellyfish/06 has ten distinct transparent expressions with original bounds (6.198391ms)
✔ jellyfish/07 has ten distinct transparent expressions with original bounds (6.169527ms)
✔ jellyfish/08 has ten distinct transparent expressions with original bounds (6.000912ms)
✔ starfish/01 has ten distinct transparent expressions with projected approved master bounds (17.538062ms)
✔ starfish/02 has ten distinct transparent expressions with projected approved master bounds (7.704591ms)
✔ starfish/03 has ten distinct transparent expressions with projected approved master bounds (9.585277ms)
✔ starfish/04 has ten distinct transparent expressions with original bounds (10.508234ms)
✔ starfish/05 has ten distinct transparent expressions with original bounds (9.59395ms)
✔ starfish/06 has ten distinct transparent expressions with original bounds (6.227585ms)
✔ starfish/07 has ten distinct transparent expressions with original bounds (8.770293ms)
✔ starfish/08 has ten distinct transparent expressions with original bounds (6.787663ms)
✔ coral/01 has ten distinct transparent expressions with original bounds (5.321363ms)
✔ coral/02 has ten distinct transparent expressions with original bounds (5.621128ms)
✔ coral/03 has ten distinct transparent expressions with original bounds (8.879078ms)
✔ coral/04 has ten distinct transparent expressions with original bounds (9.36919ms)
✔ coral/05 has ten distinct transparent expressions with original bounds (5.565003ms)
✔ coral/06 has ten distinct transparent expressions with original bounds (5.978868ms)
✔ coral/07 has ten distinct transparent expressions with original bounds (5.513414ms)
✔ coral/08 has ten distinct transparent expressions with original bounds (5.52425ms)
✔ butterfly/01 has ten distinct transparent expressions with original bounds (4.768327ms)
✔ butterfly/02 has ten distinct transparent expressions with original bounds (15.172934ms)
✔ butterfly/03 has ten distinct transparent expressions with original bounds (8.353863ms)
✔ butterfly/04 has ten distinct transparent expressions with original bounds (5.459512ms)
✔ butterfly/05 has ten distinct transparent expressions with original bounds (5.597752ms)
✔ butterfly/06 has ten distinct transparent expressions with original bounds (5.383658ms)
✔ butterfly/07 has ten distinct transparent expressions with original bounds (5.567687ms)
✔ butterfly/08 has ten distinct transparent expressions with original bounds (6.749576ms)
✔ beetle/01 has ten distinct transparent expressions with original bounds (5.348003ms)
✔ beetle/02 has ten distinct transparent expressions with original bounds (4.880256ms)
✔ beetle/03 has ten distinct transparent expressions with original bounds (5.579263ms)
✔ beetle/04 has ten distinct transparent expressions with original bounds (5.610862ms)
✔ beetle/05 has ten distinct transparent expressions with original bounds (5.340752ms)
✔ beetle/06 has ten distinct transparent expressions with original bounds (6.01311ms)
✔ beetle/07 has ten distinct transparent expressions with original bounds (6.941105ms)
✔ beetle/08 has ten distinct transparent expressions with original bounds (6.092982ms)
✔ stagbeetle/01 has ten distinct transparent expressions with original bounds (5.214913ms)
✔ stagbeetle/02 has ten distinct transparent expressions with original bounds (25.722719ms)
✔ stagbeetle/03 has ten distinct transparent expressions with original bounds (8.829122ms)
✔ stagbeetle/04 has ten distinct transparent expressions with original bounds (6.2962ms)
✔ stagbeetle/05 has ten distinct transparent expressions with original bounds (5.376567ms)
✔ stagbeetle/06 has ten distinct transparent expressions with original bounds (4.763659ms)
✔ stagbeetle/07 has ten distinct transparent expressions with original bounds (5.280641ms)
✔ stagbeetle/08 has ten distinct transparent expressions with original bounds (9.581861ms)
✔ cicada/01 has ten distinct transparent expressions with original bounds (10.674215ms)
✔ cicada/02 has ten distinct transparent expressions with original bounds (5.222484ms)
✔ cicada/03 has ten distinct transparent expressions with original bounds (5.166309ms)
✔ cicada/04 has ten distinct transparent expressions with original bounds (5.770153ms)
✔ cicada/05 has ten distinct transparent expressions with original bounds (5.415165ms)
✔ cicada/06 has ten distinct transparent expressions with original bounds (5.428265ms)
✔ cicada/07 has ten distinct transparent expressions with original bounds (5.583319ms)
✔ cicada/08 has ten distinct transparent expressions with original bounds (6.399706ms)
✔ antlion/01 has ten distinct transparent expressions with original bounds (5.344779ms)
✔ antlion/02 has ten distinct transparent expressions with original bounds (5.86743ms)
✔ antlion/03 has ten distinct transparent expressions with original bounds (6.604206ms)
✔ antlion/04 has ten distinct transparent expressions with original bounds (6.485826ms)
✔ antlion/05 has ten distinct transparent expressions with original bounds (6.440678ms)
✔ antlion/06 has ten distinct transparent expressions with original bounds (5.953981ms)
✔ antlion/07 has ten distinct transparent expressions with original bounds (6.091519ms)
✔ antlion/08 has ten distinct transparent expressions with original bounds (10.180016ms)
✔ dandelion/01 has ten distinct transparent expressions with original bounds (10.993749ms)
✔ dandelion/02 has ten distinct transparent expressions with original bounds (5.383448ms)
✔ dandelion/03 has ten distinct transparent expressions with original bounds (5.262865ms)
✔ dandelion/04 has ten distinct transparent expressions with original bounds (5.243425ms)
✔ dandelion/05 has ten distinct transparent expressions with original bounds (5.174852ms)
✔ dandelion/06 has ten distinct transparent expressions with original bounds (8.092357ms)
✔ dandelion/07 has ten distinct transparent expressions with original bounds (6.708423ms)
✔ dandelion/08 has ten distinct transparent expressions with original bounds (34.861882ms)
✔ sakura/01 has ten distinct transparent expressions with original bounds (10.646232ms)
✔ sakura/02 has ten distinct transparent expressions with original bounds (5.743983ms)
✔ sakura/03 has ten distinct transparent expressions with original bounds (6.625137ms)
✔ sakura/04 has ten distinct transparent expressions with original bounds (6.878731ms)
✔ sakura/05 has ten distinct transparent expressions with original bounds (5.678754ms)
✔ sakura/06 has ten distinct transparent expressions with original bounds (5.542759ms)
✔ sakura/07 has ten distinct transparent expressions with original bounds (7.410565ms)
✔ sakura/08 has ten distinct transparent expressions with original bounds (6.919893ms)
✔ venus_flytrap/01 has ten distinct transparent expressions with original bounds (12.572588ms)
✔ venus_flytrap/02 has ten distinct transparent expressions with original bounds (13.917283ms)
✔ venus_flytrap/03 has ten distinct transparent expressions with original bounds (6.445655ms)
✔ venus_flytrap/04 has ten distinct transparent expressions with original bounds (5.974021ms)
✔ venus_flytrap/05 has ten distinct transparent expressions with original bounds (7.174669ms)
✔ venus_flytrap/06 has ten distinct transparent expressions with original bounds (7.500331ms)
✔ venus_flytrap/07 has ten distinct transparent expressions with original bounds (6.613419ms)
✔ venus_flytrap/08 has ten distinct transparent expressions with original bounds (6.614461ms)
✔ mushroom/01 has ten distinct transparent expressions with original bounds (5.815191ms)
✔ mushroom/02 has ten distinct transparent expressions with original bounds (6.784087ms)
✔ mushroom/03 has ten distinct transparent expressions with original bounds (6.05876ms)
✔ mushroom/04 has ten distinct transparent expressions with original bounds (5.280652ms)
✔ mushroom/05 has ten distinct transparent expressions with original bounds (7.095929ms)
✔ mushroom/06 has ten distinct transparent expressions with original bounds (9.211301ms)
✔ mushroom/07 has ten distinct transparent expressions with original bounds (16.664632ms)
✔ mushroom/08 has ten distinct transparent expressions with original bounds (9.485586ms)
✔ dragon/01 has ten distinct transparent expressions with original bounds (8.487185ms)
✔ dragon/02 has ten distinct transparent expressions with original bounds (8.644954ms)
✔ dragon/03 has ten distinct transparent expressions with original bounds (9.057068ms)
✔ dragon/04 has ten distinct transparent expressions with original bounds (9.287587ms)
✔ dragon/05 has ten distinct transparent expressions with original bounds (9.395029ms)
✔ dragon/06 has ten distinct transparent expressions with original bounds (20.93958ms)
✔ dragon/07 has ten distinct transparent expressions with original bounds (8.800058ms)
✔ dragon/08 has ten distinct transparent expressions with original bounds (20.233552ms)
✔ phoenix/01 has ten distinct transparent expressions with original bounds (7.454282ms)
✔ phoenix/02 has ten distinct transparent expressions with original bounds (7.496145ms)
✔ phoenix/03 has ten distinct transparent expressions with original bounds (7.703819ms)
✔ phoenix/04 has ten distinct transparent expressions with original bounds (8.197236ms)
✔ phoenix/05 has ten distinct transparent expressions with original bounds (20.867572ms)
✔ phoenix/06 has ten distinct transparent expressions with original bounds (9.175958ms)
✔ phoenix/07 has ten distinct transparent expressions with original bounds (8.135223ms)
✔ phoenix/08 has ten distinct transparent expressions with original bounds (7.824763ms)
✔ god/01 has ten distinct transparent expressions with original bounds (18.334718ms)
✔ god/02 has ten distinct transparent expressions with original bounds (7.234769ms)
✔ god/03 has ten distinct transparent expressions with original bounds (7.581895ms)
✔ god/04 has ten distinct transparent expressions with original bounds (7.735577ms)
✔ god/05 has ten distinct transparent expressions with original bounds (13.905735ms)
✔ god/06 has ten distinct transparent expressions with original bounds (15.684477ms)
✔ god/07 has ten distinct transparent expressions with original bounds (9.243389ms)
✔ god/08 has ten distinct transparent expressions with original bounds (7.09882ms)
✔ world_tree/01 has ten distinct transparent expressions with original bounds (9.954746ms)
✔ world_tree/02 has ten distinct transparent expressions with original bounds (8.086378ms)
✔ world_tree/03 has ten distinct transparent expressions with original bounds (14.13326ms)
✔ world_tree/04 has ten distinct transparent expressions with original bounds (11.832248ms)
✔ world_tree/05 has ten distinct transparent expressions with original bounds (20.81372ms)
✔ world_tree/06 has ten distinct transparent expressions with original bounds (20.578564ms)
✔ world_tree/07 has ten distinct transparent expressions with original bounds (8.954802ms)
✔ world_tree/08 has ten distinct transparent expressions with original bounds (8.481717ms)
✔ ghost/01 has ten distinct transparent expressions with original bounds (7.667825ms)
✔ ghost/02 has ten distinct transparent expressions with original bounds (7.941569ms)
✔ ghost/03 has ten distinct transparent expressions with original bounds (11.50994ms)
✔ ghost/04 has ten distinct transparent expressions with original bounds (8.631894ms)
✔ ghost/05 has ten distinct transparent expressions with original bounds (5.442237ms)
✔ ghost/06 has ten distinct transparent expressions with original bounds (5.161812ms)
✔ ghost/07 has ten distinct transparent expressions with original bounds (5.096854ms)
✔ ghost/08 has ten distinct transparent expressions with original bounds (5.250997ms)
✔ star/01 has ten distinct transparent expressions with original bounds (5.152779ms)
✔ star/02 has ten distinct transparent expressions with original bounds (5.460644ms)
✔ star/03 has ten distinct transparent expressions with original bounds (9.953163ms)
✔ star/04 has ten distinct transparent expressions with original bounds (13.860417ms)
✔ star/05 has ten distinct transparent expressions with original bounds (5.626745ms)
✔ star/06 has ten distinct transparent expressions with original bounds (5.867199ms)
✔ star/07 has ten distinct transparent expressions with original bounds (5.525422ms)
✔ star/08 has ten distinct transparent expressions with original bounds (5.384759ms)
✔ plush/01 has ten distinct transparent expressions with original bounds (6.081554ms)
✔ plush/02 has ten distinct transparent expressions with original bounds (11.752516ms)
✔ plush/03 has ten distinct transparent expressions with original bounds (8.905818ms)
✔ plush/04 has ten distinct transparent expressions with original bounds (9.052901ms)
✔ plush/05 has ten distinct transparent expressions with original bounds (9.209187ms)
✔ plush/06 has ten distinct transparent expressions with original bounds (9.277891ms)
✔ plush/07 has ten distinct transparent expressions with original bounds (9.226313ms)
✔ plush/08 has ten distinct transparent expressions with original bounds (9.378164ms)
✔ unknown/01 has ten distinct transparent expressions with original bounds (7.507662ms)
✔ unknown/02 has ten distinct transparent expressions with original bounds (8.083965ms)
✔ unknown/03 has ten distinct transparent expressions with original bounds (9.176688ms)
✔ unknown/04 has ten distinct transparent expressions with original bounds (6.247034ms)
✔ unknown/05 has ten distinct transparent expressions with original bounds (10.464327ms)
✔ unknown/06 has ten distinct transparent expressions with original bounds (10.533702ms)
✔ unknown/07 has ten distinct transparent expressions with original bounds (8.129313ms)
✔ unknown/08 has ten distinct transparent expressions with original bounds (8.05439ms)
✔ ren/01 has ten distinct transparent expressions with original bounds (7.693824ms)
✔ ren/02 has ten distinct transparent expressions with original bounds (5.463038ms)
✔ ren/03 has ten distinct transparent expressions with original bounds (5.645004ms)
✔ ren/04 has ten distinct transparent expressions with original bounds (11.445182ms)
✔ ren/05 has ten distinct transparent expressions with original bounds (13.091683ms)
✔ ren/06 has ten distinct transparent expressions with original bounds (5.137946ms)
✔ ren/07 has ten distinct transparent expressions with original bounds (5.237416ms)
✔ ren/08 has ten distinct transparent expressions with original bounds (15.942709ms)
✔ normalization produces identical framing for high-resolution and projected masters (962.274791ms)
✔ starfish/02 left illness sweat and silver mark clear the new body at Home sizes (704.11709ms)
✔ starfish/03 left illness sweat and silver mark clear the new body at Home sizes (538.20747ms)
✔ real home emotion profiles select only the adult cat portrait (349.790868ms)
✔ adult-cat expressions append unique static accents inside the existing visual (215.837316ms)
✔ real play and medicine outcomes use semantic temporary faces (85.32852ms)
✔ feed afterglow starts happy only after the validated result and expires to latest state (16.957364ms)
✔ a real cure receives the same validated happy afterglow (16.02261ms)
✔ reduced motion keeps the static happy afterglow for one second without animation (16.874689ms)
✔ only pet semantic speech starts a temporary face (23.023255ms)
✔ critical state interrupts happy immediately and expiry cannot restore stale state (16.973949ms)
✔ a new life cancels the old face timer (17.937276ms)
✔ sleep uses its own face, and waking shows normal before latest-state reevaluation (26.959547ms)
✔ form changes and blocked screens clear the temporary face and accent (168.540106ms)
✔ expression rendering does not alter saves, cast geometry, or 26 companions (24.424019ms)
✔ a failed expression portrait retries the original before the emoji fallback (15.403352ms)
✔ home care colors follow existing mood and fatigue boundaries and reset after sleep/recovery (49.382397ms)
✔ progress meter colors vary with fill without altering game state or life direction (14.01441ms)
✔ overfeeding shows discomfort before a random story can replace it (18.954135ms)
✔ a newer care action cancels an older delayed overfeeding story (28.719665ms)
✔ kitten home uses its own portraits, care reactions and sleeping face without save changes (15.227015ms)
✔ otemba home uses its own portraits, care reactions and sleeping face without save changes (14.63531ms)
✔ young home uses its own portraits, care reactions and sleeping face without save changes (15.970221ms)
✔ calm home uses its own portraits, care reactions and sleeping face without save changes (17.855673ms)
✔ elder home uses its own portraits, care reactions and sleeping face without save changes (15.813112ms)
✔ toddler home uses its own portraits, care reactions and sleeping face without save changes (19.700356ms)
✔ baby home uses its own portraits, care reactions and sleeping face without save changes (15.41502ms)
✔ adult dog shows all ten state and reaction faces without changing saved state (239.18006ms)
✔ puppy shows all ten state and reaction faces without changing saved state (192.486542ms)
✔ wanpaku shows all ten state and reaction faces without changing saved state (264.061972ms)
✔ young dog shows all ten state and reaction faces without changing saved state (177.694201ms)
✔ young dog routing is limited to ages sixteen through twenty-one (53.52733ms)
✔ calm dog shows all ten state and reaction faces without changing saved state (166.750808ms)
✔ calm dog routing is limited to ages forty through sixty-nine (59.511057ms)
✔ baby dog shows all ten state and reaction faces without changing saved state (168.562799ms)
✔ toddler dog shows all ten state and reaction faces without changing saved state (165.893615ms)
✔ elder dog shows all ten state and reaction faces without changing saved state (202.416616ms)
✔ remaining dog stage boundaries select their own portraits (97.332837ms)
✔ man/01 renders all ten states and reactions without mutating saved state (174.164117ms)
✔ man/02 renders all ten states and reactions without mutating saved state (170.544909ms)
✔ man/03 renders all ten states and reactions without mutating saved state (174.690484ms)
✔ man/04 renders all ten states and reactions without mutating saved state (168.817425ms)
✔ man/05 renders all ten states and reactions without mutating saved state (137.702565ms)
✔ man/06 renders all ten states and reactions without mutating saved state (185.006637ms)
✔ man/07 renders all ten states and reactions without mutating saved state (181.441261ms)
✔ man/08 renders all ten states and reactions without mutating saved state (186.661001ms)
✔ woman/01 renders all ten states and reactions without mutating saved state (267.111908ms)
✔ woman/02 renders all ten states and reactions without mutating saved state (158.336122ms)
✔ woman/03 renders all ten states and reactions without mutating saved state (192.757778ms)
✔ woman/04 renders all ten states and reactions without mutating saved state (184.484006ms)
✔ woman/05 renders all ten states and reactions without mutating saved state (193.073505ms)
✔ woman/06 renders all ten states and reactions without mutating saved state (259.852833ms)
✔ woman/07 renders all ten states and reactions without mutating saved state (229.642705ms)
✔ woman/08 renders all ten states and reactions without mutating saved state (192.741858ms)
✔ penguin/01 renders all ten states and reactions without mutating saved state (207.117299ms)
✔ penguin/02 renders all ten states and reactions without mutating saved state (208.349094ms)
✔ penguin/03 renders all ten states and reactions without mutating saved state (154.165929ms)
✔ penguin/04 renders all ten states and reactions without mutating saved state (171.238966ms)
✔ penguin/05 renders all ten states and reactions without mutating saved state (155.139072ms)
✔ penguin/06 renders all ten states and reactions without mutating saved state (144.524549ms)
✔ penguin/07 renders all ten states and reactions without mutating saved state (176.00279ms)
✔ penguin/08 renders all ten states and reactions without mutating saved state (170.558506ms)
✔ turtle/01 renders all ten states and reactions without mutating saved state (182.933193ms)
✔ turtle/02 renders all ten states and reactions without mutating saved state (170.545006ms)
✔ turtle/03 renders all ten states and reactions without mutating saved state (174.597078ms)
✔ turtle/04 renders all ten states and reactions without mutating saved state (171.672622ms)
✔ turtle/05 renders all ten states and reactions without mutating saved state (168.952746ms)
✔ turtle/06 renders all ten states and reactions without mutating saved state (148.909034ms)
✔ turtle/07 renders all ten states and reactions without mutating saved state (195.057109ms)
✔ turtle/08 renders all ten states and reactions without mutating saved state (228.467269ms)
✔ frog/01 renders all ten states and reactions without mutating saved state (180.925845ms)
✔ frog/02 renders all ten states and reactions without mutating saved state (192.442794ms)
✔ frog/03 renders all ten states and reactions without mutating saved state (160.581414ms)
✔ frog/04 renders all ten states and reactions without mutating saved state (166.116651ms)
✔ frog/05 renders all ten states and reactions without mutating saved state (170.670824ms)
✔ frog/06 renders all ten states and reactions without mutating saved state (172.392549ms)
✔ frog/07 renders all ten states and reactions without mutating saved state (186.488728ms)
✔ frog/08 renders all ten states and reactions without mutating saved state (394.30092ms)
✔ clownfish/01 renders all ten states and reactions without mutating saved state (176.572906ms)
✔ clownfish/02 renders all ten states and reactions without mutating saved state (191.992749ms)
✔ clownfish/03 renders all ten states and reactions without mutating saved state (174.571517ms)
✔ clownfish/04 renders all ten states and reactions without mutating saved state (179.41694ms)
✔ clownfish/05 renders all ten states and reactions without mutating saved state (195.698994ms)
✔ clownfish/06 renders all ten states and reactions without mutating saved state (179.928785ms)
✔ clownfish/07 renders all ten states and reactions without mutating saved state (168.03185ms)
✔ clownfish/08 renders all ten states and reactions without mutating saved state (144.013989ms)
✔ salmon/01 renders all ten states and reactions without mutating saved state (177.555273ms)
✔ salmon/02 renders all ten states and reactions without mutating saved state (178.542848ms)
✔ salmon/03 renders all ten states and reactions without mutating saved state (180.039893ms)
✔ salmon/04 renders all ten states and reactions without mutating saved state (190.501977ms)
✔ salmon/05 renders all ten states and reactions without mutating saved state (260.448594ms)
✔ salmon/06 renders all ten states and reactions without mutating saved state (193.632555ms)
✔ salmon/07 renders all ten states and reactions without mutating saved state (200.898281ms)
✔ salmon/08 renders all ten states and reactions without mutating saved state (180.620687ms)
✔ hermit_crab/01 renders all ten states and reactions without mutating saved state (183.788446ms)
✔ hermit_crab/02 renders all ten states and reactions without mutating saved state (227.70286ms)
✔ hermit_crab/03 renders all ten states and reactions without mutating saved state (195.450897ms)
✔ hermit_crab/04 renders all ten states and reactions without mutating saved state (229.651074ms)
✔ hermit_crab/05 renders all ten states and reactions without mutating saved state (276.991912ms)
✔ hermit_crab/06 renders all ten states and reactions without mutating saved state (913.262623ms)
✔ hermit_crab/07 renders all ten states and reactions without mutating saved state (235.796313ms)
✔ hermit_crab/08 renders all ten states and reactions without mutating saved state (269.65494ms)
✔ jellyfish/01 renders all ten states and reactions without mutating saved state (258.160103ms)
✔ jellyfish/02 renders all ten states and reactions without mutating saved state (251.140269ms)
✔ jellyfish/03 renders all ten states and reactions without mutating saved state (198.246507ms)
✔ jellyfish/04 renders all ten states and reactions without mutating saved state (260.805657ms)
✔ jellyfish/05 renders all ten states and reactions without mutating saved state (235.200591ms)
✔ jellyfish/06 renders all ten states and reactions without mutating saved state (236.535772ms)
✔ jellyfish/07 renders all ten states and reactions without mutating saved state (198.544302ms)
✔ jellyfish/08 renders all ten states and reactions without mutating saved state (200.03624ms)
✔ starfish/01 renders all ten states and reactions without mutating saved state (207.154176ms)
✔ starfish/02 renders all ten states and reactions without mutating saved state (206.004342ms)
✔ starfish/03 renders all ten states and reactions without mutating saved state (202.192554ms)
✔ starfish/04 renders all ten states and reactions without mutating saved state (233.193739ms)
✔ starfish/05 renders all ten states and reactions without mutating saved state (290.923527ms)
✔ starfish/06 renders all ten states and reactions without mutating saved state (307.720069ms)
✔ starfish/07 renders all ten states and reactions without mutating saved state (265.092404ms)
✔ starfish/08 renders all ten states and reactions without mutating saved state (334.054064ms)
✔ coral/01 renders all ten states and reactions without mutating saved state (209.179592ms)
✔ coral/02 renders all ten states and reactions without mutating saved state (166.198994ms)
✔ coral/03 renders all ten states and reactions without mutating saved state (207.136496ms)
✔ coral/04 renders all ten states and reactions without mutating saved state (193.971612ms)
✔ coral/05 renders all ten states and reactions without mutating saved state (241.417724ms)
✔ coral/06 renders all ten states and reactions without mutating saved state (162.941908ms)
✔ coral/07 renders all ten states and reactions without mutating saved state (191.970413ms)
✔ coral/08 renders all ten states and reactions without mutating saved state (174.648572ms)
✔ butterfly/01 renders all ten states and reactions without mutating saved state (199.360392ms)
✔ butterfly/02 renders all ten states and reactions without mutating saved state (182.162593ms)
✔ butterfly/03 renders all ten states and reactions without mutating saved state (194.089524ms)
✔ butterfly/04 renders all ten states and reactions without mutating saved state (162.990948ms)
✔ butterfly/05 renders all ten states and reactions without mutating saved state (192.63929ms)
✔ butterfly/06 renders all ten states and reactions without mutating saved state (164.443458ms)
✔ butterfly/07 renders all ten states and reactions without mutating saved state (213.664837ms)
✔ butterfly/08 renders all ten states and reactions without mutating saved state (189.390383ms)
✔ beetle/01 renders all ten states and reactions without mutating saved state (144.297244ms)
✔ beetle/02 renders all ten states and reactions without mutating saved state (153.065994ms)
✔ beetle/03 renders all ten states and reactions without mutating saved state (154.437269ms)
✔ beetle/04 renders all ten states and reactions without mutating saved state (204.840376ms)
✔ beetle/05 renders all ten states and reactions without mutating saved state (135.699055ms)
✔ beetle/06 renders all ten states and reactions without mutating saved state (153.001066ms)
✔ beetle/07 renders all ten states and reactions without mutating saved state (151.764719ms)
✔ beetle/08 renders all ten states and reactions without mutating saved state (166.39095ms)
✔ stagbeetle/01 renders all ten states and reactions without mutating saved state (146.511504ms)
✔ stagbeetle/02 renders all ten states and reactions without mutating saved state (143.360336ms)
✔ stagbeetle/03 renders all ten states and reactions without mutating saved state (144.179315ms)
✔ stagbeetle/04 renders all ten states and reactions without mutating saved state (139.743717ms)
✔ stagbeetle/05 renders all ten states and reactions without mutating saved state (147.375101ms)
✔ stagbeetle/06 renders all ten states and reactions without mutating saved state (144.234749ms)
✔ stagbeetle/07 renders all ten states and reactions without mutating saved state (135.908268ms)
✔ stagbeetle/08 renders all ten states and reactions without mutating saved state (145.053277ms)
✔ cicada/01 renders all ten states and reactions without mutating saved state (157.627478ms)
✔ cicada/02 renders all ten states and reactions without mutating saved state (168.219132ms)
✔ cicada/03 renders all ten states and reactions without mutating saved state (141.608604ms)
✔ cicada/04 renders all ten states and reactions without mutating saved state (153.94174ms)
✔ cicada/05 renders all ten states and reactions without mutating saved state (141.646121ms)
✔ cicada/06 renders all ten states and reactions without mutating saved state (166.4498ms)
✔ cicada/07 renders all ten states and reactions without mutating saved state (160.447415ms)
✔ cicada/08 renders all ten states and reactions without mutating saved state (149.173454ms)
✔ antlion/01 renders all ten states and reactions without mutating saved state (150.785943ms)
✔ antlion/02 renders all ten states and reactions without mutating saved state (163.231805ms)
✔ antlion/03 renders all ten states and reactions without mutating saved state (154.323597ms)
✔ antlion/04 renders all ten states and reactions without mutating saved state (172.725242ms)
✔ antlion/05 renders all ten states and reactions without mutating saved state (212.44506ms)
✔ antlion/06 renders all ten states and reactions without mutating saved state (140.062605ms)
✔ antlion/07 renders all ten states and reactions without mutating saved state (202.705084ms)
✔ antlion/08 renders all ten states and reactions without mutating saved state (149.540944ms)
✔ dandelion/01 renders all ten states and reactions without mutating saved state (138.48698ms)
✔ dandelion/02 renders all ten states and reactions without mutating saved state (137.696383ms)
✔ dandelion/03 renders all ten states and reactions without mutating saved state (138.620322ms)
✔ dandelion/04 renders all ten states and reactions without mutating saved state (136.095741ms)
✔ dandelion/05 renders all ten states and reactions without mutating saved state (137.947803ms)
✔ dandelion/06 renders all ten states and reactions without mutating saved state (159.733705ms)
✔ dandelion/07 renders all ten states and reactions without mutating saved state (168.329304ms)
✔ dandelion/08 renders all ten states and reactions without mutating saved state (141.693093ms)
✔ sakura/01 renders all ten states and reactions without mutating saved state (144.846674ms)
✔ sakura/02 renders all ten states and reactions without mutating saved state (143.769585ms)
✔ sakura/03 renders all ten states and reactions without mutating saved state (148.720767ms)
✔ sakura/04 renders all ten states and reactions without mutating saved state (160.505168ms)
✔ sakura/05 renders all ten states and reactions without mutating saved state (159.93527ms)
✔ sakura/06 renders all ten states and reactions without mutating saved state (157.926961ms)
✔ sakura/07 renders all ten states and reactions without mutating saved state (151.626185ms)
✔ sakura/08 renders all ten states and reactions without mutating saved state (157.569336ms)
✔ venus_flytrap/01 renders all ten states and reactions without mutating saved state (134.580654ms)
✔ venus_flytrap/02 renders all ten states and reactions without mutating saved state (148.754615ms)
✔ venus_flytrap/03 renders all ten states and reactions without mutating saved state (187.895248ms)
✔ venus_flytrap/04 renders all ten states and reactions without mutating saved state (187.508448ms)
✔ venus_flytrap/05 renders all ten states and reactions without mutating saved state (146.455741ms)
✔ venus_flytrap/06 renders all ten states and reactions without mutating saved state (151.347905ms)
✔ venus_flytrap/07 renders all ten states and reactions without mutating saved state (142.789577ms)
✔ venus_flytrap/08 renders all ten states and reactions without mutating saved state (146.67602ms)
✔ mushroom/01 renders all ten states and reactions without mutating saved state (160.782615ms)
✔ mushroom/02 renders all ten states and reactions without mutating saved state (156.744898ms)
✔ mushroom/03 renders all ten states and reactions without mutating saved state (136.094746ms)
✔ mushroom/04 renders all ten states and reactions without mutating saved state (135.812838ms)
✔ mushroom/05 renders all ten states and reactions without mutating saved state (136.624306ms)
✔ mushroom/06 renders all ten states and reactions without mutating saved state (138.433565ms)
✔ mushroom/07 renders all ten states and reactions without mutating saved state (137.49148ms)
✔ mushroom/08 renders all ten states and reactions without mutating saved state (181.739551ms)
✔ dragon/01 renders all ten states and reactions without mutating saved state (149.314663ms)
✔ dragon/02 renders all ten states and reactions without mutating saved state (193.393816ms)
✔ dragon/03 renders all ten states and reactions without mutating saved state (135.936956ms)
✔ dragon/04 renders all ten states and reactions without mutating saved state (143.923654ms)
✔ dragon/05 renders all ten states and reactions without mutating saved state (158.435837ms)
✔ dragon/06 renders all ten states and reactions without mutating saved state (154.021316ms)
✔ dragon/07 renders all ten states and reactions without mutating saved state (144.006629ms)
✔ dragon/08 renders all ten states and reactions without mutating saved state (147.24458ms)
✔ phoenix/01 renders all ten states and reactions without mutating saved state (144.420445ms)
✔ phoenix/02 renders all ten states and reactions without mutating saved state (128.246818ms)
✔ phoenix/03 renders all ten states and reactions without mutating saved state (146.591141ms)
✔ phoenix/04 renders all ten states and reactions without mutating saved state (146.521256ms)
✔ phoenix/05 renders all ten states and reactions without mutating saved state (145.400498ms)
✔ phoenix/06 renders all ten states and reactions without mutating saved state (158.265991ms)
✔ phoenix/07 renders all ten states and reactions without mutating saved state (141.554759ms)
✔ phoenix/08 renders all ten states and reactions without mutating saved state (144.36313ms)
✔ god/01 renders all ten states and reactions without mutating saved state (150.908435ms)
✔ god/02 renders all ten states and reactions without mutating saved state (168.454511ms)
✔ god/03 renders all ten states and reactions without mutating saved state (254.140193ms)
✔ god/04 renders all ten states and reactions without mutating saved state (168.74873ms)
✔ god/05 renders all ten states and reactions without mutating saved state (162.642004ms)
✔ god/06 renders all ten states and reactions without mutating saved state (150.445144ms)
✔ god/07 renders all ten states and reactions without mutating saved state (159.192382ms)
✔ god/08 renders all ten states and reactions without mutating saved state (159.657983ms)
✔ world_tree/01 renders all ten states and reactions without mutating saved state (159.274852ms)
✔ world_tree/02 renders all ten states and reactions without mutating saved state (164.99841ms)
✔ world_tree/03 renders all ten states and reactions without mutating saved state (151.69756ms)
✔ world_tree/04 renders all ten states and reactions without mutating saved state (204.258361ms)
✔ world_tree/05 renders all ten states and reactions without mutating saved state (127.347663ms)
✔ world_tree/06 renders all ten states and reactions without mutating saved state (162.164936ms)
✔ world_tree/07 renders all ten states and reactions without mutating saved state (128.810823ms)
✔ world_tree/08 renders all ten states and reactions without mutating saved state (156.505563ms)
✔ ghost/01 renders all ten states and reactions without mutating saved state (162.143474ms)
✔ ghost/02 renders all ten states and reactions without mutating saved state (141.787657ms)
✔ ghost/03 renders all ten states and reactions without mutating saved state (180.404052ms)
✔ ghost/04 renders all ten states and reactions without mutating saved state (163.30597ms)
✔ ghost/05 renders all ten states and reactions without mutating saved state (136.405466ms)
✔ ghost/06 renders all ten states and reactions without mutating saved state (191.964695ms)
✔ ghost/07 renders all ten states and reactions without mutating saved state (133.68511ms)
✔ ghost/08 renders all ten states and reactions without mutating saved state (139.775456ms)
✔ star/01 renders all ten states and reactions without mutating saved state (159.012272ms)
✔ star/02 renders all ten states and reactions without mutating saved state (143.974262ms)
✔ star/03 renders all ten states and reactions without mutating saved state (143.892608ms)
✔ star/04 renders all ten states and reactions without mutating saved state (150.81808ms)
✔ star/05 renders all ten states and reactions without mutating saved state (147.786342ms)
✔ star/06 renders all ten states and reactions without mutating saved state (157.205223ms)
✔ star/07 renders all ten states and reactions without mutating saved state (123.529409ms)
✔ star/08 renders all ten states and reactions without mutating saved state (134.131755ms)
✔ plush/01 renders all ten states and reactions without mutating saved state (261.089062ms)
✔ plush/02 renders all ten states and reactions without mutating saved state (169.327194ms)
✔ plush/03 renders all ten states and reactions without mutating saved state (152.480586ms)
✔ plush/04 renders all ten states and reactions without mutating saved state (145.687685ms)
✔ plush/05 renders all ten states and reactions without mutating saved state (146.535238ms)
✔ plush/06 renders all ten states and reactions without mutating saved state (145.720385ms)
✔ plush/07 renders all ten states and reactions without mutating saved state (141.502892ms)
✔ plush/08 renders all ten states and reactions without mutating saved state (153.26951ms)
✔ unknown/01 renders all ten states and reactions without mutating saved state (148.321551ms)
✔ unknown/02 renders all ten states and reactions without mutating saved state (138.208015ms)
✔ unknown/03 renders all ten states and reactions without mutating saved state (143.539273ms)
✔ unknown/04 renders all ten states and reactions without mutating saved state (146.460465ms)
✔ unknown/05 renders all ten states and reactions without mutating saved state (151.484489ms)
✔ unknown/06 renders all ten states and reactions without mutating saved state (151.620614ms)
✔ unknown/07 renders all ten states and reactions without mutating saved state (145.552631ms)
✔ unknown/08 renders all ten states and reactions without mutating saved state (153.646726ms)
✔ ren/01 renders all ten states and reactions without mutating saved state (146.392162ms)
✔ ren/02 renders all ten states and reactions without mutating saved state (144.771849ms)
✔ ren/03 renders all ten states and reactions without mutating saved state (139.277053ms)
✔ ren/04 renders all ten states and reactions without mutating saved state (145.9156ms)
✔ ren/05 renders all ten states and reactions without mutating saved state (126.710489ms)
✔ ren/06 renders all ten states and reactions without mutating saved state (143.255844ms)
✔ ren/07 renders all ten states and reactions without mutating saved state (147.337522ms)
✔ ren/08 renders all ten states and reactions without mutating saved state (142.338827ms)
✔ Home connects all fifteen food artworks without changing saved state (22.220871ms)
✔ short tab return restores the current expression without replaying a stale reaction (32.483723ms)
✔ static script exposes the frozen resolver on window (32.051177ms)
✔ resolve maps every persistent home emotion to its approved face (0.349068ms)
✔ resolve applies temporary, critical, and sleeping precedence (0.169196ms)
✔ resolve safely ignores unknown and malformed values (0.131709ms)
✔ assetFor allowlists adult-cat expression portraits only (0.243208ms)
✔ accentFor returns one static accessible-hidden SVG accent per non-normal adult-cat expression (0.955796ms)
✔ reactionFor maps every approved semantic event and rejects unknown events (0.30368ms)
✔ the frozen API leaves caller-owned values unchanged (0.173393ms)
✔ sleeping uses three rising Z marks without a font or animation dependency (0.23156ms)
✔ line-only state marks have a separate outline beneath their colored strokes (0.378663ms)
✔ kitten stage supports all ten expressions while other cat stages keep their base art (0.278532ms)
✔ calling marks retain the two outlined strokes (0.13887ms)
✔ otemba stage has ten faces and marks anchored near its left-hand head (0.195656ms)
✔ young stage has ten faces and marks anchored near its left-hand head (0.182406ms)
✔ calm stage has ten faces and marks anchored near its left-hand head (0.192331ms)
✔ elder stage has ten faces and marks anchored near its left-hand head (0.183688ms)
✔ toddler stage has ten faces and marks anchored near its left-hand head (0.169998ms)
✔ baby stage has ten faces and marks anchored near its left-hand head (0.816315ms)
✔ adult dog supports ten expressions while unsupported species retain base portraits (0.190719ms)
✔ puppy supports ten expressions while unsupported species retain base portraits (0.19868ms)
✔ wanpaku supports ten expressions while unsupported species retain base portraits (0.226183ms)
✔ young dog supports ten expressions while unsupported species retain base portraits (0.180943ms)
✔ young dog accents follow its upright head and hunger uses a food bowl (0.109045ms)
✔ calm dog supports ten expressions while unsupported species retain base portraits (0.168955ms)
✔ calm dog accents follow its head and hunger uses a food bowl (0.106071ms)
✔ dog 01 routes ten expressions with approved milk/bowl hunger artwork (0.280225ms)
✔ dog 02 routes ten expressions with approved milk/bowl hunger artwork (0.089405ms)
✔ dog 08 routes ten expressions with approved milk/bowl hunger artwork (0.123828ms)
✔ man supports all eight stages with ten faces and age-appropriate milk/rice artwork (0.76006ms)
✔ woman supports all eight stages with ten faces and age-appropriate milk/rice artwork (0.889186ms)
✔ sweat follows the face sides instead of the whole body (0.215486ms)
✔ every observed face center lies within its normal sprite bounds (0.764577ms)
✔ cat/1 marks follow the approved face-relative directions (0.388108ms)
✔ cat/2 marks follow the approved face-relative directions (0.218231ms)
✔ cat/3 marks follow the approved face-relative directions (0.288887ms)
✔ cat/4 marks follow the approved face-relative directions (0.262818ms)
✔ cat/5 marks follow the approved face-relative directions (0.116596ms)
✔ cat/6 marks follow the approved face-relative directions (0.09903ms)
✔ cat/7 marks follow the approved face-relative directions (0.136536ms)
✔ cat/8 marks follow the approved face-relative directions (0.150238ms)
✔ dog/1 marks follow the approved face-relative directions (0.113472ms)
✔ dog/2 marks follow the approved face-relative directions (0.102445ms)
✔ dog/3 marks follow the approved face-relative directions (0.105991ms)
✔ dog/4 marks follow the approved face-relative directions (0.096656ms)
✔ dog/5 marks follow the approved face-relative directions (0.095164ms)
✔ dog/6 marks follow the approved face-relative directions (0.134003ms)
✔ dog/7 marks follow the approved face-relative directions (0.336359ms)
✔ dog/8 marks follow the approved face-relative directions (0.128465ms)
✔ man/1 marks follow the approved face-relative directions (0.105089ms)
✔ man/2 marks follow the approved face-relative directions (0.102826ms)
✔ man/3 marks follow the approved face-relative directions (0.099881ms)
✔ man/4 marks follow the approved face-relative directions (0.090777ms)
✔ man/5 marks follow the approved face-relative directions (0.1057ms)
✔ man/6 marks follow the approved face-relative directions (0.132681ms)
✔ man/7 marks follow the approved face-relative directions (0.114944ms)
✔ man/8 marks follow the approved face-relative directions (0.11179ms)
✔ woman/1 marks follow the approved face-relative directions (0.114073ms)
✔ woman/2 marks follow the approved face-relative directions (0.117738ms)
✔ woman/3 marks follow the approved face-relative directions (0.110707ms)
✔ woman/4 marks follow the approved face-relative directions (0.109296ms)
✔ woman/5 marks follow the approved face-relative directions (0.124979ms)
✔ woman/6 marks follow the approved face-relative directions (0.116947ms)
✔ woman/7 marks follow the approved face-relative directions (0.159942ms)
✔ woman/8 marks follow the approved face-relative directions (0.154413ms)
✔ penguin/1 marks follow the approved face-relative directions (0.156096ms)
✔ penguin/2 marks follow the approved face-relative directions (0.119581ms)
✔ penguin/3 marks follow the approved face-relative directions (0.113682ms)
✔ penguin/4 marks follow the approved face-relative directions (0.114063ms)
✔ penguin/5 marks follow the approved face-relative directions (0.146292ms)
✔ penguin/6 marks follow the approved face-relative directions (0.223599ms)
✔ penguin/7 marks follow the approved face-relative directions (0.156838ms)
✔ penguin/8 marks follow the approved face-relative directions (0.115595ms)
✔ turtle/1 marks follow the approved face-relative directions (0.110617ms)
✔ turtle/2 marks follow the approved face-relative directions (0.117297ms)
✔ turtle/3 marks follow the approved face-relative directions (0.111388ms)
✔ turtle/4 marks follow the approved face-relative directions (0.116496ms)
✔ turtle/5 marks follow the approved face-relative directions (0.106331ms)
✔ turtle/6 marks follow the approved face-relative directions (0.163097ms)
✔ turtle/7 marks follow the approved face-relative directions (0.114113ms)
✔ turtle/8 marks follow the approved face-relative directions (0.110958ms)
✔ frog/1 marks follow the approved face-relative directions (0.113862ms)
✔ frog/2 marks follow the approved face-relative directions (0.11892ms)
✔ frog/3 marks follow the approved face-relative directions (0.118179ms)
✔ frog/4 marks follow the approved face-relative directions (0.106351ms)
✔ frog/5 marks follow the approved face-relative directions (0.15859ms)
✔ frog/6 marks follow the approved face-relative directions (0.334276ms)
✔ frog/7 marks follow the approved face-relative directions (0.140512ms)
✔ frog/8 marks follow the approved face-relative directions (0.119381ms)
✔ clownfish/1 marks follow the approved face-relative directions (0.117088ms)
✔ clownfish/2 marks follow the approved face-relative directions (0.155516ms)
✔ clownfish/3 marks follow the approved face-relative directions (0.128495ms)
✔ clownfish/4 marks follow the approved face-relative directions (0.106451ms)
✔ clownfish/5 marks follow the approved face-relative directions (0.11228ms)
✔ clownfish/6 marks follow the approved face-relative directions (0.115104ms)
✔ clownfish/7 marks follow the approved face-relative directions (0.157809ms)
✔ clownfish/8 marks follow the approved face-relative directions (0.160854ms)
✔ salmon/1 marks follow the approved face-relative directions (0.129666ms)
✔ salmon/2 marks follow the approved face-relative directions (0.109055ms)
✔ salmon/3 marks follow the approved face-relative directions (0.113472ms)
✔ salmon/4 marks follow the approved face-relative directions (0.113371ms)
✔ salmon/5 marks follow the approved face-relative directions (0.106371ms)
✔ salmon/6 marks follow the approved face-relative directions (0.123047ms)
✔ salmon/7 marks follow the approved face-relative directions (0.140052ms)
✔ salmon/8 marks follow the approved face-relative directions (0.13172ms)
✔ hermit_crab/1 marks follow the approved face-relative directions (0.115575ms)
✔ hermit_crab/2 marks follow the approved face-relative directions (0.116617ms)
✔ hermit_crab/3 marks follow the approved face-relative directions (0.107123ms)
✔ hermit_crab/4 marks follow the approved face-relative directions (0.112951ms)
✔ hermit_crab/5 marks follow the approved face-relative directions (0.111619ms)
✔ hermit_crab/6 marks follow the approved face-relative directions (0.14518ms)
✔ hermit_crab/7 marks follow the approved face-relative directions (0.125289ms)
✔ hermit_crab/8 marks follow the approved face-relative directions (0.111138ms)
✔ jellyfish/1 marks follow the approved face-relative directions (0.107834ms)
✔ jellyfish/2 marks follow the approved face-relative directions (0.111168ms)
✔ jellyfish/3 marks follow the approved face-relative directions (0.113432ms)
✔ jellyfish/4 marks follow the approved face-relative directions (0.104669ms)
✔ jellyfish/5 marks follow the approved face-relative directions (0.106912ms)
✔ jellyfish/6 marks follow the approved face-relative directions (0.127182ms)
✔ jellyfish/7 marks follow the approved face-relative directions (0.176287ms)
✔ jellyfish/8 marks follow the approved face-relative directions (0.114644ms)
✔ starfish/1 marks follow the approved face-relative directions (0.115686ms)
✔ starfish/2 marks follow the approved face-relative directions (0.10592ms)
✔ starfish/3 marks follow the approved face-relative directions (0.174134ms)
✔ starfish/4 marks follow the approved face-relative directions (0.163568ms)
✔ starfish/5 marks follow the approved face-relative directions (0.114073ms)
✔ starfish/6 marks follow the approved face-relative directions (0.110367ms)
✔ starfish/7 marks follow the approved face-relative directions (0.109886ms)
✔ starfish/8 marks follow the approved face-relative directions (0.114403ms)
✔ coral/1 marks follow the approved face-relative directions (0.219603ms)
✔ coral/2 marks follow the approved face-relative directions (0.151199ms)
✔ coral/3 marks follow the approved face-relative directions (0.103357ms)
✔ coral/4 marks follow the approved face-relative directions (0.34978ms)
✔ coral/5 marks follow the approved face-relative directions (0.102695ms)
✔ coral/6 marks follow the approved face-relative directions (0.096766ms)
✔ coral/7 marks follow the approved face-relative directions (0.099521ms)
✔ coral/8 marks follow the approved face-relative directions (0.143948ms)
✔ butterfly/1 marks follow the approved face-relative directions (0.106521ms)
✔ butterfly/2 marks follow the approved face-relative directions (0.100071ms)
✔ butterfly/3 marks follow the approved face-relative directions (0.453607ms)
✔ butterfly/4 marks follow the approved face-relative directions (0.192281ms)
✔ butterfly/5 marks follow the approved face-relative directions (3.758528ms)
✔ butterfly/6 marks follow the approved face-relative directions (0.149957ms)
✔ butterfly/7 marks follow the approved face-relative directions (0.096116ms)
✔ butterfly/8 marks follow the approved face-relative directions (0.089476ms)
✔ beetle/1 marks follow the approved face-relative directions (0.084077ms)
✔ beetle/2 marks follow the approved face-relative directions (0.087242ms)
✔ beetle/3 marks follow the approved face-relative directions (0.080391ms)
✔ beetle/4 marks follow the approved face-relative directions (0.082145ms)
✔ beetle/5 marks follow the approved face-relative directions (0.123838ms)
✔ beetle/6 marks follow the approved face-relative directions (0.091408ms)
✔ beetle/7 marks follow the approved face-relative directions (0.128464ms)
✔ beetle/8 marks follow the approved face-relative directions (0.088114ms)
✔ stagbeetle/1 marks follow the approved face-relative directions (0.091689ms)
✔ stagbeetle/2 marks follow the approved face-relative directions (0.076105ms)
✔ stagbeetle/3 marks follow the approved face-relative directions (0.080702ms)
✔ stagbeetle/4 marks follow the approved face-relative directions (0.076176ms)
✔ stagbeetle/5 marks follow the approved face-relative directions (0.083276ms)
✔ stagbeetle/6 marks follow the approved face-relative directions (0.080422ms)
✔ stagbeetle/7 marks follow the approved face-relative directions (0.120142ms)
✔ stagbeetle/8 marks follow the approved face-relative directions (0.148335ms)
✔ cicada/1 marks follow the approved face-relative directions (0.084668ms)
✔ cicada/2 marks follow the approved face-relative directions (0.074863ms)
✔ cicada/3 marks follow the approved face-relative directions (0.078809ms)
✔ cicada/4 marks follow the approved face-relative directions (0.080712ms)
✔ cicada/5 marks follow the approved face-relative directions (0.084999ms)
✔ cicada/6 marks follow the approved face-relative directions (0.082485ms)
✔ cicada/7 marks follow the approved face-relative directions (0.076706ms)
✔ cicada/8 marks follow the approved face-relative directions (0.070587ms)
✔ antlion/1 marks follow the approved face-relative directions (0.122896ms)
✔ antlion/2 marks follow the approved face-relative directions (0.3171ms)
✔ antlion/3 marks follow the approved face-relative directions (0.269869ms)
✔ antlion/4 marks follow the approved face-relative directions (0.126562ms)
✔ antlion/5 marks follow the approved face-relative directions (0.096196ms)
✔ antlion/6 marks follow the approved face-relative directions (0.095194ms)
✔ antlion/7 marks follow the approved face-relative directions (0.097737ms)
✔ antlion/8 marks follow the approved face-relative directions (0.083576ms)
✔ dandelion/1 marks follow the approved face-relative directions (0.081594ms)
✔ dandelion/2 marks follow the approved face-relative directions (0.081863ms)
✔ dandelion/3 marks follow the approved face-relative directions (0.073521ms)
✔ dandelion/4 marks follow the approved face-relative directions (0.084157ms)
✔ dandelion/5 marks follow the approved face-relative directions (0.134384ms)
✔ dandelion/6 marks follow the approved face-relative directions (0.11879ms)
✔ dandelion/7 marks follow the approved face-relative directions (0.094774ms)
✔ dandelion/8 marks follow the approved face-relative directions (0.082595ms)
✔ sakura/1 marks follow the approved face-relative directions (0.094042ms)
✔ sakura/2 marks follow the approved face-relative directions (0.130107ms)
✔ sakura/3 marks follow the approved face-relative directions (0.156306ms)
✔ sakura/4 marks follow the approved face-relative directions (0.094082ms)
✔ sakura/5 marks follow the approved face-relative directions (0.080632ms)
✔ sakura/6 marks follow the approved face-relative directions (0.078479ms)
✔ sakura/7 marks follow the approved face-relative directions (0.080422ms)
✔ sakura/8 marks follow the approved face-relative directions (0.081053ms)
✔ venus_flytrap/1 marks follow the approved face-relative directions (0.080281ms)
✔ venus_flytrap/2 marks follow the approved face-relative directions (0.083837ms)
✔ venus_flytrap/3 marks follow the approved face-relative directions (0.087443ms)
✔ venus_flytrap/4 marks follow the approved face-relative directions (0.126432ms)
✔ venus_flytrap/5 marks follow the approved face-relative directions (0.082946ms)
✔ venus_flytrap/6 marks follow the approved face-relative directions (0.282368ms)
✔ venus_flytrap/7 marks follow the approved face-relative directions (0.11244ms)
✔ venus_flytrap/8 marks follow the approved face-relative directions (0.084087ms)
✔ mushroom/1 marks follow the approved face-relative directions (0.083466ms)
✔ mushroom/2 marks follow the approved face-relative directions (0.078879ms)
✔ mushroom/3 marks follow the approved face-relative directions (0.121885ms)
✔ mushroom/4 marks follow the approved face-relative directions (0.093932ms)
✔ mushroom/5 marks follow the approved face-relative directions (0.085409ms)
✔ mushroom/6 marks follow the approved face-relative directions (0.161455ms)
✔ mushroom/7 marks follow the approved face-relative directions (0.104718ms)
✔ mushroom/8 marks follow the approved face-relative directions (0.115164ms)
✔ dragon/1 marks follow the approved face-relative directions (0.144208ms)
✔ dragon/2 marks follow the approved face-relative directions (0.123026ms)
✔ dragon/3 marks follow the approved face-relative directions (0.089506ms)
✔ dragon/4 marks follow the approved face-relative directions (0.078649ms)
✔ dragon/5 marks follow the approved face-relative directions (0.080993ms)
✔ dragon/6 marks follow the approved face-relative directions (0.077017ms)
✔ dragon/7 marks follow the approved face-relative directions (0.100993ms)
✔ dragon/8 marks follow the approved face-relative directions (0.090277ms)
✔ phoenix/1 marks follow the approved face-relative directions (0.107873ms)
✔ phoenix/2 marks follow the approved face-relative directions (0.096196ms)
✔ phoenix/3 marks follow the approved face-relative directions (0.143947ms)
✔ phoenix/4 marks follow the approved face-relative directions (0.095164ms)
✔ phoenix/5 marks follow the approved face-relative directions (0.097998ms)
✔ phoenix/6 marks follow the approved face-relative directions (0.094443ms)
✔ phoenix/7 marks follow the approved face-relative directions (0.107573ms)
✔ phoenix/8 marks follow the approved face-relative directions (0.096275ms)
✔ god/1 marks follow the approved face-relative directions (0.101123ms)
✔ god/2 marks follow the approved face-relative directions (0.095444ms)
✔ god/3 marks follow the approved face-relative directions (0.141975ms)
✔ god/4 marks follow the approved face-relative directions (0.095605ms)
✔ god/5 marks follow the approved face-relative directions (0.096336ms)
✔ god/6 marks follow the approved face-relative directions (0.087442ms)
✔ god/7 marks follow the approved face-relative directions (0.098919ms)
✔ god/8 marks follow the approved face-relative directions (0.108805ms)
✔ world_tree/1 marks follow the approved face-relative directions (0.094163ms)
✔ world_tree/2 marks follow the approved face-relative directions (0.102786ms)
✔ world_tree/3 marks follow the approved face-relative directions (0.144949ms)
✔ world_tree/4 marks follow the approved face-relative directions (0.096205ms)
✔ world_tree/5 marks follow the approved face-relative directions (0.103567ms)
✔ world_tree/6 marks follow the approved face-relative directions (0.091859ms)
✔ world_tree/7 marks follow the approved face-relative directions (0.09907ms)
✔ world_tree/8 marks follow the approved face-relative directions (0.09923ms)
✔ ghost/1 marks follow the approved face-relative directions (0.150538ms)
✔ ghost/2 marks follow the approved face-relative directions (0.148134ms)
✔ ghost/3 marks follow the approved face-relative directions (0.103787ms)
✔ ghost/4 marks follow the approved face-relative directions (0.09885ms)
✔ ghost/5 marks follow the approved face-relative directions (0.098439ms)
✔ ghost/6 marks follow the approved face-relative directions (0.094193ms)
✔ ghost/7 marks follow the approved face-relative directions (0.098609ms)
✔ ghost/8 marks follow the approved face-relative directions (0.093692ms)
✔ star/1 marks follow the approved face-relative directions (0.104919ms)
✔ star/2 marks follow the approved face-relative directions (0.120472ms)
✔ star/3 marks follow the approved face-relative directions (0.11204ms)
✔ star/4 marks follow the approved face-relative directions (0.089495ms)
✔ star/5 marks follow the approved face-relative directions (0.095705ms)
✔ star/6 marks follow the approved face-relative directions (0.095635ms)
✔ star/7 marks follow the approved face-relative directions (0.145209ms)
✔ star/8 marks follow the approved face-relative directions (0.584014ms)
✔ plush/1 marks follow the approved face-relative directions (0.146412ms)
✔ plush/2 marks follow the approved face-relative directions (0.126581ms)
✔ plush/3 marks follow the approved face-relative directions (0.115284ms)
✔ plush/4 marks follow the approved face-relative directions (0.094493ms)
✔ plush/5 marks follow the approved face-relative directions (0.099781ms)
✔ plush/6 marks follow the approved face-relative directions (0.096116ms)
✔ plush/7 marks follow the approved face-relative directions (0.099491ms)
✔ plush/8 marks follow the approved face-relative directions (0.132941ms)
✔ unknown/1 marks follow the approved face-relative directions (0.14519ms)
✔ unknown/2 marks follow the approved face-relative directions (0.102455ms)
✔ unknown/3 marks follow the approved face-relative directions (0.098048ms)
✔ unknown/4 marks follow the approved face-relative directions (0.096626ms)
✔ unknown/5 marks follow the approved face-relative directions (0.096916ms)
✔ unknown/6 marks follow the approved face-relative directions (0.101504ms)
✔ unknown/7 marks follow the approved face-relative directions (0.094693ms)
✔ unknown/8 marks follow the approved face-relative directions (0.094393ms)
✔ ren/1 marks follow the approved face-relative directions (0.151339ms)
✔ ren/2 marks follow the approved face-relative directions (0.093972ms)
✔ ren/3 marks follow the approved face-relative directions (0.094864ms)
✔ ren/4 marks follow the approved face-relative directions (0.094654ms)
✔ ren/5 marks follow the approved face-relative directions (0.087362ms)
✔ ren/6 marks follow the approved face-relative directions (0.094844ms)
✔ ren/7 marks follow the approved face-relative directions (0.092821ms)
✔ ren/8 marks follow the approved face-relative directions (0.096446ms)
✔ reviewed side marks read diagonally above the face, not alongside it (1.286647ms)
✔ penguin/1 routes ten distinct expressions (0.223689ms)
✔ penguin/2 routes ten distinct expressions (0.121664ms)
✔ penguin/3 routes ten distinct expressions (0.114012ms)
✔ penguin/4 routes ten distinct expressions (0.120312ms)
✔ penguin/5 routes ten distinct expressions (0.113672ms)
✔ penguin/6 routes ten distinct expressions (0.091699ms)
✔ penguin/7 routes ten distinct expressions (0.097648ms)
✔ penguin/8 routes ten distinct expressions (0.096747ms)
✔ turtle/1 routes ten distinct expressions (0.095945ms)
✔ turtle/2 routes ten distinct expressions (0.093642ms)
✔ turtle/3 routes ten distinct expressions (0.09943ms)
✔ turtle/4 routes ten distinct expressions (0.371442ms)
✔ turtle/5 routes ten distinct expressions (0.110988ms)
✔ turtle/6 routes ten distinct expressions (0.141354ms)
✔ turtle/7 routes ten distinct expressions (0.141955ms)
✔ turtle/8 routes ten distinct expressions (0.094924ms)
✔ frog/1 routes ten distinct expressions (0.095495ms)
✔ frog/2 routes ten distinct expressions (0.089926ms)
✔ frog/3 routes ten distinct expressions (0.09224ms)
✔ frog/4 routes ten distinct expressions (0.089846ms)
✔ frog/5 routes ten distinct expressions (0.085971ms)
✔ frog/6 routes ten distinct expressions (0.083246ms)
✔ frog/7 routes ten distinct expressions (0.08595ms)
✔ frog/8 routes ten distinct expressions (3.020632ms)
✔ clownfish/1 routes ten distinct expressions (0.13208ms)
✔ clownfish/2 routes ten distinct expressions (0.090868ms)
✔ clownfish/3 routes ten distinct expressions (0.088264ms)
✔ clownfish/4 routes ten distinct expressions (0.077117ms)
✔ clownfish/5 routes ten distinct expressions (0.081443ms)
✔ clownfish/6 routes ten distinct expressions (0.082855ms)
✔ clownfish/7 routes ten distinct expressions (0.085429ms)
✔ clownfish/8 routes ten distinct expressions (0.082024ms)
✔ salmon/1 routes ten distinct expressions (0.127082ms)
✔ salmon/2 routes ten distinct expressions (0.081743ms)
✔ salmon/3 routes ten distinct expressions (0.08633ms)
✔ salmon/4 routes ten distinct expressions (0.069896ms)
✔ salmon/5 routes ten distinct expressions (0.082355ms)
✔ salmon/6 routes ten distinct expressions (0.077758ms)
✔ salmon/7 routes ten distinct expressions (0.077016ms)
✔ salmon/8 routes ten distinct expressions (0.076986ms)
✔ hermit_crab/1 routes ten distinct expressions (0.147463ms)
✔ hermit_crab/2 routes ten distinct expressions (0.135124ms)
✔ hermit_crab/3 routes ten distinct expressions (0.089054ms)
✔ hermit_crab/4 routes ten distinct expressions (0.085259ms)
✔ hermit_crab/5 routes ten distinct expressions (0.073081ms)
✔ hermit_crab/6 routes ten distinct expressions (0.087292ms)
✔ hermit_crab/7 routes ten distinct expressions (0.080141ms)
✔ hermit_crab/8 routes ten distinct expressions (0.078639ms)
✔ jellyfish/1 routes ten distinct expressions (0.083807ms)
✔ jellyfish/2 routes ten distinct expressions (1.992776ms)
✔ jellyfish/3 routes ten distinct expressions (0.09881ms)
✔ jellyfish/4 routes ten distinct expressions (0.130728ms)
✔ jellyfish/5 routes ten distinct expressions (0.091368ms)
✔ jellyfish/6 routes ten distinct expressions (0.083717ms)
✔ jellyfish/7 routes ten distinct expressions (0.075394ms)
✔ jellyfish/8 routes ten distinct expressions (0.078489ms)
✔ starfish/1 routes ten distinct expressions (0.082655ms)
✔ starfish/2 routes ten distinct expressions (0.080762ms)
✔ starfish/3 routes ten distinct expressions (0.403741ms)
✔ starfish/4 routes ten distinct expressions (0.076255ms)
✔ starfish/5 routes ten distinct expressions (0.077377ms)
✔ starfish/6 routes ten distinct expressions (0.05336ms)
✔ starfish/7 routes ten distinct expressions (0.044317ms)
✔ starfish/8 routes ten distinct expressions (0.047101ms)
✔ coral/1 routes ten distinct expressions (0.050567ms)
✔ coral/2 routes ten distinct expressions (0.050066ms)
✔ coral/3 routes ten distinct expressions (0.044797ms)
✔ coral/4 routes ten distinct expressions (0.043616ms)
✔ coral/5 routes ten distinct expressions (0.047732ms)
✔ coral/6 routes ten distinct expressions (0.047011ms)
✔ coral/7 routes ten distinct expressions (0.044558ms)
✔ coral/8 routes ten distinct expressions (0.046461ms)
✔ butterfly/1 routes ten distinct expressions (0.044156ms)
✔ butterfly/2 routes ten distinct expressions (0.065489ms)
✔ butterfly/3 routes ten distinct expressions (0.046951ms)
✔ butterfly/4 routes ten distinct expressions (0.049555ms)
✔ butterfly/5 routes ten distinct expressions (0.048473ms)
✔ butterfly/6 routes ten distinct expressions (0.043966ms)
✔ butterfly/7 routes ten distinct expressions (0.043175ms)
✔ butterfly/8 routes ten distinct expressions (0.044367ms)
✔ beetle/1 routes ten distinct expressions (0.049124ms)
✔ beetle/2 routes ten distinct expressions (0.046781ms)
✔ beetle/3 routes ten distinct expressions (0.086391ms)
✔ beetle/4 routes ten distinct expressions (0.055684ms)
✔ beetle/5 routes ten distinct expressions (0.049885ms)
✔ beetle/6 routes ten distinct expressions (0.045399ms)
✔ beetle/7 routes ten distinct expressions (0.045188ms)
✔ beetle/8 routes ten distinct expressions (0.044046ms)
✔ stagbeetle/1 routes ten distinct expressions (7.455734ms)
✔ stagbeetle/2 routes ten distinct expressions (0.842445ms)
✔ stagbeetle/3 routes ten distinct expressions (0.065058ms)
✔ stagbeetle/4 routes ten distinct expressions (0.056045ms)
✔ stagbeetle/5 routes ten distinct expressions (0.047021ms)
✔ stagbeetle/6 routes ten distinct expressions (0.043786ms)
✔ stagbeetle/7 routes ten distinct expressions (0.041903ms)
✔ stagbeetle/8 routes ten distinct expressions (0.04637ms)
✔ cicada/1 routes ten distinct expressions (0.044868ms)
✔ cicada/2 routes ten distinct expressions (0.043546ms)
✔ cicada/3 routes ten distinct expressions (0.047172ms)
✔ cicada/4 routes ten distinct expressions (0.043145ms)
✔ cicada/5 routes ten distinct expressions (0.044758ms)
✔ cicada/6 routes ten distinct expressions (0.041913ms)
✔ cicada/7 routes ten distinct expressions (0.094633ms)
✔ cicada/8 routes ten distinct expressions (0.04634ms)
✔ antlion/1 routes ten distinct expressions (0.044828ms)
✔ antlion/2 routes ten distinct expressions (0.042996ms)
✔ antlion/3 routes ten distinct expressions (0.044817ms)
✔ antlion/4 routes ten distinct expressions (0.042124ms)
✔ antlion/5 routes ten distinct expressions (0.044928ms)
✔ antlion/6 routes ten distinct expressions (0.047271ms)
✔ antlion/7 routes ten distinct expressions (0.043085ms)
✔ antlion/8 routes ten distinct expressions (0.077317ms)
✔ dandelion/1 routes ten distinct expressions (0.050546ms)
✔ dandelion/2 routes ten distinct expressions (0.050667ms)
✔ dandelion/3 routes ten distinct expressions (3.797677ms)
✔ dandelion/4 routes ten distinct expressions (0.080372ms)
✔ dandelion/5 routes ten distinct expressions (0.050857ms)
✔ dandelion/6 routes ten distinct expressions (0.047492ms)
✔ dandelion/7 routes ten distinct expressions (0.25124ms)
✔ dandelion/8 routes ten distinct expressions (0.068594ms)
✔ sakura/1 routes ten distinct expressions (0.05291ms)
✔ sakura/2 routes ten distinct expressions (0.047202ms)
✔ sakura/3 routes ten distinct expressions (0.048273ms)
✔ sakura/4 routes ten distinct expressions (0.044157ms)
✔ sakura/5 routes ten distinct expressions (0.04578ms)
✔ sakura/6 routes ten distinct expressions (0.040892ms)
✔ sakura/7 routes ten distinct expressions (0.045589ms)
✔ sakura/8 routes ten distinct expressions (0.253183ms)
✔ venus_flytrap/1 routes ten distinct expressions (0.114683ms)
✔ venus_flytrap/2 routes ten distinct expressions (0.238411ms)
✔ venus_flytrap/3 routes ten distinct expressions (0.065869ms)
✔ venus_flytrap/4 routes ten distinct expressions (0.05273ms)
✔ venus_flytrap/5 routes ten distinct expressions (0.048844ms)
✔ venus_flytrap/6 routes ten distinct expressions (0.0462ms)
✔ venus_flytrap/7 routes ten distinct expressions (0.044077ms)
✔ venus_flytrap/8 routes ten distinct expressions (0.054442ms)
✔ mushroom/1 routes ten distinct expressions (0.044387ms)
✔ mushroom/2 routes ten distinct expressions (0.042274ms)
✔ mushroom/3 routes ten distinct expressions (0.043395ms)
✔ mushroom/4 routes ten distinct expressions (0.040221ms)
✔ mushroom/5 routes ten distinct expressions (0.045709ms)
✔ mushroom/6 routes ten distinct expressions (0.042745ms)
✔ mushroom/7 routes ten distinct expressions (0.054783ms)
✔ mushroom/8 routes ten distinct expressions (0.069795ms)
✔ dragon/1 routes ten distinct expressions (0.049234ms)
✔ dragon/2 routes ten distinct expressions (0.041312ms)
✔ dragon/3 routes ten distinct expressions (0.067933ms)
✔ dragon/4 routes ten distinct expressions (0.04647ms)
✔ dragon/5 routes ten distinct expressions (0.055664ms)
✔ dragon/6 routes ten distinct expressions (0.043185ms)
✔ dragon/7 routes ten distinct expressions (0.056025ms)
✔ dragon/8 routes ten distinct expressions (0.044167ms)
✔ phoenix/1 routes ten distinct expressions (0.043496ms)
✔ phoenix/2 routes ten distinct expressions (0.048794ms)
✔ phoenix/3 routes ten distinct expressions (0.042554ms)
✔ phoenix/4 routes ten distinct expressions (0.041984ms)
✔ phoenix/5 routes ten distinct expressions (0.0395ms)
✔ phoenix/6 routes ten distinct expressions (0.043146ms)
✔ phoenix/7 routes ten distinct expressions (0.043376ms)
✔ phoenix/8 routes ten distinct expressions (0.08635ms)
✔ god/1 routes ten distinct expressions (0.052961ms)
✔ god/2 routes ten distinct expressions (0.050496ms)
✔ god/3 routes ten distinct expressions (0.043316ms)
✔ god/4 routes ten distinct expressions (0.043556ms)
✔ god/5 routes ten distinct expressions (0.05288ms)
✔ god/6 routes ten distinct expressions (0.13922ms)
✔ god/7 routes ten distinct expressions (0.050987ms)
✔ god/8 routes ten distinct expressions (0.054312ms)
✔ world_tree/1 routes ten distinct expressions (0.048543ms)
✔ world_tree/2 routes ten distinct expressions (0.086971ms)
✔ world_tree/3 routes ten distinct expressions (0.053411ms)
✔ world_tree/4 routes ten distinct expressions (0.044758ms)
✔ world_tree/5 routes ten distinct expressions (0.042144ms)
✔ world_tree/6 routes ten distinct expressions (0.043736ms)
✔ world_tree/7 routes ten distinct expressions (0.040321ms)
✔ world_tree/8 routes ten distinct expressions (0.044718ms)
✔ ghost/1 routes ten distinct expressions (0.045368ms)
✔ ghost/2 routes ten distinct expressions (0.041193ms)
✔ ghost/3 routes ten distinct expressions (0.043666ms)
✔ ghost/4 routes ten distinct expressions (0.047853ms)
✔ ghost/5 routes ten distinct expressions (0.049855ms)
✔ ghost/6 routes ten distinct expressions (0.044037ms)
✔ ghost/7 routes ten distinct expressions (0.042043ms)
✔ ghost/8 routes ten distinct expressions (0.042824ms)
✔ star/1 routes ten distinct expressions (0.04592ms)
✔ star/2 routes ten distinct expressions (0.040711ms)
✔ star/3 routes ten distinct expressions (0.041603ms)
✔ star/4 routes ten distinct expressions (0.067432ms)
✔ star/5 routes ten distinct expressions (0.048163ms)
✔ star/6 routes ten distinct expressions (0.043215ms)
✔ star/7 routes ten distinct expressions (0.043436ms)
✔ star/8 routes ten distinct expressions (0.044037ms)
✔ plush/1 routes ten distinct expressions (0.043486ms)
✔ plush/2 routes ten distinct expressions (0.041734ms)
✔ plush/3 routes ten distinct expressions (0.066671ms)
✔ plush/4 routes ten distinct expressions (0.047752ms)
✔ plush/5 routes ten distinct expressions (0.041653ms)
✔ plush/6 routes ten distinct expressions (0.043175ms)
✔ plush/7 routes ten distinct expressions (0.044457ms)
✔ plush/8 routes ten distinct expressions (0.041723ms)
✔ unknown/1 routes ten distinct expressions (0.044467ms)
✔ unknown/2 routes ten distinct expressions (0.040781ms)
✔ unknown/3 routes ten distinct expressions (0.045429ms)
✔ unknown/4 routes ten distinct expressions (0.03984ms)
✔ unknown/5 routes ten distinct expressions (0.037877ms)
✔ unknown/6 routes ten distinct expressions (0.074543ms)
✔ unknown/7 routes ten distinct expressions (0.044287ms)
✔ unknown/8 routes ten distinct expressions (0.042454ms)
✔ ren/1 routes ten distinct expressions (0.04654ms)
✔ ren/2 routes ten distinct expressions (0.047532ms)
✔ ren/3 routes ten distinct expressions (0.043857ms)
✔ ren/4 routes ten distinct expressions (0.043586ms)
✔ ren/5 routes ten distinct expressions (0.044918ms)
✔ ren/6 routes ten distinct expressions (0.050236ms)
✔ ren/7 routes ten distinct expressions (0.105089ms)
✔ ren/8 routes ten distinct expressions (0.050777ms)
✔ frog and clownfish use distinct species-appropriate hunger marks (0.206232ms)
✔ salmon/1 renders a food mark with normal/unknown fallback intact (0.35026ms)
✔ salmon/2 renders a food mark with normal/unknown fallback intact (0.086621ms)
✔ salmon/3 renders a food mark with normal/unknown fallback intact (0.058658ms)
✔ salmon/4 renders a food mark with normal/unknown fallback intact (0.055364ms)
✔ salmon/5 renders a food mark with normal/unknown fallback intact (0.098359ms)
✔ salmon/6 renders a food mark with normal/unknown fallback intact (0.071848ms)
✔ salmon/7 renders a food mark with normal/unknown fallback intact (0.197409ms)
✔ salmon/8 renders a food mark with normal/unknown fallback intact (0.123567ms)
✔ hermit_crab/1 renders a food mark with normal/unknown fallback intact (2.198718ms)
✔ hermit_crab/2 renders a food mark with normal/unknown fallback intact (0.083226ms)
✔ hermit_crab/3 renders a food mark with normal/unknown fallback intact (0.070837ms)
✔ hermit_crab/4 renders a food mark with normal/unknown fallback intact (0.064989ms)
✔ hermit_crab/5 renders a food mark with normal/unknown fallback intact (0.483402ms)
✔ hermit_crab/6 renders a food mark with normal/unknown fallback intact (0.071679ms)
✔ hermit_crab/7 renders a food mark with normal/unknown fallback intact (0.069576ms)
✔ hermit_crab/8 renders a food mark with normal/unknown fallback intact (0.047772ms)
✔ jellyfish/1 renders a food mark with normal/unknown fallback intact (0.150157ms)
✔ jellyfish/2 renders a food mark with normal/unknown fallback intact (0.062685ms)
✔ jellyfish/3 renders a food mark with normal/unknown fallback intact (0.04657ms)
✔ jellyfish/4 renders a food mark with normal/unknown fallback intact (0.061112ms)
✔ jellyfish/5 renders a food mark with normal/unknown fallback intact (0.071588ms)
✔ jellyfish/6 renders a food mark with normal/unknown fallback intact (0.180543ms)
✔ jellyfish/7 renders a food mark with normal/unknown fallback intact (0.090457ms)
✔ jellyfish/8 renders a food mark with normal/unknown fallback intact (0.100693ms)
✔ starfish/1 renders a food mark with normal/unknown fallback intact (0.157087ms)
✔ starfish/2 renders a food mark with normal/unknown fallback intact (0.05262ms)
✔ starfish/3 renders a food mark with normal/unknown fallback intact (0.044007ms)
✔ starfish/4 renders a food mark with normal/unknown fallback intact (0.047683ms)
✔ starfish/5 renders a food mark with normal/unknown fallback intact (6.094314ms)
✔ starfish/6 renders a food mark with normal/unknown fallback intact (0.130458ms)
✔ starfish/7 renders a food mark with normal/unknown fallback intact (0.09888ms)
✔ starfish/8 renders a food mark with normal/unknown fallback intact (0.051578ms)
✔ coral/1 renders a food mark with normal/unknown fallback intact (0.138289ms)
✔ coral/2 renders a food mark with normal/unknown fallback intact (0.054352ms)
✔ coral/3 renders a food mark with normal/unknown fallback intact (0.040962ms)
✔ coral/4 renders a food mark with normal/unknown fallback intact (0.041283ms)
✔ coral/5 renders a food mark with normal/unknown fallback intact (0.30411ms)
✔ coral/6 renders a food mark with normal/unknown fallback intact (0.098369ms)
✔ coral/7 renders a food mark with normal/unknown fallback intact (0.044988ms)
✔ coral/8 renders a food mark with normal/unknown fallback intact (0.222247ms)
✔ butterfly/1 renders a food mark with normal/unknown fallback intact (0.140703ms)
✔ butterfly/2 renders a food mark with normal/unknown fallback intact (0.048203ms)
✔ butterfly/3 renders a food mark with normal/unknown fallback intact (0.040161ms)
✔ butterfly/4 renders a food mark with normal/unknown fallback intact (0.038098ms)
✔ butterfly/5 renders a food mark with normal/unknown fallback intact (0.044037ms)
✔ butterfly/6 renders a food mark with normal/unknown fallback intact (0.040382ms)
✔ butterfly/7 renders a food mark with normal/unknown fallback intact (0.037397ms)
✔ butterfly/8 renders a food mark with normal/unknown fallback intact (0.035584ms)
✔ beetle/1 renders a food mark with normal/unknown fallback intact (0.107142ms)
✔ beetle/2 renders a food mark with normal/unknown fallback intact (0.043947ms)
✔ beetle/3 renders a food mark with normal/unknown fallback intact (0.037266ms)
✔ beetle/4 renders a food mark with normal/unknown fallback intact (0.045629ms)
✔ beetle/5 renders a food mark with normal/unknown fallback intact (0.054342ms)
✔ beetle/6 renders a food mark with normal/unknown fallback intact (0.038228ms)
✔ beetle/7 renders a food mark with normal/unknown fallback intact (0.065769ms)
✔ beetle/8 renders a food mark with normal/unknown fallback intact (0.045028ms)
✔ stagbeetle/1 renders a food mark with normal/unknown fallback intact (0.121434ms)
✔ stagbeetle/2 renders a food mark with normal/unknown fallback intact (0.046951ms)
✔ stagbeetle/3 renders a food mark with normal/unknown fallback intact (0.035744ms)
✔ stagbeetle/4 renders a food mark with normal/unknown fallback intact (0.032009ms)
✔ stagbeetle/5 renders a food mark with normal/unknown fallback intact (0.039179ms)
✔ stagbeetle/6 renders a food mark with normal/unknown fallback intact (0.037196ms)
✔ stagbeetle/7 renders a food mark with normal/unknown fallback intact (0.035774ms)
✔ stagbeetle/8 renders a food mark with normal/unknown fallback intact (0.063857ms)
✔ cicada/1 renders a food mark with normal/unknown fallback intact (0.161143ms)
✔ cicada/2 renders a food mark with normal/unknown fallback intact (0.081223ms)
✔ cicada/3 renders a food mark with normal/unknown fallback intact (0.049075ms)
✔ cicada/4 renders a food mark with normal/unknown fallback intact (0.040491ms)
✔ cicada/5 renders a food mark with normal/unknown fallback intact (0.041393ms)
✔ cicada/6 renders a food mark with normal/unknown fallback intact (0.035083ms)
✔ cicada/7 renders a food mark with normal/unknown fallback intact (0.036745ms)
✔ cicada/8 renders a food mark with normal/unknown fallback intact (0.039469ms)
✔ venus_flytrap uses the shared yellow insect hunger mark (0.089345ms)
✔ unknown/1 exposes face-relative sickness drops and the shared hunger mark (0.157037ms)
✔ unknown/2 exposes face-relative sickness drops and the shared hunger mark (0.056496ms)
✔ unknown/3 exposes face-relative sickness drops and the shared hunger mark (0.043175ms)
✔ unknown/4 exposes face-relative sickness drops and the shared hunger mark (0.044057ms)
✔ unknown/5 exposes face-relative sickness drops and the shared hunger mark (0.282037ms)
✔ unknown/6 exposes face-relative sickness drops and the shared hunger mark (0.065519ms)
✔ unknown/7 exposes face-relative sickness drops and the shared hunger mark (0.042885ms)
✔ unknown/8 exposes face-relative sickness drops and the shared hunger mark (0.037858ms)
✔ ren/1 uses the shared age-appropriate human hunger artwork (0.169056ms)
✔ ren/2 uses the shared age-appropriate human hunger artwork (0.199161ms)
✔ ren/3 uses the shared age-appropriate human hunger artwork (0.053281ms)
✔ ren/4 uses the shared age-appropriate human hunger artwork (0.032098ms)
✔ ren/5 uses the shared age-appropriate human hunger artwork (0.037146ms)
✔ ren/6 uses the shared age-appropriate human hunger artwork (0.037627ms)
✔ ren/7 uses the shared age-appropriate human hunger artwork (0.029274ms)
✔ ren/8 uses the shared age-appropriate human hunger artwork (0.028934ms)
✔ ren/1 exposes face-relative sickness drops (0.119752ms)
✔ ren/2 exposes face-relative sickness drops (0.029785ms)
✔ ren/3 exposes face-relative sickness drops (0.020862ms)
✔ ren/4 exposes face-relative sickness drops (0.028974ms)
✔ ren/5 exposes face-relative sickness drops (0.025068ms)
✔ ren/6 exposes face-relative sickness drops (0.020671ms)
✔ ren/7 exposes face-relative sickness drops (0.019489ms)
✔ ren/8 exposes face-relative sickness drops (0.045279ms)
✔ the selected expression mark paints above illness sweat and character art (0.988136ms)
✔ repetitive achievement thresholds use the approved moderate values (126.916611ms)
✔ duplicate achievements are removed or given distinct collection scopes (28.376246ms)
✔ romance completion copy describes dating every candidate, not merely meeting them (13.606282ms)
✔ a correct Sudoku cell keeps the incomplete board; only the last cell advances once (23.074622ms)
✔ weather follows motion preferences immediately in both directions (23.412394ms)
✔ returning home after a slow minigame rebuilds the unchanged rain in lightweight mode (14.214532ms)
✔ life records suppress weather and seasonal foreground effects until returning home (25.781149ms)
✔ normalization creates no retired crown life state and retains the distinct Naoto crown (30.932184ms)
✔ alias + canonical, retired, future and typo ids stay in the save but count once or not at all (24.043779ms)
✔ boot never unlocks progress achievements from unregistered ids (19.696179ms)
✔ 176 real forms + 72 retired-species keys do not reach dex-complete, goal 4 or the crown (51.023822ms)
✔ only retired final forms do not unlock elder-collector (61.02627ms)
✔ duplicates are counted once (18.497915ms)
✔ a true current complete dex still reaches dex-complete, goal 4, the crown and the ending count (56.534182ms)
✔ grandfathered dexCleared keeps every past unlock and shows the record without inflating the count (31.577851ms)
✔ the record hint is derived from dexCleared and the current registry size only (19.734097ms)
✔ the dex header combines canonical forms, companions and partners (16.790801ms)
✔ a save carrying RH-1 saveRepair counts the same way and keeps saveRepair untouched (15.409671ms)
✔ an old v4 save keeps its unknown ids and counts only registered forms (54.242594ms)
✔ PERFECT is still every current achievement, unchanged (14.222946ms)
✔ an alias alone counts as its canonical id (partner, married, region, companion) (13.220959ms)
✔ the crown bonus follows the canonical dex, not the raw length (14.044184ms)
✔ perfect-life needs a registered marriage, not an unknown id (12.869237ms)
✔ landscape notices gain pictures while generic birds and growth stages stay untouched (97.876154ms)
✔ road and space props use pictures, keep the player glyph, and fall back on failed images (1435.011221ms)
✔ memory cards retain hidden backs and reveal the illustration only after flipping (34.798146ms)
✔ late loading, malformed atlases and decode errors keep the original prop with no Canvas state leak (27.890822ms)
✔ illustrated roads keep input, timing, score and saved rewards identical in normal, reduced and low modes (6791.38232ms)
✔ all memory-card faces stay distinct and full completion keeps the same pairs, score and rewards (440.363478ms)
✔ other pseudo-road games keep their previous renderers and retirement cancels illustrated frames (371.072003ms)
✔ missing prop module keeps the complete original game and safe text fallback (402.882938ms)
✔ Quick mixed score 0 pays 0 with null and preserves care (120.654473ms)
✔ Quick mixed score 0 pays 0 with star and preserves care (29.033982ms)
✔ Quick mixed score 30 pays 0 with null and preserves care (15.882818ms)
✔ Quick mixed score 30 pays 0 with star and preserves care (31.286761ms)
✔ Quick mixed score 95 pays 0 with null and preserves care (18.480359ms)
✔ Quick mixed score 95 pays 0 with star and preserves care (67.208807ms)
✔ Quick mixed score 100 pays 100 with null and preserves care (21.931918ms)
✔ Quick mixed score 100 pays 100 with star and preserves care (36.6122ms)
✔ Quick knock score 100 pays 0 with null and preserves care (38.634481ms)
✔ Quick knock score 100 pays 0 with star and preserves care (18.937831ms)
✔ Quick mixed starts at zero energy and quitting has no care or coin effect (15.746031ms)
✔ Quick knock starts at zero energy and quitting has no care or coin effect (14.638965ms)
✔ Quick bypasses recruitment, story care, and meter processing even with a pending encounter (28.156824ms)
✔ Quick session callback ignores duplicates and stale callbacks while a new run can settle (18.709235ms)
✔ designated daily score 29, null: only 0 ordinary base coins and Lucky 0 (19.096591ms)
✔ designated daily score 29, star: only 0 ordinary base coins and Lucky 0 (40.905579ms)
✔ designated daily score 30, null: only 30 ordinary base coins and Lucky 1 (14.406464ms)
✔ designated daily score 30, star: only 30 ordinary base coins and Lucky 1 (15.412316ms)
✔ designated daily score 70, null: only 60 ordinary base coins and Lucky 1 (17.330589ms)
✔ designated daily score 70, star: only 60 ordinary base coins and Lucky 1 (14.485353ms)
✔ designated daily score 100, null: only 60 ordinary base coins and Lucky 1 (36.488303ms)
✔ designated daily score 100, star: only 60 ordinary base coins and Lucky 1 (17.13257ms)
✔ designated game completion from daily-button grants once (17.887431ms)
✔ designated game completion from game-list grants once (16.322302ms)
✔ wrong game, quit, Quick and gamepass cannot claim a daily reward (89.571221ms)
✔ daily validates the designated ID on the settlement date across midnight (32.968216ms)
✔ same-date claim survives JSON reload, infinite mode and a new life; next date grants one anew (48.558701ms)
✔ legacy same-day claimed record and active shared boost load intact and block a second reward (48.804047ms)
✔ after the daily award, another ordinary S rank retains its ordinary boost rule (22.20107ms)
✔ failure from the daily button remains unclaimed and can be retried successfully (21.212174ms)
✔ coins target keeps the basket clear of bad drops at levels 1-5 (106.550453ms)
✔ quick mode chains 3-6 second games: cue, immediate play, judge, next game within the result flash (35.476622ms)
✔ every quick game can be solved from its own target hint and each kind of input is covered (50.719522ms)
✔ three misses end the run, the score feeds the normal result flow, and difficulty ramps every 4 games (47.085351ms)
✔ every game can be played on its own: a solo run repeats one game 10 times and keeps a per-game best (111.391004ms)
✔ Quick list toggle uses its dedicated control and a selected solo starts (33.243392ms)
✔ both Quick entries pay zero for incomplete runs even with Star (26.537002ms)
✔ both Quick entries ignore retired energy-band snapshots (50.449493ms)
✔ the production Quick voice control saves every selected mode for the audio router (103.832737ms)
✔ an unchosen legacy pico setting migrates to reading while chosen pico remains selected (46.474497ms)
✔ umbrella solo shows a compact cue and waits for rain before a successful swipe (38.854265ms)
✔ game pass never shortcuts quick-run, including during ordinary cooldown (25.35921ms)
✔ game pass never shortcuts quick-solo, including during ordinary cooldown (22.768209ms)
✔ real mixed 20/20 callback pays 100, keeps records and achievements, and a new perfect run pays again (70.300337ms)
✔ retiring a real Quick final card invalidates its delayed completion during the next session (37.976927ms)
✔ same-season travel renders the destination scenery, including return trips (196.343877ms)
✔ jungle does not acquire snowy forecasts from the global winter rule (0.982326ms)
✔ desert does not acquire snowy forecasts from the global winter rule (0.626768ms)
✔ deepsea and the star stop do not invent surface weather forecasts (0.226533ms)
✔ observed hometown weather is not used as the weather of a distant destination (35.037141ms)
✔ surface seasons do not introduce heat or cold penalties to underwater and starry places (14.277176ms)
✔ underwater rendering and effects ignore surface weather without overwriting the chosen setting (32.497353ms)
✔ moving between surface, underwater and the star stop refreshes effects with unchanged settings (39.530191ms)
✔ the renamed waterside keeps its saved region identity, visits and historical text (83.618039ms)
✔ regional game preference does not leak into a former visual base (40.368861ms)
✔ regional care modifiers retain their differences without coin bonuses (24.792769ms)
✔ deepsea schedules its own event in daytime snow (52.232904ms)
✔ star_stop schedules its own event in daytime snow (23.68285ms)
✔ memory_lake schedules its own event in daytime snow (24.224389ms)
✔ a regional moment waits while asleep or a menu is open (53.524829ms)
✔ legend affinity is a soft preference and never overrides unseen priority (122.915017ms)
✔ mountain climbing responds to grip timing, reaches the summit and awards once (28.345816ms)
✔ climbing misses and retirement do not award a completed game (23.755389ms)
✔ climbing draws finite coordinates, accepts keyboard rock selection and times out once (42.407986ms)
✔ saved climbing records, ordinary region count and total games remain intact (48.221133ms)
[naotocchi] region:siteA Error: unknown region id "moon" (siteA)
    at Object.resolveRegionId (evalmachine.<anonymous>:31326:17)
    at TestContext.<anonymous> (/workspace/scratch/b7dafe93b718/naotocchi/tests/region-registry-test.cjs:120:50)
    at Test.runInAsyncScope (node:async_hooks:227:14)
    at Test.run (node:internal/test_runner/test:1382:25)
    at Test.processPendingSubtests (node:internal/test_runner/test:960:18)
    at Test.postRun (node:internal/test_runner/test:1522:19)
    at Test.run (node:internal/test_runner/test:1447:12)
    at async Test.processPendingSubtests (node:internal/test_runner/test:960:7)
[naotocchi] region:region Error: unknown region id "forrest" (region)
    at Object.resolveRegionId (evalmachine.<anonymous>:31326:17)
    at TestContext.<anonymous> (/workspace/scratch/b7dafe93b718/naotocchi/tests/region-registry-test.cjs:124:22)
    at Test.runInAsyncScope (node:async_hooks:227:14)
    at Test.run (node:internal/test_runner/test:1382:25)
    at Test.processPendingSubtests (node:internal/test_runner/test:960:18)
    at Test.postRun (node:internal/test_runner/test:1522:19)
    at Test.run (node:internal/test_runner/test:1447:12)
    at async Test.processPendingSubtests (node:internal/test_runner/test:960:7)
[naotocchi] region:region Error: unknown region id "<null>" (region)
    at Object.resolveRegionId (evalmachine.<anonymous>:31326:17)
    at TestContext.<anonymous> (/workspace/scratch/b7dafe93b718/naotocchi/tests/region-registry-test.cjs:125:22)
    at Test.runInAsyncScope (node:async_hooks:227:14)
    at Test.run (node:internal/test_runner/test:1382:25)
    at Test.processPendingSubtests (node:internal/test_runner/test:960:18)
    at Test.postRun (node:internal/test_runner/test:1522:19)
    at Test.run (node:internal/test_runner/test:1447:12)
    at async Test.processPendingSubtests (node:internal/test_runner/test:960:7)
[naotocchi] region:region Error: unknown region id "<number>" (region)
    at Object.resolveRegionId (evalmachine.<anonymous>:31326:17)
    at TestContext.<anonymous> (/workspace/scratch/b7dafe93b718/naotocchi/tests/region-registry-test.cjs:126:22)
    at Test.runInAsyncScope (node:async_hooks:227:14)
    at Test.run (node:internal/test_runner/test:1382:25)
    at Test.processPendingSubtests (node:internal/test_runner/test:960:18)
    at Test.postRun (node:internal/test_runner/test:1522:19)
    at Test.run (node:internal/test_runner/test:1447:12)
    at async Test.processPendingSubtests (node:internal/test_runner/test:960:7)
[naotocchi] region:findRegion Error: unknown region id "moon" (findRegion)
    at resolveRegionId (evalmachine.<anonymous>:31326:17)
    at findRegion (evalmachine.<anonymous>:31311:17)
    at applyRegion (evalmachine.<anonymous>:34280:20)
    at render (evalmachine.<anonymous>:34395:20)
    at evalmachine.<anonymous>:41433:3
    at evalmachine.<anonymous>:41616:3
    at Script.runInContext (node:vm:149:12)
    at Object.runInContext (node:vm:301:6)
    at createHarness (/workspace/scratch/b7dafe93b718/naotocchi/tests/helpers/runtime-harness.cjs:311:6)
    at harness (/workspace/scratch/b7dafe93b718/naotocchi/tests/helpers/runtime-harness.cjs:95:10)
✔ the canonical registry is master.regions: 13 regions, and REGIONS + SPECIAL_REGIONS match it id for id and label for label (1.602746ms)
✔ every full registry table has exactly the 13 canonical regions (8.236494ms)
✔ every intentionally partial table is exactly its audited subset (no typo, no extra, no silent loss) (1.455122ms)
✔ nested region references and alias destinations are all canonical (0.400886ms)
✔ resolveRegionId: canonical ids pass, the official alias tropical → jungle is normal input, unknown / typo / invalid throw under strictRegions (29.02919ms)
✔ production: unknown ids resolve to home and are reported once per raw id, keeping the first site (24.392898ms)
✔ an unknown saved region (moon) runs as home in production, and the save keeps the raw id (193.165267ms)
✔ a legacy saved region (tropical) runs as jungle without an error, and the save keeps tropical (258.32901ms)
✔ under strictRegions an unknown current region stops the test instead of silently becoming home (14.599553ms)
✔ each of the 10 continuous walk corridors has a spec, named by id when one is missing (4.28211ms)
✔ the 3 existing transitions stay transitions and memory_lake is not a corridor (0.354146ms)
✔ remove-it: dropping or adding one region in any table, a stray reference or a missing corridor spec is caught (25.708735ms)
✔ README sticker section matches the current sticker constants (no retired kakera / fixed four pages) (128.444555ms)
✔ README states the supported browsers and the hidden-tab / multi-tab behaviour (0.901705ms)
✔ region icon keys and body.region-* styles only name registered regions (no dead alias rows) (19.613421ms)
✔ real old saves: the manifest lists one fixture per era, each written by that era's own code (3.640038ms)
✔ real old save pre-v3.json: loads without errors, nothing decreases, RH-2 counts, load→save→load is idempotent (132.981445ms)
✔ real old save v3.json: loads without errors, nothing decreases, RH-2 counts, load→save→load is idempotent (28.111451ms)
✔ real old save v4-pre-master.json: loads without errors, nothing decreases, RH-2 counts, load→save→load is idempotent (71.840827ms)
✔ real old save v5-pre-items-v2.json: loads without errors, nothing decreases, RH-2 counts, load→save→load is idempotent (60.409878ms)
✔ real old save sticker-points-meguru-p1.json: loads without errors, nothing decreases, RH-2 counts, load→save→load is idempotent (33.926761ms)
✔ real old save meguru-p2.json: loads without errors, nothing decreases, RH-2 counts, load→save→load is idempotent (30.08048ms)
✔ legacy species keep their pre-master names (not ???) on the profile and in past lives; the save keeps the raw line (17.024904ms)
✔ sticker page background: an unavailable value is shown as home but never written back, and does not count as a change (42.29178ms)
✔ past lives and life-log fields from a save are escaped before innerHTML (14.811925ms)
✔ snapshots: the list is not re-parsed while storage is unchanged, and another tab's write is picked up (52.938883ms)
[naotocchi] region:findRegion Error: unknown region id "false" (findRegion)
    at resolveRegionId (evalmachine.<anonymous>:31326:17)
    at findRegion (evalmachine.<anonymous>:31311:17)
    at applyRegion (evalmachine.<anonymous>:34280:20)
    at render (evalmachine.<anonymous>:34395:20)
    at evalmachine.<anonymous>:41433:3
    at evalmachine.<anonymous>:41616:3
    at Script.runInContext (node:vm:149:12)
    at Object.runInContext (node:vm:301:6)
    at createHarness (/workspace/scratch/b7dafe93b718/naotocchi/tests/helpers/runtime-harness.cjs:311:6)
    at harness (/workspace/scratch/b7dafe93b718/naotocchi/tests/helpers/runtime-harness.cjs:95:10)
✔ meguru records are saved once, outside the frame (microtask), with the same bridge signatures (23.395975ms)
✔ broken save (boolean as string): boots, stays sane, and saves (15.587789ms)
✔ broken save (number as string): boots, stays sane, and saves (15.578715ms)
✔ broken save (duplicate ids): boots, stays sane, and saves (17.329314ms)
✔ broken save (unknown and future ids): boots, stays sane, and saves (15.732438ms)
✔ broken save (missing keys): boots, stays sane, and saves (26.043451ms)
✔ broken save (partner as string): boots, stays sane, and saves (71.758583ms)
✔ broken save (transformOptions as string): boots, stays sane, and saves (21.210949ms)
✔ broken save (unknown stage): boots, stays sane, and saves (14.698903ms)
✔ broken save (huge numbers): boots, stays sane, and saves (15.443621ms)
✔ broken save (__proto__ keys): boots, stays sane, and saves (14.406191ms)
✔ broken save (truncated JSON): boots without replacing the unreadable primary (13.468802ms)
✔ fuzz: 200 seeded mutations of real old saves all boot and stay sane (4707.14898ms)
[naotocchi] achievement:rare-line-1 TypeError: Cannot read properties of null (reading 'split')
    at evalmachine.<anonymous>:24818:172
    at Array.some (<anonymous>)
    at Object.condition (evalmachine.<anonymous>:24818:138)
    at checkAchievements (evalmachine.<anonymous>:24982:23)
    at Object.saveState (evalmachine.<anonymous>:25424:5)
    at /workspace/scratch/b7dafe93b718/naotocchi/tests/save-integrity-test.cjs:218:35
    at getActual (node:assert:611:5)
    at strict.doesNotThrow (node:assert:779:32)
    at TestContext.<anonymous> (/workspace/scratch/b7dafe93b718/naotocchi/tests/save-integrity-test.cjs:218:10)
    at Test.runInAsyncScope (node:async_hooks:227:14)
[naotocchi] achievement:every-normal-line TypeError: Cannot read properties of null (reading 'startsWith')
    at evalmachine.<anonymous>:24856:187
    at Array.some (<anonymous>)
    at evalmachine.<anonymous>:24856:173
    at Array.every (<anonymous>)
    at Object.condition (evalmachine.<anonymous>:24856:138)
    at checkAchievements (evalmachine.<anonymous>:24982:23)
    at Object.saveState (evalmachine.<anonymous>:25424:5)
    at /workspace/scratch/b7dafe93b718/naotocchi/tests/save-integrity-test.cjs:218:35
    at getActual (node:assert:611:5)
    at strict.doesNotThrow (node:assert:779:32)
[naotocchi] achievement:rare-line-all TypeError: Cannot read properties of null (reading 'startsWith')
    at evalmachine.<anonymous>:24866:182
    at Array.some (<anonymous>)
    at evalmachine.<anonymous>:24866:168
    at Array.every (<anonymous>)
    at Object.condition (evalmachine.<anonymous>:24866:133)
    at checkAchievements (evalmachine.<anonymous>:24982:23)
    at Object.saveState (evalmachine.<anonymous>:25424:5)
    at /workspace/scratch/b7dafe93b718/naotocchi/tests/save-integrity-test.cjs:218:35
    at getActual (node:assert:611:5)
    at strict.doesNotThrow (node:assert:779:32)
✔ malformed elements are removed, recorded, and unknown/future/retired ids are kept (99.170651ms)
✔ the null element that crashed boot in rare-line-1 now boots and saves (25.716721ms)
✔ unknown integer tiers stay in the save and are skipped only by the badge row (27.393399ms)
✔ repair is idempotent: reloading a repaired save adds nothing to saveRepair (60.255995ms)
✔ a normal current save and a normal legacy v4 save never create saveRepair (94.396626ms)
✔ a corrupt primary with a good backup never copies the corrupt raw into backup (53.265515ms)
✔ loading alone never writes the backup (backup only follows a successful save) (63.592576ms)
✔ primary and backup both element-corrupt still boot and keep the original raw (96.63907ms)
✔ a truncated primary still falls back to the backup without writing (31.756372ms)
✔ importing a save code with malformed elements boots after reload with a clean backup (59.115519ms)
✔ every array in freshState() drops a null element on load (coverage of the kind table) (956.591164ms)
✔ an achievement condition that throws is reported once and does not stop saving (34.47764ms)
[naotocchi] storage Error: localStorage quota exceeded
    at noteStorageWarning (evalmachine.<anonymous>:25407:24)
    at Object.saveState (evalmachine.<anonymous>:25455:9)
    at TestContext.<anonymous> (/workspace/scratch/b7dafe93b718/naotocchi/tests/save-recovery-test.cjs:52:9)
    at Test.runInAsyncScope (node:async_hooks:227:14)
    at Test.run (node:internal/test_runner/test:1382:25)
    at Test.processPendingSubtests (node:internal/test_runner/test:960:18)
    at Test.postRun (node:internal/test_runner/test:1522:19)
    at Test.run (node:internal/test_runner/test:1447:12)
    at async Test.processPendingSubtests (node:internal/test_runner/test:960:7)
[naotocchi] storage Error: localStorage quota exceeded
    at noteStorageWarning (evalmachine.<anonymous>:25407:24)
    at Object.saveState (evalmachine.<anonymous>:25455:9)
    at TestContext.<anonymous> (/workspace/scratch/b7dafe93b718/naotocchi/tests/save-recovery-test.cjs:63:9)
    at Test.runInAsyncScope (node:async_hooks:227:14)
    at Test.run (node:internal/test_runner/test:1382:25)
    at Test.processPendingSubtests (node:internal/test_runner/test:960:18)
    at Test.postRun (node:internal/test_runner/test:1522:19)
    at Test.run (node:internal/test_runner/test:1447:12)
    at async Test.processPendingSubtests (node:internal/test_runner/test:960:7)
[naotocchi] storage Error: localStorage quota exceeded
    at noteStorageWarning (evalmachine.<anonymous>:25407:24)
    at saveState (evalmachine.<anonymous>:25455:9)
    at Object.fn (evalmachine.<anonymous>:40955:7)
    at dispatch (/workspace/scratch/b7dafe93b718/naotocchi/tests/helpers/runtime-harness.cjs:196:75)
    at Object.dispatch (/workspace/scratch/b7dafe93b718/naotocchi/tests/helpers/runtime-harness.cjs:326:97)
    at TestContext.<anonymous> (/workspace/scratch/b7dafe93b718/naotocchi/tests/save-recovery-test.cjs:240:5)
    at Test.runInAsyncScope (node:async_hooks:227:14)
    at Test.run (node:internal/test_runner/test:1382:25)
    at Test.processPendingSubtests (node:internal/test_runner/test:960:18)
    at Test.postRun (node:internal/test_runner/test:1522:19)
[naotocchi] storage Error: localStorage quota exceeded
    at noteStorageWarning (evalmachine.<anonymous>:25407:24)
    at Object.saveState (evalmachine.<anonymous>:25455:9)
    at TestContext.<anonymous> (/workspace/scratch/b7dafe93b718/naotocchi/tests/save-recovery-test.cjs:282:9)
    at Test.runInAsyncScope (node:async_hooks:227:14)
    at Test.run (node:internal/test_runner/test:1382:25)
    at Test.processPendingSubtests (node:internal/test_runner/test:960:18)
    at Test.postRun (node:internal/test_runner/test:1522:19)
    at Test.run (node:internal/test_runner/test:1447:12)
    at async Test.processPendingSubtests (node:internal/test_runner/test:960:7)
✔ backup write failure does not stop a writable primary save (146.222742ms)
✔ failed primary migration cannot replace a working backup (58.624075ms)
✔ a failed save after recovery leaves a usable backup for the next reload (110.876858ms)
✔ backup advances to the latest successful save and survives the next write failure (66.058868ms)
✔ a missing primary resumes the backup instead of creating a new life (62.535224ms)
✔ backup recovery applies legacy migrations once and preserves old characters (50.815027ms)
✔ invalid top-level payloads fall back without replacing the backup (201.775184ms)
✔ confirmed full reset cannot later resurrect the removed life from backup (68.975362ms)
✔ unrecoverable saves remain intact through hidden, unload and repeated saves until explicit reset (137.323413ms)
✔ unreadable storage still permits boot and gameplay without throwing (15.470604ms)
✔ import retains a newer primary saved by another tab before replacement (123.458681ms)
✔ import failure cannot poison a recovered backup with the broken primary (102.533111ms)
✔ import stops before replacing a save if its safety snapshot cannot be written (70.54459ms)
✔ import retains the prior life across replacement, reload and undo, including duplicate snapshots (120.699087ms)
✔ restore retains a newer primary saved by another tab before replacement (175.425264ms)
✔ restore failure cannot poison a recovered backup with the broken primary (57.306556ms)
✔ restore stops before replacing a save if its safety snapshot cannot be written (67.336295ms)
✔ restore retains the prior life across replacement, reload and undo, including duplicate snapshots (173.703394ms)
✔ export uses the recoverable save when a broken primary cannot be repaired (128.459894ms)
✔ explicit import can recover unreadable saves while retaining both originals for inspection (191.58526ms)
✔ import from backup recovery with no primary retains the former life after reload (49.683118ms)
✔ a full storage drops the automatic snapshots and still writes the primary save (29.963426ms)
✔ a permanently full storage warns instead of failing silently (30.797137ms)
✔ retired companions migrate once with the strongest bond and collection intact (71.312678ms)
✔ minigame ranks follow the S90/A75/B55/C35 thresholds and records keep best and last (129.731067ms)
✔ shop items are bought once, equipped, and toggled off (49.034202ms)
✔ achievement unlocks record their time and do not repeat (14.631312ms)
✔ game pass must be purchased separately from sunglasses and occupies one equipment slot (32.319882ms)
✔ the dex shows a summary and one progress head per species line (190.816337ms)
✔ travel shows region cards with effects and marks the current region (29.853769ms)
✔ care meters are hidden while the pet is an egg (52.010342ms)
✔ a hidden tab does not tick, age, or run encounters / moments / idle talk (250.287304ms)
✔ coming back runs the same gentle absence processing once (existing caps: ≤30 drop, floor 20, no aging) (32.745456ms)
✔ a short hide (< 2 minutes) changes nothing (26.275504ms)
✔ absence time is recorded without a cap (days and hours), while the game effect keeps its cap (105.740545ms)
✔ closing and reopening still uses savedAt (the closed path is unchanged) (105.860067ms)
✔ two tabs: the tab opened later takes over; the older tab stops writing and shows the notice (51.358645ms)
✔ two tabs: another tab's write (storage event) makes this tab read-only immediately, even with a lower revision (51.203049ms)
✔ waits written by a clock in the future are clamped to their real length (25.395033ms)
✔ boot marks itself finished for the index.html rescue guard (25.96162ms)
✔ the sticker catalog is built from existing art with unique ids and valid rarities (130.764551ms)
✔ every current item has a sticker while retired items stay out (24.603008ms)
✔ duplicate stickers remain usable copies up to the nine-copy cap (17.710353ms)
✔ normal and category packs cost coins and never draw a sticker already at nine copies (41.537391ms)
✔ pack result marks a repeated sticker as the next copy instead of converting it to points (37.586363ms)
✔ stickers can be placed only when owned, moved within the page, and repeated up to owned copies (39.793693ms)
✔ free-page tasks are recorded once without sticker points or coin rewards (34.229953ms)
✔ refreshed sticker tasks teach duplicate placement, two pages, and background changes (16.429214ms)
✔ legacy completed sticker tasks migrate only to logically equivalent refreshed tasks (15.309299ms)
✔ five tasks grant silver, all eight grant gold, and both rewards are exact once (26.729997ms)
✔ earned silver and gold stickers appear in the tray but do not change ordinary collection progress (25.257284ms)
✔ a first discovery grants that form as a sticker and the screen lists it (22.138384ms)
✔ legacy sticker points disappear on normalization while owned copies clamp to nine (17.971298ms)
✔ sticker data survives a save and reload, and old saves get an empty one-page book (102.176282ms)
✔ a fresh sticker book starts with one page and grows to at most fifteen (28.826365ms)
✔ special region backgrounds unlock only after visiting them (40.471148ms)
✔ all thirteen region backgrounds render unique low-contrast SVG identities (19.569195ms)
✔ the six confusable backgrounds use visibly different motif families (19.002407ms)
✔ the live board and PNG export consume the same regional SVG background (25.728857ms)
✔ legacy four-category pages migrate without losing placed stickers (19.513561ms)
✔ page export resolves to null without a real canvas (20.468336ms)
✔ source helpers: literal() evaluates objects and arrays, skipping brackets inside strings and comments (38.690183ms)
✔ guardedRoute records a failed route fetch (label, url, code, timing) and aborts the request instead of throwing (0.959622ms)
✔ the clock runs on the home screen but stops while めぐる is open, and resumes after returning (510.415561ms)
✔ a starving pet cannot die while exploring, only once it is back home (337.228974ms)
✔ the clock stops during a minigame and during quick mode, and resumes when the game ends (34.171203ms)
✔ the clock stops while the transformation choice is open, and resumes after choosing to stay (62.432524ms)
✔ every menu overlay kind pauses the clock and closing it resumes (51.13092ms)
✔ while めぐる is open no companion invitation, idle chatter or care notice is layered over it, and menus refuse to open (1642.199821ms)
✔ the clock also stays stopped for date, duel, companion invitation and the grand goal celebration screens (106.00311ms)
✔ the final ten shop items use their approved illustrations and labels in order (158.245726ms)
✔ retired equipment is absent from the shop (40.109972ms)
✔ equipment uses the matching illustration without modifying the saved item or actor frame (24.944531ms)
✔ manual weather and time retain their labels beside the right illustration (28.930783ms)
✔ an atlas error exposes the equipment emoji without changing equipment (21.885371ms)
✔ cloud, snow and moon use illustrated scenery while retaining weather particle counts (49.340931ms)
✔ lightweight weather keeps its smaller particle sets and unchanged choices (35.370489ms)
✔ winter decor and season controls reuse matching art without replacing region identity (48.434249ms)
✔ reduced motion keeps world labels and illustrated choices without falling rain or snow (23.598779ms)
✔ earned header badges use illustrations in tier order without granting an unearned clear (19.287354ms)
✔ spring summer and autumn labels and regional scenery share art while preserving their choices (21.579949ms)
✔ the scenery atlas can fail independently and keeps a visible fallback for header badges (13.986707ms)
✔ current mountain jungle and memory-lake IDs reach their existing art in world and travel views (26.756182ms)
✔ forest decor reuses whole PNGs without adding companions or changing the scene count (21.499357ms)
✔ a scenery PNG failure only reveals that decoration fallback without relaying out the cast (43.575536ms)
✔ an equipment PNG failure reveals only its fallback and preserves saved state (19.831167ms)
✔ game pass uses its dedicated unified PNG when equipped without mapping sunglasses to it (20.929745ms)
✔ game pass is a new shop purchase and does not inherit sunglasses ownership (26.265079ms)
✔ dying treatment stays on home content without containing viewport overlays (5.393222ms)
✔ travel opens destinations directly, then closes back to care (128.579719ms)
✔ the menu stops aging and an exclusive page replaces it (22.318126ms)
✔ court rapid taps still count individually (190.8521ms)
✔ medicine while healthy still changes the care state and reacts immediately (16.235891ms)
✔ play starts a random game with no chooser (29.184438ms)
✔ home header and menu cannot interrupt an active minigame (19.243643ms)
✔ game selection and achievements each open their own destination (35.332491ms)
✔ late weather does not override manual settings or write a location into a save (17.571101ms)
✔ late current-location result cannot pull a player out of another menu (15.895486ms)
✔ Escape cancels the first reset prompt and leaves Data paused (34.073285ms)
✔ Escape cancels a held final reset without wiping or resuming age (18.798128ms)
✔ failed location permission waits for explicit retry while successful snapshots auto-refresh (20.893249ms)
✔ blocked sleeping travel preserves the active current-city selection (18.32957ms)
✔ dialog browser clock pauses before navigation instead of racing live timers (0.37706ms)
✔ a small newborn uses spare space and stays near the speech below it (2.88762ms)
✔ bottom transparency cannot leave a fish far above its speech (118.332341ms)
✔ closer core actors retain the readable size of both full companion arcs (24.505051ms)
✔ equipment and the partner sit near the visible body instead of the transparent image top (50.69476ms)
✔ height-constrained companions keep curved wings instead of straight columns (77.076721ms)
✔ height-constrained cast keeps all frames, two sides and motion gaps (1796.990083ms)
✔ more vertical room grows the cast instead of leaving a fixed small scene (2.622549ms)
✔ legacy colors and earned designs survive as a noninteractive collection (73.742286ms)
✔ glass inputs preview immediately, save on change, and reset only readability settings (60.045956ms)
✔ viewport changes follow browser chrome height while pinch zoom remains usable (37.531952ms)
✔ glass migration clamps unsafe values and respects an explicit transparency choice (242.351848ms)
✔ short visible viewports switch meter arrangement and recover without undoing pinch zoom (26.394627ms)
✔ a viewport resize lays out before the next reaction and does not cancel it on render (14.238249ms)
✔ a new narration starts at the top while normal renders preserve the reading position (14.240783ms)
✔ a new speech starts at its first line without truncating a long message (13.719173ms)
✔ locked or invalid legacy designs cannot override the game palette (14.873521ms)
✔ every saved color and pattern has one shared preview definition and independent paint layers (8.21261ms)
✔ screen palette samples retain at least 4.5 contrast with white and colored motifs (52.373931ms)
✔ static script exposes the same interface on window (3.558596ms)
✔ simulated weather is deterministic per 3-hour block and region (1.75129ms)
✔ simulated weather follows the region climate and the season (3.492295ms)
✔ timeOfDay honors manual modes and uses the local hour for auto/invalid modes (0.339444ms)
✔ weatherFromResponse maps official codes and rejects unknown or stale readings (0.834643ms)
✔ municipalityFromResponse selects only the nearest municipality within 25km (0.558886ms)
✔ municipalityFromResponse preserves a valid provider prefecture without changing the legacy shape when absent (0.317981ms)
✔ tracker preserves municipality precision, rounds only weather, and exposes no coordinates (1.807245ms)
✔ tracker tolerates independent provider failure and identifies the missing result (0.896577ms)
✔ tracker coalesces overlap and permits a retry after a provider failure (13.004311ms)
✔ location failures are distinct, clear stale results, and malformed coordinates never fetch (1.887116ms)
✔ missing geolocation returns an error without prompting or throwing (0.223789ms)
✔ missing fetch support reports municipality and weather unavailable separately (0.281506ms)
✔ a submerged sea interprets rain and snow as weaker surface light (1.762227ms)
✔ the sea has four light states and seasonal water without terrestrial particles (1.012683ms)
✔ care progresses through four stages and respects the actual health danger (0.239443ms)
✔ environment markup is stable and uses bounded, non-interactive particles (1.425588ms)
✔ every actual region has its own landscape and climate-correct weather across 832 combinations (162.211209ms)
✔ presentation uses current environment without changing saved choices or game effects (45.713065ms)
✔ normal ticks keep scenery nodes; overlays, visibility, reduced motion and performance tiers are respected (36.821297ms)
✔ environment controls update the visible world while the menu remains open (81.831337ms)
✔ health danger, explicit care changes, partner affinity and recovery remain legible in the world (132.993789ms)
✔ games pause the world immediately and story expiry cannot resume it behind a game (94.123922ms)
✔ home stays indoors in every season and weather, with warm light at night (0.655843ms)
✔ city switches to actual neon artwork at night without returning to old seasonal streets (0.361447ms)
✔ current location has outdoor municipal profiles without adding gameplay regions (0.433456ms)
✔ shared temperate branches do not turn a jungle or farm back into the same clearing (0.486857ms)
✔ renderer updates the scenery when the municipality changes on the same gameplay region (34.469638ms)
ℹ tests 2879
ℹ suites 0
ℹ pass 2879
ℹ fail 0
ℹ cancelled 0
ℹ skipped 0
ℹ todo 0
ℹ duration_ms 767706.680431
✔ cat_friend real Home rerenders relation threshold, rescue and expiry (27.277652ms)
✔ rabbit_friend real Home rerenders relation threshold, rescue and expiry (19.42671ms)
✔ tanuki real Home rerenders relation threshold, rescue and expiry (24.043497ms)
✔ squirrel real Home rerenders relation threshold, rescue and expiry (18.160044ms)
✔ owl real Home rerenders relation threshold, rescue and expiry (25.60463ms)
✔ otter real Home rerenders relation threshold, rescue and expiry (23.076534ms)
✔ hamster real Home rerenders relation threshold, rescue and expiry (16.36716ms)
✔ panda real Home rerenders relation threshold, rescue and expiry (16.730009ms)
✔ monkey real Home rerenders relation threshold, rescue and expiry (16.647865ms)
✔ parrot real Home rerenders relation threshold, rescue and expiry (18.839672ms)
✔ sheep real Home rerenders relation threshold, rescue and expiry (18.632669ms)
✔ seal real Home rerenders relation threshold, rescue and expiry (18.891821ms)
✔ bat real Home rerenders relation threshold, rescue and expiry (27.147405ms)
✔ chicken real Home rerenders relation threshold, rescue and expiry (17.76788ms)
✔ penguin_friend real Home rerenders relation threshold, rescue and expiry (17.829934ms)
✔ hedgehog real Home rerenders relation threshold, rescue and expiry (28.76306ms)
✔ shiba real Home rerenders relation threshold, rescue and expiry (16.633874ms)
✔ snail real Home rerenders relation threshold, rescue and expiry (27.814454ms)
✔ punyu real Home rerenders relation threshold, rescue and expiry (16.295251ms)
✔ sekizou real Home rerenders relation threshold, rescue and expiry (22.534024ms)
✔ chameleon real Home rerenders relation threshold, rescue and expiry (24.310692ms)
✔ clock real Home rerenders relation threshold, rescue and expiry (17.406132ms)
✔ unicorn real Home rerenders relation threshold, rescue and expiry (16.141709ms)
✔ many_tail_fox real Home rerenders relation threshold, rescue and expiry (16.333389ms)
✔ watcher real Home rerenders relation threshold, rescue and expiry (15.845861ms)
✔ box real Home rerenders relation threshold, rescue and expiry (16.218335ms)
✔ ordinary success reacts once, rescues all, rejected play does not react (19.779544ms)
✔ cat_ceo shared court reinforcement overrides lonely, expiry re-resolves current affection (80.385686ms)
✔ robot_neighbor shared court reinforcement overrides lonely, expiry re-resolves current affection (45.163521ms)
✔ field_cow shared court reinforcement overrides lonely, expiry re-resolves current affection (40.211877ms)
✔ sunflower_partner shared court reinforcement overrides lonely, expiry re-resolves current affection (42.167226ms)
✔ forest_bear shared court reinforcement overrides lonely, expiry re-resolves current affection (49.064995ms)
✔ grove_deer shared court reinforcement overrides lonely, expiry re-resolves current affection (40.123132ms)
✔ cliff_goat shared court reinforcement overrides lonely, expiry re-resolves current affection (48.967633ms)
✔ high_eagle shared court reinforcement overrides lonely, expiry re-resolves current affection (52.698334ms)
✔ snow_spirit shared court reinforcement overrides lonely, expiry re-resolves current affection (48.819534ms)
✔ snowman shared court reinforcement overrides lonely, expiry re-resolves current affection (53.399474ms)
✔ rock_octopus shared court reinforcement overrides lonely, expiry re-resolves current affection (48.79754ms)
✔ sea_mermaid shared court reinforcement overrides lonely, expiry re-resolves current affection (34.034238ms)
✔ anglerfish shared court reinforcement overrides lonely, expiry re-resolves current affection (54.631209ms)
✔ swamp_croc shared court reinforcement overrides lonely, expiry re-resolves current affection (50.019079ms)
✔ gentle_gorilla shared court reinforcement overrides lonely, expiry re-resolves current affection (48.687874ms)
✔ knitting_spider shared court reinforcement overrides lonely, expiry re-resolves current affection (54.809328ms)
✔ desert_scorpion shared court reinforcement overrides lonely, expiry re-resolves current affection (44.045749ms)
✔ oasis_cactus shared court reinforcement overrides lonely, expiry re-resolves current affection (43.633945ms)
✔ replacement partner with same ID cannot inherit positive (45.56629ms)
✔ real save excludes reactions; reload re-resolves all companion values and partner at 20 (44.221325ms)
✔ real save excludes reactions; reload re-resolves all companion values and partner at 50 (36.745401ms)
✔ full supported catalog matches canonical runtime IDs and all assets exactly (2.210295ms)
✔ 26 companions use one ordinary representative, all threshold rescues and annoyed does not start positive (34.457558ms)
✔ development Home fixtures directly expose both pilot partners and both companions without gameplay (635.984921ms)
✔ expanded partner court actual event path triggers positive without changing progress rules (39.506148ms)
✔ expanded partner repair actual event path triggers positive without changing progress rules (39.853965ms)
✔ expanded partner marriage actual event path triggers positive without changing progress rules (122.104072ms)
✔ expanded partner date actual event path triggers positive without changing progress rules (38.856285ms)
✔ new court success uses actual event result (37.94069ms)
✔ new court failure uses actual event result (13.78982ms)
✔ annoyed during positive does not extend reaction or retain positive after original expiry (15.148806ms)
✔ real play gives only positive individuals motion and head hearts; expiry removes cues (14.648389ms)
✔ ordinary play and all-inviting dialogue do not animate non-target companions (15.383071ms)
✔ every possible representative in a dense 26-companion Home receives one safe heart (1036.527006ms)
✔ 26 simultaneous expiries coalesce Home work while removing every transient (22.16264ms)
✔ partner three visual states retain marriage ring=false and replace one heart (58.09398ms)
✔ partner three visual states retain marriage ring=true and replace one heart (135.077316ms)
✔ companion aura and heart belong to the actor; positive replaces cold and expires back to current value (15.740241ms)
✔ married ring preserves exact layout coordinates through every partner expression rebuild (137.137644ms)
✔ reload reconstructs marriage ring from existing married flag at affection 20 (304.382354ms)
✔ reload reconstructs marriage ring from existing married flag at affection 50 (278.673058ms)
✔ full resolver prioritizes positive, then lonely below 30, then normal without mutating input (1.952185ms)
✔ unregistered characters and wrong-kind IDs always use original PNG (0.695493ms)
✔ one ordinary representative plus all rescued individuals, deduplicated (0.313775ms)
✔ temporary reaction expiry, refresh, object identity and JSON non-persistence (0.309969ms)
✔ every registered relationship image is a new 128px transparent PNG (2.121361ms)
✔ reaction exposes an ephemeral start token and expiry without persisting entity fields (1.318906ms)
✔ heart remains immediately above its owner even if a neighbour occupies that space (0.264831ms)
✔ positive companion layer is raised locally so neighbours cannot hide its owner-attached heart (0.444582ms)
✔ only partner positive heart grows 1.2 times; anchor keeps face gap and stage bounds (0.432835ms)
✔ approved marriage ring uses fixed scale and tone without comparison overrides (0.301777ms)
✔ browser ring geometry checks approved scale and rejects obsolete or oversized values (1.777039ms)
✔ painted ring excludes transparent atlas margin without allowing actual character overlap (47.544604ms)
ℹ tests 80
ℹ suites 0
ℹ pass 80
ℹ fail 0
ℹ cancelled 0
ℹ skipped 0
ℹ todo 0
ℹ duration_ms 4776.575044
npm notice
npm notice New major version of npm available! 11.9.0 -> 12.2.0
npm notice Changelog: https://github.com/npm/cli/releases/tag/v12.2.0
npm notice To update run: npm install -g npm@12.2.0
npm notice
